buy,date,name,sell
4168470,2020-03-02,Foreign_Dealer_Self,9828580
3674825920,2020-03-02,Dealer_self,1962550420
58597346249,2020-03-02,Foreign_Investor,78295848994
9472049995,2020-03-02,Dealer_Hedging,10018932302
1679082100,2020-03-02,Investment_Trust,1508415502
73423304264,2020-03-02,total,91785747218
2274108410,2020-03-03,Dealer_self,2060283771
9556710,2020-03-03,Foreign_Dealer_Self,4883850
5799633208,2020-03-03,Dealer_Hedging,8129097503
52393761443,2020-03-03,total,67203433948
2239078180,2020-03-03,Investment_Trust,1395850980
42080941645,2020-03-03,Foreign_Investor,55618201694
52391879884,2020-03-04,total,49554283924
1882463440,2020-03-04,Investment_Trust,1756364330
1453046870,2020-03-04,Dealer_self,1874734830
44835447700,2020-03-04,Foreign_Investor,38557719663
4220921874,2020-03-04,Dealer_Hedging,7365465101
4941980,2020-03-04,Foreign_Dealer_Self,6048770
40317069538,2020-03-05,Foreign_Investor,39351391674
6356087530,2020-03-05,Dealer_Hedging,5385614807
51407748168,2020-03-05,total,48274613846
1850482510,2020-03-05,Dealer_self,2048785815
2884108590,2020-03-05,Investment_Trust,1488821550
6795770,2020-03-05,Foreign_Dealer_Self,6818920
5380895152,2020-03-06,Dealer_Hedging,8472924731
1326874960,2020-03-06,Dealer_self,2463384417
28767298949,2020-03-06,Foreign_Investor,57590480938
1996359060,2020-03-06,Investment_Trust,1212871345
4405160,2020-03-06,Foreign_Dealer_Self,5495480
37471428121,2020-03-06,total,69739661431
33903407067,2020-03-09,Foreign_Investor,88461679970
8143652354,2020-03-09,Dealer_Hedging,13230413706
6827310,2020-03-09,Foreign_Dealer_Self,7439700
46392811881,2020-03-09,total,106520254036
2354274140,2020-03-09,Investment_Trust,1524347820
1991478320,2020-03-09,Dealer_self,3303812540
9268441057,2020-03-10,Dealer_Hedging,9224954277
4836530,2020-03-10,Foreign_Dealer_Self,11886330
1619863900,2020-03-10,Investment_Trust,1821257839
54203860028,2020-03-10,Foreign_Investor,62823408659
68152575215,2020-03-10,total,76225635720
3060410230,2020-03-10,Dealer_self,2356014945
1623578150,2020-03-11,Investment_Trust,749672690
42025979340,2020-03-11,Foreign_Investor,63184476686
1433970210,2020-03-11,Dealer_self,5369153938
50740898635,2020-03-11,total,79490026399
5657370935,2020-03-11,Dealer_Hedging,10186723085
10668560,2020-03-11,Foreign_Dealer_Self,5847300
56498139435,2020-03-12,Foreign_Investor,93320456337
2720095990,2020-03-12,Dealer_self,4994247922
11124875140,2020-03-12,Dealer_Hedging,15167037560
5167340,2020-03-12,Foreign_Dealer_Self,7277460
71867836695,2020-03-12,total,117025169616
1524726130,2020-03-12,Investment_Trust,3543427797
16914941005,2020-03-13,Dealer_Hedging,13011183130
75700323380,2020-03-13,Foreign_Investor,105932637696
3521510,2020-03-13,Foreign_Dealer_Self,17516820
3028286820,2020-03-13,Dealer_self,4566283264
2060882990,2020-03-13,Investment_Trust,3497695903
97704434195,2020-03-13,total,127007799993
45654820008,2020-03-16,Foreign_Investor,79009054373
9216171260,2020-03-16,Dealer_Hedging,10618852754
4327290,2020-03-16,Foreign_Dealer_Self,5742090
58281815648,2020-03-16,total,95698752857
1559991210,2020-03-16,Investment_Trust,1622943698
1850833170,2020-03-16,Dealer_self,4447902032
2007500,2020-03-17,Foreign_Dealer_Self,1297130
10655330205,2020-03-17,Dealer_Hedging,8601791761
3246546160,2020-03-17,Dealer_self,3659089685
65187989723,2020-03-17,Foreign_Investor,88232754509
2250320460,2020-03-17,Investment_Trust,2865639177
81340186548,2020-03-17,total,103359275132
2030104400,2020-03-18,Dealer_self,4690253503
56929039148,2020-03-18,Foreign_Investor,85640211442
69802944223,2020-03-18,total,101668403741
1396350,2020-03-18,Foreign_Dealer_Self,4942270
2270771690,2020-03-18,Investment_Trust,1802191979
8573028985,2020-03-18,Dealer_Hedging,9535746817
1521910,2020-03-19,Foreign_Dealer_Self,2546680
1955334540,2020-03-19,Investment_Trust,2655681385
61246546449,2020-03-19,Foreign_Investor,82467662459
78351856623,2020-03-19,total,102061860080
1648836540,2020-03-19,Dealer_self,3397014688
13501139094,2020-03-19,Dealer_Hedging,13541501548
962167470,2020-03-20,Dealer_self,3626960611
84032039202,2020-03-20,total,107968954711
70609481295,2020-03-20,Foreign_Investor,92516124639
3378832310,2020-03-20,Investment_Trust,2715590206
9081558127,2020-03-20,Dealer_Hedging,9110279255
1370210,2020-03-20,Foreign_Dealer_Self,513920
3883008610,2020-03-23,Dealer_Hedging,9176215398
44475631937,2020-03-23,Foreign_Investor,60317434933
2099805880,2020-03-23,Investment_Trust,2201926714
1193623340,2020-03-23,Dealer_self,939046169
51652069767,2020-03-23,total,72634623214
306350,2020-03-23,Foreign_Dealer_Self,180210
918502410,2020-03-24,Dealer_self,1921952230
6532985180,2020-03-24,Dealer_Hedging,7669145986
49653426499,2020-03-24,Foreign_Investor,44395285121
58651613849,2020-03-24,total,55504051849
1546699760,2020-03-24,Investment_Trust,1517668512
525890,2020-03-24,Foreign_Dealer_Self,706420
2412612070,2020-03-25,Investment_Trust,1074835090
698720,2020-03-25,Foreign_Dealer_Self,196650
60419517654,2020-03-25,total,63535307159
759654580,2020-03-25,Dealer_self,2470437837
50198590409,2020-03-25,Foreign_Investor,52511853689
7048660595,2020-03-25,Dealer_Hedging,7478180543
5587222674,2020-03-26,Dealer_Hedging,6604004025
49347093959,2020-03-26,Foreign_Investor,40745690716
387980,2020-03-26,Foreign_Dealer_Self,144750
57722418714,2020-03-26,total,49928490951
913564310,2020-03-26,Dealer_self,1211626900
1874537771,2020-03-26,Investment_Trust,1367169310
753836710,2020-03-27,Dealer_self,2284308830
2233938934,2020-03-27,Investment_Trust,1333809520
49040991701,2020-03-27,total,61906764345
511490,2020-03-27,Foreign_Dealer_Self,406620
4698146527,2020-03-27,Dealer_Hedging,7216296755
41355069530,2020-03-27,Foreign_Investor,51072349240
44337114862,2020-03-30,total,52049487763
681850,2020-03-30,Foreign_Dealer_Self,186360
1360419120,2020-03-30,Investment_Trust,1587541125
717714030,2020-03-30,Dealer_self,849368391
4904682440,2020-03-30,Dealer_Hedging,7407441533
37354299272,2020-03-30,Foreign_Investor,42205136714
660910326,2020-03-31,Dealer_self,1554474491
48486223260,2020-03-31,Foreign_Investor,54298324651
112360,2020-03-31,Foreign_Dealer_Self,82150
55803604040,2020-03-31,total,62434731494
3579343442,2020-03-31,Dealer_Hedging,5166361622
3077127012,2020-03-31,Investment_Trust,1415570730
33759089839,2020-04-01,Foreign_Investor,38466572585
3681729831,2020-04-01,Dealer_Hedging,5539788946
789316840,2020-04-01,Dealer_self,912143500
123150,2020-04-01,Foreign_Dealer_Self,266220
3039112340,2020-04-01,Investment_Trust,853138940
41269248850,2020-04-01,total,45771643971
1718925610,2020-04-06,Investment_Trust,1123530150
56208766501,2020-04-06,Foreign_Investor,54066458182
4958516299,2020-04-06,Dealer_Hedging,4560220991
64348929380,2020-04-06,total,60616673273
188700,2020-04-06,Foreign_Dealer_Self,954220
1462720970,2020-04-06,Dealer_self,866463950
3581484790,2020-04-07,Investment_Trust,1598369890
48174203029,2020-04-07,Foreign_Investor,44787215977
5046218000,2020-04-07,Dealer_Hedging,4223918176
810310,2020-04-07,Foreign_Dealer_Self,1394680
58351466239,2020-04-07,total,51999518723
1549560420,2020-04-07,Dealer_self,1390014680
39417652326,2020-04-08,Foreign_Investor,39187939928
3750698710,2020-04-08,Investment_Trust,1958602400
1454900,2020-04-08,Foreign_Dealer_Self,1204670
50242440208,2020-04-08,total,48913356879
5558100346,2020-04-08,Dealer_Hedging,5759234174
1515988826,2020-04-08,Dealer_self,2007580377
31324893350,2020-04-09,Foreign_Investor,38514279984
38434980073,2020-04-09,total,47718371608
1137590,2020-04-09,Foreign_Dealer_Self,3128440
1089302260,2020-04-09,Dealer_self,1715250921
2092363160,2020-04-09,Investment_Trust,1716289818
3928421303,2020-04-09,Dealer_Hedging,5772550885
857762800,2020-04-10,Dealer_self,1392055023
2200178800,2020-04-10,Investment_Trust,1888984304
24010482300,2020-04-10,Foreign_Investor,24044728447
3411663607,2020-04-10,Dealer_Hedging,3842610634
1674030,2020-04-10,Foreign_Dealer_Self,1390440
30480087507,2020-04-10,total,31168378408
24909472048,2020-04-13,total,34470690045
2461657450,2020-04-13,Investment_Trust,1224505331
976194050,2020-04-13,Dealer_self,2101972330
3077063728,2020-04-13,Dealer_Hedging,5160897440
1768410,2020-04-13,Foreign_Dealer_Self,1246160
18394556820,2020-04-13,Foreign_Investor,25983314944
1960984050,2020-04-14,Dealer_self,850285810
5272319973,2020-04-14,Dealer_Hedging,4859746486
50615655320,2020-04-14,Foreign_Investor,35493636166
60978793173,2020-04-14,total,42423431388
3129833830,2020-04-14,Investment_Trust,1219762926
1857660,2020-04-14,Foreign_Dealer_Self,1903070
5018372950,2020-04-15,Dealer_Hedging,5559627714
2181160,2020-04-15,Foreign_Dealer_Self,3160920
57865565019,2020-04-15,total,60772885661
1935120050,2020-04-15,Dealer_self,3252424450
46824040559,2020-04-15,Foreign_Investor,50508316904
4088031460,2020-04-15,Investment_Trust,1452516593
994007260,2020-04-16,Dealer_self,1275806789
46429287680,2020-04-16,total,59139519513
39078473571,2020-04-16,Foreign_Investor,51534047883
3520183929,2020-04-16,Dealer_Hedging,4431953615
1843830,2020-04-16,Foreign_Dealer_Self,1297810
2836622920,2020-04-16,Investment_Trust,1897711226
85465164927,2020-04-17,total,61882859506
3300660,2020-04-17,Foreign_Dealer_Self,2034560
72851113647,2020-04-17,Foreign_Investor,52456735235
4078728040,2020-04-17,Investment_Trust,1593064510
1776149810,2020-04-17,Dealer_self,1962151042
6759173430,2020-04-17,Dealer_Hedging,5870908719
1991659000,2020-04-20,Investment_Trust,2046175763
649137690,2020-04-20,Dealer_self,850629987
36874573590,2020-04-20,Foreign_Investor,36360219199
3563179822,2020-04-20,Dealer_Hedging,4028236304
43078550102,2020-04-20,total,43285261253
1523040,2020-04-20,Foreign_Dealer_Self,1593460
1409355030,2020-04-21,Investment_Trust,2306396780
2241540,2020-04-21,Foreign_Dealer_Self,1732340
41632378331,2020-04-21,total,70839646982
953666740,2020-04-21,Dealer_self,2681146272
34629416126,2020-04-21,Foreign_Investor,58875779002
4639940435,2020-04-21,Dealer_Hedging,6976324928
4169391238,2020-04-22,Dealer_Hedging,4451889351
1830227062,2020-04-22,Investment_Trust,1885385740
34757825996,2020-04-22,Foreign_Investor,38207567786
1248860,2020-04-22,Foreign_Dealer_Self,1900650
41714076396,2020-04-22,total,46058447540
956632100,2020-04-22,Dealer_self,1513604663
4442471031,2020-04-23,Dealer_Hedging,4950617575
34741296314,2020-04-23,Foreign_Investor,38551730694
1105620,2020-04-23,Foreign_Dealer_Self,1687280
42755947915,2020-04-23,total,45928047094
1104291560,2020-04-23,Dealer_self,1361610319
2467889010,2020-04-23,Investment_Trust,1064088506
837301050,2020-04-24,Dealer_self,896001842
3404256056,2020-04-24,Dealer_Hedging,3751658753
28034671990,2020-04-24,Foreign_Investor,33713338103
33862538006,2020-04-24,total,39302194781
1234670,2020-04-24,Foreign_Dealer_Self,2657900
1586308910,2020-04-24,Investment_Trust,941196083
50719387346,2020-04-27,Foreign_Investor,33835835384
62154490296,2020-04-27,total,40880873780
2067370,2020-04-27,Foreign_Dealer_Self,4287400
6939713690,2020-04-27,Dealer_Hedging,4667247349
2092020920,2020-04-27,Dealer_self,856736977
2403368340,2020-04-27,Investment_Trust,1521054070
1959107850,2020-04-28,Dealer_self,1099906051
50033772836,2020-04-28,total,47629011041
3877906380,2020-04-28,Investment_Trust,1793327350
5771414880,2020-04-28,Dealer_Hedging,4652774472
3906160,2020-04-28,Foreign_Dealer_Self,2568910
38425343726,2020-04-28,Foreign_Investor,40083003168
1822489340,2020-04-29,Dealer_self,2738197405
3859320,2020-04-29,Foreign_Dealer_Self,3390670
67462989648,2020-04-29,total,50115908355
2542950420,2020-04-29,Investment_Trust,1442640872
4766342425,2020-04-29,Dealer_Hedging,5630686084
58331207463,2020-04-29,Foreign_Investor,40304383994
82042015063,2020-04-30,total,58183550066
3680620,2020-04-30,Foreign_Dealer_Self,4940140
67595945763,2020-04-30,Foreign_Investor,49004346092
2291949690,2020-04-30,Dealer_self,1814763221
4796857290,2020-04-30,Investment_Trust,2118797550
7357262320,2020-04-30,Dealer_Hedging,5245643203
1122274640,2020-05-04,Dealer_self,1590396734
36523623580,2020-05-04,Foreign_Investor,73487775454
3928403552,2020-05-04,Dealer_Hedging,9210713813
1681684310,2020-05-04,Investment_Trust,1628123859
43255986082,2020-05-04,total,85917009860
2542850,2020-05-04,Foreign_Dealer_Self,2007430
1672320,2020-05-05,Foreign_Dealer_Self,5604060
2112556366,2020-05-05,Investment_Trust,2161049654
27816466768,2020-05-05,Foreign_Investor,40203775388
1619107890,2020-05-05,Dealer_self,1461333140
3664234292,2020-05-05,Dealer_Hedging,5675864017
35212365316,2020-05-05,total,49502022199
3641710,2020-05-06,Foreign_Dealer_Self,3169610
48538701896,2020-05-06,total,56925067715
2527625765,2020-05-06,Investment_Trust,1998089000
40517175358,2020-05-06,Foreign_Investor,45800222707
1380442420,2020-05-06,Dealer_self,2781129690
4113458353,2020-05-06,Dealer_Hedging,6345626318
2622302428,2020-05-07,Investment_Trust,1680991094
38131417605,2020-05-07,Foreign_Investor,39944267796
4415111785,2020-05-07,Dealer_Hedging,5160737875
1954164036,2020-05-07,Dealer_self,1067795620
47122995854,2020-05-07,total,47853792385
3075360,2020-05-07,Foreign_Dealer_Self,3905300
39452177322,2020-05-08,Foreign_Investor,43557798409
1885293960,2020-05-08,Dealer_self,1336028750
48286190240,2020-05-08,total,50743120644
2376507810,2020-05-08,Investment_Trust,1871903500
4572211148,2020-05-08,Dealer_Hedging,3977389985
4091500,2020-05-08,Foreign_Dealer_Self,5064520
4637122356,2020-05-11,Dealer_Hedging,5439414914
36055663199,2020-05-11,Foreign_Investor,33242851500
1558958980,2020-05-11,Dealer_self,1044629162
2310454450,2020-05-11,Investment_Trust,1539559950
4596880,2020-05-11,Foreign_Dealer_Self,4218660
44562198985,2020-05-11,total,41266455526
6791390,2020-05-12,Foreign_Dealer_Self,5742410
38979548179,2020-05-12,total,64718702406
3947951194,2020-05-12,Dealer_Hedging,4810740861
1887593700,2020-05-12,Investment_Trust,1485819682
31957904555,2020-05-12,Foreign_Investor,57050817836
1186098730,2020-05-12,Dealer_self,1371324027
3723440,2020-05-13,Foreign_Dealer_Self,4068720
3002222420,2020-05-13,Investment_Trust,2146346470
40369251704,2020-05-13,Foreign_Investor,45129185837
1463881470,2020-05-13,Dealer_self,1243633930
49673995599,2020-05-13,total,53098402557
4838640005,2020-05-13,Dealer_Hedging,4579236320
4245546104,2020-05-14,Dealer_Hedging,7021243474
40687705808,2020-05-14,total,62788046767
1459367950,2020-05-14,Dealer_self,2203152100
32864837364,2020-05-14,Foreign_Investor,51734207443
5394190,2020-05-14,Foreign_Dealer_Self,2705550
2117954390,2020-05-14,Investment_Trust,1829443750
3263340,2020-05-15,Foreign_Dealer_Self,3052460
52484763743,2020-05-15,total,55725980895
1668006960,2020-05-15,Dealer_self,2108118274
4641041038,2020-05-15,Dealer_Hedging,5301795093
43982888055,2020-05-15,Foreign_Investor,45903784488
2192827690,2020-05-15,Investment_Trust,2412283040
2909100,2020-05-18,Foreign_Dealer_Self,6221900
4780109334,2020-05-18,Dealer_Hedging,5042725265
2966320630,2020-05-18,Investment_Trust,3778736138
59041684613,2020-05-18,total,75986271228
2397261070,2020-05-18,Dealer_self,2366355498
48897993579,2020-05-18,Foreign_Investor,64798454327
4334793379,2020-05-19,Dealer_Hedging,3779473626
3702919340,2020-05-19,Investment_Trust,2696540640
58609712845,2020-05-19,Foreign_Investor,53960035648
2193884570,2020-05-19,Dealer_self,1493962040
6099960,2020-05-19,Foreign_Dealer_Self,4021840
68841310134,2020-05-19,total,61930011954
5077669592,2020-05-20,Dealer_Hedging,4590673911
46532822396,2020-05-20,Foreign_Investor,42143417391
56939855168,2020-05-20,total,50505080651
3484630,2020-05-20,Foreign_Dealer_Self,2859290
2530669170,2020-05-20,Dealer_self,2033072199
2798694010,2020-05-20,Investment_Trust,1737917150
4938277717,2020-05-21,Dealer_Hedging,4394011012
4243140,2020-05-21,Foreign_Dealer_Self,3642010
52708303848,2020-05-21,total,48757571840
2468191180,2020-05-21,Dealer_self,1386282470
42073642951,2020-05-21,Foreign_Investor,41094682114
3228192000,2020-05-21,Investment_Trust,1882596244
1697856110,2020-05-22,Dealer_self,1845335710
29571380095,2020-05-22,Foreign_Investor,58656962130
3427300,2020-05-22,Foreign_Dealer_Self,3272830
1673917830,2020-05-22,Investment_Trust,2001439723
4067569136,2020-05-22,Dealer_Hedging,6096056236
37010723171,2020-05-22,total,68599793799
4876109362,2020-05-25,Dealer_Hedging,3804588734
2107526020,2020-05-25,Dealer_self,1312535106
2013613697,2020-05-25,Investment_Trust,2255992250
41315645170,2020-05-25,total,44259606673
3561450,2020-05-25,Foreign_Dealer_Self,4764790
32318396091,2020-05-25,Foreign_Investor,36886490583
46443269598,2020-05-26,Foreign_Investor,32273384898
5722479538,2020-05-26,Dealer_Hedging,5202051946
57651280306,2020-05-26,total,40706869778
3174391090,2020-05-26,Investment_Trust,1911355720
2311140080,2020-05-26,Dealer_self,1320077214
7405610,2020-05-26,Foreign_Dealer_Self,6112910
1673675580,2020-05-27,Dealer_self,1643686578
47464241536,2020-05-27,total,46221637717
6472860,2020-05-27,Foreign_Dealer_Self,2374140
2748554540,2020-05-27,Investment_Trust,1827963700
4255938471,2020-05-27,Dealer_Hedging,4296126376
38786072945,2020-05-27,Foreign_Investor,38453861063
2032768200,2020-05-28,Dealer_self,1726039490
2799440,2020-05-28,Foreign_Dealer_Self,5112570
53658466743,2020-05-28,total,59296971988
2378588650,2020-05-28,Investment_Trust,1733007881
43505336846,2020-05-28,Foreign_Investor,50759686784
5741773047,2020-05-28,Dealer_Hedging,5078237833
4663782346,2020-05-29,Dealer_Hedging,3595973954
117649797755,2020-05-29,total,126927496016
5055340,2020-05-29,Foreign_Dealer_Self,3578950
109117642179,2020-05-29,Foreign_Investor,120162821103
1880490880,2020-05-29,Dealer_self,1381452545
1987882350,2020-05-29,Investment_Trust,1787248414
2283564450,2020-06-01,Investment_Trust,1211099900
52835931727,2020-06-01,Foreign_Investor,37407071311
8077491837,2020-06-01,Dealer_Hedging,4698022193
1999782430,2020-06-01,Dealer_self,954987740
4015130,2020-06-01,Foreign_Dealer_Self,5418560
65196770444,2020-06-01,total,44271181144
5172031791,2020-06-02,Dealer_Hedging,4441499748
1914121750,2020-06-02,Dealer_self,1265099600
46917426481,2020-06-02,Foreign_Investor,45189168683
57544599588,2020-06-02,total,52895915281
3541019566,2020-06-02,Investment_Trust,2000147250
5441920,2020-06-02,Foreign_Dealer_Self,7725300
8240980,2020-06-03,Foreign_Dealer_Self,7439110
6740155377,2020-06-03,Dealer_Hedging,6055068999
6760060190,2020-06-03,Dealer_self,982498090
62453116202,2020-06-03,Foreign_Investor,44810641594
3687295550,2020-06-03,Investment_Trust,2150380605
79640627319,2020-06-03,total,53998589288
50379304412,2020-06-04,Foreign_Investor,45895804450
5787477682,2020-06-04,Dealer_Hedging,5626894589
7330580,2020-06-04,Foreign_Dealer_Self,8739960
61328734144,2020-06-04,total,54362509985
2030058450,2020-06-04,Dealer_self,1484406800
3131893600,2020-06-04,Investment_Trust,1355404146
1935576350,2020-06-05,Dealer_self,1493281570
2253103950,2020-06-05,Investment_Trust,1443600860
55907331433,2020-06-05,total,47055274578
45971985238,2020-06-05,Foreign_Investor,38912491687
5746665895,2020-06-05,Dealer_Hedging,5205900461
9520660,2020-06-05,Foreign_Dealer_Self,11719600
4287747230,2020-06-08,Investment_Trust,2624541377
11077560,2020-06-08,Foreign_Dealer_Self,12861850
54251585047,2020-06-08,Foreign_Investor,44597423870
5616609908,2020-06-08,Dealer_Hedging,5896572546
66241318135,2020-06-08,total,55314977933
2085375950,2020-06-08,Dealer_self,2196440140
2847566060,2020-06-09,Investment_Trust,2585172376
46768103700,2020-06-09,Foreign_Investor,39945646096
4884723092,2020-06-09,Dealer_Hedging,4447012153
1407174980,2020-06-09,Dealer_self,1736465210
12692720,2020-06-09,Foreign_Dealer_Self,5884610
55907567832,2020-06-09,total,48714295835
2782391960,2020-06-10,Investment_Trust,2456922722
1862817510,2020-06-10,Dealer_self,1524841291
64762589739,2020-06-10,total,53978791994
55091372862,2020-06-10,Foreign_Investor,44860946954
5026007407,2020-06-10,Dealer_Hedging,5136081027
6078910,2020-06-10,Foreign_Dealer_Self,5460070
66088734365,2020-06-11,total,68827333831
5448200,2020-06-11,Foreign_Dealer_Self,6146370
2924578070,2020-06-11,Investment_Trust,2783077750
56059950298,2020-06-11,Foreign_Investor,55832064118
5206647487,2020-06-11,Dealer_Hedging,7466550523
1897558510,2020-06-11,Dealer_self,2745641440
51633607454,2020-06-12,Foreign_Investor,48683392252
7267188408,2020-06-12,Dealer_Hedging,5971734038
5370280,2020-06-12,Foreign_Dealer_Self,6829510
63396373382,2020-06-12,total,58803954272
2148861010,2020-06-12,Investment_Trust,2739577665
2346716510,2020-06-12,Dealer_self,1409250317
2657887500,2020-06-15,Investment_Trust,1419524650
43466240511,2020-06-15,total,60374518868
3477880,2020-06-15,Foreign_Dealer_Self,6412720
4551486324,2020-06-15,Dealer_Hedging,5943364357
35036346437,2020-06-15,Foreign_Investor,50683991381
1220520250,2020-06-15,Dealer_self,2327638480
5614736029,2020-06-16,Dealer_Hedging,5529525993
63732278969,2020-06-16,total,43855993732
7523300,2020-06-16,Foreign_Dealer_Self,16797790
2777495930,2020-06-16,Investment_Trust,2058765664
53488275850,2020-06-16,Foreign_Investor,35135492889
1851771160,2020-06-16,Dealer_self,1132209186
3235599380,2020-06-17,Investment_Trust,2557285860
2047093150,2020-06-17,Dealer_self,3319787495
43957824194,2020-06-17,Foreign_Investor,40182136855
53855959464,2020-06-17,total,51906135285
4615442740,2020-06-17,Dealer_Hedging,5846925075
19169620,2020-06-17,Foreign_Dealer_Self,5636580
4728135026,2020-06-18,Dealer_Hedging,4893596863
2939799630,2020-06-18,Investment_Trust,2194756468
58158941372,2020-06-18,total,55037499718
7361450,2020-06-18,Foreign_Dealer_Self,5264000
1883885530,2020-06-18,Dealer_self,1592854780
48607121186,2020-06-18,Foreign_Investor,46356291607
4967794234,2020-06-19,Dealer_Hedging,4387456744
8392883880,2020-06-19,Investment_Trust,7912890634
6894560,2020-06-19,Foreign_Dealer_Self,7266610
94844252772,2020-06-19,total,103190878709
78513712648,2020-06-19,Foreign_Investor,88733241582
2969862010,2020-06-19,Dealer_self,2157289749
5859423820,2020-06-22,Investment_Trust,5470965397
42884762667,2020-06-22,Foreign_Investor,40520503944
55484445717,2020-06-22,total,52284047718
1770900219,2020-06-22,Dealer_self,1814713923
4969359011,2020-06-22,Dealer_Hedging,4477864454
5107710,2020-06-22,Foreign_Dealer_Self,10278270
2321623170,2020-06-23,Dealer_self,2299192767
67437358708,2020-06-23,total,64048929755
6201463154,2020-06-23,Dealer_Hedging,6422200340
11451610,2020-06-23,Foreign_Dealer_Self,16020090
54013466954,2020-06-23,Foreign_Investor,50203243746
4900805430,2020-06-23,Investment_Trust,5124292902
4972675380,2020-06-24,Dealer_Hedging,4854167339
2201131650,2020-06-24,Dealer_self,2222184686
56214982735,2020-06-24,Foreign_Investor,46881697465
15052250,2020-06-24,Foreign_Dealer_Self,7623110
68212714995,2020-06-24,total,59243211762
4823925230,2020-06-24,Investment_Trust,5285162272
1736838130,2020-06-29,Dealer_self,2442594130
6661070,2020-06-29,Foreign_Dealer_Self,5461390
66441396271,2020-06-29,total,82091303534
5021325810,2020-06-29,Dealer_Hedging,6254580010
4675726790,2020-06-29,Investment_Trust,5447183957
55007505541,2020-06-29,Foreign_Investor,67946945437
66575595318,2020-06-30,total,59061534638
1900026610,2020-06-30,Investment_Trust,2833939799
56769888714,2020-06-30,Foreign_Investor,49930983305
5676377884,2020-06-30,Dealer_Hedging,4710823696
2229302110,2020-06-30,Dealer_self,1585787838
5186260,2020-06-30,Foreign_Dealer_Self,10960320
41308179491,2020-07-01,Foreign_Investor,37658141168
7324196733,2020-07-01,Dealer_Hedging,6559645286
2604914320,2020-07-01,Dealer_self,2410055357
2469478350,2020-07-01,Investment_Trust,2323267979
10273910,2020-07-01,Foreign_Dealer_Self,13394640
53706768894,2020-07-01,total,48951109790
13480110,2020-07-02,Foreign_Dealer_Self,15148670
2283116260,2020-07-02,Investment_Trust,2749685422
44478608529,2020-07-02,Foreign_Investor,41620785384
6826316281,2020-07-02,Dealer_Hedging,6558422299
55525639640,2020-07-02,total,52541244443
1937598570,2020-07-02,Dealer_self,1612351338
15870880,2020-07-03,Foreign_Dealer_Self,12782670
6432609250,2020-07-03,Investment_Trust,3095437660
46360598882,2020-07-03,Foreign_Investor,35693694141
8473666132,2020-07-03,Dealer_Hedging,6257912785
63695094984,2020-07-03,total,47220280738
2428220720,2020-07-03,Dealer_self,2173236152
12813921285,2020-07-06,Dealer_Hedging,7481907471
3564663030,2020-07-06,Dealer_self,2487138191
15330540,2020-07-06,Foreign_Dealer_Self,13522050
2357964900,2020-07-06,Investment_Trust,2035646219
84573935356,2020-07-06,total,57689459730
65837386141,2020-07-06,Foreign_Investor,45684767849
2257687330,2020-07-07,Investment_Trust,3044343150
10701130282,2020-07-07,Dealer_Hedging,9300589842
68833491977,2020-07-07,Foreign_Investor,64260539930
2716228840,2020-07-07,Dealer_self,2908159050
11808340,2020-07-07,Foreign_Dealer_Self,17397310
84508538429,2020-07-07,total,79513631972
2282407290,2020-07-08,Investment_Trust,3360316169
53281199219,2020-07-08,Foreign_Investor,58780158178
3623691090,2020-07-08,Dealer_self,1866962140
8613133701,2020-07-08,Dealer_Hedging,7224736201
24187040,2020-07-08,Foreign_Dealer_Self,8053240
67800431300,2020-07-08,total,71232172688
2925130130,2020-07-09,Investment_Trust,3242420610
51074900518,2020-07-09,Foreign_Investor,57744338624
2209703880,2020-07-09,Dealer_self,2417392150
7000590,2020-07-09,Foreign_Dealer_Self,11370950
63939164590,2020-07-09,total,70081698906
7729430062,2020-07-09,Dealer_Hedging,6677547522
6702495802,2020-07-10,Dealer_Hedging,7108408862
2130054646,2020-07-10,Investment_Trust,3416813030
62547759529,2020-07-10,Foreign_Investor,62292926409
9248640,2020-07-10,Foreign_Dealer_Self,6353330
2229317320,2020-07-10,Dealer_self,3615321730
73609627297,2020-07-10,total,76433470031
9637990,2020-07-13,Foreign_Dealer_Self,17621790
7750385356,2020-07-13,Dealer_Hedging,5922608932
53925475061,2020-07-13,Foreign_Investor,49547949418
2213778740,2020-07-13,Dealer_self,1991269100
3227861810,2020-07-13,Investment_Trust,2702966057
67117500967,2020-07-13,total,60164793507
52387365764,2020-07-14,Foreign_Investor,57119566368
64523994314,2020-07-14,total,68052995825
13838190,2020-07-14,Foreign_Dealer_Self,12860420
3136891440,2020-07-14,Investment_Trust,2443909057
2057363830,2020-07-14,Dealer_self,1973067716
6942373280,2020-07-14,Dealer_Hedging,6516452684
22302530,2020-07-15,Foreign_Dealer_Self,17321080
2378555640,2020-07-15,Dealer_self,4282501730
66105394992,2020-07-15,Foreign_Investor,62146370762
7744200711,2020-07-15,Dealer_Hedging,7834134835
3736339790,2020-07-15,Investment_Trust,2848026581
79964491133,2020-07-15,total,77111033908
51364830826,2020-07-16,Foreign_Investor,58422995048
6158288457,2020-07-16,Dealer_Hedging,7045502251
12338830,2020-07-16,Foreign_Dealer_Self,11386720
62881350315,2020-07-16,total,70687611794
1815167910,2020-07-16,Dealer_self,3169950813
3543063122,2020-07-16,Investment_Trust,2049163682
13170900,2020-07-17,Foreign_Dealer_Self,17225320
3285313951,2020-07-17,Investment_Trust,1390525049
48567700439,2020-07-17,Foreign_Investor,46787491771
5859478033,2020-07-17,Dealer_Hedging,7184964797
59287445893,2020-07-17,total,58355881957
1574953470,2020-07-17,Dealer_self,2992900340
60784067417,2020-07-20,total,55776748358
1522656870,2020-07-20,Dealer_self,2301229420
49876747403,2020-07-20,Foreign_Investor,45522546042
19580140,2020-07-20,Foreign_Dealer_Self,13247670
2669522740,2020-07-20,Investment_Trust,2025060848
6715140404,2020-07-20,Dealer_Hedging,5927912048
8229869613,2020-07-21,Dealer_Hedging,7947311615
80298210717,2020-07-21,total,64285608596
4056756170,2020-07-21,Investment_Trust,1917923370
2781328950,2020-07-21,Dealer_self,1830686285
14757500,2020-07-21,Foreign_Dealer_Self,18602210
65230255984,2020-07-21,Foreign_Investor,52589687326
9530559221,2020-07-22,Dealer_Hedging,8128694263
2543517670,2020-07-22,Dealer_self,2699466460
48828047540,2020-07-22,Foreign_Investor,51209955765
4244461930,2020-07-22,Investment_Trust,2440395896
24782270,2020-07-22,Foreign_Dealer_Self,19735070
65146586361,2020-07-22,total,64478512384
2747024740,2020-07-23,Dealer_self,2702073690
51350296088,2020-07-23,Foreign_Investor,60219619074
64452119090,2020-07-23,total,77723176501
2876194100,2020-07-23,Investment_Trust,2277353939
22960050,2020-07-23,Foreign_Dealer_Self,15516120
7478604162,2020-07-23,Dealer_Hedging,12524129798
75690036743,2020-07-24,total,91623345674
2388760280,2020-07-24,Dealer_self,4913246120
7347290896,2020-07-24,Dealer_Hedging,10748626451
22668870,2020-07-24,Foreign_Dealer_Self,17644890
3056384870,2020-07-24,Investment_Trust,2293807170
62897600697,2020-07-24,Foreign_Investor,73667665933
2892269550,2020-07-27,Investment_Trust,3030796774
2854375910,2020-07-27,Dealer_self,2499813360
6768974098,2020-07-27,Dealer_Hedging,7761774807
70026962140,2020-07-27,Foreign_Investor,62494951894
26992750,2020-07-27,Foreign_Dealer_Self,11732410
82542581698,2020-07-27,total,75787336835
97309302368,2020-07-28,Foreign_Investor,104613170764
10211099791,2020-07-28,Dealer_Hedging,12786006420
3019946366,2020-07-28,Dealer_self,4058521347
2386944260,2020-07-28,Investment_Trust,2945568650
28457840,2020-07-28,Foreign_Dealer_Self,17938040
112927292785,2020-07-28,total,124403267181
1951474510,2020-07-29,Investment_Trust,3061060465
2389215810,2020-07-29,Dealer_self,5628286274
72371235233,2020-07-29,total,84502088263
6202988078,2020-07-29,Dealer_Hedging,7860293850
10140610,2020-07-29,Foreign_Dealer_Self,16633390
61827556835,2020-07-29,Foreign_Investor,67952447674
1875235640,2020-07-30,Dealer_self,2097766907
60059576546,2020-07-30,Foreign_Investor,62897898404
6408116138,2020-07-30,Dealer_Hedging,6853360847
15569330,2020-07-30,Foreign_Dealer_Self,18427230
71918772064,2020-07-30,total,74413044163
3575843740,2020-07-30,Investment_Trust,2564018005
7185730139,2020-07-31,Dealer_Hedging,7627766066
14962590,2020-07-31,Foreign_Dealer_Self,17329580
2597377620,2020-07-31,Dealer_self,2286078500
2583475240,2020-07-31,Investment_Trust,2325829512
58198953561,2020-07-31,Foreign_Investor,67108470607
70565536560,2020-07-31,total,79348144685
17654720,2020-08-03,Foreign_Dealer_Self,15446000
66414664939,2020-08-03,total,97063637670
2312510100,2020-08-03,Dealer_self,2486768540
5668970057,2020-08-03,Dealer_Hedging,6163087247
56580400132,2020-08-03,Foreign_Investor,86823197897
1852784650,2020-08-03,Investment_Trust,1590583986
3255343029,2020-08-04,Investment_Trust,2453296243
2087960020,2020-08-04,Dealer_self,1567227109
6571462884,2020-08-04,Dealer_Hedging,5828062566
56591152370,2020-08-04,Foreign_Investor,50984870223
17359410,2020-08-04,Foreign_Dealer_Self,17587280
68505918303,2020-08-04,total,60833456141
2076169230,2020-08-05,Dealer_self,2256382910
4028433060,2020-08-05,Investment_Trust,2364851509
7577039775,2020-08-05,Dealer_Hedging,7582948316
16064860,2020-08-05,Foreign_Dealer_Self,27331150
71270409312,2020-08-05,total,70083973295
57588767247,2020-08-05,Foreign_Investor,57879790560
2624959576,2020-08-06,Dealer_self,2485113282
2986701480,2020-08-06,Investment_Trust,2530336791
74276425877,2020-08-06,total,71062327900
6083666724,2020-08-06,Dealer_Hedging,7378031490
31630610,2020-08-06,Foreign_Dealer_Self,19141550
62581098097,2020-08-06,Foreign_Investor,58668846337
1808522750,2020-08-07,Investment_Trust,2178429699
62266280844,2020-08-07,total,77047837035
19138880,2020-08-07,Foreign_Dealer_Self,16532910
5568046368,2020-08-07,Dealer_Hedging,6910483247
1870568080,2020-08-07,Dealer_self,2751309507
53019143646,2020-08-07,Foreign_Investor,65207614582
17253610,2020-08-10,Foreign_Dealer_Self,16591860
1754521550,2020-08-10,Investment_Trust,3062655573
7033387392,2020-08-10,Dealer_Hedging,5301932254
1920308000,2020-08-10,Dealer_self,2354981729
54385129043,2020-08-10,Foreign_Investor,51632836276
65093345985,2020-08-10,total,62352405832
1640260840,2020-08-11,Dealer_self,2263640420
2021090070,2020-08-11,Investment_Trust,2643925410
59266831462,2020-08-11,total,64899297111
6199464517,2020-08-11,Dealer_Hedging,5614459625
49406016035,2020-08-11,Foreign_Investor,54377271656
12274230,2020-08-11,Foreign_Dealer_Self,15010640
2144921075,2020-08-12,Investment_Trust,2858660352
21632520,2020-08-12,Foreign_Dealer_Self,19559150
58580714043,2020-08-12,total,73633487358
48342138857,2020-08-12,Foreign_Investor,58762212484
2129408480,2020-08-12,Dealer_self,4098777780
5964245631,2020-08-12,Dealer_Hedging,7913836742
65982446222,2020-08-13,Foreign_Investor,58749834189
1924369500,2020-08-13,Dealer_self,2641612920
5786847877,2020-08-13,Dealer_Hedging,5741286612
75980192739,2020-08-13,total,69431192639
28838530,2020-08-13,Foreign_Dealer_Self,24778160
2286529140,2020-08-13,Investment_Trust,2298458918
21374970,2020-08-14,Foreign_Dealer_Self,20262660
2130417600,2020-08-14,Dealer_self,1697177570
5441784390,2020-08-14,Dealer_Hedging,4616046182
65358502240,2020-08-14,total,59461778033
55116268150,2020-08-14,Foreign_Investor,51167350321
2670032100,2020-08-14,Investment_Trust,1981203960
8561823153,2020-08-17,Dealer_Hedging,5809038876
2912314510,2020-08-17,Dealer_self,1684527150
18346560,2020-08-17,Foreign_Dealer_Self,24492000
70711177319,2020-08-17,total,56357071084
3028222990,2020-08-17,Investment_Trust,2300210800
56208816666,2020-08-17,Foreign_Investor,46563294258
2822930460,2020-08-18,Investment_Trust,2836182458
5471672847,2020-08-18,Dealer_Hedging,7050214634
65473998741,2020-08-18,Foreign_Investor,68469478906
20992040,2020-08-18,Foreign_Dealer_Self,19453950
76132149478,2020-08-18,total,81236980528
2363547430,2020-08-18,Dealer_self,2881104530
2484345361,2020-08-19,Investment_Trust,2625653630
66681585029,2020-08-19,Foreign_Investor,67201322181
4964351979,2020-08-19,Dealer_Hedging,6777334576
2210066260,2020-08-19,Dealer_self,4238267070
15202540,2020-08-19,Foreign_Dealer_Self,14231370
76340348629,2020-08-19,total,80842577457
102527154142,2020-08-20,total,129286621237
2123970100,2020-08-20,Investment_Trust,3822755790
90308201936,2020-08-20,Foreign_Investor,104978746595
7647094646,2020-08-20,Dealer_Hedging,15139272062
15557980,2020-08-20,Foreign_Dealer_Self,16255100
2447887460,2020-08-20,Dealer_self,5345846790
5256247431,2020-08-21,Dealer_Hedging,4921150533
1843017910,2020-08-21,Dealer_self,2307527360
3226436864,2020-08-21,Investment_Trust,2318223168
78507320601,2020-08-21,total,72081985717
68181618396,2020-08-21,Foreign_Investor,62535084656
12324490,2020-08-21,Foreign_Dealer_Self,16011870
75381025035,2020-08-24,total,74760701717
3260383188,2020-08-24,Investment_Trust,2457113837
1981832890,2020-08-24,Dealer_self,1636741380
65008682223,2020-08-24,Foreign_Investor,65873252763
5130126734,2020-08-24,Dealer_Hedging,4793593737
15297950,2020-08-24,Foreign_Dealer_Self,24472490
17098290,2020-08-25,Foreign_Dealer_Self,18389020
65699486605,2020-08-25,total,60324757802
2123555784,2020-08-25,Dealer_self,1440987249
2904502890,2020-08-25,Investment_Trust,1773645980
55192388219,2020-08-25,Foreign_Investor,51727034886
5479039712,2020-08-25,Dealer_Hedging,5383089687
2735720920,2020-08-26,Investment_Trust,2424517180
48436599807,2020-08-26,Foreign_Investor,46533357013
57126314665,2020-08-26,total,55422804256
15914050,2020-08-26,Foreign_Dealer_Self,10057510
1550421440,2020-08-26,Dealer_self,1451705234
4403572498,2020-08-26,Dealer_Hedging,5013224829
1757750980,2020-08-27,Dealer_self,2235176334
12144640,2020-08-27,Foreign_Dealer_Self,12853410
4913887367,2020-08-27,Dealer_Hedging,5337922587
53210146944,2020-08-27,Foreign_Investor,60956864611
2403393240,2020-08-27,Investment_Trust,1883267400
62285178531,2020-08-27,total,70413230932
5518110313,2020-08-28,Dealer_Hedging,5468776837
56719511414,2020-08-28,Foreign_Investor,62795402016
1941939430,2020-08-28,Dealer_self,1586579982
2340305370,2020-08-28,Investment_Trust,2605005158
66519866527,2020-08-28,total,72455763993
12484940,2020-08-28,Foreign_Dealer_Self,12533310
2052857030,2020-08-31,Dealer_self,1578839591
5105311846,2020-08-31,Dealer_Hedging,5571650220
14145220,2020-08-31,Foreign_Dealer_Self,12211880
104396261074,2020-08-31,total,120631100868
2898479360,2020-08-31,Investment_Trust,3398499443
94339612838,2020-08-31,Foreign_Investor,110082111614
4073366740,2020-09-01,Investment_Trust,3578790053
6127925042,2020-09-01,Dealer_Hedging,5476623860
2540434720,2020-09-01,Dealer_self,2314367815
74360131547,2020-09-01,Foreign_Investor,70527876831
87101858049,2020-09-01,total,81897658559
14247620,2020-09-01,Foreign_Dealer_Self,13978110
14544620,2020-09-02,Foreign_Dealer_Self,13969280
1893508120,2020-09-02,Dealer_self,1822304638
60527076031,2020-09-02,Foreign_Investor,65553718360
5041325539,2020-09-02,Dealer_Hedging,5197881706
3100282680,2020-09-02,Investment_Trust,2289017810
70562192370,2020-09-02,total,74862922514
2529959840,2020-09-03,Dealer_self,1781539568
71496494534,2020-09-03,Foreign_Investor,60644675323
3497994377,2020-09-03,Investment_Trust,3947485386
6619887086,2020-09-03,Dealer_Hedging,5792554439
84144335837,2020-09-03,total,72166254716
16092800,2020-09-03,Foreign_Dealer_Self,19585390
6470001959,2020-09-04,Dealer_Hedging,7459661878
55418952154,2020-09-04,Foreign_Investor,79015809430
66764987513,2020-09-04,total,90507596997
2105791080,2020-09-04,Dealer_self,1918189150
13181370,2020-09-04,Foreign_Dealer_Self,21825460
2770242320,2020-09-04,Investment_Trust,2113936539
5129787840,2020-09-07,Dealer_Hedging,5686078065
61411546092,2020-09-07,total,73451702155
2231857280,2020-09-07,Investment_Trust,3331489030
52079728602,2020-09-07,Foreign_Investor,61545981263
19919610,2020-09-07,Foreign_Dealer_Self,19079930
1970172370,2020-09-07,Dealer_self,2888153797
1458243050,2020-09-08,Dealer_self,2158453433
4776407324,2020-09-08,Dealer_Hedging,7539291922
64219602332,2020-09-08,total,63369079941
20856630,2020-09-08,Foreign_Dealer_Self,17629330
3223127400,2020-09-08,Investment_Trust,3012589350
54761824558,2020-09-08,Foreign_Investor,50658745236
1895850390,2020-09-09,Dealer_self,2218123310
5698036731,2020-09-09,Dealer_Hedging,8313796128
66392709071,2020-09-09,total,79284508069
15022780,2020-09-09,Foreign_Dealer_Self,8551550
55593399070,2020-09-09,Foreign_Investor,65406058203
3205422880,2020-09-09,Investment_Trust,3346530428
54724969435,2020-09-10,Foreign_Investor,48904744274
4460153181,2020-09-10,Dealer_Hedging,5959837036
3314737130,2020-09-10,Investment_Trust,2286741588
1395458560,2020-09-10,Dealer_self,1578229950
63895318306,2020-09-10,total,58729552848
10267840,2020-09-10,Foreign_Dealer_Self,17880720
51014553371,2020-09-11,Foreign_Investor,47090578679
1335014460,2020-09-11,Dealer_self,2276621790
1544508280,2020-09-11,Investment_Trust,2273718763
4020192901,2020-09-11,Dealer_Hedging,5746775400
57914269012,2020-09-11,total,57387694632
19056600,2020-09-11,Foreign_Dealer_Self,13028740
1785160010,2020-09-14,Dealer_self,1465179559
60057552076,2020-09-14,total,50361272125
15207190,2020-09-14,Foreign_Dealer_Self,12144690
4315942962,2020-09-14,Dealer_Hedging,4165880435
51976715614,2020-09-14,Foreign_Investor,42396156671
1979733490,2020-09-14,Investment_Trust,2334055460
62703416220,2020-09-15,total,57041237841
8875170,2020-09-15,Foreign_Dealer_Self,8992720
2314980530,2020-09-15,Investment_Trust,2420000241
4423179942,2020-09-15,Dealer_Hedging,4791483111
1973093560,2020-09-15,Dealer_self,1696156284
53992162188,2020-09-15,Foreign_Investor,48133598205
2813536119,2020-09-16,Investment_Trust,2221398501
2103366270,2020-09-16,Dealer_self,3477158324
4148034408,2020-09-16,Dealer_Hedging,7481530356
14830320,2020-09-16,Foreign_Dealer_Self,12315980
70065334193,2020-09-16,Foreign_Investor,51591993577
79130270990,2020-09-16,total,64772080758
53657057551,2020-09-17,total,67895971246
11959590,2020-09-17,Foreign_Dealer_Self,11633780
3593751794,2020-09-17,Dealer_Hedging,5754269676
47163206875,2020-09-17,Foreign_Investor,57136650514
1217145250,2020-09-17,Dealer_self,2414207120
1682953632,2020-09-17,Investment_Trust,2590843936
79061730968,2020-09-18,Foreign_Investor,79897893207
1037241600,2020-09-18,Dealer_self,1240085137
3052951530,2020-09-18,Investment_Trust,4017322406
9444520,2020-09-18,Foreign_Dealer_Self,8793830
87343244827,2020-09-18,total,88751778549
4191320729,2020-09-18,Dealer_Hedging,3596477799
3414879107,2020-09-21,Dealer_Hedging,7532723632
42793035519,2020-09-21,Foreign_Investor,49311806578
11969280,2020-09-21,Foreign_Dealer_Self,9839860
694744920,2020-09-21,Dealer_self,2520522758
1899383430,2020-09-21,Investment_Trust,2528240214
48802042976,2020-09-21,total,61893293182
3356295137,2020-09-22,Dealer_Hedging,7778554308
50766566279,2020-09-22,total,67885594158
727105760,2020-09-22,Dealer_self,2694931704
1117513030,2020-09-22,Investment_Trust,2437450608
10960810,2020-09-22,Foreign_Dealer_Self,10996160
45565652352,2020-09-22,Foreign_Investor,54974657538
2109590790,2020-09-23,Investment_Trust,4007040727
3767567288,2020-09-23,Dealer_Hedging,5229329746
50322928354,2020-09-23,total,69451143708
1091232610,2020-09-23,Dealer_self,4907027969
13001820,2020-09-23,Foreign_Dealer_Self,12931810
43354537666,2020-09-23,Foreign_Investor,55307745266
48336465024,2020-09-24,Foreign_Investor,92067011774
9838530,2020-09-24,Foreign_Dealer_Self,13608550
57328568651,2020-09-24,total,106151625631
5729942877,2020-09-24,Dealer_Hedging,8204133325
1349998880,2020-09-24,Dealer_self,3234234274
1912161870,2020-09-24,Investment_Trust,2646246258
58548131195,2020-09-25,Foreign_Investor,58832577020
4187801781,2020-09-25,Dealer_Hedging,5935636232
1669256894,2020-09-25,Investment_Trust,2619437921
10838640,2020-09-25,Foreign_Dealer_Self,12848510
65428504160,2020-09-25,total,71127125215
1023314290,2020-09-25,Dealer_self,3739474042
1899346620,2020-09-28,Investment_Trust,1441145440
57909422568,2020-09-28,total,46671907451
11622380,2020-09-28,Foreign_Dealer_Self,16819750
3780394126,2020-09-28,Dealer_Hedging,2844978878
50755778392,2020-09-28,Foreign_Investor,40681818281
1473903430,2020-09-28,Dealer_self,1703964852
1637484479,2020-09-29,Investment_Trust,1349806559
12028770,2020-09-29,Foreign_Dealer_Self,9527200
57983036900,2020-09-29,Foreign_Investor,59858906885
3742908143,2020-09-29,Dealer_Hedging,3381628569
1242406420,2020-09-29,Dealer_self,1215529620
64605835942,2020-09-29,total,65805871633
1713065110,2020-09-30,Dealer_self,1161030237
15099740,2020-09-30,Foreign_Dealer_Self,6516960
55464356206,2020-09-30,total,49522616889
3259281956,2020-09-30,Dealer_Hedging,3037109097
49258625840,2020-09-30,Foreign_Investor,44354158845
1233383300,2020-09-30,Investment_Trust,970318710
6012700,2020-10-05,Foreign_Dealer_Self,6257310
54084752609,2020-10-05,total,51984395561
47422694062,2020-10-05,Foreign_Investor,47107283119
3579741827,2020-10-05,Dealer_Hedging,2841987615
911226410,2020-10-05,Investment_Trust,1069863471
2171090310,2020-10-05,Dealer_self,965261356
51211057504,2020-10-06,Foreign_Investor,41842366697
3890415549,2020-10-06,Dealer_Hedging,3206051645
1757158030,2020-10-06,Investment_Trust,1352732447
2128176860,2020-10-06,Dealer_self,1376216324
8470660,2020-10-06,Foreign_Dealer_Self,7231830
58986807943,2020-10-06,total,47777367113
52464756038,2020-10-07,Foreign_Investor,46727849446
6087510,2020-10-07,Foreign_Dealer_Self,7174900
60400546229,2020-10-07,total,52480200751
4023422141,2020-10-07,Dealer_Hedging,3128767169
1849024700,2020-10-07,Dealer_self,1020780286
2063343350,2020-10-07,Investment_Trust,1602803850
2807821320,2020-10-08,Investment_Trust,1946837303
65303139831,2020-10-08,Foreign_Investor,48417574012
2081567460,2020-10-08,Dealer_self,1848935890
8428480,2020-10-08,Foreign_Dealer_Self,9438500
74644340846,2020-10-08,total,56123252154
4451812235,2020-10-08,Dealer_Hedging,3909904949
7705710,2020-10-12,Foreign_Dealer_Self,11906250
81803960601,2020-10-12,Foreign_Investor,68436026624
8110674897,2020-10-12,Dealer_Hedging,4963479798
1672704100,2020-10-12,Investment_Trust,2364483052
1831946180,2020-10-12,Dealer_self,2328394357
93419285778,2020-10-12,total,78092383831
2027854150,2020-10-13,Investment_Trust,2643697954
54456086486,2020-10-13,Foreign_Investor,52976637084
7705430,2020-10-13,Foreign_Dealer_Self,9606800
5634398275,2020-10-13,Dealer_Hedging,4078011549
63409199031,2020-10-13,total,60857849310
1290860120,2020-10-13,Dealer_self,1159502723
4331041238,2020-10-14,Dealer_Hedging,3973176095
8559860,2020-10-14,Foreign_Dealer_Self,9026060
1434681740,2020-10-14,Dealer_self,2033969490
72891634588,2020-10-14,total,80250787083
65121671560,2020-10-14,Foreign_Investor,71749663318
2004240050,2020-10-14,Investment_Trust,2493978180
9223740,2020-10-15,Foreign_Dealer_Self,8834870
45666214979,2020-10-15,Foreign_Investor,59107150567
54351148014,2020-10-15,total,67428892769
5642105505,2020-10-15,Dealer_Hedging,4674932055
1191020550,2020-10-15,Dealer_self,2041750660
1851806980,2020-10-15,Investment_Trust,1605059487
1891906320,2020-10-16,Investment_Trust,1335555590
5296950115,2020-10-16,Dealer_Hedging,5559868947
56228338167,2020-10-16,total,61101656279
9070650,2020-10-16,Foreign_Dealer_Self,8622770
47713469340,2020-10-16,Foreign_Investor,51432089895
1326012392,2020-10-16,Dealer_self,2774141847
9155090,2020-10-19,Foreign_Dealer_Self,10886160
51630627493,2020-10-19,Foreign_Investor,38871998225
60124582062,2020-10-19,total,46854017229
1412472206,2020-10-19,Dealer_self,1723807692
5398676443,2020-10-19,Dealer_Hedging,4635588123
1682805920,2020-10-19,Investment_Trust,1622623189
40936667941,2020-10-20,Foreign_Investor,42953972923
3582710051,2020-10-20,Dealer_Hedging,4725156378
981701278,2020-10-20,Dealer_self,1026139120
47851153580,2020-10-20,total,50694833499
8159990,2020-10-20,Foreign_Dealer_Self,6359640
2350074310,2020-10-20,Investment_Trust,1989565078
2073418360,2020-10-21,Dealer_self,5754458318
4585754411,2020-10-21,Dealer_Hedging,4964069123
54912240536,2020-10-21,total,59805689958
2059287109,2020-10-21,Investment_Trust,2294045547
6888640,2020-10-21,Foreign_Dealer_Self,9649110
46193780656,2020-10-21,Foreign_Investor,46793116970
1087292190,2020-10-22,Dealer_self,1286615139
9138650,2020-10-22,Foreign_Dealer_Self,13358100
70730374475,2020-10-22,total,65891989620
1967375284,2020-10-22,Investment_Trust,2841709329
63984695339,2020-10-22,Foreign_Investor,57247012012
3691011662,2020-10-22,Dealer_Hedging,4516653140
10339330,2020-10-23,Foreign_Dealer_Self,11264460
45774494870,2020-10-23,total,46242227951
1341311620,2020-10-23,Dealer_self,1200702720
2114730160,2020-10-23,Investment_Trust,1661007988
4526543579,2020-10-23,Dealer_Hedging,2818767152
37791909511,2020-10-23,Foreign_Investor,40561750091
12208230,2020-10-26,Foreign_Dealer_Self,9490530
42714736356,2020-10-26,total,47139622386
3788175509,2020-10-26,Dealer_Hedging,5107554051
36000779679,2020-10-26,Foreign_Investor,37460169062
1160602518,2020-10-26,Dealer_self,1940272466
1765178650,2020-10-26,Investment_Trust,2631626807
54287402542,2020-10-27,total,62341045768
3429069359,2020-10-27,Dealer_Hedging,4987122379
1588772470,2020-10-27,Investment_Trust,2859530702
1096923395,2020-10-27,Dealer_self,1571773723
48172637318,2020-10-27,Foreign_Investor,52922618964
9771010,2020-10-27,Foreign_Dealer_Self,9661290
9281070,2020-10-28,Foreign_Dealer_Self,11005730
48555962981,2020-10-28,total,62378375046
5809927236,2020-10-28,Dealer_Hedging,7637649068
1969710890,2020-10-28,Investment_Trust,2871063904
1264288777,2020-10-28,Dealer_self,5078375332
39512036078,2020-10-28,Foreign_Investor,46791286742
1555389648,2020-10-29,Dealer_self,2594047715
1308303830,2020-10-29,Investment_Trust,2072896875
5304180080,2020-10-29,Dealer_Hedging,6220806329
51935234311,2020-10-29,total,70751749551
43767360753,2020-10-29,Foreign_Investor,59863998632
11667710,2020-10-29,Foreign_Dealer_Self,15666920
12345920,2020-10-30,Foreign_Dealer_Self,10388050
61204479346,2020-10-30,total,88521343701
53933406763,2020-10-30,Foreign_Investor,76146193660
1847987700,2020-10-30,Investment_Trust,2115249133
1128554506,2020-10-30,Dealer_self,3222776496
4294530377,2020-10-30,Dealer_Hedging,7037124412
1661294450,2020-11-02,Investment_Trust,2273634209
3765549359,2020-11-02,Dealer_Hedging,5029326623
12731610,2020-11-02,Foreign_Dealer_Self,13401700
57351741008,2020-11-02,total,57534930158
50880659089,2020-11-02,Foreign_Investor,47970337506
1044238110,2020-11-02,Dealer_self,2261631820
53987437491,2020-11-03,Foreign_Investor,39468096678
12091310,2020-11-03,Foreign_Dealer_Self,15366780
2200707000,2020-11-03,Investment_Trust,1519364850
62200453329,2020-11-03,total,45815224881
1631739390,2020-11-03,Dealer_self,1172543606
4380569448,2020-11-03,Dealer_Hedging,3655219747
3172601760,2020-11-04,Investment_Trust,2124117789
51411496648,2020-11-04,Foreign_Investor,45266137151
2592783326,2020-11-04,Dealer_self,1497622103
7025570542,2020-11-04,Dealer_Hedging,5375872972
18484520,2020-11-04,Foreign_Dealer_Self,20531320
64202452276,2020-11-04,total,54263750015
11723680,2020-11-05,Foreign_Dealer_Self,11876100
1644111133,2020-11-05,Dealer_self,1230378449
58176488237,2020-11-05,Foreign_Investor,42804594627
67107797443,2020-11-05,total,49940558476
5587377313,2020-11-05,Dealer_Hedging,4175864912
1699820760,2020-11-05,Investment_Trust,1729720488
55392765296,2020-11-06,Foreign_Investor,41619664638
4873915162,2020-11-06,Dealer_Hedging,5304949150
1929767587,2020-11-06,Dealer_self,1551819258
64742813525,2020-11-06,total,51151530106
11618480,2020-11-06,Foreign_Dealer_Self,14429060
2546365480,2020-11-06,Investment_Trust,2675097060
3075394486,2020-11-09,Dealer_self,1998339599
13039110,2020-11-09,Foreign_Dealer_Self,15219310
84050485351,2020-11-09,total,58715618644
8257390591,2020-11-09,Dealer_Hedging,4683929334
70507024144,2020-11-09,Foreign_Investor,49231383685
2210676130,2020-11-09,Investment_Trust,2801966026
3560016230,2020-11-10,Investment_Trust,3033616730
67834700732,2020-11-10,Foreign_Investor,71126301511
5656975019,2020-11-10,Dealer_Hedging,5823259161
2628953087,2020-11-10,Dealer_self,3239213447
13288790,2020-11-10,Foreign_Dealer_Self,18462310
79680645068,2020-11-10,total,83222390849
78096019355,2020-11-11,Foreign_Investor,62704383307
3686394740,2020-11-11,Investment_Trust,4115237659
6029941340,2020-11-11,Dealer_Hedging,4589860022
5815854344,2020-11-11,Dealer_self,2522859179
18441060,2020-11-11,Foreign_Dealer_Self,23604250
93628209779,2020-11-11,total,73932340167
4950690628,2020-11-12,Dealer_Hedging,4564660248
2811572360,2020-11-12,Investment_Trust,3473421754
74664784686,2020-11-12,Foreign_Investor,69064358578
2166285908,2020-11-12,Dealer_self,1734152248
18476970,2020-11-12,Foreign_Dealer_Self,13629110
84593333582,2020-11-12,total,78836592828
12338350,2020-11-13,Foreign_Dealer_Self,12194370
53064503945,2020-11-13,Foreign_Investor,47850512058
4581922741,2020-11-13,Dealer_Hedging,4784663064
61392772303,2020-11-13,total,57108121991
1683845377,2020-11-13,Dealer_self,1504951566
2062500240,2020-11-13,Investment_Trust,2967995303
3876033795,2020-11-16,Dealer_self,2025420041
6673257063,2020-11-16,Dealer_Hedging,4965404998
73994184924,2020-11-16,Foreign_Investor,51123736735
87161849492,2020-11-16,total,60794940252
18200900,2020-11-16,Foreign_Dealer_Self,16386800
2618373710,2020-11-16,Investment_Trust,2680378478
75258636115,2020-11-17,Foreign_Investor,60159379282
2441493888,2020-11-17,Dealer_self,2465880911
5180587983,2020-11-17,Dealer_Hedging,5264384068
15271970,2020-11-17,Foreign_Dealer_Self,13772020
3169800270,2020-11-17,Investment_Trust,3222204166
86050518256,2020-11-17,total,71111848427
2867179560,2020-11-18,Investment_Trust,2649310161
2094270154,2020-11-18,Dealer_self,2830809432
5469721199,2020-11-18,Dealer_Hedging,4375527310
13738940,2020-11-18,Foreign_Dealer_Self,16544660
85225124427,2020-11-18,Foreign_Investor,64084278834
95656295340,2020-11-18,total,73939925737
58053544961,2020-11-19,Foreign_Investor,62756375834
13873370,2020-11-19,Foreign_Dealer_Self,11452280
67614478117,2020-11-19,total,72147421470
3133842210,2020-11-19,Investment_Trust,3341660590
4251899230,2020-11-19,Dealer_Hedging,3789073022
2175191716,2020-11-19,Dealer_self,2260312024
55725551914,2020-11-20,Foreign_Investor,60201357409
2735964550,2020-11-20,Investment_Trust,2936651455
8389680,2020-11-20,Foreign_Dealer_Self,16898290
65133822761,2020-11-20,total,68521785333
4486024263,2020-11-20,Dealer_Hedging,3637647095
2186282034,2020-11-20,Dealer_self,1746129374
6424547874,2020-11-23,Dealer_Hedging,4445646147
2278279759,2020-11-23,Dealer_self,2212613618
2229500650,2020-11-23,Investment_Trust,2475520557
16001800,2020-11-23,Foreign_Dealer_Self,17875190
80748942391,2020-11-23,total,68073644265
69816614108,2020-11-23,Foreign_Investor,58939863943
58291467066,2020-11-24,Foreign_Investor,63068172812
21404180,2020-11-24,Foreign_Dealer_Self,12497120
68067006833,2020-11-24,total,73193870213
4739696821,2020-11-24,Dealer_Hedging,4719797998
2383954840,2020-11-24,Investment_Trust,2915329279
2651888106,2020-11-24,Dealer_self,2490570124
70436220320,2020-11-25,total,84278702567
2449129005,2020-11-25,Dealer_self,4077033769
13186750,2020-11-25,Foreign_Dealer_Self,12822660
4265222015,2020-11-25,Dealer_Hedging,4869577256
1424563010,2020-11-25,Investment_Trust,2402716907
62297306290,2020-11-25,Foreign_Investor,72929374635
4238621088,2020-11-26,Dealer_Hedging,3643921706
2325057993,2020-11-26,Dealer_self,2248867708
65273255160,2020-11-26,total,62201650861
10129490,2020-11-26,Foreign_Dealer_Self,15101000
2405152620,2020-11-26,Investment_Trust,3213001296
56304423459,2020-11-26,Foreign_Investor,53095860151
2532954797,2020-11-27,Dealer_self,2475614127
69919787373,2020-11-27,total,71445865620
13732840,2020-11-27,Foreign_Dealer_Self,15477670
2694082270,2020-11-27,Investment_Trust,2114272861
5365708938,2020-11-27,Dealer_Hedging,4311353113
59327041368,2020-11-27,Foreign_Investor,62544625519
2856495404,2020-11-30,Dealer_self,2736858569
3333305900,2020-11-30,Investment_Trust,4473411021
175042609216,2020-11-30,Foreign_Investor,208325674856
188312409626,2020-11-30,total,221040066958
17030630,2020-11-30,Foreign_Dealer_Self,15817030
7079999106,2020-11-30,Dealer_Hedging,5504122512
13198800,2020-12-01,Foreign_Dealer_Self,15948540
76028186760,2020-12-01,total,75576088039
3713367440,2020-12-01,Investment_Trust,4292810671
64234035390,2020-12-01,Foreign_Investor,63744438600
5679987183,2020-12-01,Dealer_Hedging,4955099989
2400796747,2020-12-01,Dealer_self,2583738779
3596794650,2020-12-02,Investment_Trust,3447277790
88121355417,2020-12-02,Foreign_Investor,85576428675
5079664215,2020-12-02,Dealer_Hedging,4969073480
3264042644,2020-12-02,Dealer_self,3005447064
17546630,2020-12-02,Foreign_Dealer_Self,14615130
100061856926,2020-12-02,total,96998227009
4476274115,2020-12-03,Dealer_Hedging,5356986037
76950687622,2020-12-03,total,84654713877
3440638346,2020-12-03,Investment_Trust,3441197473
15713620,2020-12-03,Foreign_Dealer_Self,16502590
66373495340,2020-12-03,Foreign_Investor,72851185396
2660279821,2020-12-03,Dealer_self,3005344971
14423520,2020-12-04,Foreign_Dealer_Self,20254130
87056951949,2020-12-04,total,74358846870
2349833026,2020-12-04,Dealer_self,3081760008
5156264410,2020-12-04,Dealer_Hedging,5676364744
76249877831,2020-12-04,Foreign_Investor,61567317630
3300976682,2020-12-04,Investment_Trust,4033404488
27231730,2020-12-07,Foreign_Dealer_Self,25601700
73247840982,2020-12-07,Foreign_Investor,80159079674
4359047460,2020-12-07,Investment_Trust,3854230073
5428159827,2020-12-07,Dealer_Hedging,6200885685
86227614448,2020-12-07,total,94886087394
3192566179,2020-12-07,Dealer_self,4671891962
6411900480,2020-12-08,Investment_Trust,3909994312
65342758801,2020-12-08,Foreign_Investor,61149249339
19740910,2020-12-08,Foreign_Dealer_Self,14305200
79194065625,2020-12-08,total,73393247987
4894096632,2020-12-08,Dealer_Hedging,4779702678
2545309712,2020-12-08,Dealer_self,3554301658
6252371351,2020-12-09,Dealer_Hedging,5630130222
15373740,2020-12-09,Foreign_Dealer_Self,24450180
89180181606,2020-12-09,total,86913126047
6812157070,2020-12-09,Investment_Trust,3844589943
72699289098,2020-12-09,Foreign_Investor,73897654610
3416364087,2020-12-09,Dealer_self,3540751272
2886837543,2020-12-10,Dealer_self,6052102053
4246618000,2020-12-10,Investment_Trust,3101339117
73573166567,2020-12-10,total,91706180411
20554580,2020-12-10,Foreign_Dealer_Self,19400430
4803856823,2020-12-10,Dealer_Hedging,6574099146
61635854201,2020-12-10,Foreign_Investor,75978640095
4302363416,2020-12-11,Dealer_Hedging,7822216324
4316923160,2020-12-11,Investment_Trust,3863483312
3927778805,2020-12-11,Dealer_self,5051057917
75401266129,2020-12-11,Foreign_Investor,77531790297
22843860,2020-12-11,Foreign_Dealer_Self,21987360
87948331510,2020-12-11,total,94268547850
3336552496,2020-12-14,Investment_Trust,3159941527
57810692741,2020-12-14,Foreign_Investor,61591120579
3969925795,2020-12-14,Dealer_Hedging,5762567618
68001704879,2020-12-14,total,73839014719
12572550,2020-12-14,Foreign_Dealer_Self,16409640
2884533847,2020-12-14,Dealer_self,3325384995
2955214026,2020-12-15,Investment_Trust,3152551351
67430886036,2020-12-15,Foreign_Investor,83951164506
77364593823,2020-12-15,total,98244993763
4134974703,2020-12-15,Dealer_Hedging,6661462400
16346490,2020-12-15,Foreign_Dealer_Self,12985710
2843519058,2020-12-15,Dealer_self,4479815506
104004994293,2020-12-16,total,76868987040
8869510,2020-12-16,Foreign_Dealer_Self,17350730
94239405297,2020-12-16,Foreign_Investor,64962137019
2821728734,2020-12-16,Dealer_self,4206178340
2338724520,2020-12-16,Investment_Trust,2038064793
4605135742,2020-12-16,Dealer_Hedging,5662606888
2482997405,2020-12-17,Dealer_self,2613935442
77382857485,2020-12-17,total,74643390872
4120566728,2020-12-17,Dealer_Hedging,4058391175
3042114460,2020-12-17,Investment_Trust,3137780198
12769710,2020-12-17,Foreign_Dealer_Self,16673340
67737178892,2020-12-17,Foreign_Investor,64833284057
86777157337,2020-12-18,total,87787273068
14363890,2020-12-18,Foreign_Dealer_Self,8356270
3377713743,2020-12-18,Dealer_Hedging,3957097205
6542158144,2020-12-18,Investment_Trust,6637563841
2103636375,2020-12-18,Dealer_self,2507873113
74753649075,2020-12-18,Foreign_Investor,74684738909
11955780,2020-12-21,Foreign_Dealer_Self,14088580
77904653052,2020-12-21,total,67762656039
5000708031,2020-12-21,Dealer_Hedging,4665455050
66252478029,2020-12-21,Foreign_Investor,55816226368
2329504102,2020-12-21,Dealer_self,2930158267
4321962890,2020-12-21,Investment_Trust,4350816354
5072988311,2020-12-22,Dealer_Hedging,5513883862
64945583425,2020-12-22,total,76772004920
12830100,2020-12-22,Foreign_Dealer_Self,17260730
52767947991,2020-12-22,Foreign_Investor,62754830793
2693906011,2020-12-22,Dealer_self,3599587979
4410741112,2020-12-22,Investment_Trust,4903702286
59155566799,2020-12-23,total,59624084707
2081123970,2020-12-23,Dealer_self,2821617999
49691816146,2020-12-23,Foreign_Investor,49008263396
3337249110,2020-12-23,Investment_Trust,4003857355
4045377573,2020-12-23,Dealer_Hedging,3790345957
8109030,2020-12-23,Foreign_Dealer_Self,11980900
3798017213,2020-12-24,Dealer_Hedging,3721181976
2223138803,2020-12-24,Dealer_self,1620191849
53002901971,2020-12-24,total,49969308503
13531150,2020-12-24,Foreign_Dealer_Self,9777420
3420334751,2020-12-24,Investment_Trust,4076138727
43561411204,2020-12-24,Foreign_Investor,40551795951
14385250,2020-12-25,Foreign_Dealer_Self,9251650
38596006665,2020-12-25,total,31654797886
2564199860,2020-12-25,Investment_Trust,2190779880
2273198856,2020-12-25,Dealer_self,1992048299
4451190234,2020-12-25,Dealer_Hedging,3438722941
29307417715,2020-12-25,Foreign_Investor,24033246766
2946133760,2020-12-28,Investment_Trust,2807109492
6373345377,2020-12-28,Dealer_Hedging,3900963972
3061583678,2020-12-28,Dealer_self,2363319674
51458810611,2020-12-28,Foreign_Investor,38508939397
9691690,2020-12-28,Foreign_Dealer_Self,10513080
63839873426,2020-12-28,total,47580332535
2578861264,2020-12-29,Investment_Trust,3346260608
49038906112,2020-12-29,Foreign_Investor,50295414624
58198911746,2020-12-29,total,63644112571
9953900,2020-12-29,Foreign_Dealer_Self,13577280
1903500603,2020-12-29,Dealer_self,4954866671
4677643767,2020-12-29,Dealer_Hedging,5047570668
7259264171,2020-12-30,Dealer_self,3370984553
12380980,2020-12-30,Foreign_Dealer_Self,15746480
5493528961,2020-12-30,Dealer_Hedging,3682278547
73368865079,2020-12-30,Foreign_Investor,46647158108
88065904611,2020-12-30,total,56326997894
1944246400,2020-12-30,Investment_Trust,2626576686
12939600,2020-12-31,Foreign_Dealer_Self,22512390
57027905502,2020-12-31,Foreign_Investor,52056314299
67415598106,2020-12-31,total,62011049845
5532453089,2020-12-31,Dealer_Hedging,4724251778
2563318005,2020-12-31,Dealer_self,3327659708
2291921510,2020-12-31,Investment_Trust,1902824060
4789549367,2021-01-04,Dealer_self,3680348421
8505756776,2021-01-04,Dealer_Hedging,6332912416
2181556550,2021-01-04,Investment_Trust,3628507809
81855407762,2021-01-04,Foreign_Investor,57087555584
14206640,2021-01-04,Foreign_Dealer_Self,21403380
97332270455,2021-01-04,total,70729324230
4170217831,2021-01-05,Dealer_self,3780739519
8227876663,2021-01-05,Dealer_Hedging,7842643936
4236079306,2021-01-05,Investment_Trust,3684209350
29385380,2021-01-05,Foreign_Dealer_Self,29469010
92416835335,2021-01-05,total,88436123329
75782661535,2021-01-05,Foreign_Investor,73128530524
5262172990,2021-01-06,Dealer_self,11466655316
8761425014,2021-01-06,Dealer_Hedging,11004401026
3443704430,2021-01-06,Investment_Trust,3821302454
92700248743,2021-01-06,Foreign_Investor,92848360114
39927500,2021-01-06,Foreign_Dealer_Self,21127010
110167551177,2021-01-06,total,119140718910
5864045116,2021-01-07,Dealer_self,2905918911
8281855140,2021-01-07,Dealer_Hedging,6959553200
2440353945,2021-01-07,Investment_Trust,2856094174
86923518742,2021-01-07,Foreign_Investor,70470889375
19438220,2021-01-07,Foreign_Dealer_Self,14445890
103509772943,2021-01-07,total,83192455660
110553338523,2021-01-08,Foreign_Investor,90838448800
4250209250,2021-01-08,Investment_Trust,5183510160
129165852399,2021-01-08,total,106913132703
16916600,2021-01-08,Foreign_Dealer_Self,19510510
4771863153,2021-01-08,Dealer_self,3092032646
9590441473,2021-01-08,Dealer_Hedging,7799141097
97082773397,2021-01-11,total,98963028695
19053170,2021-01-11,Foreign_Dealer_Self,26020180
81116545185,2021-01-11,Foreign_Investor,82703370433
3909952998,2021-01-11,Investment_Trust,3628252456
3963063848,2021-01-11,Dealer_self,4486723922
8093211366,2021-01-11,Dealer_Hedging,8144681884
96497627840,2021-01-12,total,103024413658
6757746200,2021-01-12,Investment_Trust,3176029506
78943836702,2021-01-12,Foreign_Investor,85375250132
19876370,2021-01-12,Foreign_Dealer_Self,30988360
4102204882,2021-01-12,Dealer_self,4998302528
6693840056,2021-01-12,Dealer_Hedging,9474831492
28661970,2021-01-13,Foreign_Dealer_Self,35827470
5938208236,2021-01-13,Dealer_self,2618220532
9269270038,2021-01-13,Dealer_Hedging,7667146349
3468508360,2021-01-13,Investment_Trust,3325390288
116914457063,2021-01-13,Foreign_Investor,101366813986
135590443697,2021-01-13,total,114977571155
9356465502,2021-01-14,Dealer_Hedging,9425451593
32138850,2021-01-14,Foreign_Dealer_Self,35225960
98898454630,2021-01-14,Foreign_Investor,107825587195
2739477080,2021-01-14,Investment_Trust,4997081144
5014615645,2021-01-14,Dealer_self,3350418301
116009012857,2021-01-14,total,125598538233
122867858128,2021-01-15,total,131597076721
43317270,2021-01-15,Foreign_Dealer_Self,34773810
107736355675,2021-01-15,Foreign_Investor,111775755631
2498966390,2021-01-15,Investment_Trust,3223932018
8475719953,2021-01-15,Dealer_Hedging,10705036831
4156816110,2021-01-15,Dealer_self,5892352241
24158930,2021-01-18,Foreign_Dealer_Self,32730990
82851908023,2021-01-18,Foreign_Investor,84403309745
2793390334,2021-01-18,Investment_Trust,2782614350
7250240271,2021-01-18,Dealer_Hedging,7228746937
3530256438,2021-01-18,Dealer_self,3694112799
96425795066,2021-01-18,total,98108783831
5058838029,2021-01-19,Dealer_self,3325825581
7765232647,2021-01-19,Dealer_Hedging,6854470294
3185416611,2021-01-19,Investment_Trust,2372617456
74643590548,2021-01-19,Foreign_Investor,68021997725
29659970,2021-01-19,Foreign_Dealer_Self,18984440
90653077835,2021-01-19,total,80574911056
26145890,2021-01-20,Foreign_Dealer_Self,31009550
4850393596,2021-01-20,Dealer_self,5758814827
6594941516,2021-01-20,Dealer_Hedging,11472977948
3404513286,2021-01-20,Investment_Trust,2857478928
112243568228,2021-01-20,Foreign_Investor,133789078092
127093416626,2021-01-20,total,153878349795
113589446040,2021-01-21,total,110217010003
29136660,2021-01-21,Foreign_Dealer_Self,40066140
97334396256,2021-01-21,Foreign_Investor,95212727249
2650164682,2021-01-21,Investment_Trust,3429043001
8483429181,2021-01-21,Dealer_Hedging,8194741795
5121455921,2021-01-21,Dealer_self,3380497958
5576782944,2021-01-22,Dealer_self,3943839160
116698347754,2021-01-22,total,147288693369
22589650,2021-01-22,Foreign_Dealer_Self,23869760
96421585899,2021-01-22,Foreign_Investor,130772575408
5645615352,2021-01-22,Investment_Trust,3104256035
9054363559,2021-01-22,Dealer_Hedging,9468022766
84495851796,2021-01-25,Foreign_Investor,105472078767
6185445777,2021-01-25,Investment_Trust,2059473506
9608914207,2021-01-25,Dealer_Hedging,9036326518
4960269866,2021-01-25,Dealer_self,4146376895
105250481646,2021-01-25,total,120714255686
24751690,2021-01-25,Foreign_Dealer_Self,31027940
100368974350,2021-01-26,total,135487231132
87523624675,2021-01-26,Foreign_Investor,116380606142
2232375830,2021-01-26,Investment_Trust,1739161250
6275420831,2021-01-26,Dealer_Hedging,9658307949
31496470,2021-01-26,Foreign_Dealer_Self,36138990
4337553014,2021-01-26,Dealer_self,7709155791
3571373552,2021-01-27,Dealer_self,3545292634
23087810,2021-01-27,Foreign_Dealer_Self,16954670
91891011227,2021-01-27,Foreign_Investor,97196703090
2592117910,2021-01-27,Investment_Trust,3040663547
6051130682,2021-01-27,Dealer_Hedging,6096744154
104105633371,2021-01-27,total,109879403425
96370795094,2021-01-28,Foreign_Investor,128913771609
110657935340,2021-01-28,total,143642813067
16309950,2021-01-28,Foreign_Dealer_Self,20747990
4576590035,2021-01-28,Dealer_self,4595135984
6224527871,2021-01-28,Dealer_Hedging,8148925087
3486022340,2021-01-28,Investment_Trust,1984980387
21196810,2021-01-29,Foreign_Dealer_Self,22028050
3952219647,2021-01-29,Dealer_self,5680024927
5631996670,2021-01-29,Dealer_Hedging,7924782725
2237479259,2021-01-29,Investment_Trust,2034249360
106279830848,2021-01-29,Foreign_Investor,140977717943
118101526424,2021-01-29,total,156616774955
12259290,2021-02-01,Foreign_Dealer_Self,22242160
84609652929,2021-02-01,Foreign_Investor,70022412833
1908342970,2021-02-01,Investment_Trust,2314506088
6109982606,2021-02-01,Dealer_Hedging,5782554848
4026564431,2021-02-01,Dealer_self,3757067270
96654542936,2021-02-01,total,81876541039
4329018654,2021-02-02,Dealer_self,5449976539
3170974630,2021-02-02,Investment_Trust,2387240874
91765233415,2021-02-02,Foreign_Investor,82474228125
33269500,2021-02-02,Foreign_Dealer_Self,18781260
106227387327,2021-02-02,total,96434448268
6962160628,2021-02-02,Dealer_Hedging,6123002730
3595432135,2021-02-03,Dealer_self,3483001240
5776269382,2021-02-03,Dealer_Hedging,5645048360
1842141830,2021-02-03,Investment_Trust,1851290634
83896666778,2021-02-03,Foreign_Investor,84230049580
23113800,2021-02-03,Foreign_Dealer_Self,18056190
95110510125,2021-02-03,total,95209389814
3320624132,2021-02-04,Dealer_self,3604949761
6523438953,2021-02-04,Dealer_Hedging,6185979848
1759805290,2021-02-04,Investment_Trust,1405652796
64382155284,2021-02-04,Foreign_Investor,76079504923
15031290,2021-02-04,Foreign_Dealer_Self,11210250
75986023659,2021-02-04,total,87276087328
87532849369,2021-02-05,total,89714793209
73576875154,2021-02-05,Foreign_Investor,79202203729
2305132480,2021-02-05,Investment_Trust,1693938980
7930149338,2021-02-05,Dealer_Hedging,6161180878
3720692397,2021-02-05,Dealer_self,2657469622
22950370,2021-02-05,Foreign_Dealer_Self,18837350
9431183080,2021-02-17,Dealer_Hedging,6733717244
18211570,2021-02-17,Foreign_Dealer_Self,77049740
164845363585,2021-02-17,Foreign_Investor,135119601574
2928022740,2021-02-17,Investment_Trust,2297558950
7699632799,2021-02-17,Dealer_self,3352138702
184904202204,2021-02-17,total,147503016470
6121829998,2021-02-18,Dealer_self,4286058903
8236579966,2021-02-18,Dealer_Hedging,8226734322
3233732495,2021-02-18,Investment_Trust,2725087781
98540845421,2021-02-18,Foreign_Investor,101787436137
35288070,2021-02-18,Foreign_Dealer_Self,12649260
116132987880,2021-02-18,total,117025317143
4346842906,2021-02-19,Dealer_self,3284328982
6976811899,2021-02-19,Dealer_Hedging,7112120321
51474410,2021-02-19,Foreign_Dealer_Self,14738510
100262798607,2021-02-19,total,118426884615
2873970194,2021-02-19,Investment_Trust,3037063373
86065173608,2021-02-19,Foreign_Investor,104993371939
4457370445,2021-02-22,Dealer_self,5059761138
96126839421,2021-02-22,total,99721778302
20609740,2021-02-22,Foreign_Dealer_Self,22116900
81401674428,2021-02-22,Foreign_Investor,84275583267
2595177060,2021-02-22,Investment_Trust,2043598434
7672617488,2021-02-22,Dealer_Hedging,8342835463
17084210,2021-02-23,Foreign_Dealer_Self,17790120
94882628967,2021-02-23,Foreign_Investor,90630919953
3766305840,2021-02-23,Investment_Trust,3041115042
7561864608,2021-02-23,Dealer_Hedging,7974058502
4977871158,2021-02-23,Dealer_self,5755967062
111188670573,2021-02-23,total,107402060559
4282176605,2021-02-24,Dealer_self,6350094559
5422291252,2021-02-24,Dealer_Hedging,11948074890
3673694990,2021-02-24,Investment_Trust,3032145623
100472574288,2021-02-24,Foreign_Investor,124399368694
21702180,2021-02-24,Foreign_Dealer_Self,24596580
113850737135,2021-02-24,total,145729683766
23940030,2021-02-25,Foreign_Dealer_Self,29546590
116139302705,2021-02-25,total,95634078774
102887692772,2021-02-25,Foreign_Investor,79755469781
2474197050,2021-02-25,Investment_Trust,3924524032
7071799647,2021-02-25,Dealer_Hedging,7564739936
3705613236,2021-02-25,Dealer_self,4389345025
144261288588,2021-02-26,total,245125836899
13756880,2021-02-26,Foreign_Dealer_Self,23561030
6200643073,2021-02-26,Dealer_Hedging,12178655066
5009220760,2021-02-26,Investment_Trust,3357616079
128378441527,2021-02-26,Foreign_Investor,222786014248
4672983228,2021-02-26,Dealer_self,6803551506
106021426595,2021-03-02,total,118046559160
26272220,2021-03-02,Foreign_Dealer_Self,13534630
94987563906,2021-03-02,Foreign_Investor,101771061270
2856943970,2021-03-02,Investment_Trust,2631422359
3473333178,2021-03-02,Dealer_self,4733917246
4703585541,2021-03-02,Dealer_Hedging,8910158285
14672350,2021-03-03,Foreign_Dealer_Self,15382250
2941531510,2021-03-03,Investment_Trust,2804743400
6577642128,2021-03-03,Dealer_Hedging,5663591977
8542197504,2021-03-03,Dealer_self,3425997313
128534217369,2021-03-03,total,108259757016
110472846227,2021-03-03,Foreign_Investor,96365424326
10198810,2021-03-04,Foreign_Dealer_Self,20545890
4933517170,2021-03-04,Dealer_self,5754013524
6051113548,2021-03-04,Dealer_Hedging,9078055714
3457142815,2021-03-04,Investment_Trust,2169065209
75312891000,2021-03-04,Foreign_Investor,127827931476
89754664533,2021-03-04,total,144829065923
6172533757,2021-03-05,Dealer_Hedging,8311816734
3323464930,2021-03-05,Investment_Trust,1622009559
78824095334,2021-03-05,Foreign_Investor,105176287276
15584520,2021-03-05,Foreign_Dealer_Self,12473600
92518946531,2021-03-05,total,120222662231
4198852510,2021-03-05,Dealer_self,5112548662
3707097640,2021-03-08,Investment_Trust,2015149346
6382902577,2021-03-08,Dealer_Hedging,9279258084
4303794676,2021-03-08,Dealer_self,4936080413
85633166449,2021-03-08,total,104170558157
71239371556,2021-03-08,Foreign_Investor,87940070314
15064090,2021-03-08,Foreign_Dealer_Self,12432600
4878353274,2021-03-09,Dealer_self,4449262955
12926480,2021-03-09,Foreign_Dealer_Self,15389270
92018303051,2021-03-09,Foreign_Investor,95105179310
108785844380,2021-03-09,total,110911570002
7682105195,2021-03-09,Dealer_Hedging,8315499649
4207082860,2021-03-09,Investment_Trust,3041628088
79468900462,2021-03-10,total,84613944025
18199210,2021-03-10,Foreign_Dealer_Self,9285100
68263053700,2021-03-10,Foreign_Investor,72082566382
2551010550,2021-03-10,Investment_Trust,1692611509
5195400385,2021-03-10,Dealer_Hedging,7041765916
3459435827,2021-03-10,Dealer_self,3797000218
6009911222,2021-03-11,Dealer_self,2990643191
15916150,2021-03-11,Foreign_Dealer_Self,16200150
98931654454,2021-03-11,Foreign_Investor,79419663390
2745755120,2021-03-11,Investment_Trust,1671641395
7793173968,2021-03-11,Dealer_Hedging,6173753966
115480494764,2021-03-11,total,90255701942
6103982677,2021-03-12,Dealer_Hedging,6141368401
72796920805,2021-03-12,Foreign_Investor,66770721758
13692310,2021-03-12,Foreign_Dealer_Self,19758740
86442184941,2021-03-12,total,77506132886
3947824594,2021-03-12,Dealer_self,2932641076
3593456865,2021-03-12,Investment_Trust,1661401651
73400048798,2021-03-15,total,76117665478
14249220,2021-03-15,Foreign_Dealer_Self,12521660
62389970363,2021-03-15,Foreign_Investor,65364442896
2413371860,2021-03-15,Investment_Trust,1925739850
5308360832,2021-03-15,Dealer_Hedging,5851152619
3288345743,2021-03-15,Dealer_self,2976330113
3700685075,2021-03-16,Investment_Trust,3018246978
84013418441,2021-03-16,total,83648110483
19571470,2021-03-16,Foreign_Dealer_Self,15150740
70975718229,2021-03-16,Foreign_Investor,72137610420
5487427533,2021-03-16,Dealer_Hedging,5490750897
3849587604,2021-03-16,Dealer_self,3001502188
4815689753,2021-03-17,Dealer_self,5839288797
1776158300,2021-03-17,Investment_Trust,1268955600
84967146587,2021-03-17,total,98473831951
17153710,2021-03-17,Foreign_Dealer_Self,17071740
72435233194,2021-03-17,Foreign_Investor,85377887977
5940065340,2021-03-17,Dealer_Hedging,5987699577
3320645910,2021-03-18,Investment_Trust,3295348861
83734385092,2021-03-18,Foreign_Investor,72928989632
18619490,2021-03-18,Foreign_Dealer_Self,14043170
7834101825,2021-03-18,Dealer_Hedging,5969773900
99585001590,2021-03-18,total,85081314062
4695868763,2021-03-18,Dealer_self,2887201669
133584216583,2021-03-19,total,174023390141
7031581898,2021-03-19,Investment_Trust,6733672142
6319828223,2021-03-19,Dealer_Hedging,8325433325
4267033504,2021-03-19,Dealer_self,4237374412
115965772958,2021-03-19,Foreign_Investor,154726910262
14167660,2021-03-19,Foreign_Dealer_Self,16728360
4361777784,2021-03-22,Dealer_self,3510745617
7055997255,2021-03-22,Dealer_Hedging,5258203330
73743680736,2021-03-22,Foreign_Investor,78819526626
14454660,2021-03-22,Foreign_Dealer_Self,24523210
87715995800,2021-03-22,total,90178035983
2554540025,2021-03-22,Investment_Trust,2589560410
91560962909,2021-03-23,total,99554560951
3876122597,2021-03-23,Dealer_self,4780699589
2666857120,2021-03-23,Investment_Trust,2191587400
5871607376,2021-03-23,Dealer_Hedging,8055880255
22354490,2021-03-23,Foreign_Dealer_Self,23419620
79146375816,2021-03-23,Foreign_Investor,84526393707
17024990,2021-03-24,Foreign_Dealer_Self,30498930
3427254502,2021-03-24,Dealer_self,5486548468
5322196257,2021-03-24,Dealer_Hedging,7422466429
3170670860,2021-03-24,Investment_Trust,2972613120
76407492996,2021-03-24,total,116141021013
64487371377,2021-03-24,Foreign_Investor,100259392996
3665343830,2021-03-25,Investment_Trust,3687940288
73395844781,2021-03-25,Foreign_Investor,89968963496
20993830,2021-03-25,Foreign_Dealer_Self,25178840
87571364667,2021-03-25,total,104981417760
6788123023,2021-03-25,Dealer_Hedging,7137809236
3722053033,2021-03-25,Dealer_self,4186704740
7144379493,2021-03-26,Dealer_Hedging,6400106763
80732434014,2021-03-26,Foreign_Investor,57592494473
27612400,2021-03-26,Foreign_Dealer_Self,15178500
95372032686,2021-03-26,total,69603085122
4356811315,2021-03-26,Dealer_self,3534016125
3138407864,2021-03-26,Investment_Trust,2076467761
3676328056,2021-03-29,Dealer_self,3467481648
3214553414,2021-03-29,Investment_Trust,2758869400
76563811368,2021-03-29,Foreign_Investor,67845887672
26514210,2021-03-29,Foreign_Dealer_Self,26689330
92094915946,2021-03-29,total,81155883940
8640223108,2021-03-29,Dealer_Hedging,7083645220
99818077236,2021-03-30,total,81956617842
5063699782,2021-03-30,Dealer_self,3710414878
9051963066,2021-03-30,Dealer_Hedging,6025512467
3864817366,2021-03-30,Investment_Trust,1603628432
81837597022,2021-03-30,Foreign_Investor,70617062065
20739560,2021-03-30,Foreign_Dealer_Self,24482290
23961220,2021-03-31,Foreign_Dealer_Self,23439670
90892830467,2021-03-31,total,108920177198
4127382735,2021-03-31,Dealer_self,3707428047
6673158863,2021-03-31,Dealer_Hedging,8837374985
1925331796,2021-03-31,Investment_Trust,1679644454
78166957073,2021-03-31,Foreign_Investor,94695729712
4004757384,2021-04-01,Investment_Trust,3086274310
77592076096,2021-04-01,Foreign_Investor,62136522713
17695810,2021-04-01,Foreign_Dealer_Self,20080580
92643511665,2021-04-01,total,75258273081
3814275308,2021-04-01,Dealer_self,3772681983
7232402877,2021-04-01,Dealer_Hedging,6262794075
95403597965,2021-04-06,total,77054013619
78012239412,2021-04-06,Foreign_Investor,63561525320
28129200,2021-04-06,Foreign_Dealer_Self,22159710
2714263923,2021-04-06,Investment_Trust,2978593308
9829789198,2021-04-06,Dealer_Hedging,7106429896
4847305432,2021-04-06,Dealer_self,3407465095
8443889182,2021-04-07,Dealer_Hedging,7550479326
3276101559,2021-04-07,Investment_Trust,3755684366
75878197099,2021-04-07,Foreign_Investor,69420772802
23039150,2021-04-07,Foreign_Dealer_Self,20036660
92950459746,2021-04-07,total,84649863847
5352271906,2021-04-07,Dealer_self,3922927353
5582518449,2021-04-08,Dealer_self,4833722761
11103961143,2021-04-08,Dealer_Hedging,7520349651
4260513797,2021-04-08,Investment_Trust,3279049051
77229828311,2021-04-08,Foreign_Investor,76116501913
18518010,2021-04-08,Foreign_Dealer_Self,37588100
98176821700,2021-04-08,total,91749623376
3592599755,2021-04-09,Investment_Trust,4183466495
105580894028,2021-04-09,total,112823612404
26624940,2021-04-09,Foreign_Dealer_Self,32276130
88008821051,2021-04-09,Foreign_Investor,92623694535
5714771325,2021-04-09,Dealer_self,6402683271
8264701897,2021-04-09,Dealer_Hedging,9613768103
4256285558,2021-04-12,Investment_Trust,3337475887
100700763688,2021-04-12,total,108875498970
27462480,2021-04-12,Foreign_Dealer_Self,39495280
5076235807,2021-04-12,Dealer_self,6815070065
9054269393,2021-04-12,Dealer_Hedging,8879856991
82313972930,2021-04-12,Foreign_Investor,89843096027
116573229235,2021-04-13,total,120717676854
9150543446,2021-04-13,Dealer_Hedging,9786247036
3206311590,2021-04-13,Investment_Trust,4830427714
97514653480,2021-04-13,Foreign_Investor,99267011274
32642590,2021-04-13,Foreign_Dealer_Self,31106070
6701720719,2021-04-13,Dealer_self,6833990830
10154150906,2021-04-14,Dealer_Hedging,10845324505
125537045646,2021-04-14,total,129586983480
41332060,2021-04-14,Foreign_Dealer_Self,30791780
104879192922,2021-04-14,Foreign_Investor,106675269655
3020176894,2021-04-14,Investment_Trust,3612322305
7483524924,2021-04-14,Dealer_self,8454067015
106704468368,2021-04-15,total,98583623939
3644793500,2021-04-15,Investment_Trust,3977556483
6093516412,2021-04-15,Dealer_self,5045985683
10676343299,2021-04-15,Dealer_Hedging,7581178396
86289815157,2021-04-15,Foreign_Investor,81978903377
34763260,2021-04-15,Foreign_Dealer_Self,28521500
28454760,2021-04-16,Foreign_Dealer_Self,36503880
92611796803,2021-04-16,Foreign_Investor,86510479860
4131692560,2021-04-16,Investment_Trust,4343846843
112793147615,2021-04-16,total,105493536668
10199331432,2021-04-16,Dealer_Hedging,8887490008
5850326820,2021-04-16,Dealer_self,5751719957
4849229929,2021-04-19,Dealer_self,6059437868
10985307642,2021-04-19,Dealer_Hedging,8765675532
5413592151,2021-04-19,Investment_Trust,5178705819
86024650325,2021-04-19,Foreign_Investor,79786428610
28092310,2021-04-19,Foreign_Dealer_Self,50226500
107272780047,2021-04-19,total,99790247829
4672652705,2021-04-20,Dealer_self,4724107223
9774855567,2021-04-20,Dealer_Hedging,8880291501
4717399044,2021-04-20,Investment_Trust,4723554355
94539123371,2021-04-20,Foreign_Investor,96125831732
41103040,2021-04-20,Foreign_Dealer_Self,40667610
113704030687,2021-04-20,total,114453784811
55368880,2021-04-21,Foreign_Dealer_Self,34113390
4995561697,2021-04-21,Dealer_self,8742370619
98888666502,2021-04-21,total,124720244160
8776913530,2021-04-21,Dealer_Hedging,10410289178
80974382357,2021-04-21,Foreign_Investor,101235474391
4141808918,2021-04-21,Investment_Trust,4332109972
7233119834,2021-04-22,Dealer_self,10006038542
154411391099,2021-04-22,total,157311292677
4206830995,2021-04-22,Investment_Trust,4105492044
132852162964,2021-04-22,Foreign_Investor,129937947779
10119277306,2021-04-22,Dealer_Hedging,13261814312
52734220,2021-04-22,Foreign_Dealer_Self,42673400
9444796874,2021-04-23,Dealer_Hedging,7814544620
131422262053,2021-04-23,total,110254049607
6833216504,2021-04-23,Dealer_self,6526811239
111974133260,2021-04-23,Foreign_Investor,92883703844
3170115415,2021-04-23,Investment_Trust,3028989904
37011370,2021-04-23,Foreign_Dealer_Self,57079160
6746719449,2021-04-26,Dealer_self,5019287520
4292929750,2021-04-26,Investment_Trust,5154451697
109615685189,2021-04-26,Foreign_Investor,93599455604
74090880,2021-04-26,Foreign_Dealer_Self,60199300
131790966844,2021-04-26,total,111809543720
11135632456,2021-04-26,Dealer_Hedging,8036348899
5948941609,2021-04-27,Dealer_self,6924285885
8289556373,2021-04-27,Dealer_Hedging,8811735719
4284188670,2021-04-27,Investment_Trust,5684551084
110159659409,2021-04-27,Foreign_Investor,107110948261
52078500,2021-04-27,Foreign_Dealer_Self,40408360
128682346061,2021-04-27,total,128531520949
9291645053,2021-04-28,Dealer_Hedging,7847877098
7865608561,2021-04-28,Dealer_self,8248883704
128081460341,2021-04-28,total,122182479277
32091590,2021-04-28,Foreign_Dealer_Self,34662920
106574654153,2021-04-28,Foreign_Investor,100569770951
4349552574,2021-04-28,Investment_Trust,5515947524
142124349406,2021-04-29,total,150050770450
34105500,2021-04-29,Foreign_Dealer_Self,28295370
121329716087,2021-04-29,Foreign_Investor,127630675820
3126610565,2021-04-29,Investment_Trust,4988752878
9693814269,2021-04-29,Dealer_Hedging,8659164024
7974208485,2021-04-29,Dealer_self,8772177728
25421090,2021-05-03,Foreign_Dealer_Self,33612860
130628221588,2021-05-03,Foreign_Investor,138797608004
150061653357,2021-05-03,total,169863558015
7739680997,2021-05-03,Dealer_Hedging,13263064627
7800387079,2021-05-03,Dealer_self,11502862891
3893363693,2021-05-03,Investment_Trust,6300022493
2697331555,2021-05-04,Investment_Trust,4770423237
164035555561,2021-05-04,Foreign_Investor,163946710452
35335030,2021-05-04,Foreign_Dealer_Self,41997730
188595289255,2021-05-04,total,196673227737
12012472922,2021-05-04,Dealer_self,13398274406
9849929217,2021-05-04,Dealer_Hedging,14557819642
125533965926,2021-05-05,total,143194197781
106699280352,2021-05-05,Foreign_Investor,119971283309
3706360310,2021-05-05,Investment_Trust,3497588461
8003671630,2021-05-05,Dealer_Hedging,9910106935
7124653634,2021-05-05,Dealer_self,9815219076
25423150,2021-05-05,Foreign_Dealer_Self,23070050
8351968240,2021-05-06,Dealer_Hedging,9407600877
5347946171,2021-05-06,Investment_Trust,3679667610
119082392563,2021-05-06,Foreign_Investor,125997602892
141399545868,2021-05-06,total,148426461104
8617238894,2021-05-06,Dealer_self,9341589725
25998590,2021-05-06,Foreign_Dealer_Self,25830250
134727535294,2021-05-07,total,110965678440
8759099388,2021-05-07,Dealer_self,5720110555
9793505619,2021-05-07,Dealer_Hedging,6024290547
2770164290,2021-05-07,Investment_Trust,1879030257
113404765997,2021-05-07,Foreign_Investor,97342247081
25057220,2021-05-07,Foreign_Dealer_Self,30812940
128506022429,2021-05-10,total,129361019235
46446810,2021-05-10,Foreign_Dealer_Self,38681400
108266475711,2021-05-10,Foreign_Investor,110761161088
4812670078,2021-05-10,Investment_Trust,3144123289
7474697489,2021-05-10,Dealer_Hedging,9310771689
7952179151,2021-05-10,Dealer_self,6144963169
35065310,2021-05-11,Foreign_Dealer_Self,29881490
174763410137,2021-05-11,total,229460627828
9506924584,2021-05-11,Dealer_self,15501894334
9015588005,2021-05-11,Dealer_Hedging,16813391324
9720988187,2021-05-11,Investment_Trust,8202298391
146519909361,2021-05-11,Foreign_Investor,188943043779
21477930,2021-05-12,Foreign_Dealer_Self,46324450
215804742128,2021-05-12,Foreign_Investor,227991993137
6286614351,2021-05-12,Investment_Trust,5996671067
15315580863,2021-05-12,Dealer_Hedging,18425080585
10389048542,2021-05-12,Dealer_self,13580125867
247795985884,2021-05-12,total,265993870656
169974172371,2021-05-13,total,195892134738
147674647100,2021-05-13,Foreign_Investor,170344551548
5508037254,2021-05-13,Investment_Trust,4641995137
9502717929,2021-05-13,Dealer_Hedging,11017651464
7288770088,2021-05-13,Dealer_self,9887936589
19000990,2021-05-13,Foreign_Dealer_Self,44948400
120384188923,2021-05-14,Foreign_Investor,134040078728
7487626863,2021-05-14,Dealer_Hedging,9100749946
29488420,2021-05-14,Foreign_Dealer_Self,34204630
6123051935,2021-05-14,Investment_Trust,3630357880
141094394591,2021-05-14,total,155869405036
7099526870,2021-05-14,Dealer_self,9098218482
6032246845,2021-05-17,Dealer_self,5820136349
175471688060,2021-05-17,total,143016288443
153805594777,2021-05-17,Foreign_Investor,120388557736
4814473823,2021-05-17,Investment_Trust,3783390928
10819372615,2021-05-17,Dealer_Hedging,13024203430
16270060,2021-05-17,Foreign_Dealer_Self,42439640
133353859819,2021-05-18,Foreign_Investor,111219551350
36213460,2021-05-18,Foreign_Dealer_Self,29804940
152653146304,2021-05-18,total,122820672587
10160891138,2021-05-18,Dealer_Hedging,5734434819
3624069320,2021-05-18,Investment_Trust,2336737650
5514326027,2021-05-18,Dealer_self,3529948768
28169730,2021-05-19,Foreign_Dealer_Self,46330640
7464528572,2021-05-19,Dealer_Hedging,7170911637
3390868289,2021-05-19,Investment_Trust,1190135960
99722692500,2021-05-19,Foreign_Investor,129104255548
116809244099,2021-05-19,total,144589923238
6231154738,2021-05-19,Dealer_self,7124620093
5455949766,2021-05-20,Dealer_self,7123014671
4418611534,2021-05-20,Dealer_Hedging,6497509494
2589793064,2021-05-20,Investment_Trust,3650065802
119326983274,2021-05-20,Foreign_Investor,136436291774
39139760,2021-05-20,Foreign_Dealer_Self,25354940
131791337638,2021-05-20,total,153706881741
131400979545,2021-05-21,total,114282317907
25070890,2021-05-21,Foreign_Dealer_Self,43708880
118077612723,2021-05-21,Foreign_Investor,100631330385
2790583940,2021-05-21,Investment_Trust,3498742412
6576735751,2021-05-21,Dealer_Hedging,6015981091
3956047131,2021-05-21,Dealer_self,4136264019
103602320034,2021-05-24,total,100640206946
36918190,2021-05-24,Foreign_Dealer_Self,19165140
89233047920,2021-05-24,Foreign_Investor,89368952493
3434050304,2021-05-24,Investment_Trust,1722652460
6380736610,2021-05-24,Dealer_Hedging,4763133198
4554485200,2021-05-24,Dealer_self,4785468795
137605415100,2021-05-25,total,132905226911
41945940,2021-05-25,Foreign_Dealer_Self,37805900
116587435922,2021-05-25,Foreign_Investor,117771451647
5509920987,2021-05-25,Investment_Trust,4120075363
9946066830,2021-05-25,Dealer_Hedging,5713084387
5561991361,2021-05-25,Dealer_self,5300615514
5895951508,2021-05-26,Dealer_self,4421332861
34017280,2021-05-26,Foreign_Dealer_Self,21488560
5747189210,2021-05-26,Dealer_Hedging,4688562383
4225128793,2021-05-26,Investment_Trust,3964868609
107242917316,2021-05-26,total,102499030575
91374647805,2021-05-26,Foreign_Investor,89424266722
209998923299,2021-05-27,total,220736706166
16943100,2021-05-27,Foreign_Dealer_Self,23817110
195019108085,2021-05-27,Foreign_Investor,207359375610
5926193255,2021-05-27,Investment_Trust,3346373862
4947247583,2021-05-27,Dealer_Hedging,5386891966
4106374376,2021-05-27,Dealer_self,4644064728
4304280648,2021-05-28,Dealer_self,3104124640
7785624554,2021-05-28,Dealer_Hedging,5527464590
5477138985,2021-05-28,Investment_Trust,1500110591
111567987219,2021-05-28,Foreign_Investor,92873343546
30585490,2021-05-28,Foreign_Dealer_Self,28497620
129135031406,2021-05-28,total,103005043367
7629310027,2021-05-31,Dealer_Hedging,6643237266
2141792940,2021-05-31,Investment_Trust,2183904038
109244825364,2021-05-31,Foreign_Investor,96113735726
39060370,2021-05-31,Foreign_Dealer_Self,40122230
125817871746,2021-05-31,total,109836818000
6801943415,2021-05-31,Dealer_self,4895940970
6768396975,2021-06-01,Dealer_Hedging,6050461469
98698305654,2021-06-01,total,94452795416
29227010,2021-06-01,Foreign_Dealer_Self,29471400
84927865611,2021-06-01,Foreign_Investor,82905064749
2899920635,2021-06-01,Investment_Trust,2154969401
4102122433,2021-06-01,Dealer_self,3342299797
5438925242,2021-06-02,Dealer_Hedging,6842196554
9382558457,2021-06-02,Dealer_self,5674693244
25201090,2021-06-02,Foreign_Dealer_Self,26987970
3636047700,2021-06-02,Investment_Trust,4042666871
96893962690,2021-06-02,Foreign_Investor,106340102363
115351494089,2021-06-02,total,122899659032
100743371028,2021-06-03,Foreign_Investor,92594299402
115836281617,2021-06-03,total,103361237436
26442950,2021-06-03,Foreign_Dealer_Self,20739860
3209094032,2021-06-03,Investment_Trust,2442804349
6851958139,2021-06-03,Dealer_Hedging,4912641528
5031858418,2021-06-03,Dealer_self,3411492157
3433414774,2021-06-04,Dealer_self,2944670528
26361880,2021-06-04,Foreign_Dealer_Self,27150190
85941405405,2021-06-04,total,102313267453
74814804294,2021-06-04,Foreign_Investor,91464641640
1878499400,2021-06-04,Investment_Trust,1926027528
5814686937,2021-06-04,Dealer_Hedging,5977927757
104979010901,2021-06-07,total,112113477166
26954780,2021-06-07,Foreign_Dealer_Self,27191380
88283414653,2021-06-07,Foreign_Investor,96105113033
4364955210,2021-06-07,Investment_Trust,2513876762
7275238708,2021-06-07,Dealer_Hedging,8952286764
5055402330,2021-06-07,Dealer_self,4542200607
67812501434,2021-06-08,Foreign_Investor,73987266412
3790992645,2021-06-08,Dealer_self,3429990982
5258788795,2021-06-08,Dealer_Hedging,6310109219
4102477296,2021-06-08,Investment_Trust,2666837126
26504100,2021-06-08,Foreign_Dealer_Self,21608590
80964760170,2021-06-08,total,86394203739
3589496499,2021-06-09,Dealer_self,4693513276
32370770,2021-06-09,Foreign_Dealer_Self,21960530
5205485435,2021-06-09,Dealer_Hedging,5390947999
4083176557,2021-06-09,Investment_Trust,4313484272
71525716229,2021-06-09,Foreign_Investor,86348704986
84403874720,2021-06-09,total,100746650533
3688902032,2021-06-10,Dealer_self,3388828725
6947912630,2021-06-10,Dealer_Hedging,5542815922
3679464700,2021-06-10,Investment_Trust,5524083126
93741617605,2021-06-10,Foreign_Investor,75438439587
33051150,2021-06-10,Foreign_Dealer_Self,32627170
108057896967,2021-06-10,total,89894167360
96108304766,2021-06-11,total,86128114361
24835200,2021-06-11,Foreign_Dealer_Self,22731150
83390595997,2021-06-11,Foreign_Investor,72727529700
3076919775,2021-06-11,Investment_Trust,3178028700
5470423219,2021-06-11,Dealer_Hedging,6576670737
4170365775,2021-06-11,Dealer_self,3645885224
111385999035,2021-06-15,total,96832591717
21490440,2021-06-15,Foreign_Dealer_Self,22158380
97915612241,2021-06-15,Foreign_Investor,83630065576
2818862860,2021-06-15,Investment_Trust,4271373855
6593793506,2021-06-15,Dealer_Hedging,6126663945
4057730428,2021-06-15,Dealer_self,2804488341
10044398883,2021-06-16,Dealer_self,5558530947
96813814099,2021-06-16,Foreign_Investor,114995610679
6250298039,2021-06-16,Dealer_Hedging,8626811229
36992020,2021-06-16,Foreign_Dealer_Self,27456400
3338285200,2021-06-16,Investment_Trust,4502170815
116446796221,2021-06-16,total,133683123670
6490649467,2021-06-17,Dealer_Hedging,6347240220
4033775287,2021-06-17,Dealer_self,3568048172
4260634940,2021-06-17,Investment_Trust,3426950200
87850739285,2021-06-17,Foreign_Investor,94565692683
24154700,2021-06-17,Foreign_Dealer_Self,33547170
102635798979,2021-06-17,total,107907931275
4182335232,2021-06-18,Dealer_self,4150306867
12710342618,2021-06-18,Investment_Trust,15194137365
124636109973,2021-06-18,Foreign_Investor,140450042109
38857470,2021-06-18,Foreign_Dealer_Self,28691160
147830336313,2021-06-18,total,167232499228
6301548490,2021-06-18,Dealer_Hedging,7438012887
9002008242,2021-06-21,Investment_Trust,9617211832
76439078343,2021-06-21,Foreign_Investor,109717706878
97024371627,2021-06-21,total,135754959510
4088181524,2021-06-21,Dealer_self,6316545746
7495103518,2021-06-21,Dealer_Hedging,10103495054
31420060,2021-06-21,Foreign_Dealer_Self,35034200
3908532667,2021-06-22,Dealer_self,4309809747
7047941458,2021-06-22,Dealer_Hedging,7872315279
9858922970,2021-06-22,Investment_Trust,9580476818
116120804968,2021-06-22,total,127856225573
40091220,2021-06-22,Foreign_Dealer_Self,34168970
95305407873,2021-06-22,Foreign_Investor,106093623729
15493698491,2021-06-23,Dealer_self,4186509633
9898741498,2021-06-23,Dealer_Hedging,7013195457
6983574496,2021-06-23,Investment_Trust,8610092418
35446730,2021-06-23,Foreign_Dealer_Self,37321320
137974109384,2021-06-23,total,114451902462
105598094899,2021-06-23,Foreign_Investor,94642104954
4294241090,2021-06-24,Dealer_self,3225367583
33267060,2021-06-24,Foreign_Dealer_Self,30065250
103637619250,2021-06-24,total,96386424951
85024231446,2021-06-24,Foreign_Investor,81023462017
6724660050,2021-06-24,Investment_Trust,6750239089
7594486664,2021-06-24,Dealer_Hedging,5387356262
4328164617,2021-06-25,Investment_Trust,3361217740
8209068026,2021-06-25,Dealer_Hedging,5770588115
34480260,2021-06-25,Foreign_Dealer_Self,36159410
6133764733,2021-06-25,Dealer_self,4809316740
109071176616,2021-06-25,total,95544718124
90400179240,2021-06-25,Foreign_Investor,81603595529
4146589708,2021-06-28,Dealer_self,3426576180
83348549284,2021-06-28,Foreign_Investor,77973544240
1368706060,2021-06-28,Investment_Trust,3121464593
27317980,2021-06-28,Foreign_Dealer_Self,36406300
6552285707,2021-06-28,Dealer_Hedging,5307636861
95416130759,2021-06-28,total,89829221874
112259362509,2021-06-29,total,126253877132
96433443846,2021-06-29,Foreign_Investor,110767732632
2489579766,2021-06-29,Investment_Trust,2409474063
7435021597,2021-06-29,Dealer_Hedging,7064652957
43602480,2021-06-29,Foreign_Dealer_Self,32684690
5901317300,2021-06-29,Dealer_self,6012017480
135697246517,2021-06-30,total,112664914724
119371485979,2021-06-30,Foreign_Investor,98933938556
5634311974,2021-06-30,Dealer_self,5244515557
33185740,2021-06-30,Foreign_Dealer_Self,58191430
8196556842,2021-06-30,Dealer_Hedging,5870160387
2494891722,2021-06-30,Investment_Trust,2616300224
4726657399,2021-07-01,Dealer_self,5951039611
42865920,2021-07-01,Foreign_Dealer_Self,32182850
8485287043,2021-07-01,Dealer_Hedging,10415627276
2051494170,2021-07-01,Investment_Trust,3507962800
94051611858,2021-07-01,Foreign_Investor,112019162256
109315050470,2021-07-01,total,131893791943
89179539400,2021-07-02,Foreign_Investor,109169099306
1937254400,2021-07-02,Investment_Trust,3783525887
106323161670,2021-07-02,total,128577600630
38660400,2021-07-02,Foreign_Dealer_Self,39873510
6622583042,2021-07-02,Dealer_self,4914051457
8583784828,2021-07-02,Dealer_Hedging,10710923980
2760098040,2021-07-05,Investment_Trust,4167764114
107923668607,2021-07-05,Foreign_Investor,96394980161
41942370,2021-07-05,Foreign_Dealer_Self,53936560
129866750188,2021-07-05,total,113317373186
8036591418,2021-07-05,Dealer_self,4722384490
11146392123,2021-07-05,Dealer_Hedging,8032244421
104790463011,2021-07-06,total,108072801382
3013239475,2021-07-06,Investment_Trust,3306680114
6044662301,2021-07-06,Dealer_self,5891526346
38008500,2021-07-06,Foreign_Dealer_Self,31008240
89040715376,2021-07-06,Foreign_Investor,88921083010
6691845859,2021-07-06,Dealer_Hedging,9953511912
5921958777,2021-07-07,Dealer_self,6029892966
38425670,2021-07-07,Foreign_Dealer_Self,38972040
7231906678,2021-07-07,Dealer_Hedging,7904973520
3614287256,2021-07-07,Investment_Trust,4935705696
91306140292,2021-07-07,Foreign_Investor,102992109209
108074293003,2021-07-07,total,121862681391
113003042589,2021-07-08,Foreign_Investor,116817139773
131390203151,2021-07-08,total,137670004259
2994995264,2021-07-08,Investment_Trust,4392570147
8364113082,2021-07-08,Dealer_Hedging,8722520959
35002840,2021-07-08,Foreign_Dealer_Self,35207930
7028052216,2021-07-08,Dealer_self,7737773380
82041472937,2021-07-09,Foreign_Investor,123185416480
3830597170,2021-07-09,Investment_Trust,4344597257
6527007897,2021-07-09,Dealer_Hedging,8558515661
5437075229,2021-07-09,Dealer_self,8118322299
33121110,2021-07-09,Foreign_Dealer_Self,31886250
97836153233,2021-07-09,total,144206851697
127276318297,2021-07-12,total,112300571304
34787790,2021-07-12,Foreign_Dealer_Self,37377300
108054025406,2021-07-12,Foreign_Investor,92587243811
4619235825,2021-07-12,Investment_Trust,7657749629
8701013225,2021-07-12,Dealer_Hedging,7002146387
5902043841,2021-07-12,Dealer_self,5053431477
154379985159,2021-07-13,total,128515780235
133066831226,2021-07-13,Foreign_Investor,109902373251
5660797099,2021-07-13,Investment_Trust,5103013442
9072653757,2021-07-13,Dealer_Hedging,8479616214
6579703077,2021-07-13,Dealer_self,5030777328
53304410,2021-07-13,Foreign_Dealer_Self,49051270
5360496464,2021-07-14,Dealer_self,5205626551
8080952967,2021-07-14,Dealer_Hedging,8606571405
4314424650,2021-07-14,Investment_Trust,7538892550
136629247714,2021-07-14,total,124912731411
35419180,2021-07-14,Foreign_Dealer_Self,35357830
118873373633,2021-07-14,Foreign_Investor,103561640905
117296154521,2021-07-15,total,100592403253
38043800,2021-07-15,Foreign_Dealer_Self,52080110
101527833773,2021-07-15,Foreign_Investor,85093475791
3419523146,2021-07-15,Investment_Trust,5243072178
8174065022,2021-07-15,Dealer_Hedging,6006225616
4174732580,2021-07-15,Dealer_self,4249629668
5249294202,2021-07-16,Dealer_self,7756690917
44223590,2021-07-16,Foreign_Dealer_Self,60627200
6917195972,2021-07-16,Dealer_Hedging,8483283570
111471186155,2021-07-16,total,138276155232
5021214795,2021-07-16,Investment_Trust,5208615848
94283481186,2021-07-16,Foreign_Investor,116827564897
4743393715,2021-07-19,Dealer_self,5532810293
41336540,2021-07-19,Foreign_Dealer_Self,49209250
2830817029,2021-07-19,Investment_Trust,3696844760
69561058072,2021-07-19,Foreign_Investor,111965852598
84621090796,2021-07-19,total,129412686715
7485821980,2021-07-19,Dealer_Hedging,8217179064
2702448800,2021-07-20,Investment_Trust,4135790058
82417777421,2021-07-20,total,117799683833
49285950,2021-07-20,Foreign_Dealer_Self,25553400
68432219188,2021-07-20,Foreign_Investor,94004025785
4002597315,2021-07-20,Dealer_self,10311556393
7280512118,2021-07-20,Dealer_Hedging,9348311597
11349237647,2021-07-21,Dealer_self,10325451576
126919556212,2021-07-21,total,147152765949
2967154060,2021-07-21,Investment_Trust,5008996080
104104857718,2021-07-21,Foreign_Investor,120001386417
8498306787,2021-07-21,Dealer_Hedging,11816931876
29005490,2021-07-21,Foreign_Dealer_Self,34959510
154984509757,2021-07-22,total,116322491847
48188990,2021-07-22,Foreign_Dealer_Self,23106010
4587967392,2021-07-22,Investment_Trust,2478382211
7875312413,2021-07-22,Dealer_Hedging,6728535931
7411219956,2021-07-22,Dealer_self,7933124688
135110009996,2021-07-22,Foreign_Investor,99182449017
106633136672,2021-07-23,Foreign_Investor,104093893658
6375387005,2021-07-23,Dealer_self,5927201661
30587950,2021-07-23,Foreign_Dealer_Self,38690680
7014454087,2021-07-23,Dealer_Hedging,6951500644
124613285864,2021-07-23,total,121024083763
4590308100,2021-07-23,Investment_Trust,4051487800
101472418722,2021-07-26,total,121788632277
32294210,2021-07-26,Foreign_Dealer_Self,33020240
4898589939,2021-07-26,Dealer_self,5844702993
7443114638,2021-07-26,Dealer_Hedging,8485020035
2800330080,2021-07-26,Investment_Trust,3367231645
86330384065,2021-07-26,Foreign_Investor,104091677604
5677487207,2021-07-27,Dealer_self,5444903484
122115540285,2021-07-27,total,126741208048
105246900991,2021-07-27,Foreign_Investor,108812392491
3885306160,2021-07-27,Investment_Trust,4843979108
29107420,2021-07-27,Foreign_Dealer_Self,40083250
7305845927,2021-07-27,Dealer_Hedging,7639932965
120747841014,2021-07-28,Foreign_Investor,142762855429
9918088498,2021-07-28,Dealer_self,8069613514
34283020,2021-07-28,Foreign_Dealer_Self,35168250
9043594617,2021-07-28,Dealer_Hedging,11491456693
3873009648,2021-07-28,Investment_Trust,4728252400
143582533777,2021-07-28,total,167052178036
137140243180,2021-07-29,total,114628984149
120984758371,2021-07-29,Foreign_Investor,101847106655
36837850,2021-07-29,Foreign_Dealer_Self,28757140
6968439266,2021-07-29,Dealer_Hedging,5386264351
4765621008,2021-07-29,Dealer_self,4243817540
4421424535,2021-07-29,Investment_Trust,3151795603
5276121580,2021-07-30,Dealer_self,4863815931
7265616647,2021-07-30,Dealer_Hedging,7854514518
2656016720,2021-07-30,Investment_Trust,2753926453
108582932889,2021-07-30,Foreign_Investor,125951860765
31424150,2021-07-30,Foreign_Dealer_Self,27181700
123780687836,2021-07-30,total,141424117667
106537893643,2021-08-02,Foreign_Investor,81966467506
124332209195,2021-08-02,total,96904578084
2927034138,2021-08-02,Investment_Trust,3726786219
8261783759,2021-08-02,Dealer_Hedging,6358623424
27760120,2021-08-02,Foreign_Dealer_Self,31173450
6605497655,2021-08-02,Dealer_self,4852700935
4451687816,2021-08-03,Dealer_self,4284739450
34703610,2021-08-03,Foreign_Dealer_Self,22777890
6123716431,2021-08-03,Dealer_Hedging,5282677534
2579053710,2021-08-03,Investment_Trust,2989938529
84993450246,2021-08-03,Foreign_Investor,84054350518
98147908203,2021-08-03,total,96611706031
100757623877,2021-08-04,total,90911517552
3084726085,2021-08-04,Investment_Trust,5887062691
86607747822,2021-08-04,Foreign_Investor,75988427081
30927180,2021-08-04,Foreign_Dealer_Self,25666160
4487912694,2021-08-04,Dealer_self,3940698671
6577237276,2021-08-04,Dealer_Hedging,5095329109
4378020122,2021-08-05,Dealer_self,4159022975
26076230,2021-08-05,Foreign_Dealer_Self,18913190
6029612519,2021-08-05,Dealer_Hedging,5975359991
2512889150,2021-08-05,Investment_Trust,4076191490
86379893812,2021-08-05,Foreign_Investor,81477342905
99300415603,2021-08-05,total,95687917361
90521887168,2021-08-06,total,102701845818
1894742850,2021-08-06,Investment_Trust,2872670150
78983727927,2021-08-06,Foreign_Investor,87525936766
21314050,2021-08-06,Foreign_Dealer_Self,26439380
5601105371,2021-08-06,Dealer_Hedging,7157806758
4042311020,2021-08-06,Dealer_self,5145432144
85318379750,2021-08-09,total,94730745816
26067160,2021-08-09,Foreign_Dealer_Self,28786270
5453901719,2021-08-09,Dealer_Hedging,6879866638
74856093101,2021-08-09,Foreign_Investor,81863836767
3155807510,2021-08-09,Dealer_self,4291776161
1852577420,2021-08-09,Investment_Trust,1695266250
3509308624,2021-08-10,Dealer_self,4628970534
23990210,2021-08-10,Foreign_Dealer_Self,16626560
5614076061,2021-08-10,Dealer_Hedging,7632448343
2302903540,2021-08-10,Investment_Trust,1874433169
84538163967,2021-08-10,total,93663214418
73111875742,2021-08-10,Foreign_Investor,79527362372
15090210,2021-08-11,Foreign_Dealer_Self,21882520
3678675777,2021-08-11,Dealer_self,5031831578
106442561990,2021-08-11,total,102934805650
93662400672,2021-08-11,Foreign_Investor,87113174054
2325137500,2021-08-11,Investment_Trust,2696352337
6776348041,2021-08-11,Dealer_Hedging,8093447681
19717350,2021-08-12,Foreign_Dealer_Self,22515790
78512639237,2021-08-12,Foreign_Investor,73368417750
91044964704,2021-08-12,total,85808103610
3872910872,2021-08-12,Dealer_self,3829826201
4744408485,2021-08-12,Dealer_Hedging,5900926076
3915006110,2021-08-12,Investment_Trust,2708933583
27847850,2021-08-13,Foreign_Dealer_Self,26104920
3683438806,2021-08-13,Dealer_self,4918496161
4847772745,2021-08-13,Dealer_Hedging,8118632755
89869417116,2021-08-13,total,116160628802
4467300500,2021-08-13,Investment_Trust,2610440119
76870905065,2021-08-13,Foreign_Investor,100513059767
23555250,2021-08-16,Foreign_Dealer_Self,17450290
5267913237,2021-08-16,Dealer_Hedging,8495037429
2378466370,2021-08-16,Investment_Trust,3329407650
89190736471,2021-08-16,Foreign_Investor,84042996743
99807022680,2021-08-16,total,100003432582
2969906602,2021-08-16,Dealer_self,4135990760
4004695098,2021-08-17,Dealer_Hedging,8364373058
2522381548,2021-08-17,Dealer_self,3978673790
15567590,2021-08-17,Foreign_Dealer_Self,13352320
93497641916,2021-08-17,total,106653984076
2883588250,2021-08-17,Investment_Trust,1490052727
84086977020,2021-08-17,Foreign_Investor,92820884501
3738410830,2021-08-18,Investment_Trust,2721509717
13064240,2021-08-18,Foreign_Dealer_Self,26139460
8620659073,2021-08-18,Dealer_Hedging,7376661094
112144463446,2021-08-18,Foreign_Investor,114379889973
129285279498,2021-08-18,total,128623574834
4781746149,2021-08-18,Dealer_self,4145514050
6409726839,2021-08-19,Dealer_Hedging,10231980212
97641673192,2021-08-19,total,151523580617
81448143400,2021-08-19,Foreign_Investor,131136720079
5359050130,2021-08-19,Investment_Trust,3972491699
22682230,2021-08-19,Foreign_Dealer_Self,18140560
4424752823,2021-08-19,Dealer_self,6182388627
100853905825,2021-08-20,total,114300065080
14402740,2021-08-20,Foreign_Dealer_Self,15422210
87458210405,2021-08-20,Foreign_Investor,100453138456
4382401206,2021-08-20,Investment_Trust,2369928550
5720060714,2021-08-20,Dealer_Hedging,7880935060
3293233500,2021-08-20,Dealer_self,3596063014
93862625784,2021-08-23,Foreign_Investor,79240573130
6649204169,2021-08-23,Dealer_Hedging,4869483698
4324826433,2021-08-23,Dealer_self,3574275833
19125050,2021-08-23,Foreign_Dealer_Self,23002700
108901540776,2021-08-23,total,89913187211
4064884390,2021-08-23,Investment_Trust,2228854550
5873985373,2021-08-24,Dealer_Hedging,5560108201
101010510575,2021-08-24,total,110365868708
86180695549,2021-08-24,Foreign_Investor,97451044060
3513896595,2021-08-24,Investment_Trust,2552397671
5441933058,2021-08-24,Dealer_self,4802318776
20972580,2021-08-24,Foreign_Dealer_Self,19234170
100445534186,2021-08-25,total,81108057444
87930965137,2021-08-25,Foreign_Investor,70823437470
2623120436,2021-08-25,Investment_Trust,1892814159
5332907503,2021-08-25,Dealer_Hedging,4389661771
19470920,2021-08-25,Foreign_Dealer_Self,21175100
4558541110,2021-08-25,Dealer_self,4002144044
85260308647,2021-08-26,Foreign_Investor,100926063140
3395680200,2021-08-26,Investment_Trust,2284714400
4980964211,2021-08-26,Dealer_Hedging,5589918764
3899649507,2021-08-26,Dealer_self,4288104276
97536602565,2021-08-26,total,113088800580
19714350,2021-08-26,Foreign_Dealer_Self,19652700
6857111179,2021-08-27,Dealer_self,3259301473
1258172172,2021-08-27,Investment_Trust,2142643126
84873829717,2021-08-27,Foreign_Investor,66640759764
22229220,2021-08-27,Foreign_Dealer_Self,25879990
98987439885,2021-08-27,total,76235209252
5998326817,2021-08-27,Dealer_Hedging,4192504889
3503218542,2021-08-30,Dealer_self,2556678846
5402301799,2021-08-30,Dealer_Hedging,4435777033
3433532268,2021-08-30,Investment_Trust,2608319900
81945812572,2021-08-30,Foreign_Investor,60697425329
17831150,2021-08-30,Foreign_Dealer_Self,16305400
94284865181,2021-08-30,total,70298201108
133000070834,2021-08-31,Foreign_Investor,107949845125
4406654722,2021-08-31,Dealer_self,3173228918
19585270,2021-08-31,Foreign_Dealer_Self,16705680
5795390828,2021-08-31,Dealer_Hedging,5712847026
1991963050,2021-08-31,Investment_Trust,1951298316
145194079434,2021-08-31,total,118787219385
4402469121,2021-09-01,Dealer_self,3943628577
25564860,2021-09-01,Foreign_Dealer_Self,21469220
7849395035,2021-09-01,Dealer_Hedging,5313641578
3050638100,2021-09-01,Investment_Trust,3643414845
91608577327,2021-09-01,Foreign_Investor,77133998837
106911079583,2021-09-01,total,90034683837
81771436152,2021-09-02,Foreign_Investor,84078850892
94382867763,2021-09-02,total,98026995088
2891772886,2021-09-02,Investment_Trust,3748628455
19783320,2021-09-02,Foreign_Dealer_Self,17635490
4375275540,2021-09-02,Dealer_self,3902589818
5344383185,2021-09-02,Dealer_Hedging,6296925923
5732346920,2021-09-03,Dealer_self,3953156679
23535980,2021-09-03,Foreign_Dealer_Self,27148720
7696777211,2021-09-03,Dealer_Hedging,5182098418
3192618250,2021-09-03,Investment_Trust,2328121452
99944564980,2021-09-03,Foreign_Investor,67856545087
116566307361,2021-09-03,total,79319921636
86313213500,2021-09-06,Foreign_Investor,78647171436
4300203551,2021-09-06,Dealer_self,4084672776
28585770,2021-09-06,Foreign_Dealer_Self,28794460
7222745278,2021-09-06,Dealer_Hedging,7520389506
3224402010,2021-09-06,Investment_Trust,4476961585
101060564339,2021-09-06,total,94729195303
79863740987,2021-09-07,Foreign_Investor,73172940093
89830687373,2021-09-07,total,86785968005
1871164686,2021-09-07,Investment_Trust,3359557070
4431205716,2021-09-07,Dealer_Hedging,5615671606
28150660,2021-09-07,Foreign_Dealer_Self,18925280
3664575984,2021-09-07,Dealer_self,4637799236
95731820240,2021-09-08,total,104279240061
3363195891,2021-09-08,Dealer_self,8500321337
5382201703,2021-09-08,Dealer_Hedging,7285661784
2597173595,2021-09-08,Investment_Trust,3031696825
84389249051,2021-09-08,Foreign_Investor,85461560115
20623190,2021-09-08,Foreign_Dealer_Self,24027210
2002911644,2021-09-09,Investment_Trust,1665322031
67018085279,2021-09-09,Foreign_Investor,67655695364
24599530,2021-09-09,Foreign_Dealer_Self,18542000
76273952069,2021-09-09,total,77080474951
4035251396,2021-09-09,Dealer_Hedging,3664863313
3217703750,2021-09-09,Dealer_self,4094594243
83909898245,2021-09-10,total,65904370667
72425943315,2021-09-10,Foreign_Investor,57452624795
2408026950,2021-09-10,Investment_Trust,1950644750
5776347285,2021-09-10,Dealer_Hedging,3831343208
19957810,2021-09-10,Foreign_Dealer_Self,24634870
3299580695,2021-09-10,Dealer_self,2669757914
75002321201,2021-09-13,total,76231510100
4022515076,2021-09-13,Dealer_Hedging,4650964622
19568450,2021-09-13,Foreign_Dealer_Self,16705280
2421985895,2021-09-13,Dealer_self,2593668100
65766816888,2021-09-13,Foreign_Investor,66322069330
2791003342,2021-09-13,Investment_Trust,2664808048
2319233185,2021-09-14,Dealer_self,2564167804
78153441092,2021-09-14,total,71564782204
69221439550,2021-09-14,Foreign_Investor,62678479356
2733835540,2021-09-14,Investment_Trust,1982789020
3878932817,2021-09-14,Dealer_Hedging,4339346024
18053740,2021-09-14,Foreign_Dealer_Self,14005130
4348425820,2021-09-15,Investment_Trust,2021030239
3460699026,2021-09-15,Dealer_Hedging,5749963228
11840690,2021-09-15,Foreign_Dealer_Self,15164320
2433723957,2021-09-15,Dealer_self,7956256191
77678115081,2021-09-15,Foreign_Investor,75813583256
87920963884,2021-09-15,total,91540832914
66429378119,2021-09-16,Foreign_Investor,71410704770
2218647416,2021-09-16,Dealer_self,4170476499
12460080,2021-09-16,Foreign_Dealer_Self,10334620
4140575743,2021-09-16,Dealer_Hedging,4825794825
75502479166,2021-09-16,total,82604917844
2713877888,2021-09-16,Investment_Trust,2197941750
4718984215,2021-09-17,Investment_Trust,3510218344
127584755225,2021-09-17,Foreign_Investor,125962264964
139593369405,2021-09-17,total,136205775039
2688756707,2021-09-17,Dealer_self,2732638185
13080100,2021-09-17,Foreign_Dealer_Self,16904290
4600873258,2021-09-17,Dealer_Hedging,4000653546
13537700,2021-09-22,Foreign_Dealer_Self,17226440
77023264461,2021-09-22,Foreign_Investor,112581251649
5492499801,2021-09-22,Investment_Trust,3384233117
5862994790,2021-09-22,Dealer_Hedging,9079307903
2292721872,2021-09-22,Dealer_self,8421235222
90671480924,2021-09-22,total,133466027891
3236880520,2021-09-23,Investment_Trust,3494516308
4355862005,2021-09-23,Dealer_Hedging,4591465692
1947909644,2021-09-23,Dealer_self,2486576501
12432760,2021-09-23,Foreign_Dealer_Self,13365900
86175343316,2021-09-23,total,83615890169
76634691147,2021-09-23,Foreign_Investor,73043331668
88054522929,2021-09-24,total,79154526002
2935891644,2021-09-24,Dealer_self,2354642685
16390810,2021-09-24,Foreign_Dealer_Self,15654980
4173926994,2021-09-24,Dealer_Hedging,3898743119
4035984540,2021-09-24,Investment_Trust,3901584261
76908719751,2021-09-24,Foreign_Investor,68999555937
15833420,2021-09-27,Foreign_Dealer_Self,13806870
88020131803,2021-09-27,Foreign_Investor,77239514512
5744719396,2021-09-27,Investment_Trust,4703809780
5267704301,2021-09-27,Dealer_Hedging,5039928669
2672538361,2021-09-27,Dealer_self,2698328120
101705093861,2021-09-27,total,89681581081
69035047884,2021-09-28,Foreign_Investor,82990366126
2535331744,2021-09-28,Investment_Trust,2937875608
4461725113,2021-09-28,Dealer_Hedging,5159876840
13186500,2021-09-28,Foreign_Dealer_Self,12946200
2288701381,2021-09-28,Dealer_self,2631691162
78320806122,2021-09-28,total,93719809736
14002490,2021-09-29,Foreign_Dealer_Self,19938780
5945559143,2021-09-29,Dealer_Hedging,8827565989
5754653762,2021-09-29,Investment_Trust,2835013865
78175251267,2021-09-29,Foreign_Investor,113680719026
92369061826,2021-09-29,total,135646977784
2493597654,2021-09-29,Dealer_self,10303678904
92073469291,2021-09-30,Foreign_Investor,99961428326
3165514958,2021-09-30,Dealer_self,3428570901
4526976603,2021-09-30,Investment_Trust,2321679636
104666396199,2021-09-30,total,111153191857
12356990,2021-09-30,Foreign_Dealer_Self,14027670
4900435347,2021-09-30,Dealer_Hedging,5441512994
2335748118,2021-10-01,Dealer_self,4801146744
15059850,2021-10-01,Foreign_Dealer_Self,15734800
7504868834,2021-10-01,Dealer_Hedging,11941284813
3220537830,2021-10-01,Investment_Trust,1413613576
81922195828,2021-10-01,total,126662931155
68861041046,2021-10-01,Foreign_Investor,108506886022
2549698985,2021-10-04,Dealer_self,3018341502
8392040,2021-10-04,Foreign_Dealer_Self,10605690
6097408165,2021-10-04,Dealer_Hedging,8067517917
3276419535,2021-10-04,Investment_Trust,2141439721
79901420017,2021-10-04,Foreign_Investor,83012662920
91824946702,2021-10-04,total,96239962060
117382380537,2021-10-05,total,129969800838
101852798589,2021-10-05,Foreign_Investor,118192503096
4886681525,2021-10-05,Investment_Trust,1765728649
12481770,2021-10-05,Foreign_Dealer_Self,17629240
4327983612,2021-10-05,Dealer_self,2608315896
6314916811,2021-10-05,Dealer_Hedging,7403253197
3586118050,2021-10-06,Investment_Trust,1271054800
81738831239,2021-10-06,Foreign_Investor,105596637733
14848370,2021-10-06,Foreign_Dealer_Self,11098150
93065826701,2021-10-06,total,119680239811
2770157617,2021-10-06,Dealer_self,6034433635
4970719795,2021-10-06,Dealer_Hedging,6778113643
120192800328,2021-10-07,total,92311546969
104585339526,2021-10-07,Foreign_Investor,80782033000
7073541186,2021-10-07,Dealer_Hedging,6339313888
14479680,2021-10-07,Foreign_Dealer_Self,15295760
2995986010,2021-10-07,Investment_Trust,1996207550
5537933606,2021-10-07,Dealer_self,3193992531
2566385613,2021-10-08,Dealer_self,2472170595
2961729020,2021-10-08,Investment_Trust,1296092571
70572905487,2021-10-08,Foreign_Investor,85140773467
16769100,2021-10-08,Foreign_Dealer_Self,9861150
81831634055,2021-10-08,total,93790901545
5730613935,2021-10-08,Dealer_Hedging,4881864912
97632443956,2021-10-12,total,115212271447
8317790,2021-10-12,Foreign_Dealer_Self,11215930
5748328023,2021-10-12,Dealer_Hedging,6352176876
2363599952,2021-10-12,Dealer_self,3246089323
87462651057,2021-10-12,Foreign_Investor,104286668194
2057864924,2021-10-12,Investment_Trust,1327337054
80999795934,2021-10-13,total,89215807354
12835040,2021-10-13,Foreign_Dealer_Self,8032080
70467176108,2021-10-13,Foreign_Investor,78999571427
2730237268,2021-10-13,Investment_Trust,1673688712
4684862485,2021-10-13,Dealer_Hedging,5894961014
3117520073,2021-10-13,Dealer_self,2647586201
80967116893,2021-10-14,total,77409135428
71941463266,2021-10-14,Foreign_Investor,68511843349
2472907480,2021-10-14,Investment_Trust,1506459380
4223683424,2021-10-14,Dealer_Hedging,4749089338
7069430,2021-10-14,Foreign_Dealer_Self,9597280
2329062723,2021-10-14,Dealer_self,2641743361
111520154355,2021-10-15,total,81638467718
1307640205,2021-10-15,Investment_Trust,1795232585
5579922753,2021-10-15,Dealer_Hedging,4367320798
4158286948,2021-10-15,Dealer_self,2886255825
100474304449,2021-10-15,Foreign_Investor,72589658510
16438640,2021-10-15,Foreign_Dealer_Self,13592750
3079282105,2021-10-18,Investment_Trust,3588419082
88363786944,2021-10-18,total,85336594437
3316535348,2021-10-18,Dealer_self,2278199011
10391840,2021-10-18,Foreign_Dealer_Self,7173660
5074105640,2021-10-18,Dealer_Hedging,5857967165
76893863851,2021-10-18,Foreign_Investor,73612009179
92909289881,2021-10-19,total,76360564162
76244738987,2021-10-19,Foreign_Investor,65170297219
6409770127,2021-10-19,Investment_Trust,4794894950
5229582599,2021-10-19,Dealer_Hedging,4153137661
10530920,2021-10-19,Foreign_Dealer_Self,6237130
5025198168,2021-10-19,Dealer_self,2242234332
2712059966,2021-10-20,Dealer_self,3652685331
5840538751,2021-10-20,Dealer_Hedging,6561738606
5232954308,2021-10-20,Investment_Trust,3759405100
69999598570,2021-10-20,Foreign_Investor,74987334881
7263460,2021-10-20,Foreign_Dealer_Self,5793130
83785151595,2021-10-20,total,88961163918
3175345002,2021-10-21,Dealer_self,3055939476
6760900,2021-10-21,Foreign_Dealer_Self,8920070
6979549107,2021-10-21,Dealer_Hedging,6382346711
4119696404,2021-10-21,Investment_Trust,4218201479
97993025504,2021-10-21,Foreign_Investor,91126519891
112267616017,2021-10-21,total,104783007557
2426172328,2021-10-22,Dealer_self,3015060299
7441210,2021-10-22,Foreign_Dealer_Self,7146550
3298266148,2021-10-22,Investment_Trust,2832232609
69543122052,2021-10-22,Foreign_Investor,70445480597
83663140014,2021-10-22,total,83854558422
8395579486,2021-10-22,Dealer_Hedging,7561784917
72020930560,2021-10-25,Foreign_Investor,67314112812
2508034951,2021-10-25,Dealer_self,2193330397
8075290,2021-10-25,Foreign_Dealer_Self,6441450
5723852210,2021-10-25,Dealer_Hedging,5315417176
1580115550,2021-10-25,Investment_Trust,1766156309
81832933271,2021-10-25,total,76589016694
5782674721,2021-10-26,Dealer_Hedging,5170197392
1897686055,2021-10-26,Investment_Trust,1559056806
3799598719,2021-10-26,Dealer_self,3226138095
102359776915,2021-10-26,Foreign_Investor,95631236600
10132510,2021-10-26,Foreign_Dealer_Self,14323760
113839736410,2021-10-26,total,105586628893
2283944880,2021-10-27,Investment_Trust,2107671145
12568460,2021-10-27,Foreign_Dealer_Self,13828790
3608468261,2021-10-27,Dealer_self,3333594171
74094573231,2021-10-27,Foreign_Investor,71630743234
85287054325,2021-10-27,total,82031032596
5300067953,2021-10-27,Dealer_Hedging,4959024046
12513330,2021-10-28,Foreign_Dealer_Self,5669840
4753070076,2021-10-28,Dealer_Hedging,4915996719
2479729670,2021-10-28,Investment_Trust,1766443635
76142781837,2021-10-28,Foreign_Investor,83501855405
86222375276,2021-10-28,total,93675990923
2846793693,2021-10-28,Dealer_self,3491695164
6969760,2021-10-29,Foreign_Dealer_Self,7114860
5190020909,2021-10-29,Dealer_Hedging,4726570486
3445924705,2021-10-29,Dealer_self,4087184707
104273027546,2021-10-29,total,115875538730
92434707432,2021-10-29,Foreign_Investor,103955457500
3202374500,2021-10-29,Investment_Trust,3106326037
73376117515,2021-11-01,Foreign_Investor,76710212345
85086155847,2021-11-01,total,88077661623
2911036940,2021-11-01,Investment_Trust,2882220129
3405295192,2021-11-01,Dealer_self,3616208462
6974310,2021-11-01,Foreign_Dealer_Self,6731800
5393706200,2021-11-01,Dealer_Hedging,4869020687
4515981103,2021-11-02,Dealer_self,4222916812
12107690,2021-11-02,Foreign_Dealer_Self,7809520
5553796248,2021-11-02,Dealer_Hedging,7186605487
3076501890,2021-11-02,Investment_Trust,3534381051
94996273185,2021-11-02,Foreign_Investor,93025053883
108142552426,2021-11-02,total,107968957233
92320931701,2021-11-03,total,89772418283
81912097541,2021-11-03,Foreign_Investor,78020238249
2211732490,2021-11-03,Investment_Trust,4170726898
3683529023,2021-11-03,Dealer_self,3342333825
6502790,2021-11-03,Foreign_Dealer_Self,5885460
4513572647,2021-11-03,Dealer_Hedging,4239119311
7354940,2021-11-04,Foreign_Dealer_Self,9938170
69335911050,2021-11-04,Foreign_Investor,76760143019
2306997190,2021-11-04,Investment_Trust,2862764630
79567210693,2021-11-04,total,87380677144
3401916544,2021-11-04,Dealer_self,2708390040
4522385909,2021-11-04,Dealer_Hedging,5049379455
110385535885,2021-11-05,total,82038914629
2389373580,2021-11-05,Investment_Trust,1882482650
6385817696,2021-11-05,Dealer_Hedging,5073244966
3124267565,2021-11-05,Dealer_self,3171384813
98486077044,2021-11-05,Foreign_Investor,71911802200
10554560,2021-11-05,Foreign_Dealer_Self,8749460
3897784888,2021-11-08,Dealer_self,3729457930
12762220,2021-11-08,Foreign_Dealer_Self,11342700
7034210808,2021-11-08,Dealer_Hedging,5876087041
3833505250,2021-11-08,Investment_Trust,2959743552
95245839534,2021-11-08,Foreign_Investor,84625846705
110011340480,2021-11-08,total,97191135228
4685888438,2021-11-09,Dealer_self,4377308454
112575432476,2021-11-09,Foreign_Investor,93116342474
3731793908,2021-11-09,Investment_Trust,3080392969
6902789196,2021-11-09,Dealer_Hedging,6842130083
13995880,2021-11-09,Foreign_Dealer_Self,14242810
127895904018,2021-11-09,total,107416173980
10105690,2021-11-10,Foreign_Dealer_Self,16136790
4496960019,2021-11-10,Dealer_self,3069950838
6101443803,2021-11-10,Dealer_Hedging,6995243430
3142290006,2021-11-10,Investment_Trust,2155253898
85409613317,2021-11-10,Foreign_Investor,85483932742
99150307145,2021-11-10,total,97704380908
5821413100,2021-11-11,Dealer_Hedging,6580777854
3272636880,2021-11-11,Investment_Trust,3534912432
86326243494,2021-11-11,Foreign_Investor,93529745846
99777053714,2021-11-11,total,107818157168
4356760240,2021-11-11,Dealer_self,4172721036
15218870,2021-11-11,Foreign_Dealer_Self,20706330
5372493128,2021-11-12,Dealer_Hedging,6199264951
96311951696,2021-11-12,Foreign_Investor,88421078352
3181049235,2021-11-12,Investment_Trust,2183168391
15680580,2021-11-12,Foreign_Dealer_Self,10353450
4772608998,2021-11-12,Dealer_self,4428127055
109638103057,2021-11-12,total,101231638749
4297229750,2021-11-15,Investment_Trust,3887839293
6652311381,2021-11-15,Dealer_Hedging,6591892992
3948755957,2021-11-15,Dealer_self,4014799238
16928080,2021-11-15,Foreign_Dealer_Self,13983360
91891085077,2021-11-15,Foreign_Investor,86455234623
106789382165,2021-11-15,total,100949766146
111468590019,2021-11-16,total,102547266860
14987090,2021-11-16,Foreign_Dealer_Self,6854630
96259043825,2021-11-16,Foreign_Investor,88768469570
5700913335,2021-11-16,Investment_Trust,2984076393
5318368557,2021-11-16,Dealer_Hedging,7153546002
4190264302,2021-11-16,Dealer_self,3641174895
101201419825,2021-11-17,Foreign_Investor,101373621827
6018991742,2021-11-17,Dealer_Hedging,6548474032
13275940,2021-11-17,Foreign_Dealer_Self,16165950
4733518663,2021-11-17,Dealer_self,4860543332
116950169360,2021-11-17,total,116490236361
4996239130,2021-11-17,Investment_Trust,3707597170
4234331644,2021-11-18,Dealer_self,3219562870
106808964575,2021-11-18,Foreign_Investor,96678888359
7309455056,2021-11-18,Dealer_Hedging,7774827251
121374399625,2021-11-18,total,111727856740
14110640,2021-11-18,Foreign_Dealer_Self,18228930
3021648350,2021-11-18,Investment_Trust,4054578260
4296547077,2021-11-19,Dealer_self,3886012931
2672089800,2021-11-19,Investment_Trust,3547270426
16287250,2021-11-19,Foreign_Dealer_Self,22991650
5967541071,2021-11-19,Dealer_Hedging,6655673482
103097684184,2021-11-19,Foreign_Investor,95202031908
116033862132,2021-11-19,total,109290988747
95380421453,2021-11-22,total,95502711159
11090980,2021-11-22,Foreign_Dealer_Self,9632570
5021323306,2021-11-22,Dealer_Hedging,4934080863
2100303180,2021-11-22,Investment_Trust,3824221421
85018650777,2021-11-22,Foreign_Investor,84056511587
3240144190,2021-11-22,Dealer_self,2687897288
4270748389,2021-11-23,Dealer_Hedging,5709180848
86758627082,2021-11-23,total,102967151703
12301980,2021-11-23,Foreign_Dealer_Self,9637300
77827076119,2021-11-23,Foreign_Investor,90637345804
2089892700,2021-11-23,Investment_Trust,2574583574
2570909874,2021-11-23,Dealer_self,4046041477
3908974953,2021-11-24,Dealer_self,3183574915
8458730,2021-11-24,Foreign_Dealer_Self,12055670
4869013410,2021-11-24,Dealer_Hedging,4258856759
2420350480,2021-11-24,Investment_Trust,3627000091
75327218429,2021-11-24,Foreign_Investor,74880532295
86525557272,2021-11-24,total,85949964060
10200340,2021-11-25,Foreign_Dealer_Self,7922300
73436637881,2021-11-25,total,82007071278
63385715906,2021-11-25,Foreign_Investor,71650195757
2805760920,2021-11-25,Investment_Trust,2832819352
4293238932,2021-11-25,Dealer_Hedging,4568061830
2951922123,2021-11-25,Dealer_self,2955994339
70742437397,2021-11-26,Foreign_Investor,101749352984
2805560601,2021-11-26,Dealer_self,6139312328
11890170,2021-11-26,Foreign_Dealer_Self,12335880
2089281474,2021-11-26,Investment_Trust,2765896376
80417708228,2021-11-26,total,118973480783
4780428756,2021-11-26,Dealer_Hedging,8318919095
7954780,2021-11-29,Foreign_Dealer_Self,16192760
99879515840,2021-11-29,total,95498421828
87956114087,2021-11-29,Foreign_Investor,81891080715
2870687793,2021-11-29,Investment_Trust,2809451024
5175795939,2021-11-29,Dealer_Hedging,7236532873
3876918021,2021-11-29,Dealer_self,3561357216
196487804606,2021-11-30,Foreign_Investor,213171305520
5703802610,2021-11-30,Investment_Trust,5038511967
5390032546,2021-11-30,Dealer_Hedging,6943338177
14493770,2021-11-30,Foreign_Dealer_Self,17103930
3551142074,2021-11-30,Dealer_self,4306166992
211132781836,2021-11-30,total,229459322656
108404336320,2021-12-01,total,98129926506
3984490069,2021-12-01,Investment_Trust,3879918205
5346908821,2021-12-01,Dealer_Hedging,5581991348
4931866185,2021-12-01,Dealer_self,2960734607
94141071245,2021-12-01,Foreign_Investor,85707282346
18191500,2021-12-01,Foreign_Dealer_Self,17274940
5816124254,2021-12-02,Dealer_Hedging,7464929645
2699554291,2021-12-02,Investment_Trust,3129347617
111352636057,2021-12-02,Foreign_Investor,98719318701
17454990,2021-12-02,Foreign_Dealer_Self,18254240
123800706381,2021-12-02,total,114364516400
3932391779,2021-12-02,Dealer_self,5050920437
105087747669,2021-12-03,total,96854265614
5398301664,2021-12-03,Dealer_Hedging,5439842217
19265230,2021-12-03,Foreign_Dealer_Self,15373430
3160683691,2021-12-03,Dealer_self,3450673672
92548294254,2021-12-03,Foreign_Investor,85016805345
3980468060,2021-12-03,Investment_Trust,2946944380
5354083906,2021-12-06,Dealer_Hedging,5589202177
88906059106,2021-12-06,total,96543079671
78713152062,2021-12-06,Foreign_Investor,84957023910
2671444425,2021-12-06,Investment_Trust,3192158888
19423290,2021-12-06,Foreign_Dealer_Self,15903240
2167378713,2021-12-06,Dealer_self,2804694696
6335356351,2021-12-07,Dealer_Hedging,5890281094
4392340470,2021-12-07,Investment_Trust,2303419450
97345829286,2021-12-07,Foreign_Investor,97166797163
3264431956,2021-12-07,Dealer_self,3794338306
10655620,2021-12-07,Foreign_Dealer_Self,12273710
111337958063,2021-12-07,total,109154836013
7290521887,2021-12-08,Dealer_Hedging,5639421637
116622585697,2021-12-08,total,97083010388
102774088500,2021-12-08,Foreign_Investor,85999615776
3318587780,2021-12-08,Dealer_self,3413784322
16683350,2021-12-08,Foreign_Dealer_Self,15496480
3239387530,2021-12-08,Investment_Trust,2030188653
7365467696,2021-12-09,Dealer_Hedging,5338622742
10513310,2021-12-09,Foreign_Dealer_Self,12306260
4081628510,2021-12-09,Dealer_self,4097497180
82503481471,2021-12-09,Foreign_Investor,76356967015
1331020900,2021-12-09,Investment_Trust,1246817346
95281598577,2021-12-09,total,87039904283
2492243575,2021-12-10,Dealer_self,2486092101
8079000,2021-12-10,Foreign_Dealer_Self,8165050
4121220517,2021-12-10,Dealer_Hedging,5272125672
1772136550,2021-12-10,Investment_Trust,1793052792
74508452046,2021-12-10,total,78929208225
66122851404,2021-12-10,Foreign_Investor,69377937660
1927735667,2021-12-13,Dealer_self,2775054482
81902119681,2021-12-13,total,87673166118
71961499156,2021-12-13,Foreign_Investor,77091223167
2714052400,2021-12-13,Investment_Trust,2950310460
7774550,2021-12-13,Foreign_Dealer_Self,11035910
5298832458,2021-12-13,Dealer_Hedging,4856578009
82708755989,2021-12-14,total,97948340444
72357766012,2021-12-14,Foreign_Investor,85086991601
12469310,2021-12-14,Foreign_Dealer_Self,10080700
4072351649,2021-12-14,Dealer_Hedging,6708682081
1788476844,2021-12-14,Dealer_self,3818202662
4490161484,2021-12-14,Investment_Trust,2334464100
4272812323,2021-12-15,Dealer_Hedging,5583211281
79872473020,2021-12-15,total,85929464296
12672010,2021-12-15,Foreign_Dealer_Self,9425660
67852365367,2021-12-15,Foreign_Investor,74032413210
4983040870,2021-12-15,Investment_Trust,2436374761
2764254460,2021-12-15,Dealer_self,3877465044
6628911925,2021-12-16,Investment_Trust,4259023794
4046178511,2021-12-16,Dealer_self,2015837675
11216630,2021-12-16,Foreign_Dealer_Self,14451340
6284520584,2021-12-16,Dealer_Hedging,5752328252
79646294455,2021-12-16,Foreign_Investor,82220726774
96605905475,2021-12-16,total,94247916495
12859956520,2021-12-17,Investment_Trust,9116867141
140914793716,2021-12-17,total,135024995010
5152898726,2021-12-17,Dealer_Hedging,5887616053
2587764244,2021-12-17,Dealer_self,2758089149
11770800,2021-12-17,Foreign_Dealer_Self,10381500
120314174226,2021-12-17,Foreign_Investor,117262422667
78556802334,2021-12-20,total,99823530337
62631746063,2021-12-20,Foreign_Investor,82054603775
4392598343,2021-12-20,Dealer_Hedging,7002901610
12920090,2021-12-20,Foreign_Dealer_Self,15757890
2049064874,2021-12-20,Dealer_self,4497061253
9483393054,2021-12-20,Investment_Trust,6268963699
15691510,2021-12-21,Foreign_Dealer_Self,16682120
5872664683,2021-12-21,Dealer_Hedging,5339489310
9291890750,2021-12-21,Investment_Trust,5513303560
77036029503,2021-12-21,Foreign_Investor,66473461447
94553896604,2021-12-21,total,79064666153
2353311668,2021-12-21,Dealer_self,1738411836
8379740820,2021-12-22,Investment_Trust,6663004559
1762146319,2021-12-22,Dealer_self,1908087633
11850820,2021-12-22,Foreign_Dealer_Self,9822720
5218949525,2021-12-22,Dealer_Hedging,5828537333
56330936349,2021-12-22,Foreign_Investor,54561200499
71691773013,2021-12-22,total,68960830024
6397676550,2021-12-23,Investment_Trust,6218157024
2293299665,2021-12-23,Dealer_self,1801809360
13357310,2021-12-23,Foreign_Dealer_Self,13043080
6127412064,2021-12-23,Dealer_Hedging,5079723213
70863270467,2021-12-23,Foreign_Investor,52839924789
85681658746,2021-12-23,total,65939614386
2548979749,2021-12-24,Dealer_self,1843242114
5105207533,2021-12-24,Dealer_Hedging,4868173423
62796704928,2021-12-24,total,53814435668
18370610,2021-12-24,Foreign_Dealer_Self,19102790
52324823231,2021-12-24,Foreign_Investor,43722643454
2817694415,2021-12-24,Investment_Trust,3380376677
2892820193,2021-12-27,Dealer_self,1797648520
4822706016,2021-12-27,Dealer_Hedging,4534752442
1232269000,2021-12-27,Investment_Trust,2565483317
53225260295,2021-12-27,Foreign_Investor,42137316193
20300460,2021-12-27,Foreign_Dealer_Self,12814400
62173055504,2021-12-27,total,51035200472
13986670,2021-12-28,Foreign_Dealer_Self,14447640
69664524907,2021-12-28,Foreign_Investor,48109752671
2205393180,2021-12-28,Investment_Trust,1660450745
5991440127,2021-12-28,Dealer_Hedging,5314278008
2567460903,2021-12-28,Dealer_self,1517467657
80428819117,2021-12-28,total,56601949081
11637280,2021-12-29,Foreign_Dealer_Self,15210560
67769004097,2021-12-29,total,53818978437
57532615768,2021-12-29,Foreign_Investor,44316348153
3026832115,2021-12-29,Dealer_self,1712639135
5530496916,2021-12-29,Dealer_Hedging,5977496083
1679059298,2021-12-29,Investment_Trust,1812495066
68214809117,2021-12-30,total,66165320452
58463224829,2021-12-30,Foreign_Investor,55815136807
2413137243,2021-12-30,Investment_Trust,3292981201
5177905798,2021-12-30,Dealer_Hedging,5100954586
9933520,2021-12-30,Foreign_Dealer_Self,18229040
2160541247,2021-12-30,Dealer_self,1956247858
96374948106,2022-01-03,total,79815164011
82618467275,2022-01-03,Foreign_Investor,67092841835
3052785555,2022-01-03,Investment_Trust,3173147882
5190003300,2022-01-03,Dealer_self,3221686134
18489150,2022-01-03,Foreign_Dealer_Self,18375630
5513691976,2022-01-03,Dealer_Hedging,6327488160
96914041468,2022-01-04,Foreign_Investor,71207061507
112999788093,2022-01-04,total,85414282176
4823056190,2022-01-04,Investment_Trust,4628084899
28171150,2022-01-04,Foreign_Dealer_Self,30368560
4203232211,2022-01-04,Dealer_self,3260301216
7059458224,2022-01-04,Dealer_Hedging,6318834554
116485934399,2022-01-05,total,107597792044
31279080,2022-01-05,Foreign_Dealer_Self,19833850
101357396938,2022-01-05,Foreign_Investor,92003987375
3446081609,2022-01-05,Investment_Trust,3066277475
6865816451,2022-01-05,Dealer_Hedging,8288072984
4816639401,2022-01-05,Dealer_self,4239454210
5398827222,2022-01-06,Dealer_Hedging,8798408847
95963120796,2022-01-06,total,107828854726
83836499242,2022-01-06,Foreign_Investor,91229739144
3105090305,2022-01-06,Investment_Trust,3735885693
3622704027,2022-01-06,Dealer_self,4064821042
13576810,2022-01-06,Foreign_Dealer_Self,13924860
84849548624,2022-01-07,Foreign_Investor,98091556811
5993326230,2022-01-07,Dealer_Hedging,7521497441
18815810,2022-01-07,Foreign_Dealer_Self,14648520
3375398012,2022-01-07,Dealer_self,4125967140
97210344386,2022-01-07,total,112726577158
2992071520,2022-01-07,Investment_Trust,2987555766
2875157263,2022-01-10,Dealer_self,4162119966
5252874015,2022-01-10,Dealer_Hedging,6469825117
3781295962,2022-01-10,Investment_Trust,4097920114
75158448443,2022-01-10,Foreign_Investor,80434250800
87067775683,2022-01-10,total,95164115997
13354620,2022-01-10,Foreign_Dealer_Self,21805890
92087776909,2022-01-11,Foreign_Investor,89859078099
5547962597,2022-01-11,Dealer_Hedging,8295111423
21166540,2022-01-11,Foreign_Dealer_Self,14612980
3038335790,2022-01-11,Dealer_self,3662548960
3828764175,2022-01-11,Investment_Trust,2975911059
104502839471,2022-01-11,total,104792649541
12186370,2022-01-12,Foreign_Dealer_Self,11905920
3553437554,2022-01-12,Dealer_self,3287858446
5486191804,2022-01-12,Dealer_Hedging,6866029187
3144920045,2022-01-12,Investment_Trust,4247935291
84819545980,2022-01-12,Foreign_Investor,72065416781
97004095383,2022-01-12,total,86467239705
100254603997,2022-01-13,total,81959424919
12204380,2022-01-13,Foreign_Dealer_Self,20781320
87052730894,2022-01-13,Foreign_Investor,69606100772
4488312388,2022-01-13,Investment_Trust,2513540874
5702831071,2022-01-13,Dealer_Hedging,6711741406
3010729644,2022-01-13,Dealer_self,3128041867
106808656281,2022-01-14,Foreign_Investor,91530037366
17499800,2022-01-14,Foreign_Dealer_Self,13575620
5558509688,2022-01-14,Dealer_Hedging,10433721503
4896417722,2022-01-14,Investment_Trust,2062074315
120420360835,2022-01-14,total,109875808466
3156777144,2022-01-14,Dealer_self,5849975282
93894004629,2022-01-17,total,87627332777
81128614964,2022-01-17,Foreign_Investor,74666128993
13478840,2022-01-17,Foreign_Dealer_Self,23279620
3720281240,2022-01-17,Investment_Trust,3231938714
3303938567,2022-01-17,Dealer_self,2795408505
5741169858,2022-01-17,Dealer_Hedging,6933856565
68310803935,2022-01-18,Foreign_Investor,75175441640
3703518060,2022-01-18,Investment_Trust,2573310203
6181439162,2022-01-18,Dealer_Hedging,9548511025
16920820,2022-01-18,Foreign_Dealer_Self,13814230
81703395400,2022-01-18,total,90983866991
3507634243,2022-01-18,Dealer_self,3686604123
86905818956,2022-01-19,total,96176050662
74582935377,2022-01-19,Foreign_Investor,76532758730
3929294460,2022-01-19,Investment_Trust,2273893625
5616075912,2022-01-19,Dealer_Hedging,9897631548
2777513207,2022-01-19,Dealer_self,7471766759
15782650,2022-01-19,Foreign_Dealer_Self,8539330
2033047735,2022-01-20,Dealer_self,2202809070
4798234140,2022-01-20,Investment_Trust,5527140591
73482140317,2022-01-20,Foreign_Investor,79065840008
9059020,2022-01-20,Foreign_Dealer_Self,11157680
86349002743,2022-01-20,total,94230816361
6035580551,2022-01-20,Dealer_Hedging,7435026692
8373116068,2022-01-21,Dealer_Hedging,13736026408
17521480,2022-01-21,Foreign_Dealer_Self,16431300
2418781585,2022-01-21,Dealer_self,6025616843
4888712900,2022-01-21,Investment_Trust,1657444609
76555246780,2022-01-21,Foreign_Investor,116591053685
92235857333,2022-01-21,total,138010141545
86148302853,2022-01-24,Foreign_Investor,85787831857
4518754300,2022-01-24,Investment_Trust,2430734204
5535325732,2022-01-24,Dealer_Hedging,8398675136
2611416246,2022-01-24,Dealer_self,4501746872
14527340,2022-01-24,Foreign_Dealer_Self,9590900
98813799131,2022-01-24,total,101118988069
2125717227,2022-01-25,Dealer_self,5905443175
9123780,2022-01-25,Foreign_Dealer_Self,9938060
5235086819,2022-01-25,Dealer_Hedging,11298335281
6645976675,2022-01-25,Investment_Trust,2332646863
83705428997,2022-01-25,total,136579825927
69698648276,2022-01-25,Foreign_Investor,117043400608
8174100,2022-01-26,Foreign_Dealer_Self,2629230
63745397623,2022-01-26,Foreign_Investor,78852066636
4266329505,2022-01-26,Investment_Trust,2533799024
4622381225,2022-01-26,Dealer_Hedging,8307981639
2072197134,2022-01-26,Dealer_self,3145715032
74706305487,2022-01-26,total,92839562331
4235869593,2022-02-07,Dealer_self,3586871705
4759580,2022-02-07,Foreign_Dealer_Self,7861020
6448643827,2022-02-07,Dealer_Hedging,8025877253
4377721515,2022-02-07,Investment_Trust,1998329450
130180741563,2022-02-07,Foreign_Investor,136635092927
145242976498,2022-02-07,total,150246171335
97947626181,2022-02-08,Foreign_Investor,100485487766
3717086034,2022-02-08,Dealer_self,2793437079
6309048490,2022-02-08,Dealer_Hedging,8427856703
115583773980,2022-02-08,total,115055965207
7610013275,2022-02-08,Investment_Trust,3349183659
7749860,2022-02-08,Foreign_Dealer_Self,11731560
6837298530,2022-02-09,Investment_Trust,2405582050
7374958579,2022-02-09,Dealer_Hedging,6840433975
9878470,2022-02-09,Foreign_Dealer_Self,8241690
6138820473,2022-02-09,Dealer_self,3442202814
94244165864,2022-02-09,Foreign_Investor,83831786123
114595243446,2022-02-09,total,96520004962
101036173926,2022-02-10,total,91680108842
9310530,2022-02-10,Foreign_Dealer_Self,10718660
88041051360,2022-02-10,Foreign_Investor,78379661184
4199239910,2022-02-10,Investment_Trust,2871504660
5348746401,2022-02-10,Dealer_Hedging,6879773405
3447136255,2022-02-10,Dealer_self,3549169593
3892566160,2022-02-11,Investment_Trust,2215121301
76206121696,2022-02-11,Foreign_Investor,71783484235
88037199357,2022-02-11,total,83524641062
7228530,2022-02-11,Foreign_Dealer_Self,8818390
2655016460,2022-02-11,Dealer_self,2774488158
5283495041,2022-02-11,Dealer_Hedging,6751547368
79197984694,2022-02-14,total,103121128231
67932968666,2022-02-14,Foreign_Investor,88607549628
4040189900,2022-02-14,Investment_Trust,2040173868
4842423582,2022-02-14,Dealer_Hedging,9184207896
11165700,2022-02-14,Foreign_Dealer_Self,8391330
2382402546,2022-02-14,Dealer_self,3289196839
56264784312,2022-02-15,Foreign_Investor,72501116400
3815101220,2022-02-15,Investment_Trust,1826118101
4459516981,2022-02-15,Dealer_Hedging,7231734048
8952140,2022-02-15,Foreign_Dealer_Self,9004090
66882509179,2022-02-15,total,85126605151
2343106666,2022-02-15,Dealer_self,3567636602
6143898551,2022-02-16,Dealer_Hedging,5858853201
89148047979,2022-02-16,total,77437973863
75282897403,2022-02-16,Foreign_Investor,66814571026
3334696324,2022-02-16,Investment_Trust,1097311360
8440000,2022-02-16,Foreign_Dealer_Self,11556540
4386555701,2022-02-16,Dealer_self,3667238276
87534677710,2022-02-17,Foreign_Investor,71872814244
4841427770,2022-02-17,Investment_Trust,2282198086
6802396828,2022-02-17,Dealer_Hedging,6699198367
10516800,2022-02-17,Foreign_Dealer_Self,12546450
103529443959,2022-02-17,total,83395617870
4350941651,2022-02-17,Dealer_self,2541407173
73519178399,2022-02-18,Foreign_Investor,67046715405
3494075060,2022-02-18,Investment_Trust,2300872927
6158630407,2022-02-18,Dealer_Hedging,6914983969
4186554476,2022-02-18,Dealer_self,2366218119
9641900,2022-02-18,Foreign_Dealer_Self,10299790
87358438342,2022-02-18,total,78628790420
6979323770,2022-02-21,Dealer_Hedging,8826675642
3364387962,2022-02-21,Investment_Trust,1354318224
67365874003,2022-02-21,Foreign_Investor,78583791128
9325010,2022-02-21,Foreign_Dealer_Self,12662430
82225405816,2022-02-21,total,91280621106
4515820081,2022-02-21,Dealer_self,2515836112
12603420,2022-02-22,Foreign_Dealer_Self,9821150
3133788176,2022-02-22,Dealer_self,5881092193
6097149202,2022-02-22,Dealer_Hedging,12741017083
5489244245,2022-02-22,Investment_Trust,1537876895
67019186797,2022-02-22,Foreign_Investor,105683065286
81739368420,2022-02-22,total,125843051457
61253548633,2022-02-23,Foreign_Investor,73434965374
3759843601,2022-02-23,Dealer_self,2905170996
5542289625,2022-02-23,Dealer_Hedging,6763583569
3280625650,2022-02-23,Investment_Trust,1193386450
8795230,2022-02-23,Foreign_Dealer_Self,9326570
73836307509,2022-02-23,total,84297106389
8418199401,2022-02-24,Dealer_Hedging,17327151443
6973719825,2022-02-24,Investment_Trust,1785081551
112705921795,2022-02-24,total,173611982074
10358220,2022-02-24,Foreign_Dealer_Self,12814640
93349048997,2022-02-24,Foreign_Investor,146796135518
3964953572,2022-02-24,Dealer_self,7703613562
113685037821,2022-02-25,Foreign_Investor,164714516077
4272789865,2022-02-25,Dealer_self,4394508574
12473160,2022-02-25,Foreign_Dealer_Self,12701060
7765019191,2022-02-25,Dealer_Hedging,9713868082
7156377960,2022-02-25,Investment_Trust,4268882882
132879224837,2022-02-25,total,183091775615
5434162160,2022-03-01,Investment_Trust,1829377625
123785646422,2022-03-01,Foreign_Investor,117453744333
9986310,2022-03-01,Foreign_Dealer_Self,15729790
144900186121,2022-03-01,total,129870340150
7119907618,2022-03-01,Dealer_self,3751497684
8560469921,2022-03-01,Dealer_Hedging,6835720508
90366031374,2022-03-02,total,105642135643
6445004592,2022-03-02,Dealer_Hedging,7283585119
2987018280,2022-03-02,Investment_Trust,1560066337
13276110,2022-03-02,Foreign_Dealer_Self,14013080
5881463804,2022-03-02,Dealer_self,2474352024
75052544698,2022-03-02,Foreign_Investor,94324132163
90594428700,2022-03-03,total,95957426001
3991941560,2022-03-03,Investment_Trust,2127809427
6167695136,2022-03-03,Dealer_Hedging,6883937500
13957380,2022-03-03,Foreign_Dealer_Self,17088290
3795738700,2022-03-03,Dealer_self,2854129103
76639053304,2022-03-03,Foreign_Investor,84091549971
3871547315,2022-03-04,Dealer_self,4882350438
85147176273,2022-03-04,total,131496815166
70129941550,2022-03-04,Foreign_Investor,113160024916
4806247830,2022-03-04,Investment_Trust,3076812921
6339439578,2022-03-04,Dealer_Hedging,10377626891
17870450,2022-03-04,Foreign_Dealer_Self,25759800
13302270,2022-03-07,Foreign_Dealer_Self,39068100
10303247335,2022-03-07,Investment_Trust,2662062846
88676100096,2022-03-07,Foreign_Investor,171021603241
113585410518,2022-03-07,total,200098248872
5383451562,2022-03-07,Dealer_self,9058967228
9222611525,2022-03-07,Dealer_Hedging,17355615557
126344019621,2022-03-08,total,179944067681
23442560,2022-03-08,Foreign_Dealer_Self,34806970
4721132750,2022-03-08,Dealer_self,9701226008
6537035165,2022-03-08,Investment_Trust,1854262325
104815526086,2022-03-08,Foreign_Investor,150934594320
10270325620,2022-03-08,Dealer_Hedging,17453985028
80141183955,2022-03-09,Foreign_Investor,111959769575
3952099405,2022-03-09,Investment_Trust,1889729077
5211097729,2022-03-09,Dealer_self,4767341729
5998558158,2022-03-09,Dealer_Hedging,9277975386
95302939247,2022-03-09,total,127894815767
25298960,2022-03-09,Foreign_Dealer_Self,15017000
4950057338,2022-03-10,Dealer_self,3499413009
113895193262,2022-03-10,total,107442914664
23134690,2022-03-10,Foreign_Dealer_Self,31794720
96775646660,2022-03-10,Foreign_Investor,94775791619
3595971269,2022-03-10,Investment_Trust,1792291740
8573517995,2022-03-10,Dealer_Hedging,7375418296
4353220060,2022-03-11,Investment_Trust,2356592909
3548895694,2022-03-11,Dealer_self,2800510003
26328900,2022-03-11,Foreign_Dealer_Self,37688590
5821416838,2022-03-11,Dealer_Hedging,8777923596
67001569867,2022-03-11,Foreign_Investor,89646900485
80725102459,2022-03-11,total,103581926993
4560487762,2022-03-14,Dealer_self,3017004116
91295428577,2022-03-14,total,103854862877
61281140,2022-03-14,Foreign_Dealer_Self,23217140
74850984112,2022-03-14,Foreign_Investor,89301124923
4566210640,2022-03-14,Investment_Trust,2976056087
7317746063,2022-03-14,Dealer_Hedging,8560677751
73661574070,2022-03-15,Foreign_Investor,127492606494
6442920975,2022-03-15,Investment_Trust,4777435850
7084606167,2022-03-15,Dealer_Hedging,13045657528
19249470,2022-03-15,Foreign_Dealer_Self,30208920
3405182069,2022-03-15,Dealer_self,4135548484
90594283281,2022-03-15,total,149451248356
120992976613,2022-03-16,total,138325269246
4991175204,2022-03-16,Dealer_self,5228080136
8112014607,2022-03-16,Dealer_Hedging,11494002275
3940455695,2022-03-16,Investment_Trust,3548808788
103949331107,2022-03-16,Foreign_Investor,118054378047
17460670,2022-03-16,Foreign_Dealer_Self,21947510
39509810,2022-03-17,Foreign_Dealer_Self,25804670
6160629070,2022-03-17,Dealer_self,3513194955
172699874283,2022-03-17,total,122678465425
11614637358,2022-03-17,Dealer_Hedging,9091625379
3636366610,2022-03-17,Investment_Trust,3588458821
151288241245,2022-03-17,Foreign_Investor,106485186270
24844320,2022-03-18,Foreign_Dealer_Self,28434340
143074079398,2022-03-18,Foreign_Investor,144840393499
8911500729,2022-03-18,Investment_Trust,6959344083
6121310498,2022-03-18,Dealer_Hedging,8402156385
3523883571,2022-03-18,Dealer_self,3826321849
161630774196,2022-03-18,total,164028215816
89577163340,2022-03-21,total,82055475632
3130749177,2022-03-21,Dealer_self,3161655350
33276370,2022-03-21,Foreign_Dealer_Self,23475350
6494129859,2022-03-21,Dealer_Hedging,6755127147
3081791025,2022-03-21,Investment_Trust,2700389309
76870493279,2022-03-21,Foreign_Investor,69438303826
5906246669,2022-03-22,Dealer_Hedging,6278256907
4269305340,2022-03-22,Investment_Trust,2546240484
3052834036,2022-03-22,Dealer_self,2473224363
80408394974,2022-03-22,total,78831934713
19763750,2022-03-22,Foreign_Dealer_Self,27194090
67180008929,2022-03-22,Foreign_Investor,67534212959
32898410,2022-03-23,Foreign_Dealer_Self,36297030
3305925710,2022-03-23,Investment_Trust,3068519033
84222370550,2022-03-23,Foreign_Investor,72952374440
99912301489,2022-03-23,total,84841402617
5110121790,2022-03-23,Dealer_self,2665784944
7273883439,2022-03-23,Dealer_Hedging,6154724200
2498124374,2022-03-24,Dealer_self,2487504830
6424508142,2022-03-24,Dealer_Hedging,6392217680
2332793050,2022-03-24,Investment_Trust,4141713192
70631476986,2022-03-24,Foreign_Investor,73556038302
28205400,2022-03-24,Foreign_Dealer_Self,24793750
81886902552,2022-03-24,total,86577474004
78186166514,2022-03-25,Foreign_Investor,77459241294
91143447297,2022-03-25,total,91231584520
33268460,2022-03-25,Foreign_Dealer_Self,18370880
3147393049,2022-03-25,Investment_Trust,3370932549
3435303226,2022-03-25,Dealer_self,3340414632
6374584508,2022-03-25,Dealer_Hedging,7060996045
6874352465,2022-03-28,Dealer_Hedging,7731022081
2808685530,2022-03-28,Investment_Trust,2948217886
61730638178,2022-03-28,Foreign_Investor,74322877550
16285260,2022-03-28,Foreign_Dealer_Self,21281810
74143463235,2022-03-28,total,87795852990
2729787062,2022-03-28,Dealer_self,2793735473
5731648109,2022-03-29,Dealer_Hedging,5929245324
2883822219,2022-03-29,Dealer_self,2930264280
23898050,2022-03-29,Foreign_Dealer_Self,26364280
5165304399,2022-03-29,Investment_Trust,3825040594
75363381650,2022-03-29,total,82578936665
61582606923,2022-03-29,Foreign_Investor,69894386467
6102367893,2022-03-30,Dealer_self,2299176696
34436990,2022-03-30,Foreign_Dealer_Self,25731570
4910949364,2022-03-30,Investment_Trust,2763132280
100241484959,2022-03-30,Foreign_Investor,78213550451
119331701842,2022-03-30,total,89521637420
8076899626,2022-03-30,Dealer_Hedging,6245777993
5081900451,2022-03-31,Dealer_Hedging,5983262460
2041572433,2022-03-31,Dealer_self,2205142670
86070516941,2022-03-31,total,84159094430
21009660,2022-03-31,Foreign_Dealer_Self,30515970
75946229827,2022-03-31,Foreign_Investor,73477641460
3000814230,2022-03-31,Investment_Trust,2493047840
4160202950,2022-04-01,Investment_Trust,3193752320
71476465334,2022-04-01,Foreign_Investor,82257469739
20167020,2022-04-01,Foreign_Dealer_Self,24875010
83296001832,2022-04-01,total,93244919501
5642536687,2022-04-01,Dealer_Hedging,5774199271
2016796861,2022-04-01,Dealer_self,2019498171
2518451495,2022-04-06,Dealer_self,2263756510
22553050,2022-04-06,Foreign_Dealer_Self,48740520
6563848167,2022-04-06,Dealer_Hedging,7727563149
83437816465,2022-04-06,Foreign_Investor,110377308569
4043099464,2022-04-06,Investment_Trust,2899466037
96563215591,2022-04-06,total,123268094265
2176437952,2022-04-07,Dealer_self,4489079239
39625760,2022-04-07,Foreign_Dealer_Self,30630670
6917215860,2022-04-07,Dealer_Hedging,11801045368
4718918669,2022-04-07,Investment_Trust,2851530190
80346033476,2022-04-07,Foreign_Investor,124900574569
94158605957,2022-04-07,total,144042229366
6362766170,2022-04-08,Investment_Trust,3261396817
70023890188,2022-04-08,Foreign_Investor,81542534350
84770684271,2022-04-08,total,95142033701
6106693965,2022-04-08,Dealer_Hedging,7479113686
37015740,2022-04-08,Foreign_Dealer_Self,31353010
2277333948,2022-04-08,Dealer_self,2858988848
2183171629,2022-04-11,Dealer_self,5336837028
31192500,2022-04-11,Foreign_Dealer_Self,29565590
7000165342,2022-04-11,Dealer_Hedging,11886647936
81736649381,2022-04-11,total,122294510219
66761388619,2022-04-11,Foreign_Investor,100804021143
5791923791,2022-04-11,Investment_Trust,4267004112
7386194814,2022-04-12,Dealer_Hedging,9672264520
97019414528,2022-04-12,total,110134887673
39286220,2022-04-12,Foreign_Dealer_Self,25757780
83039754858,2022-04-12,Foreign_Investor,93212625112
4194185031,2022-04-12,Investment_Trust,4238922576
2399279825,2022-04-12,Dealer_self,3011075465
6652626627,2022-04-13,Dealer_Hedging,7400432730
4176452116,2022-04-13,Dealer_self,2169190767
95463799237,2022-04-13,total,80503034403
79400428294,2022-04-13,Foreign_Investor,68838769347
5234292200,2022-04-13,Investment_Trust,2094641559
25112800,2022-04-13,Foreign_Dealer_Self,28294290
24322850,2022-04-14,Foreign_Dealer_Self,21258370
2323995311,2022-04-14,Dealer_self,2413395030
6106311527,2022-04-14,Dealer_Hedging,7137050714
4231138780,2022-04-14,Investment_Trust,2665376884
64093714697,2022-04-14,Foreign_Investor,64841650441
76755160315,2022-04-14,total,77057473069
66618965367,2022-04-15,total,91121375787
2216458255,2022-04-15,Dealer_self,3442800587
38784110,2022-04-15,Foreign_Dealer_Self,22341990
6191868431,2022-04-15,Dealer_Hedging,9252664285
6257599120,2022-04-15,Investment_Trust,5256697648
51953039561,2022-04-15,Foreign_Investor,73169213267
16680450,2022-04-18,Foreign_Dealer_Self,19633650
64539282746,2022-04-18,total,76828672265
51717264584,2022-04-18,Foreign_Investor,62130018050
4632581215,2022-04-18,Investment_Trust,2118394088
6002894569,2022-04-18,Dealer_Hedging,9674923244
2186542378,2022-04-18,Dealer_self,2905336883
66638320251,2022-04-19,Foreign_Investor,64513293714
17871650,2022-04-19,Foreign_Dealer_Self,21774870
6096102689,2022-04-19,Dealer_Hedging,5931244165
3046102130,2022-04-19,Investment_Trust,2196607335
78319230119,2022-04-19,total,74629302739
2538705049,2022-04-19,Dealer_self,1988157525
20972310,2022-04-20,Foreign_Dealer_Self,21317800
3190967731,2022-04-20,Dealer_self,3517199195
7214994829,2022-04-20,Dealer_Hedging,7856930959
10224974750,2022-04-20,Investment_Trust,7872399589
84465821185,2022-04-20,Foreign_Investor,81468101797
105096758495,2022-04-20,total,100714631540
89052389861,2022-04-21,total,83097088779
2164579955,2022-04-21,Dealer_self,2008394627
8664064170,2022-04-21,Investment_Trust,5538890703
21005640,2022-04-21,Foreign_Dealer_Self,19355680
6212908219,2022-04-21,Dealer_Hedging,6965877202
72010837517,2022-04-21,Foreign_Investor,68583926247
9946577860,2022-04-22,Investment_Trust,8315774912
6346783094,2022-04-22,Dealer_Hedging,8118310678
19954190,2022-04-22,Foreign_Dealer_Self,23350580
2014262424,2022-04-22,Dealer_self,3008500424
90573607765,2022-04-22,total,112892377615
72265984387,2022-04-22,Foreign_Investor,93449791601
8035037299,2022-04-25,Dealer_Hedging,12792096698
1704700507,2022-04-25,Dealer_self,4098248234
68608991345,2022-04-25,Foreign_Investor,110805574031
86812626846,2022-04-25,total,135654823644
8463897695,2022-04-25,Investment_Trust,7958904681
19155600,2022-04-25,Foreign_Dealer_Self,19839560
17972470,2022-04-26,Foreign_Dealer_Self,20116950
1644748644,2022-04-26,Dealer_self,3442623392
6163922631,2022-04-26,Dealer_Hedging,9294699276
8422318970,2022-04-26,Investment_Trust,7323250270
71854215744,2022-04-26,Foreign_Investor,86252938899
88085205989,2022-04-26,total,106313511837
8417923562,2022-04-27,Dealer_Hedging,11014760977
6025951130,2022-04-27,Investment_Trust,4775540313
86935311428,2022-04-27,Foreign_Investor,108078877813
104260602974,2022-04-27,total,128745091882
2881416854,2022-04-27,Dealer_self,4875912779
19619970,2022-04-27,Foreign_Dealer_Self,18835870
16214320,2022-04-28,Foreign_Dealer_Self,20643730
2687060545,2022-04-28,Dealer_self,2816097274
2610135910,2022-04-28,Investment_Trust,1923942800
89634548965,2022-04-28,Foreign_Investor,105482214743
101852398098,2022-04-28,total,117480930307
6920652678,2022-04-28,Dealer_Hedging,7258675490
100149089728,2022-04-29,total,94071321508
88110249561,2022-04-29,Foreign_Investor,81559451730
23784950,2022-04-29,Foreign_Dealer_Self,22647190
7213724242,2022-04-29,Dealer_Hedging,7840413788
2897796065,2022-04-29,Investment_Trust,1852071400
1927319860,2022-04-29,Dealer_self,2819384590
1294106637,2022-05-03,Dealer_self,1503618345
17479340,2022-05-03,Foreign_Dealer_Self,23398480
4733535540,2022-05-03,Dealer_Hedging,5922796669
2605252950,2022-05-03,Investment_Trust,999599589
62753243335,2022-05-03,Foreign_Investor,62311991618
71386138462,2022-05-03,total,70738006221
67009454687,2022-05-04,total,66491361437
57537760837,2022-05-04,Foreign_Investor,57601653976
3183727660,2022-05-04,Investment_Trust,2272968829
4517329291,2022-05-04,Dealer_Hedging,5161908063
1770636899,2022-05-04,Dealer_self,1454830569
16609440,2022-05-04,Foreign_Dealer_Self,13725460
2788557155,2022-05-05,Dealer_self,2478505062
16565090,2022-05-05,Foreign_Dealer_Self,24701980
6775566797,2022-05-05,Dealer_Hedging,6671796997
6281908263,2022-05-05,Investment_Trust,2788571839
76710291690,2022-05-05,Foreign_Investor,72877182690
92556323905,2022-05-05,total,84816056588
70533346900,2022-05-06,Foreign_Investor,94091428259
81295256650,2022-05-06,total,109324562632
2652148130,2022-05-06,Investment_Trust,2466587710
2041528965,2022-05-06,Dealer_self,2627812074
20125540,2022-05-06,Foreign_Dealer_Self,18336820
6068232655,2022-05-06,Dealer_Hedging,10138734589
1675947013,2022-05-09,Dealer_self,3544000049
18578980,2022-05-09,Foreign_Dealer_Self,16278710
5200083916,2022-05-09,Dealer_Hedging,9252844824
2968652870,2022-05-09,Investment_Trust,2494178180
59470981184,2022-05-09,Foreign_Investor,80618622668
69315664983,2022-05-09,total,95909645721
103252119297,2022-05-10,total,103587275372
88095200228,2022-05-10,Foreign_Investor,89705932780
2985255780,2022-05-10,Investment_Trust,2764863462
16876330,2022-05-10,Foreign_Dealer_Self,19775020
3206811603,2022-05-10,Dealer_self,2972493804
8964851686,2022-05-10,Dealer_Hedging,8143985326
63294813974,2022-05-11,Foreign_Investor,78249602068
74074728542,2022-05-11,total,89641816833
2401383550,2022-05-11,Investment_Trust,2261482197
20605760,2022-05-11,Foreign_Dealer_Self,13488790
1916324621,2022-05-11,Dealer_self,2464832663
6462206397,2022-05-11,Dealer_Hedging,6665899905
1866506834,2022-05-12,Dealer_self,3855234002
15472380,2022-05-12,Foreign_Dealer_Self,15889200
6216062490,2022-05-12,Dealer_Hedging,10225402678
3375748015,2022-05-12,Investment_Trust,3130753177
71708283571,2022-05-12,Foreign_Investor,82029690998
83166600910,2022-05-12,total,99241080855
12723410,2022-05-13,Foreign_Dealer_Self,14016460
3757147722,2022-05-13,Dealer_self,1789062664
8103586827,2022-05-13,Dealer_Hedging,6884381332
4160858949,2022-05-13,Investment_Trust,3149065524
78337514854,2022-05-13,Foreign_Investor,75396157516
94359108352,2022-05-13,total,87218667036
3604686225,2022-05-16,Dealer_self,2949118814
70841788767,2022-05-16,Foreign_Investor,72555584019
17773280,2022-05-16,Foreign_Dealer_Self,18686350
7430005735,2022-05-16,Dealer_Hedging,8951565126
4169720908,2022-05-16,Investment_Trust,3095766852
86046201635,2022-05-16,total,87552034811
3861626106,2022-05-17,Dealer_self,1728626378
18188280,2022-05-17,Foreign_Dealer_Self,18181430
80485364580,2022-05-17,total,80250569876
68150135035,2022-05-17,Foreign_Investor,69008395816
2299847710,2022-05-17,Investment_Trust,2635506389
6173755729,2022-05-17,Dealer_Hedging,6878041293
101755153059,2022-05-18,total,92495596080
2097722715,2022-05-18,Dealer_self,2986769689
6137416377,2022-05-18,Dealer_Hedging,8266413250
3632224520,2022-05-18,Investment_Trust,2544834750
89887789447,2022-05-18,Foreign_Investor,78697578391
21063920,2022-05-18,Foreign_Dealer_Self,21290020
5840917013,2022-05-19,Dealer_Hedging,8015928928
1650575439,2022-05-19,Dealer_self,2144715727
75284792262,2022-05-19,Foreign_Investor,88907153726
2207416711,2022-05-19,Investment_Trust,3182604342
84983701425,2022-05-19,total,102250402723
17241610,2022-05-19,Foreign_Dealer_Self,13894720
1482836684,2022-05-20,Dealer_self,1758853823
10303640,2022-05-20,Foreign_Dealer_Self,16094750
5993675611,2022-05-20,Dealer_Hedging,5482323385
2933675530,2022-05-20,Investment_Trust,1262460963
69765465992,2022-05-20,Foreign_Investor,62576780153
80175653817,2022-05-20,total,71080418324
66357536464,2022-05-23,Foreign_Investor,64330036977
79593287114,2022-05-23,total,75639796077
6131843122,2022-05-23,Investment_Trust,3471908217
14795290,2022-05-23,Foreign_Dealer_Self,13594540
2431257304,2022-05-23,Dealer_self,1787132196
4672650224,2022-05-23,Dealer_Hedging,6050718687
4857207330,2022-05-24,Investment_Trust,3090015277
1688881799,2022-05-24,Dealer_self,2760979049
16051130,2022-05-24,Foreign_Dealer_Self,14732440
4352682100,2022-05-24,Dealer_Hedging,6466398586
58835888552,2022-05-24,Foreign_Investor,66669824403
69734659781,2022-05-24,total,78987217315
72358631597,2022-05-25,Foreign_Investor,67298576940
5325016822,2022-05-25,Dealer_self,1582690242
13655160,2022-05-25,Foreign_Dealer_Self,16798200
5102792185,2022-05-25,Dealer_Hedging,5377634462
5120784510,2022-05-25,Investment_Trust,5393603869
87907225114,2022-05-25,total,79652505513
2214725961,2022-05-26,Dealer_self,2202340817
14358020,2022-05-26,Foreign_Dealer_Self,11460230
5594458131,2022-05-26,Dealer_Hedging,6974463920
5262689910,2022-05-26,Investment_Trust,6712606492
64458697795,2022-05-26,Foreign_Investor,76309197425
77530571797,2022-05-26,total,92198608654
95166324205,2022-05-27,total,71527250577
3518053433,2022-05-27,Dealer_self,1632177488
6627944748,2022-05-27,Dealer_Hedging,5223526457
4757315370,2022-05-27,Investment_Trust,4743391679
80263010654,2022-05-27,Foreign_Investor,59928154953
13047200,2022-05-27,Foreign_Dealer_Self,23054900
3705394530,2022-05-30,Dealer_self,1973539895
95271861285,2022-05-30,Foreign_Investor,67689474110
6548493430,2022-05-30,Investment_Trust,3469997393
25841380,2022-05-30,Foreign_Dealer_Self,27926840
113302172573,2022-05-30,total,79302036113
7776423328,2022-05-30,Dealer_Hedging,6169024715
18105470,2022-05-31,Foreign_Dealer_Self,19667520
240962126533,2022-05-31,Foreign_Investor,217704386320
2457556578,2022-05-31,Dealer_self,3155350140
256210335564,2022-05-31,total,232607060608
6244406344,2022-05-31,Investment_Trust,4876240031
6546246109,2022-05-31,Dealer_Hedging,6871084117
3063157077,2022-06-01,Dealer_self,2452398912
25293550,2022-06-01,Foreign_Dealer_Self,27250540
5206231937,2022-06-01,Dealer_Hedging,6635529812
3917477480,2022-06-01,Investment_Trust,3173061884
72646465132,2022-06-01,Foreign_Investor,82739706943
84833331626,2022-06-01,total,95000697551
71812665209,2022-06-02,total,82250314393
61174066597,2022-06-02,Foreign_Investor,69671289895
3553539970,2022-06-02,Investment_Trust,5121766969
22916340,2022-06-02,Foreign_Dealer_Self,18123280
2193674167,2022-06-02,Dealer_self,2203848695
4891384475,2022-06-02,Dealer_Hedging,5253408834
3390636491,2022-06-06,Dealer_self,1853409151
14792780,2022-06-06,Foreign_Dealer_Self,22864420
6847647642,2022-06-06,Dealer_Hedging,6527436325
3658271120,2022-06-06,Investment_Trust,2525748193
71667243291,2022-06-06,Foreign_Investor,73551165533
85563798544,2022-06-06,total,84457759202
3842721940,2022-06-07,Investment_Trust,2186276422
58871797464,2022-06-07,Foreign_Investor,74793410024
22464110,2022-06-07,Foreign_Dealer_Self,16488290
71818633104,2022-06-07,total,84035764533
2721513971,2022-06-07,Dealer_self,1334356659
6382599729,2022-06-07,Dealer_Hedging,5721721428
78255154453,2022-06-08,total,69594216428
6018597539,2022-06-08,Dealer_Hedging,5619711423
3671886630,2022-06-08,Investment_Trust,3043333953
63692139940,2022-06-08,Foreign_Investor,59292976293
4872530344,2022-06-08,Dealer_self,1638194759
15839330,2022-06-08,Foreign_Dealer_Self,18885360
2851437036,2022-06-09,Dealer_self,2121353217
5768158307,2022-06-09,Dealer_Hedging,5623919453
3422510942,2022-06-09,Investment_Trust,3579874754
18086890,2022-06-09,Foreign_Dealer_Self,14924830
65723239554,2022-06-09,total,74489227880
53681133269,2022-06-09,Foreign_Investor,63164080456
56251024179,2022-06-10,total,74626930844
3189277170,2022-06-10,Dealer_self,2199734877
5314493239,2022-06-10,Dealer_Hedging,5131193871
2723803247,2022-06-10,Investment_Trust,3719314052
45023450523,2022-06-10,Foreign_Investor,63576688044
11651160,2022-06-10,Foreign_Dealer_Self,14302960
2802690818,2022-06-13,Dealer_self,2836006413
2888553662,2022-06-13,Investment_Trust,2267869993
47976817850,2022-06-13,Foreign_Investor,96011104956
17126780,2022-06-13,Foreign_Dealer_Self,11036610
60239509385,2022-06-13,total,110668959047
6571447055,2022-06-13,Dealer_Hedging,9553977685
73942568529,2022-06-14,total,97718337210
60198212609,2022-06-14,Foreign_Investor,83890502270
12865160,2022-06-14,Foreign_Dealer_Self,12870900
6854755549,2022-06-14,Dealer_Hedging,7323368115
4278650113,2022-06-14,Dealer_self,2016353901
2610950258,2022-06-14,Investment_Trust,4488112924
87910423445,2022-06-15,total,101248995673
69316653521,2022-06-15,Foreign_Investor,88661309062
8989328781,2022-06-15,Dealer_Hedging,6856506712
6910297285,2022-06-15,Dealer_self,2760644551
12050110,2022-06-15,Foreign_Dealer_Self,13479390
2694143858,2022-06-15,Investment_Trust,2970535348
2223811778,2022-06-16,Dealer_self,3654698090
4755717612,2022-06-16,Investment_Trust,4252059353
96540981215,2022-06-16,total,99702735857
16740370,2022-06-16,Foreign_Dealer_Self,18002020
6509060356,2022-06-16,Dealer_Hedging,9669664688
83052391469,2022-06-16,Foreign_Investor,82126313726
111073671124,2022-06-17,Foreign_Investor,128744057104
13853490953,2022-06-17,Investment_Trust,17251035291
8373114971,2022-06-17,Dealer_Hedging,10294998982
17771770,2022-06-17,Foreign_Dealer_Self,15423060
2696812386,2022-06-17,Dealer_self,3787389392
135997089434,2022-06-17,total,160077480769
3118341273,2022-06-20,Dealer_self,3736484895
8222564598,2022-06-20,Dealer_Hedging,10089058675
11162365540,2022-06-20,Investment_Trust,10734009410
69674412949,2022-06-20,Foreign_Investor,77806417194
13588600,2022-06-20,Foreign_Dealer_Self,13219140
92177684360,2022-06-20,total,102365970174
87542028433,2022-06-21,Foreign_Investor,69462832314
10625469401,2022-06-21,Investment_Trust,10482009729
7554059458,2022-06-21,Dealer_Hedging,5867112864
12241640,2022-06-21,Foreign_Dealer_Self,16397380
8283306362,2022-06-21,Dealer_self,1929691960
114004863654,2022-06-21,total,87741646867
4898889017,2022-06-22,Dealer_self,3735001955
94685359962,2022-06-22,total,116164447095
72245238465,2022-06-22,Foreign_Investor,94621544731
9272474573,2022-06-22,Investment_Trust,9185003037
8268757907,2022-06-22,Dealer_Hedging,8622897372
15766090,2022-06-22,Foreign_Dealer_Self,19303560
115569561479,2022-06-23,total,117824352859
86330044199,2022-06-23,Foreign_Investor,94025054728
9472300590,2022-06-23,Investment_Trust,9996845970
9416644015,2022-06-23,Dealer_Hedging,10349487456
14130320,2022-06-23,Foreign_Dealer_Self,16250440
10350572675,2022-06-23,Dealer_self,3452964705
14079176422,2022-06-24,Dealer_self,2718792875
16270150,2022-06-24,Foreign_Dealer_Self,17334840
10012395880,2022-06-24,Dealer_Hedging,5950144113
69241384387,2022-06-24,Foreign_Investor,72081320594
97959572186,2022-06-24,total,83238605423
4626615497,2022-06-24,Investment_Trust,2488347841
9138422852,2022-06-27,Dealer_Hedging,8368353990
5960562350,2022-06-27,Dealer_self,2428651705
4595217170,2022-06-27,Investment_Trust,3576843670
80863702421,2022-06-27,Foreign_Investor,72183046406
20091500,2022-06-27,Foreign_Dealer_Self,22080210
100557904793,2022-06-27,total,86556895771
84144350503,2022-06-28,total,87421800635
65263670449,2022-06-28,Foreign_Investor,75239960212
3494188450,2022-06-28,Investment_Trust,2438345864
10120842744,2022-06-28,Dealer_Hedging,6593633858
18538460,2022-06-28,Foreign_Dealer_Self,26747000
5265648860,2022-06-28,Dealer_self,3149860701
80651567838,2022-06-29,Foreign_Investor,86072608829
3876314940,2022-06-29,Investment_Trust,3637811830
6019505349,2022-06-29,Dealer_Hedging,11377619966
26379330,2022-06-29,Foreign_Dealer_Self,11659740
93174997922,2022-06-29,total,106577794338
2627609795,2022-06-29,Dealer_self,5489753713
78439230233,2022-06-30,Foreign_Investor,99920202805
2738067407,2022-06-30,Dealer_self,4256321103
13007310,2022-06-30,Foreign_Dealer_Self,18552190
8952366764,2022-06-30,Dealer_Hedging,9290043058
4476826907,2022-06-30,Investment_Trust,2746809713
94606491311,2022-06-30,total,116213376679
115568795396,2022-07-01,total,121792459938
90214449445,2022-07-01,Foreign_Investor,102070998550
11198410934,2022-07-01,Dealer_Hedging,11602781673
4911910560,2022-07-01,Investment_Trust,3492825917
9244024457,2022-07-01,Dealer_self,4625853798
14961580,2022-07-01,Foreign_Dealer_Self,25373730
15163060,2022-07-04,Foreign_Dealer_Self,24159300
8174368542,2022-07-04,Dealer_self,3213543543
9257059211,2022-07-04,Dealer_Hedging,8272913658
5115743039,2022-07-04,Investment_Trust,2967501316
107136785300,2022-07-04,total,105285253513
84589614508,2022-07-04,Foreign_Investor,90831294996
81457731753,2022-07-05,Foreign_Investor,81530300290
9649245147,2022-07-05,Dealer_Hedging,9048978708
5203680310,2022-07-05,Investment_Trust,3202667732
7146465098,2022-07-05,Dealer_self,3312312957
21884730,2022-07-05,Foreign_Dealer_Self,23183720
103457122308,2022-07-05,total,97094259687
82640299881,2022-07-06,Foreign_Investor,90268318206
18827600,2022-07-06,Foreign_Dealer_Self,16489540
96228089309,2022-07-06,total,107101273299
4495103772,2022-07-06,Investment_Trust,4479142764
2037223930,2022-07-06,Dealer_self,3387755480
7055461726,2022-07-06,Dealer_Hedging,8966056849
4346822365,2022-07-07,Dealer_self,3330249078
16873140,2022-07-07,Foreign_Dealer_Self,23820230
9185937423,2022-07-07,Dealer_Hedging,7076182825
6030968827,2022-07-07,Investment_Trust,3156846450
96416625645,2022-07-07,Foreign_Investor,80427958659
115980354260,2022-07-07,total,93991237012
7877812714,2022-07-08,Dealer_Hedging,7358883918
23353340,2022-07-08,Foreign_Dealer_Self,19169790
78749572373,2022-07-08,Foreign_Investor,82689441319
93915206940,2022-07-08,total,96932435013
3835417262,2022-07-08,Investment_Trust,3046691990
3452404591,2022-07-08,Dealer_self,3837417786
53935511296,2022-07-11,Foreign_Investor,56993132350
5305496220,2022-07-11,Dealer_Hedging,6323834892
18001520,2022-07-11,Foreign_Dealer_Self,20860100
1679276676,2022-07-11,Dealer_self,2384197223
2429797450,2022-07-11,Investment_Trust,2256306749
63350081642,2022-07-11,total,67957471214
70861194361,2022-07-12,total,84816815576
1739620869,2022-07-12,Dealer_self,3894281438
6012616543,2022-07-12,Dealer_Hedging,8626027705
3419174180,2022-07-12,Investment_Trust,2927366216
59689782769,2022-07-12,Foreign_Investor,69369140217
20039070,2022-07-12,Foreign_Dealer_Self,25189860
5888653834,2022-07-13,Dealer_self,2478615068
18983540,2022-07-13,Foreign_Dealer_Self,22564020
7950001726,2022-07-13,Dealer_Hedging,6996012916
3747427320,2022-07-13,Investment_Trust,2641704794
80449982568,2022-07-13,Foreign_Investor,74659483356
98036065448,2022-07-13,total,86775816134
4204759942,2022-07-14,Investment_Trust,2837176385
4066245175,2022-07-14,Dealer_self,2348857369
15853940,2022-07-14,Foreign_Dealer_Self,26522850
6506374568,2022-07-14,Dealer_Hedging,6692613589
69917251061,2022-07-14,Foreign_Investor,68822686261
84694630746,2022-07-14,total,80701333604
68353338077,2022-07-15,Foreign_Investor,79524303955
6085167495,2022-07-15,Investment_Trust,3094479568
6831761497,2022-07-15,Dealer_Hedging,7448113508
29935440,2022-07-15,Foreign_Dealer_Self,21189610
3892968519,2022-07-15,Dealer_self,3546511839
85163235588,2022-07-15,total,93613408870
70595939621,2022-07-18,Foreign_Investor,71067778541
10381915839,2022-07-18,Investment_Trust,8081523945
6697433742,2022-07-18,Dealer_Hedging,6531945760
90477629869,2022-07-18,total,87735735387
2802340667,2022-07-18,Dealer_self,2054487141
24099450,2022-07-18,Foreign_Dealer_Self,19737060
2504475175,2022-07-19,Dealer_self,1867113021
59866321022,2022-07-19,Foreign_Investor,62110051501
5404424434,2022-07-19,Dealer_Hedging,5744937593
20240420,2022-07-19,Foreign_Dealer_Self,18522090
74061644451,2022-07-19,total,75923320515
6286423820,2022-07-19,Investment_Trust,6201218400
4313226782,2022-07-20,Dealer_self,5532293129
8262398893,2022-07-20,Dealer_Hedging,6975278773
7661426960,2022-07-20,Investment_Trust,6418850410
75769698881,2022-07-20,Foreign_Investor,79217250503
96006751516,2022-07-20,total,98143672815
24769480,2022-07-20,Foreign_Dealer_Self,30812600
93132625997,2022-07-21,total,79509028319
3380083298,2022-07-21,Dealer_self,2634173315
28354480,2022-07-21,Foreign_Dealer_Self,20515170
6050445087,2022-07-21,Dealer_Hedging,5225198448
6370556860,2022-07-21,Investment_Trust,5872200144
77331540752,2022-07-21,Foreign_Investor,65777456412
2287991138,2022-07-22,Dealer_self,3956373849
6091582514,2022-07-22,Dealer_Hedging,6719494820
7673944812,2022-07-22,Investment_Trust,6783012873
71644470637,2022-07-22,Foreign_Investor,75666529889
87697989101,2022-07-22,total,93125411431
21725190,2022-07-22,Foreign_Dealer_Self,25687610
2372419746,2022-07-25,Dealer_self,2564920692
20901780,2022-07-25,Foreign_Dealer_Self,21166460
5433346690,2022-07-25,Dealer_Hedging,5650798406
3035488287,2022-07-25,Investment_Trust,1746257164
54188129799,2022-07-25,Foreign_Investor,55700973275
65029384522,2022-07-25,total,65662949537
1693094353,2022-07-26,Dealer_self,2631478278
21087000,2022-07-26,Foreign_Dealer_Self,18876810
4687203208,2022-07-26,Dealer_Hedging,6387663051
2741730159,2022-07-26,Investment_Trust,1721992161
52623030083,2022-07-26,Foreign_Investor,55299002338
61745057803,2022-07-26,total,66040135828
2201456297,2022-07-27,Dealer_self,2252860556
70348716227,2022-07-27,total,63924884106
15718560,2022-07-27,Foreign_Dealer_Self,17029590
59594350624,2022-07-27,Foreign_Investor,53273424717
2987421199,2022-07-27,Investment_Trust,2868616864
5565488107,2022-07-27,Dealer_Hedging,5529981969
6365073625,2022-07-28,Dealer_Hedging,6376830913
20706320,2022-07-28,Foreign_Dealer_Self,19650100
4854004083,2022-07-28,Investment_Trust,2809622780
64172883111,2022-07-28,Foreign_Investor,68193370347
77970646946,2022-07-28,total,80474055601
2578686127,2022-07-28,Dealer_self,3094231561
85094271342,2022-07-29,Foreign_Investor,71529142659
97760215670,2022-07-29,total,83138204152
2700720528,2022-07-29,Dealer_self,2421063793
19010530,2022-07-29,Foreign_Dealer_Self,19547650
6410757830,2022-07-29,Dealer_Hedging,7244290633
3554465970,2022-07-29,Investment_Trust,1943707067
2073753112,2022-08-01,Dealer_self,1510259338
19607610,2022-08-01,Foreign_Dealer_Self,17410710
5420515113,2022-08-01,Dealer_Hedging,5173500300
5065311100,2022-08-01,Investment_Trust,2953761936
54479198729,2022-08-01,Foreign_Investor,61192931130
67038778054,2022-08-01,total,70830452704
5688952033,2022-08-02,Investment_Trust,4342561168
6651292513,2022-08-02,Dealer_Hedging,8989639234
2516422312,2022-08-02,Dealer_self,2312704290
61452240683,2022-08-02,Foreign_Investor,81126794430
76308907541,2022-08-02,total,96771699122
17597590,2022-08-02,Foreign_Dealer_Self,18722830
54347774003,2022-08-03,Foreign_Investor,60506958957
1466829636,2022-08-03,Dealer_self,2538737530
4855253548,2022-08-03,Dealer_Hedging,5577135686
3281449425,2022-08-03,Investment_Trust,1600456780
16418370,2022-08-03,Foreign_Dealer_Self,15901820
63951306612,2022-08-03,total,70223288953
2324810217,2022-08-04,Dealer_self,3292304925
3585126222,2022-08-04,Investment_Trust,2338619859
61112599651,2022-08-04,Foreign_Investor,65278321602
14758870,2022-08-04,Foreign_Dealer_Self,18831350
72526931594,2022-08-04,total,77295180620
5504395504,2022-08-04,Dealer_Hedging,6385934234
74224383426,2022-08-05,Foreign_Investor,49496296510
6836400713,2022-08-05,Dealer_Hedging,5417934350
22997130,2022-08-05,Foreign_Dealer_Self,24908130
2330628563,2022-08-05,Dealer_self,1392982174
4407724930,2022-08-05,Investment_Trust,1995004100
87799137632,2022-08-05,total,58302217134
2096809438,2022-08-08,Dealer_self,1555247255
20930940,2022-08-08,Foreign_Dealer_Self,20906260
5002000280,2022-08-08,Dealer_Hedging,5504268505
3326169150,2022-08-08,Investment_Trust,1268537866
52888726523,2022-08-08,Foreign_Investor,55264148843
63313705391,2022-08-08,total,63592202469
3140243594,2022-08-09,Investment_Trust,1899948980
55703353034,2022-08-09,Foreign_Investor,59651783116
21250670,2022-08-09,Foreign_Dealer_Self,26625570
67031710534,2022-08-09,total,68237182675
2130160441,2022-08-09,Dealer_self,1523386030
6057953465,2022-08-09,Dealer_Hedging,5162064549
1907402784,2022-08-10,Dealer_self,2942496156
20127630,2022-08-10,Foreign_Dealer_Self,19851060
5012929373,2022-08-10,Dealer_Hedging,6810913541
50413521231,2022-08-10,Foreign_Investor,67975348807
61206225412,2022-08-10,total,80021581542
3872372024,2022-08-10,Investment_Trust,2292823038
3403985980,2022-08-11,Investment_Trust,2299316121
7182044441,2022-08-11,Dealer_Hedging,5403835165
21123370,2022-08-11,Foreign_Dealer_Self,27061540
2266598650,2022-08-11,Dealer_self,2471463373
75628503525,2022-08-11,Foreign_Investor,61584311027
88481132596,2022-08-11,total,71758925686
75666457724,2022-08-12,total,66007029000
30908840,2022-08-12,Foreign_Dealer_Self,19645610
63422438504,2022-08-12,Foreign_Investor,56128617574
3717922350,2022-08-12,Investment_Trust,2903553867
6031273352,2022-08-12,Dealer_Hedging,5161711795
2494823518,2022-08-12,Dealer_self,1813145764
7207636236,2022-08-15,Investment_Trust,2609658343
58298728989,2022-08-15,Foreign_Investor,63351583577
28784470,2022-08-15,Foreign_Dealer_Self,22412270
76068664976,2022-08-15,total,75992285180
7820354052,2022-08-15,Dealer_Hedging,6971346096
2741945699,2022-08-15,Dealer_self,3059697164
1836701486,2022-08-16,Dealer_self,1842737634
23344750,2022-08-16,Foreign_Dealer_Self,17562550
5915683073,2022-08-16,Dealer_Hedging,7702300551
6051583786,2022-08-16,Investment_Trust,1939341801
54758639506,2022-08-16,Foreign_Investor,60395708398
68562607851,2022-08-16,total,71880088384
2895844930,2022-08-17,Investment_Trust,1807662463
5926092288,2022-08-17,Dealer_Hedging,7001286747
3925832196,2022-08-17,Dealer_self,3567558382
82205221203,2022-08-17,total,83373224206
19784260,2022-08-17,Foreign_Dealer_Self,19243900
69457451789,2022-08-17,Foreign_Investor,70996716614
3171357660,2022-08-18,Investment_Trust,2386332863
16634720,2022-08-18,Foreign_Dealer_Self,25655840
5073716135,2022-08-18,Dealer_Hedging,5942561699
2413912610,2022-08-18,Dealer_self,2292857127
50195693391,2022-08-18,Foreign_Investor,57934806353
60854679796,2022-08-18,total,68556558042
21140230,2022-08-19,Foreign_Dealer_Self,18259840
2279109983,2022-08-19,Dealer_self,1817670433
5567838537,2022-08-19,Dealer_Hedging,5073450525
4094216360,2022-08-19,Investment_Trust,2519550872
52999169995,2022-08-19,Foreign_Investor,60297278126
64940334875,2022-08-19,total,69707949956
52009264552,2022-08-22,Foreign_Investor,67118660640
3499160551,2022-08-22,Investment_Trust,2701482758
5534809400,2022-08-22,Dealer_Hedging,6380257833
2252710958,2022-08-22,Dealer_self,2096957578
19410200,2022-08-22,Foreign_Dealer_Self,23177220
63295945461,2022-08-22,total,78297358809
1869332918,2022-08-23,Dealer_self,2025007437
19626020,2022-08-23,Foreign_Dealer_Self,16171290
5176209476,2022-08-23,Dealer_Hedging,7558443044
2344476160,2022-08-23,Investment_Trust,1995546508
45156118387,2022-08-23,Foreign_Investor,61913199161
54546136941,2022-08-23,total,73492196150
1686954033,2022-08-24,Dealer_self,2163480031
15870570,2022-08-24,Foreign_Dealer_Self,18655930
5183103800,2022-08-24,Dealer_Hedging,6405314470
4419005961,2022-08-24,Investment_Trust,2160712447
44255035946,2022-08-24,Foreign_Investor,54535001858
55544099740,2022-08-24,total,65264508806
18775840,2022-08-25,Foreign_Dealer_Self,26610280
5984711588,2022-08-25,Dealer_Hedging,5102288194
4828528261,2022-08-25,Investment_Trust,2716570650
45611145431,2022-08-25,Foreign_Investor,43940748636
2127246403,2022-08-25,Dealer_self,1443814047
58551631683,2022-08-25,total,53203421527
53561712503,2022-08-26,Foreign_Investor,50107964062
4431361540,2022-08-26,Investment_Trust,2372678771
6632206477,2022-08-26,Dealer_Hedging,5492470829
66670492312,2022-08-26,total,59749245742
2045211792,2022-08-26,Dealer_self,1776132080
31626200,2022-08-26,Foreign_Dealer_Self,20625180
2203321885,2022-08-29,Dealer_self,5517463450
6352939020,2022-08-29,Dealer_Hedging,11239516677
3623903715,2022-08-29,Investment_Trust,2568529678
50282658578,2022-08-29,Foreign_Investor,74683472779
62462823198,2022-08-29,total,94008982584
17620330,2022-08-29,Foreign_Dealer_Self,19709780
3459717690,2022-08-30,Investment_Trust,1958733734
6211337285,2022-08-30,Dealer_Hedging,6631506187
49799510248,2022-08-30,Foreign_Investor,68292243490
18469840,2022-08-30,Foreign_Dealer_Self,16863880
61063099627,2022-08-30,total,79051891988
1592534404,2022-08-30,Dealer_self,2169408577
87391614820,2022-08-31,Foreign_Investor,84655697462
99482132461,2022-08-31,total,94367210468
2381480141,2022-08-31,Dealer_self,1562163872
15255860,2022-08-31,Foreign_Dealer_Self,17403440
7885863700,2022-08-31,Dealer_Hedging,6662441753
1823173800,2022-08-31,Investment_Trust,1486907381
1528909031,2022-09-01,Dealer_self,10441865313
19771490,2022-09-01,Foreign_Dealer_Self,18524930
6892746479,2022-09-01,Dealer_Hedging,12876996574
4237291880,2022-09-01,Investment_Trust,3657404070
51244178210,2022-09-01,Foreign_Investor,84472700670
63903125600,2022-09-01,total,111448966627
4086453272,2022-09-02,Investment_Trust,3534651347
59823452590,2022-09-02,Foreign_Investor,74448669078
14879400,2022-09-02,Foreign_Dealer_Self,21881790
72823224854,2022-09-02,total,90138975075
6364722895,2022-09-02,Dealer_Hedging,9452401423
2548596097,2022-09-02,Dealer_self,2703253227
2509596697,2022-09-05,Dealer_self,1997490661
15388870,2022-09-05,Foreign_Dealer_Self,17793280
57462561278,2022-09-05,Foreign_Investor,60510530638
5395744579,2022-09-05,Dealer_Hedging,7748172589
3181047350,2022-09-05,Investment_Trust,2517749995
68548949904,2022-09-05,total,72773943883
1929677338,2022-09-06,Dealer_self,1599538232
3774389400,2022-09-06,Investment_Trust,2863989614
68651144426,2022-09-06,total,69036402958
57947725139,2022-09-06,Foreign_Investor,58014397390
4999352549,2022-09-06,Dealer_Hedging,6558477722
20493440,2022-09-06,Foreign_Dealer_Self,16538770
65291397211,2022-09-07,total,88096620196
16964780,2022-09-07,Foreign_Dealer_Self,18087130
54401635838,2022-09-07,Foreign_Investor,72149959551
3471753200,2022-09-07,Investment_Trust,1888146217
5808838166,2022-09-07,Dealer_Hedging,8065993461
1609170007,2022-09-07,Dealer_self,5992520967
6099757909,2022-09-08,Dealer_Hedging,5612562309
3255317630,2022-09-08,Investment_Trust,1122418725
60665307351,2022-09-08,Foreign_Investor,63114040267
1604926460,2022-09-08,Dealer_self,1770122420
15004370,2022-09-08,Foreign_Dealer_Self,17638020
71625309350,2022-09-08,total,71619143721
2654239058,2022-09-12,Investment_Trust,1327024200
77888724861,2022-09-12,total,63162880854
66288095427,2022-09-12,Foreign_Investor,55075597855
6424249870,2022-09-12,Dealer_Hedging,4973332798
24328180,2022-09-12,Foreign_Dealer_Self,22575040
2522140506,2022-09-12,Dealer_self,1786926001
73902629274,2022-09-13,total,62594260639
23133790,2022-09-13,Foreign_Dealer_Self,17979070
6414470024,2022-09-13,Dealer_Hedging,5377254504
3060223090,2022-09-13,Investment_Trust,1631785550
62668975524,2022-09-13,Foreign_Investor,54185614392
1758960636,2022-09-13,Dealer_self,1399606193
65554963704,2022-09-14,total,83600034890
2079999397,2022-09-14,Dealer_self,2780494434
17497830,2022-09-14,Foreign_Dealer_Self,23607290
4758459769,2022-09-14,Dealer_Hedging,8185478407
4133434595,2022-09-14,Investment_Trust,4521941413
54583069943,2022-09-14,Foreign_Investor,68112120636
1452975709,2022-09-15,Dealer_self,2790420666
22479600,2022-09-15,Foreign_Dealer_Self,16765470
4850723445,2022-09-15,Dealer_Hedging,4805392157
4096495553,2022-09-15,Investment_Trust,2630608414
55122142132,2022-09-15,Foreign_Investor,60971219155
65522336839,2022-09-15,total,71197640392
1425687248,2022-09-16,Dealer_self,2672589149
11222907487,2022-09-16,Investment_Trust,8174137727
17466900,2022-09-16,Foreign_Dealer_Self,16245930
4588350768,2022-09-16,Dealer_Hedging,8157985769
101503527031,2022-09-16,Foreign_Investor,118968045272
118740472534,2022-09-16,total,137972757917
4383671738,2022-09-19,Dealer_Hedging,5502425891
62097604634,2022-09-19,total,69202839725
49772051944,2022-09-19,Foreign_Investor,56966884289
6573219668,2022-09-19,Investment_Trust,5476321672
1368661284,2022-09-19,Dealer_self,1257207873
9921660,2022-09-19,Foreign_Dealer_Self,13667480
9960880,2022-09-20,Foreign_Dealer_Self,14341900
1581678654,2022-09-20,Dealer_self,1208792391
5517700599,2022-09-20,Dealer_Hedging,4807237145
5420767488,2022-09-20,Investment_Trust,4534948210
62374110512,2022-09-20,Foreign_Investor,59129898360
74894257253,2022-09-20,total,69680876106
59332959389,2022-09-21,Foreign_Investor,68587477689
4915767912,2022-09-21,Investment_Trust,4741773515
74013741523,2022-09-21,total,84765422032
5879795234,2022-09-21,Dealer_Hedging,7719404473
12233870,2022-09-21,Foreign_Dealer_Self,17732530
3885218988,2022-09-21,Dealer_self,3716766355
7172883565,2022-09-22,Dealer_Hedging,9512124248
8066700237,2022-09-22,Investment_Trust,5274684147
57329951050,2022-09-22,Foreign_Investor,76882720273
74252402061,2022-09-22,total,94206814119
1682867209,2022-09-22,Dealer_self,2537285451
14198960,2022-09-22,Foreign_Dealer_Self,15990310
17578090,2022-09-23,Foreign_Dealer_Self,12495070
1870479181,2022-09-23,Dealer_self,2360759886
2892371690,2022-09-23,Investment_Trust,2789812774
52528069507,2022-09-23,Foreign_Investor,66583292894
6028697298,2022-09-23,Dealer_Hedging,8431382651
63319617676,2022-09-23,total,80165248205
2097230654,2022-09-26,Dealer_self,2475018965
10042475701,2022-09-26,Dealer_Hedging,12840786038
62930511270,2022-09-26,Foreign_Investor,70775997129
80482846637,2022-09-26,total,89226507187
13062590,2022-09-26,Foreign_Dealer_Self,15382860
5412629012,2022-09-26,Investment_Trust,3134705055
2341963803,2022-09-27,Dealer_self,1555167636
65734300869,2022-09-27,Foreign_Investor,72075974508
4284828405,2022-09-27,Investment_Trust,2524857899
6598450480,2022-09-27,Dealer_Hedging,7573828355
13548310,2022-09-27,Foreign_Dealer_Self,17268960
78959543557,2022-09-27,total,83729828398
83317280787,2022-09-28,total,97332327833
69148734811,2022-09-28,Foreign_Investor,81105669176
1620181620,2022-09-28,Dealer_self,2640453460
8347786626,2022-09-28,Dealer_Hedging,11429410092
15620740,2022-09-28,Foreign_Dealer_Self,18348100
4200577730,2022-09-28,Investment_Trust,2156795105
94458560750,2022-09-29,total,93746737689
80779886049,2022-09-29,Foreign_Investor,82167972320
7941386170,2022-09-29,Dealer_Hedging,7905173995
15979580,2022-09-29,Foreign_Dealer_Self,22907960
3443986093,2022-09-29,Investment_Trust,1942668606
2293302438,2022-09-29,Dealer_self,1730922768
82004854550,2022-09-30,Foreign_Investor,87889478432
2212754535,2022-09-30,Dealer_self,1889882022
19435600,2022-09-30,Foreign_Dealer_Self,31582140
7590051635,2022-09-30,Dealer_Hedging,8223281600
3899411670,2022-09-30,Investment_Trust,2151157095
95707072390,2022-09-30,total,100153799149
1691348157,2022-10-03,Dealer_self,1897046771
3595462346,2022-10-03,Investment_Trust,2354000059
31384640,2022-10-03,Foreign_Dealer_Self,25773280
5790988722,2022-10-03,Dealer_Hedging,7675189091
51005433231,2022-10-03,Foreign_Investor,60378749165
62083232456,2022-10-03,total,72304985086
2866416543,2022-10-04,Investment_Trust,1528299050
64849082226,2022-10-04,Foreign_Investor,58675558672
80065091534,2022-10-04,total,69124380721
9544863533,2022-10-04,Dealer_Hedging,7293099438
2804729232,2022-10-04,Dealer_self,1627423561
25572100,2022-10-04,Foreign_Dealer_Self,23161400
2666874640,2022-10-05,Dealer_self,2555369866
32875090,2022-10-05,Foreign_Dealer_Self,32663430
10540691948,2022-10-05,Dealer_Hedging,8406345685
3471795511,2022-10-05,Investment_Trust,1391878000
77671286780,2022-10-05,Foreign_Investor,72683143130
94350648879,2022-10-05,total,85036736681
78117857216,2022-10-06,total,65457737862
67757883525,2022-10-06,Foreign_Investor,55054835639
6154931599,2022-10-06,Dealer_Hedging,6673335930
2783363740,2022-10-06,Investment_Trust,1567574767
1421678352,2022-10-06,Dealer_self,2161991526
24043170,2022-10-06,Foreign_Dealer_Self,23721120
1251104417,2022-10-07,Dealer_self,2155364772
19725490,2022-10-07,Foreign_Dealer_Self,18757100
5059857394,2022-10-07,Dealer_Hedging,7790797834
2473914769,2022-10-07,Investment_Trust,1270582130
50512259595,2022-10-07,Foreign_Investor,60007009452
59297136175,2022-10-07,total,71223754188
3277258732,2022-10-11,Investment_Trust,1484323908
8171438681,2022-10-11,Dealer_Hedging,13158307902
1584838413,2022-10-11,Dealer_self,2764422941
87577680362,2022-10-11,total,126115073282
18334010,2022-10-11,Foreign_Dealer_Self,47218210
74544144536,2022-10-11,Foreign_Investor,108708018531
80576092923,2022-10-12,total,97259610868
1925315960,2022-10-12,Dealer_self,1627622646
2549881310,2022-10-12,Investment_Trust,1878527290
7197831602,2022-10-12,Dealer_Hedging,8209835538
68903064051,2022-10-12,Foreign_Investor,85543625394
21176740,2022-10-12,Foreign_Dealer_Self,24374530
69868992664,2022-10-13,Foreign_Investor,79659022651
1623424899,2022-10-13,Dealer_self,2882018731
6463309582,2022-10-13,Dealer_Hedging,8376898288
3763565950,2022-10-13,Investment_Trust,1462016068
81719293095,2022-10-13,total,92379955738
23029710,2022-10-13,Foreign_Dealer_Self,33777410
9224603300,2022-10-14,Dealer_Hedging,5705227049
2679974999,2022-10-14,Investment_Trust,3177573438
82448882102,2022-10-14,Foreign_Investor,72098336294
29626970,2022-10-14,Foreign_Dealer_Self,40590940
98229573672,2022-10-14,total,82561587068
3876113271,2022-10-14,Dealer_self,1580450287
4258112910,2022-10-17,Investment_Trust,5135864496
9715971790,2022-10-17,Dealer_Hedging,11175665093
84730775126,2022-10-17,total,94821227870
31464720,2022-10-17,Foreign_Dealer_Self,35949050
2917973560,2022-10-17,Dealer_self,1903633439
67838716866,2022-10-17,Foreign_Investor,76606064842
4060715891,2022-10-18,Dealer_self,1495006024
4140411971,2022-10-18,Investment_Trust,6077447933
67886712866,2022-10-18,Foreign_Investor,71571978119
32288190,2022-10-18,Foreign_Dealer_Self,31551060
8625551825,2022-10-18,Dealer_Hedging,7979722851
84713392553,2022-10-18,total,87124154927
3578836645,2022-10-19,Dealer_self,2499345956
81013263040,2022-10-19,total,90732548093
63142004291,2022-10-19,Foreign_Investor,75313159703
5680935600,2022-10-19,Investment_Trust,3859337097
8611486504,2022-10-19,Dealer_Hedging,9060705337
24195610,2022-10-19,Foreign_Dealer_Self,38236530
8833707760,2022-10-20,Dealer_Hedging,9799180192
102751342225,2022-10-20,Foreign_Investor,115747018803
24866210,2022-10-20,Foreign_Dealer_Self,32465240
117753907861,2022-10-20,total,131825606559
1959746991,2022-10-20,Dealer_self,2610333704
4209110885,2022-10-20,Investment_Trust,3669073860
1266267429,2022-10-21,Dealer_self,1389434827
4855027684,2022-10-21,Dealer_Hedging,6011820761
2701140420,2022-10-21,Investment_Trust,1775420143
22217810,2022-10-21,Foreign_Dealer_Self,30636330
66467917645,2022-10-21,total,73060098625
57645482112,2022-10-21,Foreign_Investor,63883422894
2878166096,2022-10-24,Investment_Trust,1271331644
5250113604,2022-10-24,Dealer_self,1466844920
30428830,2022-10-24,Foreign_Dealer_Self,29364110
7998791476,2022-10-24,Dealer_Hedging,7967868220
62884117034,2022-10-24,Foreign_Investor,64291989242
79011188210,2022-10-24,total,74998034026
8646391915,2022-10-25,Dealer_Hedging,7543449365
2380913125,2022-10-25,Investment_Trust,2080132050
85496980361,2022-10-25,total,89610590994
67437529422,2022-10-25,Foreign_Investor,77778308240
7032145899,2022-10-25,Dealer_self,2208701339
27886490,2022-10-25,Foreign_Dealer_Self,31808120
84271458753,2022-10-26,total,78230758325
71181046665,2022-10-26,Foreign_Investor,68420615518
1880433735,2022-10-26,Investment_Trust,2775761936
6006595517,2022-10-26,Dealer_Hedging,5354568589
5203382836,2022-10-26,Dealer_self,1679812282
32257320,2022-10-26,Foreign_Dealer_Self,32754620
5844900507,2022-10-27,Dealer_Hedging,5555713948
1868083605,2022-10-27,Dealer_self,1918087753
2567354290,2022-10-27,Investment_Trust,1851334624
74661572194,2022-10-27,Foreign_Investor,64229657453
26627700,2022-10-27,Foreign_Dealer_Self,27670220
84941910596,2022-10-27,total,73554793778
39460380,2022-10-28,Foreign_Dealer_Self,20385890
5035999228,2022-10-28,Dealer_Hedging,6797860253
4046981700,2022-10-28,Investment_Trust,2239698704
57956621819,2022-10-28,Foreign_Investor,69808796351
68452770582,2022-10-28,total,80825050534
1413167835,2022-10-28,Dealer_self,1978695226
69504322124,2022-10-31,Foreign_Investor,64936974827
80529787634,2022-10-31,total,73018368337
2266292410,2022-10-31,Dealer_self,1364652635
18436210,2022-10-31,Foreign_Dealer_Self,26295900
6135567206,2022-10-31,Dealer_Hedging,5194932862
2623605894,2022-10-31,Investment_Trust,1521808013
2505178589,2022-11-01,Dealer_self,852914431
23420430,2022-11-01,Foreign_Dealer_Self,30583600
5161935241,2022-11-01,Dealer_Hedging,4451043278
2052907774,2022-11-01,Investment_Trust,1730000661
56876399498,2022-11-01,Foreign_Investor,57872317635
66596421102,2022-11-01,total,64906276005
61497790331,2022-11-02,total,60190170499
52498118484,2022-11-02,Foreign_Investor,53017303109
2578924661,2022-11-02,Investment_Trust,1267518700
1553092591,2022-11-02,Dealer_self,1150152455
31944630,2022-11-02,Foreign_Dealer_Self,25433870
4867654595,2022-11-02,Dealer_Hedging,4755196235
60557825957,2022-11-03,total,72568437580
3370711856,2022-11-03,Investment_Trust,1261536041
50643478269,2022-11-03,Foreign_Investor,63275993983
23130750,2022-11-03,Foreign_Dealer_Self,29842380
5225154198,2022-11-03,Dealer_Hedging,6734749822
1318481634,2022-11-03,Dealer_self,1296157734
1915338010,2022-11-04,Investment_Trust,1615729437
64544427197,2022-11-04,total,72376226857
6812770724,2022-11-04,Dealer_Hedging,6064282186
28477040,2022-11-04,Foreign_Dealer_Self,26342860
1248187032,2022-11-04,Dealer_self,1334007436
54568131431,2022-11-04,Foreign_Investor,63362207798
80708679610,2022-11-07,total,70057684055
41145980,2022-11-07,Foreign_Dealer_Self,30977920
68907942074,2022-11-07,Foreign_Investor,59709032270
3207759429,2022-11-07,Investment_Trust,2273872224
7224322612,2022-11-07,Dealer_Hedging,6560651610
1368655495,2022-11-07,Dealer_self,1514127951
1789647319,2022-11-08,Dealer_self,2060849437
3558561877,2022-11-08,Investment_Trust,2139897090
35410800,2022-11-08,Foreign_Dealer_Self,23156570
5681439021,2022-11-08,Dealer_Hedging,6257678263
71105445428,2022-11-08,Foreign_Investor,62105190391
82135093645,2022-11-08,total,72563615181
98398836214,2022-11-09,total,75150056123
86609062068,2022-11-09,Foreign_Investor,62452406420
33794480,2022-11-09,Foreign_Dealer_Self,34919030
6075996757,2022-11-09,Dealer_Hedging,7579277340
3812233946,2022-11-09,Investment_Trust,2451224327
1901543443,2022-11-09,Dealer_self,2667148036
33431970,2022-11-10,Foreign_Dealer_Self,26612820
1149421612,2022-11-10,Dealer_self,2372199361
4444374917,2022-11-10,Dealer_Hedging,7624612064
2467333536,2022-11-10,Investment_Trust,2388405757
63287306264,2022-11-10,Foreign_Investor,64979505550
71348436329,2022-11-10,total,77364722732
2457251564,2022-11-11,Dealer_self,4996501436
52288460,2022-11-11,Foreign_Dealer_Self,53190690
9629736150,2022-11-11,Dealer_Hedging,10752707368
7272352127,2022-11-11,Investment_Trust,3713593805
139324156542,2022-11-11,Foreign_Investor,90487580463
158683496383,2022-11-11,total,109950383072
7951295545,2022-11-14,Dealer_Hedging,10384580982
3035608558,2022-11-14,Investment_Trust,2843470500
129648847115,2022-11-14,Foreign_Investor,92060615968
41835600,2022-11-14,Foreign_Dealer_Self,52971430
142469121461,2022-11-14,total,109738670835
1833370243,2022-11-14,Dealer_self,4450003385
55872790,2022-11-15,Foreign_Dealer_Self,61373510
9107957229,2022-11-15,Dealer_Hedging,11955993062
5212222188,2022-11-15,Investment_Trust,4142484173
120785748676,2022-11-15,Foreign_Investor,85986033533
2339671153,2022-11-15,Dealer_self,5689190858
137445599246,2022-11-15,total,107773701626
54901960,2022-11-16,Foreign_Dealer_Self,41739110
4039603105,2022-11-16,Investment_Trust,3079282400
121315087681,2022-11-16,total,115446459800
2521411765,2022-11-16,Dealer_self,6732613954
8913717883,2022-11-16,Dealer_Hedging,11375018807
105840354928,2022-11-16,Foreign_Investor,94259544639
87840262465,2022-11-17,total,88238166105
73618134784,2022-11-17,Foreign_Investor,76928745223
3772100980,2022-11-17,Investment_Trust,2545843144
8087120702,2022-11-17,Dealer_Hedging,6862959821
2362905999,2022-11-17,Dealer_self,1900617917
37015020,2022-11-17,Foreign_Dealer_Self,36335530
1467943240,2022-11-18,Dealer_self,3489520874
6816063918,2022-11-18,Dealer_Hedging,7165018535
3029339402,2022-11-18,Investment_Trust,2668698558
70325635905,2022-11-18,Foreign_Investor,72728357460
55759700,2022-11-18,Foreign_Dealer_Self,33478180
81638982465,2022-11-18,total,86051595427
1262363046,2022-11-21,Dealer_self,1350094296
28567520,2022-11-21,Foreign_Dealer_Self,19578320
5120599615,2022-11-21,Dealer_Hedging,6952211525
68297139497,2022-11-21,total,72432209959
59145701638,2022-11-21,Foreign_Investor,60925805351
2768475198,2022-11-21,Investment_Trust,3204098787
1252252186,2022-11-22,Dealer_self,1661193968
23560090,2022-11-22,Foreign_Dealer_Self,23463320
4888316496,2022-11-22,Dealer_Hedging,5559156948
3181005892,2022-11-22,Investment_Trust,4112476772
64837854510,2022-11-22,Foreign_Investor,64254070680
74159429084,2022-11-22,total,75586898368
4529285756,2022-11-23,Dealer_Hedging,4659338590
4309229814,2022-11-23,Investment_Trust,3799881982
69753175064,2022-11-23,total,67575203627
59706783610,2022-11-23,Foreign_Investor,57585687579
23507820,2022-11-23,Foreign_Dealer_Self,24180390
1207875884,2022-11-23,Dealer_self,1530295476
93291956234,2022-11-24,total,68873636606
26607990,2022-11-24,Foreign_Dealer_Self,43714230
5518275035,2022-11-24,Investment_Trust,4024520048
6511316984,2022-11-24,Dealer_Hedging,7395975500
1755208501,2022-11-24,Dealer_self,1264828223
79507155714,2022-11-24,Foreign_Investor,56188312835
76666932172,2022-11-25,total,81156119857
66765965870,2022-11-25,Foreign_Investor,66849926620
968025034,2022-11-25,Dealer_self,2797088849
4545729550,2022-11-25,Investment_Trust,3424952551
40229860,2022-11-25,Foreign_Dealer_Self,35905010
4387211718,2022-11-25,Dealer_Hedging,8084151837
1053843239,2022-11-28,Dealer_self,2742589324
5627863251,2022-11-28,Dealer_Hedging,8401826929
3421313398,2022-11-28,Investment_Trust,4047720543
64587925865,2022-11-28,Foreign_Investor,75368117037
31833910,2022-11-28,Foreign_Dealer_Self,31718020
74690945753,2022-11-28,total,90560253833
38950970,2022-11-29,Foreign_Dealer_Self,34872980
86079887506,2022-11-29,total,77049814481
72975249585,2022-11-29,Foreign_Investor,64632030458
4167505920,2022-11-29,Investment_Trust,5158915685
1757571446,2022-11-29,Dealer_self,1757922256
7179560555,2022-11-29,Dealer_Hedging,5500946082
1143852508,2022-11-30,Dealer_self,2807747679
5154380926,2022-11-30,Dealer_Hedging,7018457672
5188935645,2022-11-30,Investment_Trust,4749378952
146486889189,2022-11-30,Foreign_Investor,126264375319
30141020,2022-11-30,Foreign_Dealer_Self,37067350
157974058268,2022-11-30,total,140839959622
41051650,2022-12-01,Foreign_Dealer_Self,40343750
95453886243,2022-12-01,Foreign_Investor,80327495999
7123879630,2022-12-01,Investment_Trust,3471172234
7624587028,2022-12-01,Dealer_Hedging,10240333111
112158529376,2022-12-01,total,99112853386
1956176475,2022-12-01,Dealer_self,5073852042
80978892566,2022-12-02,total,84056202549
4750639714,2022-12-02,Investment_Trust,4100254114
4480178827,2022-12-02,Dealer_Hedging,6135903148
1465885107,2022-12-02,Dealer_self,3481582013
70282188918,2022-12-02,Foreign_Investor,70338463274
34764740,2022-12-02,Foreign_Dealer_Self,29638120
78602346233,2022-12-05,Foreign_Investor,77818922608
91454975488,2022-12-05,total,90282305604
4940334120,2022-12-05,Investment_Trust,2545177869
5950391541,2022-12-05,Dealer_Hedging,7354601302
34639070,2022-12-05,Foreign_Dealer_Self,33286790
1961903594,2022-12-05,Dealer_self,2563603825
33011800,2022-12-06,Foreign_Dealer_Self,33824420
6321614455,2022-12-06,Dealer_Hedging,9138696730
3161692578,2022-12-06,Investment_Trust,3101836517
77269139334,2022-12-06,Foreign_Investor,90410636614
88427211840,2022-12-06,total,105640920741
1674765473,2022-12-06,Dealer_self,2989750880
2193288156,2022-12-07,Investment_Trust,3900649150
6918159073,2022-12-07,Dealer_Hedging,8637772298
1706317814,2022-12-07,Dealer_self,2564378519
81915359264,2022-12-07,Foreign_Investor,85988170651
36720380,2022-12-07,Foreign_Dealer_Self,39675170
92733124307,2022-12-07,total,101090970618
65693194505,2022-12-08,total,75919557876
34600520,2022-12-08,Foreign_Dealer_Self,34476490
55343659439,2022-12-08,Foreign_Investor,64397954439
3053725212,2022-12-08,Investment_Trust,2507876023
6048502474,2022-12-08,Dealer_Hedging,7366082916
1247307380,2022-12-08,Dealer_self,1647644498
65968948622,2022-12-09,Foreign_Investor,59766004662
2086710600,2022-12-09,Investment_Trust,2070195750
5748501659,2022-12-09,Dealer_Hedging,7163265500
35661840,2022-12-09,Foreign_Dealer_Self,42084240
1668253760,2022-12-09,Dealer_self,1358619503
75472414641,2022-12-09,total,70358085415
33671070,2022-12-12,Foreign_Dealer_Self,31371210
1916301199,2022-12-12,Investment_Trust,2260251851
50497283774,2022-12-12,Foreign_Investor,56473489670
57889876975,2022-12-12,total,66015864885
1180828896,2022-12-12,Dealer_self,1334282499
4295463106,2022-12-12,Dealer_Hedging,5947840865
1126514021,2022-12-13,Dealer_self,1683701573
36627830,2022-12-13,Foreign_Dealer_Self,26936810
75796106276,2022-12-13,total,88032575919
67814508794,2022-12-13,Foreign_Investor,78063364130
2761213998,2022-12-13,Investment_Trust,2424022583
4093869463,2022-12-13,Dealer_Hedging,5861487633
2845928447,2022-12-14,Investment_Trust,1908639100
87117111389,2022-12-14,total,71046912526
27833410,2022-12-14,Foreign_Dealer_Self,37889240
75328355866,2022-12-14,Foreign_Investor,60754348548
3503978270,2022-12-14,Dealer_self,2245794722
5438848806,2022-12-14,Dealer_Hedging,6138130156
65155365564,2022-12-15,Foreign_Investor,66326395873
1827303264,2022-12-15,Dealer_self,2287174046
32012250,2022-12-15,Foreign_Dealer_Self,33405430
5456692003,2022-12-15,Dealer_Hedging,6699344845
2920100996,2022-12-15,Investment_Trust,2571229353
75359461827,2022-12-15,total,77884144117
1691201179,2022-12-16,Dealer_self,4905488586
6307309787,2022-12-16,Dealer_Hedging,9501534275
25702251733,2022-12-16,Investment_Trust,25719225004
107397617217,2022-12-16,Foreign_Investor,123036741707
38882980,2022-12-16,Foreign_Dealer_Self,32766910
141098379916,2022-12-16,total,163162989572
68816061634,2022-12-19,Foreign_Investor,82707059916
4470621992,2022-12-19,Dealer_Hedging,6797293505
95922984484,2022-12-19,total,114302158226
29054450,2022-12-19,Foreign_Dealer_Self,25497020
21720086150,2022-12-19,Investment_Trust,22453453547
916214708,2022-12-19,Dealer_self,2344351258
1188778612,2022-12-20,Dealer_self,3634852976
6807914031,2022-12-20,Dealer_Hedging,11024351087
29092430,2022-12-20,Foreign_Dealer_Self,31954050
80899620014,2022-12-20,Foreign_Investor,91666535974
22821954269,2022-12-20,Investment_Trust,23276702977
111718266926,2022-12-20,total,129602443014
110965608807,2022-12-21,total,117005270340
1518778713,2022-12-21,Dealer_self,3263384070
28394520,2022-12-21,Foreign_Dealer_Self,27475590
5230792578,2022-12-21,Dealer_Hedging,7182578586
22370234914,2022-12-21,Investment_Trust,21842936141
81845802602,2022-12-21,Foreign_Investor,84716371543
27539780,2022-12-22,Foreign_Dealer_Self,26643480
4869722204,2022-12-22,Dealer_Hedging,4687765661
21379108777,2022-12-22,Investment_Trust,20787495458
70115054952,2022-12-22,Foreign_Investor,60766062128
97669705231,2022-12-22,total,88165262217
1305819298,2022-12-22,Dealer_self,1923938970
918206704,2022-12-23,Dealer_self,2523896483
4784192568,2022-12-23,Investment_Trust,1977797011
24364770,2022-12-23,Foreign_Dealer_Self,30816540
4720416771,2022-12-23,Dealer_Hedging,5262594868
38639915230,2022-12-23,Foreign_Investor,51876669907
49062731273,2022-12-23,total,61640958269
24065016732,2022-12-26,Foreign_Investor,28087285799
24114250,2022-12-26,Foreign_Dealer_Self,21426080
2546558208,2022-12-26,Dealer_Hedging,3382002691
2699478180,2022-12-26,Investment_Trust,2104438863
29909672211,2022-12-26,total,34962376207
598619091,2022-12-26,Dealer_self,1388648854
39192079370,2022-12-27,total,34801276319
746119821,2022-12-27,Dealer_self,735044811
18150320,2022-12-27,Foreign_Dealer_Self,25032170
4244129100,2022-12-27,Dealer_Hedging,4719686908
2692994530,2022-12-27,Investment_Trust,1518358750
31508835919,2022-12-27,Foreign_Investor,27828185850
904859660,2022-12-28,Dealer_self,3790552195
3345793454,2022-12-28,Investment_Trust,3107975925
39332493174,2022-12-28,Foreign_Investor,50422142158
36688480,2022-12-28,Foreign_Dealer_Self,32447830
48907051697,2022-12-28,total,64596175473
5323905409,2022-12-28,Dealer_Hedging,7275505195
30487970,2022-12-29,Foreign_Dealer_Self,29203300
4984516580,2022-12-29,Dealer_Hedging,5540646684
3127071299,2022-12-29,Investment_Trust,1795394187
40234930647,2022-12-29,Foreign_Investor,52484386049
49730165902,2022-12-29,total,60951384406
1383647376,2022-12-29,Dealer_self,1130957486
39747713389,2022-12-30,Foreign_Investor,39892476161
1561156252,2022-12-30,Dealer_self,1991279541
23644750,2022-12-30,Foreign_Dealer_Self,20509140
4913479091,2022-12-30,Dealer_Hedging,3655414185
2602446405,2022-12-30,Investment_Trust,1395776188
48824795137,2022-12-30,total,46934946075
2398103391,2023-01-03,Dealer_self,1729295569
23584650,2023-01-03,Foreign_Dealer_Self,41340320
6372196750,2023-01-03,Dealer_Hedging,6122627652
3511479805,2023-01-03,Investment_Trust,2124411492
44090115316,2023-01-03,Foreign_Investor,43677361867
56371895262,2023-01-03,total,53653696580
5468609007,2023-01-04,Dealer_Hedging,5429640792
3333385970,2023-01-04,Investment_Trust,2591463052
46567124595,2023-01-04,Foreign_Investor,52160996451
37456850,2023-01-04,Foreign_Dealer_Self,40169090
57403491813,2023-01-04,total,61671434052
2034372241,2023-01-04,Dealer_self,1489333757
6539133385,2023-01-05,Dealer_Hedging,6073610322
2578331717,2023-01-05,Investment_Trust,3101575479
54317566672,2023-01-05,Foreign_Investor,52369989844
64973630847,2023-01-05,total,63704584815
1538599073,2023-01-05,Dealer_self,2159409170
41651270,2023-01-05,Foreign_Dealer_Self,37130420
34834940,2023-01-06,Foreign_Dealer_Self,44629380
6420050141,2023-01-06,Dealer_Hedging,5548469333
66993146899,2023-01-06,total,54302653935
55466536749,2023-01-06,Foreign_Investor,45623221013
3073162664,2023-01-06,Investment_Trust,2049884461
2033397345,2023-01-06,Dealer_self,1081079128
53355230,2023-01-09,Foreign_Dealer_Self,59672290
8255696525,2023-01-09,Dealer_Hedging,5461780457
5683439170,2023-01-09,Investment_Trust,2302383829
90001511946,2023-01-09,Foreign_Investor,53813901524
106542258448,2023-01-09,total,63202893289
2601610807,2023-01-09,Dealer_self,1624827479
57901140,2023-01-10,Foreign_Dealer_Self,32353050
1499563245,2023-01-10,Dealer_self,1616182608
5572344069,2023-01-10,Dealer_Hedging,5731330921
3551578302,2023-01-10,Investment_Trust,1725266552
70239662527,2023-01-10,Foreign_Investor,51658068053
80863148143,2023-01-10,total,60730848134
1728199928,2023-01-11,Dealer_self,1071796495
38770540,2023-01-11,Foreign_Dealer_Self,33723270
53575377070,2023-01-11,Foreign_Investor,50036107415
63909402908,2023-01-11,total,57779979772
2677759855,2023-01-11,Investment_Trust,1771377358
5928066055,2023-01-11,Dealer_Hedging,4900698504
59433163004,2023-01-12,total,56967601039
49624823246,2023-01-12,Foreign_Investor,49625022104
3349640462,2023-01-12,Investment_Trust,1590781743
5067264265,2023-01-12,Dealer_Hedging,4482700170
24382560,2023-01-12,Foreign_Dealer_Self,22935510
1391435031,2023-01-12,Dealer_self,1269097022
91798036695,2023-01-13,total,56835890953
35419670,2023-01-13,Foreign_Dealer_Self,26335900
79047129763,2023-01-13,Foreign_Investor,48375123286
3631204588,2023-01-13,Investment_Trust,2162074721
7033319212,2023-01-13,Dealer_Hedging,4813978509
2086383132,2023-01-13,Dealer_self,1484714437
62172984707,2023-01-16,Foreign_Investor,43424265662
72480680924,2023-01-16,total,51160135766
1824718992,2023-01-16,Dealer_self,786058503
27223400,2023-01-16,Foreign_Dealer_Self,20449150
5872759766,2023-01-16,Dealer_Hedging,4515188301
2610217459,2023-01-16,Investment_Trust,2434623300
25703880,2023-01-17,Foreign_Dealer_Self,9129250
64803632098,2023-01-17,total,57504642104
56594948085,2023-01-17,Foreign_Investor,45364167363
3766591402,2023-01-17,Dealer_Hedging,4148187373
1580671351,2023-01-17,Dealer_self,737363715
2861421260,2023-01-17,Investment_Trust,7254923653
4736295878,2023-01-30,Dealer_self,1917624556
11451095424,2023-01-30,Dealer_Hedging,6481456459
6269087553,2023-01-30,Investment_Trust,3179424632
203744063563,2023-01-30,Foreign_Investor,131488377272
24864200,2023-01-30,Foreign_Dealer_Self,61653250
226200542418,2023-01-30,total,143066882919
144165498781,2023-01-31,total,138762204672
57990690,2023-01-31,Foreign_Dealer_Self,44892370
128368262700,2023-01-31,Foreign_Investor,125443884303
5648228133,2023-01-31,Investment_Trust,4442509080
3489896859,2023-01-31,Dealer_self,1387978631
6659111089,2023-01-31,Dealer_Hedging,7487832658
2915102153,2023-02-01,Dealer_self,1695748571
39452580,2023-02-01,Foreign_Dealer_Self,37125630
5980928286,2023-02-01,Dealer_Hedging,6046580698
5416055792,2023-02-01,Investment_Trust,4669459320
87693767470,2023-02-01,Foreign_Investor,77442187125
102005853701,2023-02-01,total,89853975714
118635234920,2023-02-02,total,94854937970
101507242470,2023-02-02,Foreign_Investor,78969434440
6238345887,2023-02-02,Investment_Trust,4758479917
40575510,2023-02-02,Foreign_Dealer_Self,42542950
2948444202,2023-02-02,Dealer_self,2704830627
7941202361,2023-02-02,Dealer_Hedging,8422192986
1822955222,2023-02-03,Dealer_self,2297889429
35411190,2023-02-03,Foreign_Dealer_Self,24992160
6747951013,2023-02-03,Dealer_Hedging,8198925697
4287692275,2023-02-03,Investment_Trust,3838963789
77836358687,2023-02-03,Foreign_Investor,66247201214
90694957197,2023-02-03,total,80582980129
5468018278,2023-02-06,Dealer_Hedging,9781982474
4173185284,2023-02-06,Investment_Trust,3904936230
60161457032,2023-02-06,Foreign_Investor,72723625477
26733090,2023-02-06,Foreign_Dealer_Self,22181860
71693147764,2023-02-06,total,88141844888
1890487170,2023-02-06,Dealer_self,1731300707
4402143138,2023-02-07,Dealer_Hedging,5460178859
60867813586,2023-02-07,Foreign_Investor,64143308004
2079290469,2023-02-07,Dealer_self,1466050322
4143693949,2023-02-07,Investment_Trust,3190371454
71492941142,2023-02-07,total,74259908639
23816260,2023-02-07,Foreign_Dealer_Self,27969780
2364328301,2023-02-08,Dealer_self,1920011089
6833263636,2023-02-08,Dealer_Hedging,5815855819
4972395249,2023-02-08,Investment_Trust,2906427963
75743608905,2023-02-08,Foreign_Investor,59395487330
31432180,2023-02-08,Foreign_Dealer_Self,35809680
89913596091,2023-02-08,total,70037782201
71146346745,2023-02-09,total,73251250797
60611018545,2023-02-09,Foreign_Investor,61168349799
3439809559,2023-02-09,Investment_Trust,3936462118
5222497993,2023-02-09,Dealer_Hedging,6303967225
36159990,2023-02-09,Foreign_Dealer_Self,23941460
1873020648,2023-02-09,Dealer_self,1842471655
5143284203,2023-02-10,Dealer_Hedging,7869898278
3440448535,2023-02-10,Investment_Trust,2820773881
60451879830,2023-02-10,Foreign_Investor,60608347073
1929924454,2023-02-10,Dealer_self,3199358778
70965537022,2023-02-10,total,74498378010
26196140,2023-02-10,Foreign_Dealer_Self,27005330
62388942077,2023-02-13,total,70195937030
51313727817,2023-02-13,Foreign_Investor,56791773705
4333831590,2023-02-13,Investment_Trust,3980435435
5201948040,2023-02-13,Dealer_Hedging,6819343476
25357610,2023-02-13,Foreign_Dealer_Self,19723040
1539434630,2023-02-13,Dealer_self,2604384414
57340736953,2023-02-14,Foreign_Investor,48611248894
3471848997,2023-02-14,Investment_Trust,1913666635
4597039673,2023-02-14,Dealer_Hedging,5582943735
20756410,2023-02-14,Foreign_Dealer_Self,23740830
1512109899,2023-02-14,Dealer_self,1351617575
66921735522,2023-02-14,total,57459476839
29083930,2023-02-15,Foreign_Dealer_Self,26344430
3124909227,2023-02-15,Dealer_self,2328694142
6852577299,2023-02-15,Dealer_Hedging,9317656686
2820161921,2023-02-15,Investment_Trust,3764502542
65168505670,2023-02-15,Foreign_Investor,73341392135
77966154117,2023-02-15,total,88752245505
7980688732,2023-02-16,Dealer_Hedging,8035763403
4748877074,2023-02-16,Investment_Trust,2705606285
68958539058,2023-02-16,Foreign_Investor,61682952042
24731750,2023-02-16,Foreign_Dealer_Self,30735570
85385175392,2023-02-16,total,74449906987
3697070528,2023-02-16,Dealer_self,2025585257
33196040,2023-02-17,Foreign_Dealer_Self,22937570
4429608954,2023-02-17,Investment_Trust,3449342535
48676558966,2023-02-17,Foreign_Investor,60354211214
60797101930,2023-02-17,total,73030002473
2310363004,2023-02-17,Dealer_self,1604125844
5380571006,2023-02-17,Dealer_Hedging,7622322880
62154901506,2023-02-20,total,64121163600
2076610894,2023-02-20,Dealer_self,2190170321
5435581035,2023-02-20,Dealer_Hedging,5911445135
4403508657,2023-02-20,Investment_Trust,3420301181
50239200920,2023-02-20,Foreign_Investor,52599246963
23086580,2023-02-20,Foreign_Dealer_Self,33644960
2781294196,2023-02-21,Dealer_self,3068908269
27315300,2023-02-21,Foreign_Dealer_Self,34991430
6105896587,2023-02-21,Dealer_Hedging,5978042529
3445367230,2023-02-21,Investment_Trust,2141766568
50637450316,2023-02-21,Foreign_Investor,50881606622
62970008329,2023-02-21,total,62070323988
3854846297,2023-02-22,Investment_Trust,2826198959
2245707891,2023-02-22,Dealer_self,5214208800
60234890346,2023-02-22,Foreign_Investor,72443227190
36727060,2023-02-22,Foreign_Dealer_Self,25974010
71343620275,2023-02-22,total,88479385583
5008175741,2023-02-22,Dealer_Hedging,7995750634
26429640,2023-02-23,Foreign_Dealer_Self,28984180
7684079683,2023-02-23,Dealer_Hedging,7685710314
2192051130,2023-02-23,Investment_Trust,2175071362
75854632792,2023-02-23,Foreign_Investor,62259423470
88771145980,2023-02-23,total,74102236980
3040382375,2023-02-23,Dealer_self,1982031834
105324955578,2023-02-24,Foreign_Investor,113384668264
117651984476,2023-02-24,total,126525150595
3065581382,2023-02-24,Dealer_self,3009401629
30577310,2023-02-24,Foreign_Dealer_Self,25967670
6238519732,2023-02-24,Dealer_Hedging,8337617812
3022927784,2023-02-24,Investment_Trust,1793462890
2365800265,2023-03-01,Dealer_self,4120728161
20030680,2023-03-01,Foreign_Dealer_Self,36871790
6724479379,2023-03-01,Dealer_Hedging,7653501344
3931528160,2023-03-01,Investment_Trust,2447016955
97089862741,2023-03-01,Foreign_Investor,100749891092
110111670545,2023-03-01,total,114971137552
74275162642,2023-03-02,total,76803234748
61637782617,2023-03-02,Foreign_Investor,65442580534
4803487311,2023-03-02,Investment_Trust,1772110201
34351330,2023-03-02,Foreign_Dealer_Self,22232530
2588755227,2023-03-02,Dealer_self,2518459909
5245137487,2023-03-02,Dealer_Hedging,7070084104
2867204489,2023-03-03,Dealer_self,2244719027
29146630,2023-03-03,Foreign_Dealer_Self,28293960
5188828175,2023-03-03,Dealer_Hedging,5745603004
4493593602,2023-03-03,Investment_Trust,1665274053
63482872598,2023-03-03,Foreign_Investor,65602608742
76032498864,2023-03-03,total,75258204826
93176787274,2023-03-06,total,77531487685
73467738637,2023-03-06,Foreign_Investor,65011937353
4756443384,2023-03-06,Investment_Trust,2705490676
8289708536,2023-03-06,Dealer_Hedging,8006832905
6662896717,2023-03-06,Dealer_self,1807226751
26512350,2023-03-06,Foreign_Dealer_Self,28333540
5496460054,2023-03-07,Investment_Trust,2070801690
69759155322,2023-03-07,Foreign_Investor,65851313477
27832460,2023-03-07,Foreign_Dealer_Self,32360980
85297218617,2023-03-07,total,76109587419
3168833340,2023-03-07,Dealer_self,1713105715
6872769901,2023-03-07,Dealer_Hedging,6474366537
77903073630,2023-03-08,total,91761365605
4869439484,2023-03-08,Dealer_self,2133891196
3568402390,2023-03-08,Investment_Trust,2671815869
63218751594,2023-03-08,Foreign_Investor,78964313544
29106370,2023-03-08,Foreign_Dealer_Self,25800620
6246480162,2023-03-08,Dealer_Hedging,7991344996
64948679622,2023-03-09,Foreign_Investor,77569750930
3388492159,2023-03-09,Investment_Trust,2152134308
5206179994,2023-03-09,Dealer_Hedging,6960366251
24985110,2023-03-09,Foreign_Dealer_Self,20367390
3290168951,2023-03-09,Dealer_self,2686270090
76833520726,2023-03-09,total,89368521579
67032662109,2023-03-10,Foreign_Investor,87868439877
6967500991,2023-03-10,Dealer_Hedging,13432186044
2209517476,2023-03-10,Dealer_self,5874888880
4904882497,2023-03-10,Investment_Trust,3074054560
81114563073,2023-03-10,total,110249569361
20928890,2023-03-10,Foreign_Dealer_Self,22098870
73426423993,2023-03-13,Foreign_Investor,69111454301
5742250204,2023-03-13,Investment_Trust,3410581822
8367135745,2023-03-13,Dealer_Hedging,11923358568
18276420,2023-03-13,Foreign_Dealer_Self,30929350
2916788634,2023-03-13,Dealer_self,4183819848
90452598576,2023-03-13,total,88629214539
65361058036,2023-03-14,Foreign_Investor,93814312222
80396421713,2023-03-14,total,112151235229
5976176604,2023-03-14,Investment_Trust,3265819078
7035967895,2023-03-14,Dealer_Hedging,11512927958
29962250,2023-03-14,Foreign_Dealer_Self,25000750
2023219178,2023-03-14,Dealer_self,3558175971
67030770325,2023-03-15,Foreign_Investor,74066000859
5685921218,2023-03-15,Investment_Trust,2870254362
7068128669,2023-03-15,Dealer_Hedging,10041168537
3704753378,2023-03-15,Dealer_self,5569168640
83489573590,2023-03-15,total,92546592398
26417020,2023-03-15,Foreign_Dealer_Self,25005670
2505434091,2023-03-16,Dealer_self,3172213503
7139824078,2023-03-16,Dealer_Hedging,11276151805
4727428514,2023-03-16,Investment_Trust,3330455872
79896965849,2023-03-16,total,95490452962
65524279166,2023-03-16,Foreign_Investor,77711631782
22284430,2023-03-16,Foreign_Dealer_Self,31173120
11603265472,2023-03-17,Investment_Trust,9016349877
103826789406,2023-03-17,Foreign_Investor,92917385595
2800439961,2023-03-17,Dealer_self,2661317269
6115774465,2023-03-17,Dealer_Hedging,7210125872
33636470,2023-03-17,Foreign_Dealer_Self,22888860
124346269304,2023-03-17,total,111805178613
5215788651,2023-03-20,Dealer_Hedging,7688282917
63312311972,2023-03-20,total,66390632457
21095910,2023-03-20,Foreign_Dealer_Self,21539260
50489926962,2023-03-20,Foreign_Investor,55273384350
5156270320,2023-03-20,Investment_Trust,1814790941
2450326039,2023-03-20,Dealer_self,1614174249
73476713530,2023-03-21,total,74116533541
22264270,2023-03-21,Foreign_Dealer_Self,24084080
61977412772,2023-03-21,Foreign_Investor,64860185413
3886451248,2023-03-21,Investment_Trust,1910673357
4957125093,2023-03-21,Dealer_Hedging,5348195453
2655724417,2023-03-21,Dealer_self,1997479318
81788009356,2023-03-22,Foreign_Investor,55528557227
2706123719,2023-03-22,Investment_Trust,2503777924
2871678545,2023-03-22,Dealer_self,2286863007
25361240,2023-03-22,Foreign_Dealer_Self,32111030
6097093948,2023-03-22,Dealer_Hedging,5529594286
93462905568,2023-03-22,total,65848792444
2596397802,2023-03-23,Dealer_self,2145434500
85252879571,2023-03-23,total,66345003789
73084365788,2023-03-23,Foreign_Investor,56130339007
3362376438,2023-03-23,Investment_Trust,2474030873
6209739543,2023-03-23,Dealer_Hedging,5595199409
31057980,2023-03-23,Foreign_Dealer_Self,43343790
2579807890,2023-03-24,Dealer_self,2432877317
7942178210,2023-03-24,Dealer_Hedging,6370975813
76481350258,2023-03-24,Foreign_Investor,65183199541
6612439613,2023-03-24,Investment_Trust,3753320054
93615775971,2023-03-24,total,77740372725
37150680,2023-03-24,Foreign_Dealer_Self,31711120
28531960,2023-03-27,Foreign_Dealer_Self,22169770
2835782879,2023-03-27,Investment_Trust,3012790758
5696976295,2023-03-27,Dealer_Hedging,6681689863
60021433555,2023-03-27,Foreign_Investor,60379067280
2419706985,2023-03-27,Dealer_self,2685795916
70973899714,2023-03-27,total,72759343817
1886581256,2023-03-28,Dealer_self,3127223432
5071799419,2023-03-28,Dealer_Hedging,5942842737
2919835879,2023-03-28,Investment_Trust,2898371589
64268981566,2023-03-28,Foreign_Investor,66338840503
74147198120,2023-03-28,total,78307278261
21166000,2023-03-28,Foreign_Dealer_Self,21988550
5494780931,2023-03-29,Dealer_Hedging,4726838095
1790418211,2023-03-29,Dealer_self,3108827108
67722500338,2023-03-29,Foreign_Investor,57895274764
26038640,2023-03-29,Foreign_Dealer_Self,18936700
77528460038,2023-03-29,total,68746273466
2520760558,2023-03-29,Investment_Trust,3015333499
78055972361,2023-03-30,total,64864416126
65871897453,2023-03-30,Foreign_Investor,55314648975
6706795818,2023-03-30,Dealer_Hedging,5227977598
17652680,2023-03-30,Foreign_Dealer_Self,25383480
3153714294,2023-03-30,Dealer_self,1839576809
2323564796,2023-03-30,Investment_Trust,2482212744
89913412034,2023-03-31,total,73779910706
2423814832,2023-03-31,Dealer_self,1875669936
23122990,2023-03-31,Foreign_Dealer_Self,15892870
8113595859,2023-03-31,Dealer_Hedging,5190385765
3532593013,2023-03-31,Investment_Trust,2787759460
75843408330,2023-03-31,Foreign_Investor,63926095545
2657194153,2023-04-06,Dealer_self,1861120227
16717050,2023-04-06,Foreign_Dealer_Self,17406650
7062419399,2023-04-06,Dealer_Hedging,6838372392
1604409150,2023-04-06,Investment_Trust,1959952154
74567688023,2023-04-06,Foreign_Investor,80887922345
85891710725,2023-04-06,total,91547367118
54728016983,2023-04-07,total,52243838476
45211330452,2023-04-07,Foreign_Investor,43953107038
2333265009,2023-04-07,Investment_Trust,2379994331
5004481273,2023-04-07,Dealer_Hedging,4315749454
18483350,2023-04-07,Foreign_Dealer_Self,20469960
2178940249,2023-04-07,Dealer_self,1594987653
2309328854,2023-04-10,Dealer_self,1673466374
20174620,2023-04-10,Foreign_Dealer_Self,28016450
5414767531,2023-04-10,Dealer_Hedging,5035667565
2033642573,2023-04-10,Investment_Trust,2116004758
45988052852,2023-04-10,Foreign_Investor,45308212480
55745791810,2023-04-10,total,54133351177
78101298353,2023-04-11,total,68689381826
66873737939,2023-04-11,Foreign_Investor,58641402599
2225580601,2023-04-11,Investment_Trust,2882317478
2826650885,2023-04-11,Dealer_self,1743104153
31368340,2023-04-11,Foreign_Dealer_Self,32099500
6175328928,2023-04-11,Dealer_Hedging,5422557596
68978534412,2023-04-12,Foreign_Investor,63598010484
79648866114,2023-04-12,total,73667534959
2522404898,2023-04-12,Investment_Trust,2460899755
32727720,2023-04-12,Foreign_Dealer_Self,28322390
3221940187,2023-04-12,Dealer_self,1723744460
4925986617,2023-04-12,Dealer_Hedging,5884880260
2188796249,2023-04-13,Dealer_self,3070070420
27315580,2023-04-13,Foreign_Dealer_Self,28025900
4906989131,2023-04-13,Dealer_Hedging,7256922695
1859696572,2023-04-13,Investment_Trust,2436110792
74111989495,2023-04-13,Foreign_Investor,82966208765
83067471447,2023-04-13,total,95729312672
91137443273,2023-04-14,total,76464463133
2242988723,2023-04-14,Investment_Trust,3027243494
6288003852,2023-04-14,Dealer_Hedging,6069838021
2759105941,2023-04-14,Dealer_self,2431898900
79847344757,2023-04-14,Foreign_Investor,64935482718
33910830,2023-04-14,Foreign_Dealer_Self,43363740
2429355354,2023-04-17,Dealer_self,2314617311
43217180,2023-04-17,Foreign_Dealer_Self,40098200
6147043087,2023-04-17,Dealer_Hedging,5692893338
69242095948,2023-04-17,Foreign_Investor,70167982177
2473745460,2023-04-17,Investment_Trust,2177914795
80292239849,2023-04-17,total,80353407621
1923746534,2023-04-18,Dealer_self,2740525694
65362677869,2023-04-18,Foreign_Investor,74086144352
38732450,2023-04-18,Foreign_Dealer_Self,28917220
75299317884,2023-04-18,total,86217960760
2390074996,2023-04-18,Investment_Trust,3163105964
5622818485,2023-04-18,Dealer_Hedging,6228184750
68206316642,2023-04-19,Foreign_Investor,78554439398
3690787848,2023-04-19,Investment_Trust,5253426493
5404344484,2023-04-19,Dealer_Hedging,6010317877
4350385743,2023-04-19,Dealer_self,3531420718
31356920,2023-04-19,Foreign_Dealer_Self,35020710
81651834717,2023-04-19,total,93349604486
2567985246,2023-04-20,Dealer_self,3550043999
29545540,2023-04-20,Foreign_Dealer_Self,35903900
76028066614,2023-04-20,total,88876473260
66475453574,2023-04-20,Foreign_Investor,75708265974
2288159708,2023-04-20,Investment_Trust,3322508865
4696468086,2023-04-20,Dealer_Hedging,6295654422
79427192960,2023-04-21,Foreign_Investor,80498658163
7680621911,2023-04-21,Investment_Trust,7612379238
5030175851,2023-04-21,Dealer_Hedging,6786435024
32635570,2023-04-21,Foreign_Dealer_Self,28813540
2508668059,2023-04-21,Dealer_self,4807434408
94646658781,2023-04-21,total,99704906833
4179700595,2023-04-24,Dealer_Hedging,5797042224
69971068456,2023-04-24,total,72265237926
56420629291,2023-04-24,Foreign_Investor,56511435526
7907471640,2023-04-24,Investment_Trust,7351236700
25143020,2023-04-24,Foreign_Dealer_Self,29172880
1463266930,2023-04-24,Dealer_self,2605523476
6639239140,2023-04-25,Dealer_Hedging,10768161895
7133551870,2023-04-25,Investment_Trust,7311745909
89347948283,2023-04-25,total,115196039227
2868554677,2023-04-25,Dealer_self,4117144069
34663170,2023-04-25,Foreign_Dealer_Self,30299020
72706602596,2023-04-25,Foreign_Investor,92998987354
6782216529,2023-04-26,Dealer_self,1894573574
25374580,2023-04-26,Foreign_Dealer_Self,37311050
7078672439,2023-04-26,Dealer_Hedging,6521563693
7002044440,2023-04-26,Investment_Trust,6668422855
95751982791,2023-04-26,total,95480138281
74889049383,2023-04-26,Foreign_Investor,80395578159
67434508495,2023-04-27,Foreign_Investor,80271857924
81060092321,2023-04-27,total,93192961782
34159640,2023-04-27,Foreign_Dealer_Self,28307950
5372273357,2023-04-27,Dealer_Hedging,6118457673
6443688808,2023-04-27,Investment_Trust,4737930409
1809621661,2023-04-27,Dealer_self,2064715776
2404555366,2023-04-28,Dealer_self,1464459411
5972315962,2023-04-28,Dealer_Hedging,5540781356
4904421092,2023-04-28,Investment_Trust,2755025923
82314959021,2023-04-28,Foreign_Investor,81713518440
25855370,2023-04-28,Foreign_Dealer_Self,26782330
95596251441,2023-04-28,total,91473785130
3491520182,2023-05-02,Dealer_self,1615215958
32142790,2023-05-02,Foreign_Dealer_Self,43342750
83385336376,2023-05-02,total,76491635892
3698265920,2023-05-02,Investment_Trust,2670665526
69890321045,2023-05-02,Foreign_Investor,66334733252
6305229229,2023-05-02,Dealer_Hedging,5871021156
51812387212,2023-05-03,Foreign_Investor,60931901996
62631478885,2023-05-03,total,73956604096
4847166802,2023-05-03,Dealer_Hedging,8440956202
40593850,2023-05-03,Foreign_Dealer_Self,31054720
3635924887,2023-05-03,Investment_Trust,3000280935
2335999984,2023-05-03,Dealer_self,1583464963
4192282543,2023-05-04,Investment_Trust,2352759750
6285950829,2023-05-04,Dealer_Hedging,7131358180
2639123558,2023-05-04,Dealer_self,1702563238
30807540,2023-05-04,Foreign_Dealer_Self,31489630
56103506471,2023-05-04,Foreign_Investor,59340245236
69220863401,2023-05-04,total,70526926404
2557115506,2023-05-05,Dealer_self,1427386730
36850780,2023-05-05,Foreign_Dealer_Self,27247530
49539913367,2023-05-05,Foreign_Investor,50072996378
2940270795,2023-05-05,Investment_Trust,2428388490
4896624644,2023-05-05,Dealer_Hedging,6719884048
59933924312,2023-05-05,total,60648655646
31268620,2023-05-08,Foreign_Dealer_Self,32284200
2365759406,2023-05-08,Dealer_self,1480813115
6481611368,2023-05-08,Dealer_Hedging,6335082934
3718878112,2023-05-08,Investment_Trust,2384359680
60933166366,2023-05-08,Foreign_Investor,55041423966
73499415252,2023-05-08,total,65241679695
6149881460,2023-05-09,Dealer_Hedging,5983590457
1977946187,2023-05-09,Dealer_self,1704622843
33854790,2023-05-09,Foreign_Dealer_Self,31822570
2677840250,2023-05-09,Investment_Trust,2123934376
64942174601,2023-05-09,Foreign_Investor,60023347231
75747842498,2023-05-09,total,69835494907
4309753374,2023-05-10,Dealer_Hedging,7487334400
71118864990,2023-05-10,total,78565631925
28514680,2023-05-10,Foreign_Dealer_Self,33259230
61041346572,2023-05-10,Foreign_Investor,66853105842
3432821111,2023-05-10,Investment_Trust,2207578770
2334943933,2023-05-10,Dealer_self,2017612913
31472440,2023-05-11,Foreign_Dealer_Self,39463870
4095735948,2023-05-11,Dealer_Hedging,5468773459
2849981860,2023-05-11,Investment_Trust,2093474579
58456970934,2023-05-11,Foreign_Investor,65498000348
67193539529,2023-05-11,total,75330596492
1790850787,2023-05-11,Dealer_self,2270348106
85501975464,2023-05-12,total,89457977522
72679044692,2023-05-12,Foreign_Investor,78361206418
3970104459,2023-05-12,Investment_Trust,2881243359
5578490901,2023-05-12,Dealer_Hedging,6278048869
3274335412,2023-05-12,Dealer_self,1937478876
32230830,2023-05-12,Foreign_Dealer_Self,36275470
69831613192,2023-05-15,total,78760872536
57744818609,2023-05-15,Foreign_Investor,67618837314
3934773369,2023-05-15,Investment_Trust,2061599021
4700959125,2023-05-15,Dealer_Hedging,7241368827
35724060,2023-05-15,Foreign_Dealer_Self,34520660
3451062089,2023-05-15,Dealer_self,1839067374
93951771677,2023-05-16,total,75913129466
39874370,2023-05-16,Foreign_Dealer_Self,46016620
6271178529,2023-05-16,Dealer_Hedging,5359922894
2618014710,2023-05-16,Investment_Trust,3140464566
74879478851,2023-05-16,Foreign_Investor,65681240672
10183099587,2023-05-16,Dealer_self,1731501334
41810900,2023-05-17,Foreign_Dealer_Self,46095540
25555096879,2023-05-17,Dealer_self,3278294283
9601931251,2023-05-17,Dealer_Hedging,8540374371
4099772946,2023-05-17,Investment_Trust,4277951819
91289505117,2023-05-17,Foreign_Investor,74629220880
130546306193,2023-05-17,total,90725841353
11669871536,2023-05-18,Dealer_self,2188733142
10879190428,2023-05-18,Dealer_Hedging,7588361905
51503930,2023-05-18,Foreign_Dealer_Self,48393810
101755027311,2023-05-18,Foreign_Investor,72171553966
127592312880,2023-05-18,total,85573840178
3288223605,2023-05-18,Investment_Trust,3625191165
113404970999,2023-05-19,Foreign_Investor,81082953081
49390620,2023-05-19,Foreign_Dealer_Self,54282870
133837233347,2023-05-19,total,95619851003
3718161240,2023-05-19,Investment_Trust,2919626167
10004320085,2023-05-19,Dealer_Hedging,8810491011
6709781023,2023-05-19,Dealer_self,2806780744
3089152013,2023-05-22,Dealer_self,1885166101
6595600887,2023-05-22,Dealer_Hedging,6760491567
2943725343,2023-05-22,Investment_Trust,3785346359
82392094609,2023-05-22,Foreign_Investor,75333983947
41987630,2023-05-22,Foreign_Dealer_Self,53374220
95020572852,2023-05-22,total,87764987974
43097280,2023-05-23,Foreign_Dealer_Self,33145460
3875315087,2023-05-23,Dealer_self,2291031420
6995049918,2023-05-23,Dealer_Hedging,6188173119
92202741706,2023-05-23,total,84525653029
78411739706,2023-05-23,Foreign_Investor,72268042961
2920636995,2023-05-23,Investment_Trust,3778405529
84871994748,2023-05-24,total,86809994226
30211510,2023-05-24,Foreign_Dealer_Self,35470500
69375843703,2023-05-24,Foreign_Investor,74004055845
3558962092,2023-05-24,Investment_Trust,3445922801
5834375716,2023-05-24,Dealer_Hedging,7127534357
6102813237,2023-05-24,Dealer_self,2232481223
41196700,2023-05-25,Foreign_Dealer_Self,37194470
4526529041,2023-05-25,Dealer_self,2786328210
9154591022,2023-05-25,Dealer_Hedging,8251117202
7563908325,2023-05-25,Investment_Trust,5004988713
119711696268,2023-05-25,Foreign_Investor,98015133370
140956724656,2023-05-25,total,114057567495
173450343942,2023-05-26,total,127513564504
151581280415,2023-05-26,Foreign_Investor,108307166838
6458170125,2023-05-26,Investment_Trust,6113309065
9803591709,2023-05-26,Dealer_Hedging,8436443984
5607301693,2023-05-26,Dealer_self,4656644617
54026270,2023-05-26,Foreign_Dealer_Self,67669180
5441259796,2023-05-29,Dealer_self,3027763756
125988621474,2023-05-29,Foreign_Investor,98418933929
5132891975,2023-05-29,Investment_Trust,5309001003
9961186159,2023-05-29,Dealer_Hedging,7644241871
50719260,2023-05-29,Foreign_Dealer_Self,61542770
146523959404,2023-05-29,total,114399940559
135882765244,2023-05-30,total,128068232852
118459534212,2023-05-30,Foreign_Investor,110049900664
61121180,2023-05-30,Foreign_Dealer_Self,39219250
7525774097,2023-05-30,Dealer_Hedging,7152138721
3576255019,2023-05-30,Dealer_self,3966680934
6321201916,2023-05-30,Investment_Trust,6899512533
8216933541,2023-05-31,Dealer_self,3106514462
7287700861,2023-05-31,Dealer_Hedging,8739664705
5797447297,2023-05-31,Investment_Trust,7482143607
227963531727,2023-05-31,Foreign_Investor,222137519305
54197150,2023-05-31,Foreign_Dealer_Self,49175490
249265613426,2023-05-31,total,241465842079
98550811529,2023-06-01,total,101261750801
80742323452,2023-06-01,Foreign_Investor,84542880689
7050732919,2023-06-01,Investment_Trust,7021019429
46114010,2023-06-01,Foreign_Dealer_Self,50322500
3984708105,2023-06-01,Dealer_self,2316801863
6773047053,2023-06-01,Dealer_Hedging,7381048820
4596440130,2023-06-02,Dealer_self,3687689319
50818430,2023-06-02,Foreign_Dealer_Self,63206380
9860325735,2023-06-02,Dealer_Hedging,7670545681
8190583739,2023-06-02,Investment_Trust,6506667507
117585241535,2023-06-02,Foreign_Investor,99298904307
140232591139,2023-06-02,total,117163806814
3567940466,2023-06-05,Dealer_self,3166003786
57810790,2023-06-05,Foreign_Dealer_Self,57732730
9650855072,2023-06-05,Dealer_Hedging,7446397781
6080425629,2023-06-05,Investment_Trust,5607105037
82223803266,2023-06-05,Foreign_Investor,81272547215
101523024433,2023-06-05,total,97492053819
84060451738,2023-06-06,Foreign_Investor,81763952146
4724826826,2023-06-06,Investment_Trust,3305563176
98659581066,2023-06-06,total,95943709997
50889480,2023-06-06,Foreign_Dealer_Self,42857390
3074341123,2023-06-06,Dealer_self,3304575858
6799961379,2023-06-06,Dealer_Hedging,7569618817
4662169980,2023-06-07,Dealer_self,2704362691
46227960,2023-06-07,Foreign_Dealer_Self,53954890
7256514456,2023-06-07,Dealer_Hedging,6907145879
4948683958,2023-06-07,Investment_Trust,4090821870
92772472991,2023-06-07,Foreign_Investor,80206070620
109639841385,2023-06-07,total,93908401060
100521387776,2023-06-08,total,115497043037
81598303655,2023-06-08,Foreign_Investor,98290583511
8312846598,2023-06-08,Investment_Trust,4380925110
53461600,2023-06-08,Foreign_Dealer_Self,43631120
3932897042,2023-06-08,Dealer_self,3773017678
6677340481,2023-06-08,Dealer_Hedging,9052516738
3762587611,2023-06-09,Dealer_self,2469839354
40494070,2023-06-09,Foreign_Dealer_Self,49274750
7749722779,2023-06-09,Dealer_Hedging,6606082759
4783667964,2023-06-09,Investment_Trust,2661084370
85263080298,2023-06-09,Foreign_Investor,78396447382
101559058652,2023-06-09,total,90133453865
106633116952,2023-06-12,total,97198185132
6982892757,2023-06-12,Investment_Trust,5103575712
7798238355,2023-06-12,Dealer_Hedging,9398895027
3794330098,2023-06-12,Dealer_self,3869217810
88057655742,2023-06-12,Foreign_Investor,78826496583
46542990,2023-06-12,Foreign_Dealer_Self,52759950
126266065299,2023-06-13,Foreign_Investor,88528249365
7865269803,2023-06-13,Dealer_self,2804872746
49573160,2023-06-13,Foreign_Dealer_Self,50324470
11100444654,2023-06-13,Dealer_Hedging,10995650012
5953185328,2023-06-13,Investment_Trust,4952956665
151184965084,2023-06-13,total,107281728788
6409995876,2023-06-14,Dealer_self,2378307197
55211000,2023-06-14,Foreign_Dealer_Self,46801660
9949253841,2023-06-14,Dealer_Hedging,8208707896
4413722602,2023-06-14,Investment_Trust,5301513741
94508709131,2023-06-14,Foreign_Investor,88424766698
115281681450,2023-06-14,total,104313295532
132813946717,2023-06-15,total,119631153779
5647084435,2023-06-15,Dealer_self,3470290775
12440877239,2023-06-15,Dealer_Hedging,9279834101
6041844420,2023-06-15,Investment_Trust,6816487805
108684140623,2023-06-15,Foreign_Investor,100064541098
53349530,2023-06-15,Foreign_Dealer_Self,58141250
19565235854,2023-06-16,Investment_Trust,23657628704
5932772002,2023-06-16,Dealer_self,4069452202
12987975662,2023-06-16,Dealer_Hedging,9391317383
153013765288,2023-06-16,Foreign_Investor,149743757736
61633930,2023-06-16,Foreign_Dealer_Self,65546230
191499748806,2023-06-16,total,186862156025
3781561125,2023-06-19,Dealer_self,3490087398
8981869013,2023-06-19,Dealer_Hedging,7087395304
17771581315,2023-06-19,Investment_Trust,18063238814
115568160237,2023-06-19,total,118104771937
85033148784,2023-06-19,Foreign_Investor,89464050421
45937490,2023-06-19,Foreign_Dealer_Self,50340420
8712631730,2023-06-20,Dealer_Hedging,10090602665
14978225924,2023-06-20,Investment_Trust,20541389808
98207878433,2023-06-20,Foreign_Investor,93577490959
124504202375,2023-06-20,total,129598659433
45649110,2023-06-20,Foreign_Dealer_Self,46081210
2605466288,2023-06-20,Dealer_self,5389176001
40856780,2023-06-21,Foreign_Dealer_Self,28821280
103880268618,2023-06-21,Foreign_Investor,102160103923
12035306094,2023-06-21,Dealer_Hedging,9460265220
6787427614,2023-06-21,Dealer_self,10383240429
132923846052,2023-06-21,total,133929101497
10220843726,2023-06-21,Investment_Trust,11925491925
9134967525,2023-06-26,Dealer_Hedging,7895820452
9775787910,2023-06-26,Investment_Trust,10054681330
90787547412,2023-06-26,Foreign_Investor,116054965750
114664342409,2023-06-26,total,136305092103
4966039562,2023-06-26,Dealer_self,2299624571
24791470,2023-06-26,Foreign_Dealer_Self,24536500
26463990,2023-06-27,Foreign_Dealer_Self,24181820
5486774688,2023-06-27,Dealer_self,4638315030
8006046757,2023-06-27,Dealer_Hedging,8568977136
4887368706,2023-06-27,Investment_Trust,7880020318
83530688258,2023-06-27,Foreign_Investor,94457254710
101910878409,2023-06-27,total,115544567194
4565998099,2023-06-28,Investment_Trust,4063866979
75317297506,2023-06-28,Foreign_Investor,84860446739
21708380,2023-06-28,Foreign_Dealer_Self,26587050
5917697057,2023-06-28,Dealer_self,3223842569
94937184684,2023-06-28,total,100218715105
9136192022,2023-06-28,Dealer_Hedging,8070558818
80845211242,2023-06-29,Foreign_Investor,86169081078
8225541519,2023-06-29,Dealer_self,2502133427
26714080,2023-06-29,Foreign_Dealer_Self,39876560
12986845036,2023-06-29,Dealer_Hedging,7106425905
2979237320,2023-06-29,Investment_Trust,3429552110
105036835117,2023-06-29,total,99207192520
3950339666,2023-06-30,Dealer_self,5105728923
9294779454,2023-06-30,Dealer_Hedging,8568193159
3871935414,2023-06-30,Investment_Trust,4053690126
96674274344,2023-06-30,Foreign_Investor,106004786409
41759190,2023-06-30,Foreign_Dealer_Self,35607510
113791328878,2023-06-30,total,123732398617
4447562200,2023-07-03,Investment_Trust,5273167734
92672040257,2023-07-03,Foreign_Investor,87001326311
38719670,2023-07-03,Foreign_Dealer_Self,51522250
120596471552,2023-07-03,total,102522896156
9128987215,2023-07-03,Dealer_self,3074615531
14347881880,2023-07-03,Dealer_Hedging,7173786580
113902522916,2023-07-04,total,121518591824
4449557790,2023-07-04,Dealer_self,7746756173
58527600,2023-07-04,Foreign_Dealer_Self,66981630
6474160287,2023-07-04,Investment_Trust,8752352238
90990473612,2023-07-04,Foreign_Investor,93288985274
11988331227,2023-07-04,Dealer_Hedging,11730498139
4350637641,2023-07-05,Dealer_self,8250950976
9050735107,2023-07-05,Dealer_Hedging,9463600409
4933665764,2023-07-05,Investment_Trust,5541906209
82866852188,2023-07-05,Foreign_Investor,95954189465
54176640,2023-07-05,Foreign_Dealer_Self,36132910
101201890700,2023-07-05,total,119210647059
3876667720,2023-07-06,Dealer_self,8377002220
9714818487,2023-07-06,Dealer_Hedging,12561468648
4451616383,2023-07-06,Investment_Trust,4222596133
91335151332,2023-07-06,Foreign_Investor,130085802974
35220140,2023-07-06,Foreign_Dealer_Self,43938020
109378253922,2023-07-06,total,155246869975
4035028401,2023-07-07,Dealer_self,6685524841
8229528710,2023-07-07,Dealer_Hedging,9644686730
3947102085,2023-07-07,Investment_Trust,4400828329
83401544666,2023-07-07,Foreign_Investor,104475165327
40587650,2023-07-07,Foreign_Dealer_Self,25943370
99613203862,2023-07-07,total,125206205227
3361094417,2023-07-10,Dealer_self,4554196512
7788231676,2023-07-10,Dealer_Hedging,8069225469
3648698560,2023-07-10,Investment_Trust,2426098555
74481583595,2023-07-10,Foreign_Investor,88673345640
22863960,2023-07-10,Foreign_Dealer_Self,35640130
89279608248,2023-07-10,total,103722866176
113542526017,2023-07-11,total,94515884017
95188338854,2023-07-11,Foreign_Investor,79264688891
4322015967,2023-07-11,Dealer_self,3255983576
41121040,2023-07-11,Foreign_Dealer_Self,29997200
10102808986,2023-07-11,Dealer_Hedging,8154891592
3929362210,2023-07-11,Investment_Trust,3840319958
4511471009,2023-07-12,Dealer_self,5328345112
93043071175,2023-07-12,Foreign_Investor,98700616477
7591011941,2023-07-12,Investment_Trust,5939000444
11546228071,2023-07-12,Dealer_Hedging,8509429434
35960110,2023-07-12,Foreign_Dealer_Self,37628770
116691782196,2023-07-12,total,118477391467
5102262506,2023-07-13,Investment_Trust,6614693888
6380853972,2023-07-13,Dealer_self,7234592534
50513270,2023-07-13,Foreign_Dealer_Self,41464240
16360882774,2023-07-13,Dealer_Hedging,14531988446
138434889871,2023-07-13,Foreign_Investor,117815549267
166278889123,2023-07-13,total,146196824135
5094066411,2023-07-14,Dealer_self,5285286069
48400430,2023-07-14,Foreign_Dealer_Self,52496760
14003555480,2023-07-14,Dealer_Hedging,11077704432
5364937520,2023-07-14,Investment_Trust,6673661670
128943566483,2023-07-14,Foreign_Investor,116575436466
153406125894,2023-07-14,total,139612088637
127974041258,2023-07-17,total,127630200187
107336924413,2023-07-17,Foreign_Investor,104292330705
4774905140,2023-07-17,Investment_Trust,6592312826
4361332287,2023-07-17,Dealer_self,5915593525
56122430,2023-07-17,Foreign_Dealer_Self,48612400
11500879418,2023-07-17,Dealer_Hedging,10829963131
4860406826,2023-07-18,Dealer_self,7935144598
47870080,2023-07-18,Foreign_Dealer_Self,50647310
11232938051,2023-07-18,Dealer_Hedging,13033410287
12841991070,2023-07-18,Investment_Trust,14132207938
132939830801,2023-07-18,Foreign_Investor,140515638658
161875166748,2023-07-18,total,175616401481
9162004270,2023-07-19,Investment_Trust,11277713175
132790498162,2023-07-19,Foreign_Investor,132147619057
10042839125,2023-07-19,Dealer_Hedging,13838275572
44438310,2023-07-19,Foreign_Dealer_Self,33497890
4625392035,2023-07-19,Dealer_self,8836239054
156620733592,2023-07-19,total,166099846858
4258266271,2023-07-20,Dealer_self,4480984404
114501868166,2023-07-20,total,119941109776
93111303904,2023-07-20,Foreign_Investor,98469882587
8756995960,2023-07-20,Investment_Trust,10274055120
8375302031,2023-07-20,Dealer_Hedging,6716187665
24607690,2023-07-20,Foreign_Dealer_Self,22285360
7796280036,2023-07-21,Dealer_self,6212112976
26448490,2023-07-21,Foreign_Dealer_Self,40790680
11941577919,2023-07-21,Dealer_Hedging,10500506764
10691807150,2023-07-21,Investment_Trust,13341872337
122281731687,2023-07-21,Foreign_Investor,151220553416
152711396792,2023-07-21,total,181275045493
6752778220,2023-07-24,Dealer_self,4806090158
38300480,2023-07-24,Foreign_Dealer_Self,31155680
15296311838,2023-07-24,Dealer_Hedging,12354070142
9099647100,2023-07-24,Investment_Trust,12118234970
106115988265,2023-07-24,Foreign_Investor,125664606780
137264725423,2023-07-24,total,154943002050
32576350,2023-07-25,Foreign_Dealer_Self,27821610
13237813547,2023-07-25,Dealer_Hedging,11057885313
5320439814,2023-07-25,Investment_Trust,6003913322
5419383670,2023-07-25,Dealer_self,6849448577
153778475394,2023-07-25,total,144112547743
129800838363,2023-07-25,Foreign_Investor,120201300531
107658235149,2023-07-26,Foreign_Investor,106124754780
3899727350,2023-07-26,Investment_Trust,5955149877
8728950713,2023-07-26,Dealer_Hedging,9858910160
4838334939,2023-07-26,Dealer_self,5778885273
125125248151,2023-07-26,total,127717700090
33471520,2023-07-26,Foreign_Dealer_Self,22143040
126032743664,2023-07-27,total,116232390083
4427917627,2023-07-27,Investment_Trust,5978106794
9334505240,2023-07-27,Dealer_Hedging,8195302902
30167200,2023-07-27,Foreign_Dealer_Self,28228020
4407279316,2023-07-27,Dealer_self,4651128931
107863041481,2023-07-27,Foreign_Investor,97407851456
14018711779,2023-07-28,Dealer_Hedging,11421480527
5945718416,2023-07-28,Dealer_self,4264854808
116313146008,2023-07-28,Foreign_Investor,114792872824
23776940,2023-07-28,Foreign_Dealer_Self,30449530
141835837953,2023-07-28,total,135302377363
5558261750,2023-07-28,Investment_Trust,4823169204
153576303887,2023-07-31,Foreign_Investor,162417744357
179210330139,2023-07-31,total,188972376751
6246251007,2023-07-31,Dealer_self,8785897115
40521900,2023-07-31,Foreign_Dealer_Self,41046710
13111114430,2023-07-31,Dealer_Hedging,13341981811
6276660815,2023-07-31,Investment_Trust,4426753468
38865390,2023-08-01,Foreign_Dealer_Self,34474390
131174904923,2023-08-01,Foreign_Investor,122667548689
5619853990,2023-08-01,Investment_Trust,5934444243
9723988717,2023-08-01,Dealer_Hedging,10169647666
6561640900,2023-08-01,Dealer_self,6580920040
153080388530,2023-08-01,total,145352560638
31028210,2023-08-02,Foreign_Dealer_Self,38957790
4733958289,2023-08-02,Dealer_self,12939489010
9854669895,2023-08-02,Dealer_Hedging,16362018977
7485558110,2023-08-02,Investment_Trust,6981210481
137798506203,2023-08-02,Foreign_Investor,158914335778
159872692497,2023-08-02,total,195197054246
149106203779,2023-08-04,total,164477299222
29552770,2023-08-04,Foreign_Dealer_Self,38693510
128100441157,2023-08-04,Foreign_Investor,138443996211
7028009851,2023-08-04,Investment_Trust,6012081669
4453508435,2023-08-04,Dealer_self,6748306717
9524244336,2023-08-04,Dealer_Hedging,13272914625
96302629491,2023-08-07,Foreign_Investor,99485749736
4888946413,2023-08-07,Dealer_self,6809872065
38299330,2023-08-07,Foreign_Dealer_Self,40613330
7171955834,2023-08-07,Dealer_Hedging,9207577282
6851453500,2023-08-07,Investment_Trust,3658099477
115214985238,2023-08-07,total,119161298560
5620038108,2023-08-08,Dealer_self,9700580332
40877140,2023-08-08,Foreign_Dealer_Self,41636800
8309342119,2023-08-08,Dealer_Hedging,11820403384
8452348468,2023-08-08,Investment_Trust,4884431251
114516698110,2023-08-08,Foreign_Investor,133816606008
136898426805,2023-08-08,total,160222020975
4012897116,2023-08-09,Dealer_self,6392155150
7402961756,2023-08-09,Investment_Trust,2958482985
107523521366,2023-08-09,Foreign_Investor,104072006553
6115445752,2023-08-09,Dealer_Hedging,10192368049
34233120,2023-08-09,Foreign_Dealer_Self,33607010
125054825990,2023-08-09,total,123615012737
6869185406,2023-08-10,Dealer_Hedging,16155852454
5646025598,2023-08-10,Investment_Trust,3554296064
40653510,2023-08-10,Foreign_Dealer_Self,23462340
4388890060,2023-08-10,Dealer_self,8744767158
106799241551,2023-08-10,Foreign_Investor,117764416203
123703342615,2023-08-10,total,146219331879
101141851028,2023-08-11,Foreign_Investor,103919102002
3768969498,2023-08-11,Dealer_self,6615840391
5206208301,2023-08-11,Dealer_Hedging,9320582157
6403732728,2023-08-11,Investment_Trust,4042524564
20154510,2023-08-11,Foreign_Dealer_Self,25878090
116520761555,2023-08-11,total,123898049114
8063416281,2023-08-14,Dealer_Hedging,15640339926
28031730,2023-08-14,Foreign_Dealer_Self,43095410
3870570333,2023-08-14,Dealer_self,6394787609
116580033911,2023-08-14,total,137961596569
95173878263,2023-08-14,Foreign_Investor,112510292043
9472169034,2023-08-14,Investment_Trust,3416176991
4263287627,2023-08-15,Dealer_self,3570240253
7408905997,2023-08-15,Investment_Trust,5524340348
96302619644,2023-08-15,Foreign_Investor,97162829232
26584230,2023-08-15,Foreign_Dealer_Self,33240020
114905083182,2023-08-15,total,115575023797
6930269914,2023-08-15,Dealer_Hedging,9317613964
29175480,2023-08-16,Foreign_Dealer_Self,29007830
6164931034,2023-08-16,Dealer_self,4828883777
7924232598,2023-08-16,Dealer_Hedging,11529787427
8838074221,2023-08-16,Investment_Trust,2619396214
103323285217,2023-08-16,Foreign_Investor,119505799266
126250523070,2023-08-16,total,138483866684
7722304574,2023-08-17,Dealer_self,4798889884
9347655186,2023-08-17,Dealer_Hedging,8530719524
138206774922,2023-08-17,total,146874475172
32033060,2023-08-17,Foreign_Dealer_Self,35465220
114328658534,2023-08-17,Foreign_Investor,130792223339
6808156628,2023-08-17,Investment_Trust,2752642425
7423126659,2023-08-18,Dealer_Hedging,11826655536
122096436232,2023-08-18,total,146232248701
38050180,2023-08-18,Foreign_Dealer_Self,34859710
103494920765,2023-08-18,Foreign_Investor,122825104441
4554929591,2023-08-18,Investment_Trust,3247477125
6623459217,2023-08-18,Dealer_self,8333011599
3899349960,2023-08-21,Investment_Trust,2988026129
3948926269,2023-08-21,Dealer_self,3834083925
29035030,2023-08-21,Foreign_Dealer_Self,21235590
5888646062,2023-08-21,Dealer_Hedging,7145203862
88185094091,2023-08-21,Foreign_Investor,80217008842
101922016382,2023-08-21,total,94184322758
4175794446,2023-08-22,Dealer_self,6102238761
5783900982,2023-08-22,Dealer_Hedging,7485120334
113699225719,2023-08-22,total,108118857619
44375160,2023-08-22,Foreign_Dealer_Self,28374410
98895840815,2023-08-22,Foreign_Investor,92603418054
4843689476,2023-08-22,Investment_Trust,1928080470
4553348870,2023-08-23,Investment_Trust,2414720656
6525555162,2023-08-23,Dealer_Hedging,6473133010
112103771789,2023-08-23,total,103196031760
4502585747,2023-08-23,Dealer_self,3946861508
96522282010,2023-08-23,Foreign_Investor,90361316586
23703780,2023-08-23,Foreign_Dealer_Self,30924310
10011910789,2023-08-24,Dealer_Hedging,10516796511
9153792087,2023-08-24,Dealer_self,8432798633
6256094964,2023-08-24,Investment_Trust,3187788677
137484275206,2023-08-24,Foreign_Investor,125147699338
49077700,2023-08-24,Foreign_Dealer_Self,40090790
162906073046,2023-08-24,total,147285083159
4536845715,2023-08-25,Dealer_self,7356154692
5452600291,2023-08-25,Dealer_Hedging,11194081607
32293190,2023-08-25,Foreign_Dealer_Self,27711570
4313104334,2023-08-25,Investment_Trust,3439326699
92613238111,2023-08-25,Foreign_Investor,126235447644
106915788451,2023-08-25,total,148225010642
86539410502,2023-08-28,Foreign_Investor,89433811143
6049694458,2023-08-28,Investment_Trust,4433070522
102681585003,2023-08-28,total,108957503322
26482070,2023-08-28,Foreign_Dealer_Self,29155970
4428799692,2023-08-28,Dealer_self,5962231614
5663680351,2023-08-28,Dealer_Hedging,9128390043
3622934673,2023-08-29,Dealer_self,3442496956
5952877807,2023-08-29,Dealer_Hedging,6246180234
30393850,2023-08-29,Foreign_Dealer_Self,28393420
7003270280,2023-08-29,Investment_Trust,3826651029
82681626866,2023-08-29,Foreign_Investor,78549033210
99260709626,2023-08-29,total,92064361429
4889732215,2023-08-30,Dealer_self,2985587831
6753385172,2023-08-30,Dealer_Hedging,6261764541
6426498535,2023-08-30,Investment_Trust,3437119673
89741300432,2023-08-30,Foreign_Investor,82590137950
33007780,2023-08-30,Foreign_Dealer_Self,27552640
107810916354,2023-08-30,total,95274609995
5046712673,2023-08-31,Dealer_self,3676692928
176907584765,2023-08-31,total,180379217078
160345819793,2023-08-31,Foreign_Investor,165974000797
6406405510,2023-08-31,Investment_Trust,4236438017
5108646789,2023-08-31,Dealer_Hedging,6492085336
23727220,2023-08-31,Foreign_Dealer_Self,25679140
4230428137,2023-09-01,Dealer_self,4536154171
6933484453,2023-09-01,Investment_Trust,3964003421
74504995966,2023-09-01,Foreign_Investor,83046281598
27460690,2023-09-01,Foreign_Dealer_Self,22367160
91150946971,2023-09-01,total,99917073203
5482038415,2023-09-01,Dealer_Hedging,8370634013
82739120680,2023-09-04,total,80011904158
67106987759,2023-09-04,Foreign_Investor,65567654951
5190964408,2023-09-04,Investment_Trust,3565221417
7025197541,2023-09-04,Dealer_Hedging,7483777901
20468240,2023-09-04,Foreign_Dealer_Self,29422390
3415970972,2023-09-04,Dealer_self,3395249889
29973320,2023-09-05,Foreign_Dealer_Self,37889700
71713599850,2023-09-05,Foreign_Investor,70504919415
5383587391,2023-09-05,Investment_Trust,3543705945
87551992979,2023-09-05,total,85435229131
6150184347,2023-09-05,Dealer_Hedging,8043607528
4304621391,2023-09-05,Dealer_self,3342996243
92945507968,2023-09-06,total,101309996944
73130897218,2023-09-06,Foreign_Investor,81204970373
7580761840,2023-09-06,Investment_Trust,3678566512
6875802642,2023-09-06,Dealer_Hedging,10614977147
5358046268,2023-09-06,Dealer_self,5811482912
45627680,2023-09-06,Foreign_Dealer_Self,29982430
3163842648,2023-09-07,Dealer_self,5004693592
35715400,2023-09-07,Foreign_Dealer_Self,29122230
5000732930,2023-09-07,Dealer_Hedging,10993659009
6161373650,2023-09-07,Investment_Trust,2352712292
76787098385,2023-09-07,total,98672738340
62461149157,2023-09-07,Foreign_Investor,80321673447
4891206604,2023-09-08,Dealer_Hedging,9631214885
7709294403,2023-09-08,Investment_Trust,3298853992
56151248650,2023-09-08,Foreign_Investor,69931566487
27837630,2023-09-08,Foreign_Dealer_Self,24248710
72043521206,2023-09-08,total,87683326272
3291771549,2023-09-08,Dealer_self,4821690908
77845611969,2023-09-11,Foreign_Investor,91357080680
4008303835,2023-09-11,Dealer_self,6190240911
21383630,2023-09-11,Foreign_Dealer_Self,17808550
6082588282,2023-09-11,Dealer_Hedging,15014807568
8645333869,2023-09-11,Investment_Trust,4253022244
96581837955,2023-09-11,total,116815151403
86337596425,2023-09-12,Foreign_Investor,77912112929
3645210872,2023-09-12,Dealer_self,4385319899
6594355246,2023-09-12,Dealer_Hedging,9578700068
9021012707,2023-09-12,Investment_Trust,5378588783
19078560,2023-09-12,Foreign_Dealer_Self,27651260
105598175250,2023-09-12,total,97254721679
8173830052,2023-09-13,Investment_Trust,4585779655
5353776050,2023-09-13,Dealer_Hedging,9736139280
82402830772,2023-09-13,Foreign_Investor,84238852044
3833468657,2023-09-13,Dealer_self,3480702834
30611860,2023-09-13,Foreign_Dealer_Self,28254780
99763905531,2023-09-13,total,102041473813
120456240538,2023-09-14,total,96126600371
97614626992,2023-09-14,Foreign_Investor,78685392229
9751465458,2023-09-14,Investment_Trust,4652715849
5058041231,2023-09-14,Dealer_self,3575541172
33357790,2023-09-14,Foreign_Dealer_Self,40190690
8032106857,2023-09-14,Dealer_Hedging,9212951121
4557440505,2023-09-15,Dealer_self,4778929575
45220050,2023-09-15,Foreign_Dealer_Self,29151860
9957849340,2023-09-15,Dealer_Hedging,12422947293
25802997895,2023-09-15,Investment_Trust,19521226672
168363155494,2023-09-15,Foreign_Investor,159939568942
208681443234,2023-09-15,total,196662672482
94267623115,2023-09-18,total,127973827608
76068126449,2023-09-18,Foreign_Investor,101702242061
8006485930,2023-09-18,Investment_Trust,6392165587
34227080,2023-09-18,Foreign_Dealer_Self,28111880
3933444810,2023-09-18,Dealer_self,5105550662
6259565926,2023-09-18,Dealer_Hedging,14773869298
3021811294,2023-09-19,Dealer_self,4842968669
27564590,2023-09-19,Foreign_Dealer_Self,25793230
5385414153,2023-09-19,Dealer_Hedging,10106764272
10350403125,2023-09-19,Investment_Trust,6611416849
76672571667,2023-09-19,Foreign_Investor,89410393799
95430200239,2023-09-19,total,110971543589
99565909094,2023-09-20,total,124755820616
6459085791,2023-09-20,Investment_Trust,4094496867
82844835751,2023-09-20,Foreign_Investor,101055831485
26140760,2023-09-20,Foreign_Dealer_Self,31367530
4123400154,2023-09-20,Dealer_self,7304712013
6138587398,2023-09-20,Dealer_Hedging,12300780251
4219433379,2023-09-21,Dealer_self,5272796225
28535770,2023-09-21,Foreign_Dealer_Self,29005280
6676795437,2023-09-21,Dealer_Hedging,11622107805
4610556718,2023-09-21,Investment_Trust,4430372634
80419769165,2023-09-21,Foreign_Investor,114415502562
95926554699,2023-09-21,total,135740779226
89451922910,2023-09-22,total,103711811511
74360574889,2023-09-22,Foreign_Investor,89194594393
4736917293,2023-09-22,Investment_Trust,2474915310
6448397182,2023-09-22,Dealer_Hedging,8495395489
3906033546,2023-09-22,Dealer_self,3546906319
23394270,2023-09-22,Foreign_Dealer_Self,27439130
3346642809,2023-09-25,Dealer_self,2961282874
31697340,2023-09-25,Foreign_Dealer_Self,32371110
5422069302,2023-09-25,Dealer_Hedging,6845332647
6156058530,2023-09-25,Investment_Trust,2946878028
69216567669,2023-09-25,Foreign_Investor,72312200117
84141338310,2023-09-25,total,85065693666
63477658056,2023-09-26,Foreign_Investor,86640594821
76839267582,2023-09-26,total,103767173138
5583534966,2023-09-26,Investment_Trust,2401479465
31716160,2023-09-26,Foreign_Dealer_Self,22790860
3126673016,2023-09-26,Dealer_self,4835014496
4651401544,2023-09-26,Dealer_Hedging,9890084356
3048077333,2023-09-27,Dealer_self,5049981806
22703200,2023-09-27,Foreign_Dealer_Self,22624590
4724086690,2023-09-27,Dealer_Hedging,8043210974
5645615530,2023-09-27,Investment_Trust,3553848026
70228583570,2023-09-27,Foreign_Investor,71736962041
83646363123,2023-09-27,total,88384002847
104513466357,2023-09-28,total,110701237353
88710769870,2023-09-28,Foreign_Investor,96459430627
6546846310,2023-09-28,Investment_Trust,3174512570
31347560,2023-09-28,Foreign_Dealer_Self,17044050
4063177728,2023-09-28,Dealer_self,3494790417
5192672449,2023-09-28,Dealer_Hedging,7572503739
6267785559,2023-10-02,Dealer_self,3355000918
20607490,2023-10-02,Foreign_Dealer_Self,43385880
7477684958,2023-10-02,Dealer_Hedging,6855839607
8851334409,2023-10-02,Investment_Trust,3505895370
89357144994,2023-10-02,Foreign_Investor,82996322615
111953949920,2023-10-02,total,96713058510
72361037649,2023-10-03,Foreign_Investor,88162457465
88690704153,2023-10-03,total,107096640162
5349792145,2023-10-03,Investment_Trust,3802180807
3612922636,2023-10-03,Dealer_self,3218374249
48534970,2023-10-03,Foreign_Dealer_Self,42507450
7366951723,2023-10-03,Dealer_Hedging,11913627641
2950725750,2023-10-04,Dealer_self,6212798148
39314000,2023-10-04,Foreign_Dealer_Self,29204490
6560695156,2023-10-04,Dealer_Hedging,11073372049
5618230001,2023-10-04,Investment_Trust,3371655349
68049612371,2023-10-04,Foreign_Investor,93975410484
83179263278,2023-10-04,total,114633236030
91434795628,2023-10-05,total,91433069519
76811869265,2023-10-05,Foreign_Investor,78085552061
4000589570,2023-10-05,Investment_Trust,3088284708
3775653365,2023-10-05,Dealer_self,3372992455
30908640,2023-10-05,Foreign_Dealer_Self,28856990
6846683428,2023-10-05,Dealer_Hedging,6886240295
5108911696,2023-10-06,Investment_Trust,3015622757
61295849988,2023-10-06,Foreign_Investor,64808658195
76708534288,2023-10-06,total,78729300202
6245846106,2023-10-06,Dealer_Hedging,8250791289
4057926498,2023-10-06,Dealer_self,2654227961
28143150,2023-10-06,Foreign_Dealer_Self,1000490
6384810301,2023-10-11,Dealer_self,6112585841
9538400,2023-10-11,Foreign_Dealer_Self,2858680
9081901147,2023-10-11,Dealer_Hedging,8105752014
4248645110,2023-10-11,Investment_Trust,3135852345
162716316477,2023-10-11,Foreign_Investor,139607851774
182431673035,2023-10-11,total,156962041974
4434260448,2023-10-12,Dealer_self,3592282489
6184260,2023-10-12,Foreign_Dealer_Self,1102860
8214774941,2023-10-12,Dealer_Hedging,6566390165
5397154863,2023-10-12,Investment_Trust,3484668122
119646568860,2023-10-12,Foreign_Investor,95546806206
137692759112,2023-10-12,total,109190146982
96475681106,2023-10-13,Foreign_Investor,102562182083
5281951085,2023-10-13,Investment_Trust,5841107424
114456758874,2023-10-13,total,123005185397
3815420,2023-10-13,Foreign_Dealer_Self,2475140
4172837540,2023-10-13,Dealer_self,4047813990
8526289143,2023-10-13,Dealer_Hedging,10554081900
2914625789,2023-10-16,Dealer_self,3402693052
1879990,2023-10-16,Foreign_Dealer_Self,1397350
7164580204,2023-10-16,Dealer_Hedging,10578232476
6282225797,2023-10-16,Investment_Trust,4654289728
72722181866,2023-10-16,Foreign_Investor,88347811326
89083613656,2023-10-16,total,106983026582
103000091932,2023-10-17,total,110672975351
88237304803,2023-10-17,Foreign_Investor,92859519262
3911014164,2023-10-17,Investment_Trust,4396105696
7982741537,2023-10-17,Dealer_Hedging,9709645129
2869031428,2023-10-17,Dealer_self,3707705264
5304010,2023-10-17,Foreign_Dealer_Self,914150
5431540,2023-10-18,Foreign_Dealer_Self,1564390
6911931285,2023-10-18,Dealer_self,7875551262
11899739088,2023-10-18,Dealer_Hedging,18622167248
7260377917,2023-10-18,Investment_Trust,10181504706
140526571898,2023-10-18,Foreign_Investor,149147671091
166598620188,2023-10-18,total,185826894307
80398391615,2023-10-19,Foreign_Investor,93519107230
9833411547,2023-10-19,Investment_Trust,7052765420
105440911694,2023-10-19,total,116271817245
1677150,2023-10-19,Foreign_Dealer_Self,1471250
9897841907,2023-10-19,Dealer_Hedging,12277118897
5311266625,2023-10-19,Dealer_self,3422825698
4400932538,2023-10-20,Dealer_self,7254919128
1891000,2023-10-20,Foreign_Dealer_Self,874910
7926459367,2023-10-20,Dealer_Hedging,11106356387
10281895307,2023-10-20,Investment_Trust,7216731890
100813396605,2023-10-20,Foreign_Investor,108117723290
123422683817,2023-10-20,total,133695730695
5016671559,2023-10-23,Investment_Trust,4677606239
77726348161,2023-10-23,total,96798240061
64587842053,2023-10-23,Foreign_Investor,78778720163
5758096764,2023-10-23,Dealer_Hedging,9632872578
4094980,2023-10-23,Foreign_Dealer_Self,946620
2363737785,2023-10-23,Dealer_self,3709041081
3995109868,2023-10-24,Dealer_self,3420837941
2306900,2023-10-24,Foreign_Dealer_Self,1082680
6837922289,2023-10-24,Dealer_Hedging,8443855814
5620657385,2023-10-24,Investment_Trust,2433660713
68513740725,2023-10-24,Foreign_Investor,81726854252
84967430267,2023-10-24,total,96025208720
71172819220,2023-10-25,Foreign_Investor,78673418335
6906933973,2023-10-25,Investment_Trust,1444277418
88225650858,2023-10-25,total,90238035614
6149792974,2023-10-25,Dealer_Hedging,7161096915
3996104691,2023-10-25,Dealer_self,2959242946
1033710,2023-10-25,Foreign_Dealer_Self,693740
2664445072,2023-10-26,Dealer_self,7709044398
853270,2023-10-26,Foreign_Dealer_Self,982800
6946369623,2023-10-26,Dealer_Hedging,13823682314
5401032742,2023-10-26,Investment_Trust,3446621435
72369647688,2023-10-26,Foreign_Investor,101057801020
87381495125,2023-10-26,total,126037149167
82633511029,2023-10-27,total,90934291850
67816144341,2023-10-27,Foreign_Investor,76804794251
6097467203,2023-10-27,Investment_Trust,3470377575
5599432732,2023-10-27,Dealer_Hedging,7473787795
3120466753,2023-10-27,Dealer_self,3185332229
1252630,2023-10-27,Foreign_Dealer_Self,492520
2890931866,2023-10-30,Dealer_self,3020149747
22297040,2023-10-30,Foreign_Dealer_Self,1265790
6068728170,2023-10-30,Dealer_Hedging,7129561251
7227174672,2023-10-30,Investment_Trust,3420271459
74012400173,2023-10-30,Foreign_Investor,80799672541
90199234881,2023-10-30,total,94369654998
88598941776,2023-10-31,Foreign_Investor,105896233305
9130361477,2023-10-31,Investment_Trust,4440526137
108109509741,2023-10-31,total,126498534634
1312060,2023-10-31,Foreign_Dealer_Self,429360
7194772216,2023-10-31,Dealer_Hedging,11332349658
3185434272,2023-10-31,Dealer_self,4829425534
3718861214,2023-11-01,Dealer_self,2956928608
7369167168,2023-11-01,Investment_Trust,4916935853
2819920,2023-11-01,Foreign_Dealer_Self,274900
6393353190,2023-11-01,Dealer_Hedging,8449369309
69663009832,2023-11-01,Foreign_Investor,75714322931
87144391404,2023-11-01,total,92037556701
113938660109,2023-11-02,total,92826758149
93936259041,2023-11-02,Foreign_Investor,77986395467
7401904496,2023-11-02,Investment_Trust,4689107769
1951030,2023-11-02,Foreign_Dealer_Self,680750
4533148711,2023-11-02,Dealer_self,3026937835
8067347861,2023-11-02,Dealer_Hedging,7124317078
4007900576,2023-11-03,Dealer_self,3783585635
1627300,2023-11-03,Foreign_Dealer_Self,870080
6699620726,2023-11-03,Dealer_Hedging,6297145821
6288834710,2023-11-03,Investment_Trust,2805391940
86726587446,2023-11-03,Foreign_Investor,77642772005
103722943458,2023-11-03,total,90528895401
98331926588,2023-11-06,Foreign_Investor,79805920155
116592188090,2023-11-06,total,95185996049
5938034470,2023-11-06,Investment_Trust,4437605963
3695114470,2023-11-06,Dealer_self,3367044783
1678110,2023-11-06,Foreign_Dealer_Self,1682390
8627112562,2023-11-06,Dealer_Hedging,7575425148
2794450857,2023-11-07,Dealer_self,2857828013
1509360,2023-11-07,Foreign_Dealer_Self,244420
6668588110,2023-11-07,Dealer_Hedging,6246930360
4541670180,2023-11-07,Investment_Trust,3225788188
72036096053,2023-11-07,Foreign_Investor,70771194233
86040805200,2023-11-07,total,83101740794
104381343451,2023-11-08,total,98587840926
87464739503,2023-11-08,Foreign_Investor,83699481795
4281341715,2023-11-08,Investment_Trust,2870870746
4411405677,2023-11-08,Dealer_self,4183520437
937110,2023-11-08,Foreign_Dealer_Self,610390
8223856556,2023-11-08,Dealer_Hedging,7833967948
78873877900,2023-11-09,Foreign_Investor,80884752873
93140874628,2023-11-09,total,95492462943
6656060947,2023-11-09,Dealer_Hedging,7133320757
3184472811,2023-11-09,Dealer_self,3637790415
4426462970,2023-11-09,Investment_Trust,3836598898
2110650,2023-11-09,Foreign_Dealer_Self,116310
2805704019,2023-11-10,Dealer_self,4136236955
1285420,2023-11-10,Foreign_Dealer_Self,241560
6121295071,2023-11-10,Dealer_Hedging,7914912848
4350352558,2023-11-10,Investment_Trust,3768839749
70793363084,2023-11-10,Foreign_Investor,77864984440
84070714732,2023-11-10,total,93684973992
3958960234,2023-11-13,Dealer_self,3781138884
1968360,2023-11-13,Foreign_Dealer_Self,518230
9236392666,2023-11-13,Dealer_Hedging,7592468131
5178043925,2023-11-13,Investment_Trust,4706068074
106364656246,2023-11-13,Foreign_Investor,86008408441
124738053071,2023-11-13,total,102088083530
116966252232,2023-11-14,total,100631763743
98875622525,2023-11-14,Foreign_Investor,87295379683
4051604198,2023-11-14,Investment_Trust,3450260502
1089290,2023-11-14,Foreign_Dealer_Self,516090
5086990235,2023-11-14,Dealer_self,3199518325
8952035274,2023-11-14,Dealer_Hedging,6686605233
156059686949,2023-11-15,Foreign_Investor,109518487718
4215611715,2023-11-15,Investment_Trust,7862089362
178627829219,2023-11-15,total,135111483545
6709413409,2023-11-15,Dealer_self,5708570055
1357330,2023-11-15,Foreign_Dealer_Self,520300
11643117146,2023-11-15,Dealer_Hedging,12022336410
4052646443,2023-11-16,Dealer_self,3518775065
2998540,2023-11-16,Foreign_Dealer_Self,367900
7424808200,2023-11-16,Dealer_Hedging,9705731086
5095661586,2023-11-16,Investment_Trust,5013949031
108767449116,2023-11-16,Foreign_Investor,89140436167
125340565345,2023-11-16,total,107378891349
107447380113,2023-11-17,Foreign_Investor,83758941482
122838223164,2023-11-17,total,101890193864
4069295041,2023-11-17,Investment_Trust,4585522861
3417842319,2023-11-17,Dealer_self,3602654505
7903705691,2023-11-17,Dealer_Hedging,9943075016
1309300,2023-11-17,Foreign_Dealer_Self,369510
3418105059,2023-11-20,Dealer_self,3176883209
416000,2023-11-20,Foreign_Dealer_Self,417740
7969067833,2023-11-20,Dealer_Hedging,8698014264
4339885301,2023-11-20,Investment_Trust,3776851905
95495425053,2023-11-20,Foreign_Investor,86373754320
111222483246,2023-11-20,total,102025503698
3168519818,2023-11-21,Dealer_self,4859385332
1154270,2023-11-21,Foreign_Dealer_Self,701280
10248141152,2023-11-21,Dealer_Hedging,9846971577
6140508698,2023-11-21,Investment_Trust,6431139376
139820316744,2023-11-21,Foreign_Investor,97672884857
159377486412,2023-11-21,total,118810381142
97153175248,2023-11-22,total,106631689380
81584920078,2023-11-22,Foreign_Investor,88988592486
5678608600,2023-11-22,Investment_Trust,5821960972
6422951717,2023-11-22,Dealer_Hedging,8319923531
6816300,2023-11-22,Foreign_Dealer_Self,536270
3466694853,2023-11-22,Dealer_self,3501212391
80976751693,2023-11-23,Foreign_Investor,79608376579
6958289494,2023-11-23,Investment_Trust,7887764973
97117749347,2023-11-23,total,100743641915
936450,2023-11-23,Foreign_Dealer_Self,294670
2928302070,2023-11-23,Dealer_self,4194716331
6254406090,2023-11-23,Dealer_Hedging,9052784032
2425637607,2023-11-24,Dealer_self,2653458028
376880,2023-11-24,Foreign_Dealer_Self,215780
5615380222,2023-11-24,Dealer_Hedging,6637966574
6794568350,2023-11-24,Investment_Trust,7264832824
81346514124,2023-11-24,Foreign_Investor,77906303935
96182100303,2023-11-24,total,94462561361
91139047851,2023-11-27,Foreign_Investor,92957501849
106642603872,2023-11-27,total,115696389227
7104881110,2023-11-27,Investment_Trust,8517022606
3096150,2023-11-27,Foreign_Dealer_Self,182390
5934748970,2023-11-27,Dealer_Hedging,10140142575
2463925941,2023-11-27,Dealer_self,4081722197
4165181980,2023-11-28,Dealer_self,2912669853
324430,2023-11-28,Foreign_Dealer_Self,204180
8552308559,2023-11-28,Dealer_Hedging,6740726523
7635367979,2023-11-28,Investment_Trust,9345473289
118201362814,2023-11-28,Foreign_Investor,98198133515
138554221332,2023-11-28,total,117197003180
2883345688,2023-11-29,Dealer_self,3352704813
389560,2023-11-29,Foreign_Dealer_Self,268140
10407707151,2023-11-29,Dealer_Hedging,10725830814
9120987417,2023-11-29,Investment_Trust,9210742312
114239342647,2023-11-29,Foreign_Investor,104319116040
136651382903,2023-11-29,total,127608393979
233394594915,2023-11-30,total,229980040570
9812948982,2023-11-30,Investment_Trust,11714492122
213159157569,2023-11-30,Foreign_Investor,205196879366
7721124033,2023-11-30,Dealer_Hedging,9775997875
2701364331,2023-11-30,Dealer_self,3292671207
1830730,2023-11-30,Foreign_Dealer_Self,119670
2690364884,2023-12-01,Dealer_self,3281017302
434490,2023-12-01,Foreign_Dealer_Self,1297590
7274693750,2023-12-01,Dealer_Hedging,10276005417
9133347999,2023-12-01,Investment_Trust,8050664808
95388749738,2023-12-01,Foreign_Investor,94176451730
114487156371,2023-12-01,total,115784139257
116604356649,2023-12-04,total,125737410427
96345467814,2023-12-04,Foreign_Investor,101640104850
8848305144,2023-12-04,Investment_Trust,9296005693
3137977069,2023-12-04,Dealer_self,3391497903
807060,2023-12-04,Foreign_Dealer_Self,867080
8272606622,2023-12-04,Dealer_Hedging,11409801981
101210331926,2023-12-05,Foreign_Investor,111668511748
120933130328,2023-12-05,total,137442277822
7667693550,2023-12-05,Investment_Trust,7665663566
8223832689,2023-12-05,Dealer_Hedging,13353594791
6861600,2023-12-05,Foreign_Dealer_Self,487440
3831272163,2023-12-05,Dealer_self,4754507717
3055993177,2023-12-06,Dealer_self,2532193168
504600,2023-12-06,Foreign_Dealer_Self,434880
8607809719,2023-12-06,Dealer_Hedging,10153506856
7125166228,2023-12-06,Investment_Trust,2703874578
87289860095,2023-12-06,Foreign_Investor,87036852016
106078829219,2023-12-06,total,102426426618
98802860540,2023-12-07,total,108702192206
83135677953,2023-12-07,Foreign_Investor,88295153608
4931897359,2023-12-07,Investment_Trust,4098700705
401110,2023-12-07,Foreign_Dealer_Self,150790
2815380059,2023-12-07,Dealer_self,3040561743
7919905169,2023-12-07,Dealer_Hedging,13267776150
2289434636,2023-12-08,Dealer_self,3437684213
1149850,2023-12-08,Foreign_Dealer_Self,601620
8328934211,2023-12-08,Dealer_Hedging,10770480925
4448562347,2023-12-08,Investment_Trust,3727362336
106374844242,2023-12-08,Foreign_Investor,91165849018
121441775436,2023-12-08,total,109101376492
94520882682,2023-12-11,Foreign_Investor,93333657938
109456115822,2023-12-11,total,112231788640
4538808814,2023-12-11,Investment_Trust,5202800393
3015909483,2023-12-11,Dealer_self,2632348618
605300,2023-12-11,Foreign_Dealer_Self,711030
7380514843,2023-12-11,Dealer_Hedging,11062981691
3667995098,2023-12-12,Dealer_self,3657021808
1190710,2023-12-12,Foreign_Dealer_Self,611340
9459419708,2023-12-12,Dealer_Hedging,11333021311
9433569660,2023-12-12,Investment_Trust,7395773217
105055630722,2023-12-12,Foreign_Investor,94761589766
127616615188,2023-12-12,total,117147406102
122947103250,2023-12-13,total,119059376602
97863331861,2023-12-13,Foreign_Investor,94396687638
10911528991,2023-12-13,Investment_Trust,6458080270
4025076493,2023-12-13,Dealer_self,3594146798
876460,2023-12-13,Foreign_Dealer_Self,204880
10147165905,2023-12-13,Dealer_Hedging,14610461896
137686789627,2023-12-14,Foreign_Investor,103864525111
168216995879,2023-12-14,total,134100060025
12104776674,2023-12-14,Investment_Trust,7879510404
4378965713,2023-12-14,Dealer_self,4786014821
404440,2023-12-14,Foreign_Dealer_Self,570000
14046463865,2023-12-14,Dealer_Hedging,17570009689
3250172107,2023-12-15,Dealer_self,4295660090
1429080,2023-12-15,Foreign_Dealer_Self,1206930
11023588973,2023-12-15,Dealer_Hedging,14820947472
18289497091,2023-12-15,Investment_Trust,19453655138
186481052392,2023-12-15,Foreign_Investor,165311005381
219044310563,2023-12-15,total,203881268081
2429077783,2023-12-18,Dealer_self,4217481289
1020660,2023-12-18,Foreign_Dealer_Self,439050
7981149697,2023-12-18,Dealer_Hedging,13585549027
24084279653,2023-12-18,Investment_Trust,24981817695
101835072611,2023-12-18,Foreign_Investor,101099554686
136329579744,2023-12-18,total,143884402697
142367532020,2023-12-19,total,149715193650
107401512621,2023-12-19,Foreign_Investor,107236919673
24744364870,2023-12-19,Investment_Trust,24447371447
421030,2023-12-19,Foreign_Dealer_Self,97370
2641874031,2023-12-19,Dealer_self,5677183661
7579780498,2023-12-19,Dealer_Hedging,12353718869
129344667242,2023-12-20,Foreign_Investor,104720236165
23734891326,2023-12-20,Investment_Trust,26454979754
164904586190,2023-12-20,total,154290155256
3309879211,2023-12-20,Dealer_self,9602731328
509460,2023-12-20,Foreign_Dealer_Self,154360
8515148411,2023-12-20,Dealer_Hedging,13512208009
4323071201,2023-12-21,Dealer_self,4139525934
264180,2023-12-21,Foreign_Dealer_Self,317200
8146840941,2023-12-21,Dealer_Hedging,11606282900
23479701820,2023-12-21,Investment_Trust,25310457109
99187186285,2023-12-21,Foreign_Investor,101955347026
135136800247,2023-12-21,total,143011612969
88847848279,2023-12-22,Foreign_Investor,82665021494
114435714015,2023-12-22,total,107277526162
14331462102,2023-12-22,Investment_Trust,12414776809
2657173121,2023-12-22,Dealer_self,2883840106
406430,2023-12-22,Foreign_Dealer_Self,256910
8599230513,2023-12-22,Dealer_Hedging,9313887753
3981703025,2023-12-25,Dealer_self,4092133161
369550,2023-12-25,Foreign_Dealer_Self,418060
6661406307,2023-12-25,Dealer_Hedging,9274446564
8540630569,2023-12-25,Investment_Trust,6220918303
53762428163,2023-12-25,Foreign_Investor,54627107732
72946168064,2023-12-25,total,74214605760
2287372543,2023-12-26,Dealer_self,2523021894
522630,2023-12-26,Foreign_Dealer_Self,65750
7589115509,2023-12-26,Dealer_Hedging,8949332788
8055316309,2023-12-26,Investment_Trust,5586383220
70166647871,2023-12-26,Foreign_Investor,52114862515
88098452232,2023-12-26,total,69173600417
126503318357,2023-12-27,total,91999941337
104927943514,2023-12-27,Foreign_Investor,68140263530
7058908813,2023-12-27,Investment_Trust,5775305732
11558044438,2023-12-27,Dealer_Hedging,12908944962
527290,2023-12-27,Foreign_Dealer_Self,193300
2958421592,2023-12-27,Dealer_self,5175427113
92046401934,2023-12-28,Foreign_Investor,72720693273
5363540747,2023-12-28,Investment_Trust,6435358448
108452478031,2023-12-28,total,96802109758
2173674383,2023-12-28,Dealer_self,5372613348
396320,2023-12-28,Foreign_Dealer_Self,173100
8868860967,2023-12-28,Dealer_Hedging,12273444689
2663448730,2023-12-29,Dealer_self,4554089352
317890,2023-12-29,Foreign_Dealer_Self,138620
8354506867,2023-12-29,Dealer_Hedging,10361805989
7292720385,2023-12-29,Investment_Trust,4369734247
85001979578,2023-12-29,Foreign_Investor,72841710326
103312655560,2023-12-29,total,92127339914
86395611608,2024-01-02,Foreign_Investor,85348533425
110577477768,2024-01-02,total,113788881853
11454000731,2024-01-02,Investment_Trust,11264363096
828430,2024-01-02,Foreign_Dealer_Self,149110
8254527326,2024-01-02,Dealer_Hedging,12723715597
4473338103,2024-01-02,Dealer_self,4452269735
4878017540,2024-01-03,Dealer_self,5872315528
445460,2024-01-03,Foreign_Dealer_Self,395910
9752887716,2024-01-03,Dealer_Hedging,17852211238
9422277837,2024-01-03,Investment_Trust,6138523730
83339685336,2024-01-03,Foreign_Investor,106145671842
107392868429,2024-01-03,total,136008722338
3574926090,2024-01-04,Dealer_self,4866930074
1620700,2024-01-04,Foreign_Dealer_Self,217260
9542193743,2024-01-04,Dealer_Hedging,13497807982
9303664394,2024-01-04,Investment_Trust,6041007641
77905068974,2024-01-04,Foreign_Investor,81369284912
100325853201,2024-01-04,total,105775030609
97317428501,2024-01-05,total,100422358490
7853254663,2024-01-05,Investment_Trust,2677438323
78290096617,2024-01-05,Foreign_Investor,82519371709
7942142606,2024-01-05,Dealer_Hedging,11793536946
3231934615,2024-01-05,Dealer_self,3432011512
286660,2024-01-05,Foreign_Dealer_Self,180730
3576005646,2024-01-08,Dealer_self,3717386966
219360,2024-01-08,Foreign_Dealer_Self,43330
8488621148,2024-01-08,Dealer_Hedging,13821473721
5638483744,2024-01-08,Investment_Trust,3450196709
78263512795,2024-01-08,Foreign_Investor,75867195111
95966623333,2024-01-08,total,96856252507
112038277579,2024-01-09,total,116453473642
91301570349,2024-01-09,Foreign_Investor,91885583856
8408081160,2024-01-09,Investment_Trust,4525979303
4699591215,2024-01-09,Dealer_self,5585844321
233100,2024-01-09,Foreign_Dealer_Self,312960
7629034855,2024-01-09,Dealer_Hedging,14456066162
7885360465,2024-01-10,Dealer_Hedging,11002461209
77051944120,2024-01-10,Foreign_Investor,80166806589
94867691218,2024-01-10,total,98752914081
318610,2024-01-10,Foreign_Dealer_Self,186360
3045364283,2024-01-10,Dealer_self,3119532624
6885022350,2024-01-10,Investment_Trust,4464113659
4793889379,2024-01-11,Dealer_self,3929828729
401440,2024-01-11,Foreign_Dealer_Self,117440
9563738015,2024-01-11,Dealer_Hedging,11781355657
7102350417,2024-01-11,Investment_Trust,5769852455
95496557678,2024-01-11,Foreign_Investor,91890630121
116956535489,2024-01-11,total,113371666962
105156319597,2024-01-12,total,105771550732
6912071252,2024-01-12,Investment_Trust,6033612881
85136372308,2024-01-12,Foreign_Investor,82400241219
3125410,2024-01-12,Foreign_Dealer_Self,125490
3951848617,2024-01-12,Dealer_self,4295429281
9156027420,2024-01-12,Dealer_Hedging,13042267351
4565964622,2024-01-15,Dealer_self,3601853465
240130,2024-01-15,Foreign_Dealer_Self,36610
9763124592,2024-01-15,Dealer_Hedging,12579810161
6843747438,2024-01-15,Investment_Trust,4649161086
78650102804,2024-01-15,Foreign_Investor,87737949272
99822939456,2024-01-15,total,108568773984
75629202373,2024-01-16,Foreign_Investor,120760399618
102245578683,2024-01-16,total,150790708313
8344618151,2024-01-16,Investment_Trust,8370853341
5090562583,2024-01-16,Dealer_self,3642750315
34250,2024-01-16,Foreign_Dealer_Self,78670
13181195576,2024-01-16,Dealer_Hedging,18016705039
15180063786,2024-01-17,Dealer_self,6599196754
104200,2024-01-17,Foreign_Dealer_Self,285900
15872139979,2024-01-17,Dealer_Hedging,22968368177
12492965344,2024-01-17,Investment_Trust,5318579976
100029105081,2024-01-17,Foreign_Investor,178251840317
143574274190,2024-01-17,total,213137985224
4683473149,2024-01-18,Dealer_self,3777665576
70560,2024-01-18,Foreign_Dealer_Self,140660
10035272533,2024-01-18,Dealer_Hedging,13154895304
8042182603,2024-01-18,Investment_Trust,4734344802
89552442350,2024-01-18,Foreign_Investor,98285734513
112313370635,2024-01-18,total,119952640195
198118676661,2024-01-19,Foreign_Investor,117321587269
225853773247,2024-01-19,total,140364928958
9819386901,2024-01-19,Investment_Trust,5739264827
207500,2024-01-19,Foreign_Dealer_Self,75290
12360272460,2024-01-19,Dealer_Hedging,12076770403
5555437225,2024-01-19,Dealer_self,5227306459
6349535446,2024-01-22,Dealer_self,5996097824
116990,2024-01-22,Foreign_Dealer_Self,923890
12260553803,2024-01-22,Dealer_Hedging,10668750177
9145933782,2024-01-22,Investment_Trust,8214230138
159639395331,2024-01-22,Foreign_Investor,122694918503
187395418362,2024-01-22,total,147573996642
134991798021,2024-01-23,total,124539493838
113867342570,2024-01-23,Foreign_Investor,104804666077
5092762471,2024-01-23,Investment_Trust,6094925367
4913038131,2024-01-23,Dealer_self,4056211471
810370,2024-01-23,Foreign_Dealer_Self,245710
11118654849,2024-01-23,Dealer_Hedging,9583690923
89579534142,2024-01-24,Foreign_Investor,87634316631
105865936564,2024-01-24,total,106758531592
3726826735,2024-01-24,Investment_Trust,6061027176
361450,2024-01-24,Foreign_Dealer_Self,93600
4084534319,2024-01-24,Dealer_self,4177981738
8475041368,2024-01-24,Dealer_Hedging,8885206047
4306911053,2024-01-25,Dealer_self,4642347062
271840,2024-01-25,Foreign_Dealer_Self,317020
11087702686,2024-01-25,Dealer_Hedging,10091073903
3969419516,2024-01-25,Investment_Trust,4720127271
109976010961,2024-01-25,Foreign_Investor,81932577439
129340044216,2024-01-25,total,101386125675
93168421265,2024-01-26,Foreign_Investor,87897933286
3092461482,2024-01-26,Dealer_self,4588794481
377000,2024-01-26,Foreign_Dealer_Self,162060
7954709487,2024-01-26,Dealer_Hedging,10443016870
4555638360,2024-01-26,Investment_Trust,5740594610
108771230594,2024-01-26,total,108670339247
83907356371,2024-01-29,Foreign_Investor,71131529946
100727111084,2024-01-29,total,83811646294
4287900893,2024-01-29,Investment_Trust,2780229057
6540,2024-01-29,Foreign_Dealer_Self,29440
3275126647,2024-01-29,Dealer_self,2808931212
9256727173,2024-01-29,Dealer_Hedging,7090956079
4385589502,2024-01-30,Dealer_self,3687156714
311980,2024-01-30,Foreign_Dealer_Self,167140
9344839953,2024-01-30,Dealer_Hedging,9786397716
4327957152,2024-01-30,Investment_Trust,5827021691
103000627653,2024-01-30,Foreign_Investor,101479795306
121059014260,2024-01-30,total,120780371427
3812812999,2024-01-31,Dealer_self,3554523524
116280,2024-01-31,Foreign_Dealer_Self,307410
7732803353,2024-01-31,Dealer_Hedging,9729005367
2625321542,2024-01-31,Investment_Trust,4819059117
96080214286,2024-01-31,Foreign_Investor,108526561302
110251152180,2024-01-31,total,126629149310
133334124147,2024-02-01,total,111116143164
112978985955,2024-02-01,Foreign_Investor,90991096026
5005383011,2024-02-01,Investment_Trust,5338769001
10114723688,2024-02-01,Dealer_Hedging,10276520504
125430,2024-02-01,Foreign_Dealer_Self,195080
5235031493,2024-02-01,Dealer_self,4509757633
108556193603,2024-02-02,Foreign_Investor,93389472511
5484440676,2024-02-02,Investment_Trust,5881557289
128591615208,2024-02-02,total,113933021986
286170,2024-02-02,Foreign_Dealer_Self,24180
5680809175,2024-02-02,Dealer_self,4887441533
8870171754,2024-02-02,Dealer_Hedging,9774550653
4098486709,2024-02-05,Dealer_self,4903407833
62500,2024-02-05,Foreign_Dealer_Self,8920
9008602500,2024-02-05,Dealer_Hedging,12626849257
4671941400,2024-02-05,Investment_Trust,7146276936
100893980432,2024-02-05,Foreign_Investor,107065989983
118673011041,2024-02-05,total,131742524009
232043404585,2024-02-15,Foreign_Investor,175786296688
262499766721,2024-02-15,total,200903108838
5713819881,2024-02-15,Investment_Trust,6782259663
296260,2024-02-15,Foreign_Dealer_Self,791920
16351824282,2024-02-15,Dealer_Hedging,12164014957
8390717973,2024-02-15,Dealer_self,6170537530
8738841261,2024-02-16,Dealer_self,5440233453
881320,2024-02-16,Foreign_Dealer_Self,533640
12679905319,2024-02-16,Dealer_Hedging,10646517262
4656070464,2024-02-16,Investment_Trust,6948276149
141093678506,2024-02-16,Foreign_Investor,137359529919
167168495550,2024-02-16,total,160394556783
8021329278,2024-02-19,Dealer_self,4978333395
416590,2024-02-19,Foreign_Dealer_Self,148280
10400281991,2024-02-19,Dealer_Hedging,11505261467
6138573242,2024-02-19,Investment_Trust,6562638898
106011362182,2024-02-19,Foreign_Investor,116965416152
130571546693,2024-02-19,total,140011649912
139912776146,2024-02-20,total,134592527122
5829951137,2024-02-20,Investment_Trust,7135682199
117302245685,2024-02-20,Foreign_Investor,110923802402
11959073265,2024-02-20,Dealer_Hedging,11360271208
4821506059,2024-02-20,Dealer_self,5172771313
215320,2024-02-20,Foreign_Dealer_Self,279270
306200,2024-02-21,Foreign_Dealer_Self,501500
7705181324,2024-02-21,Dealer_self,4652301899
12234681820,2024-02-21,Dealer_Hedging,11530714406
5340409648,2024-02-21,Investment_Trust,5514972761
103543963780,2024-02-21,Foreign_Investor,117061553706
128824236572,2024-02-21,total,138759542772
157189055033,2024-02-22,total,133172404222
129141580833,2024-02-22,Foreign_Investor,112660320413
5320969048,2024-02-22,Investment_Trust,5653723490
9211953344,2024-02-22,Dealer_self,4456364514
646250,2024-02-22,Foreign_Dealer_Self,882860
13514551808,2024-02-22,Dealer_Hedging,10401995805
4589185871,2024-02-23,Investment_Trust,7058863573
154345119255,2024-02-23,Foreign_Investor,123516015853
179049116316,2024-02-23,total,148812824466
13749441514,2024-02-23,Dealer_Hedging,12665383018
6365369676,2024-02-23,Dealer_self,5572562022
1055430,2024-02-23,Foreign_Dealer_Self,1039120
7004551567,2024-02-26,Dealer_self,4127341724
1233290,2024-02-26,Foreign_Dealer_Self,760960
11594009946,2024-02-26,Dealer_Hedging,12892446292
5307772057,2024-02-26,Investment_Trust,8391870188
110392569523,2024-02-26,Foreign_Investor,105337376152
134298903093,2024-02-26,total,130749034356
6963178826,2024-02-27,Dealer_self,7655423081
963800,2024-02-27,Foreign_Dealer_Self,899320
11119887228,2024-02-27,Dealer_Hedging,15653588398
5773996461,2024-02-27,Investment_Trust,8334007770
131629546123,2024-02-27,Foreign_Investor,143813220218
155486608638,2024-02-27,total,175456239467
207552069715,2024-02-29,total,199665503681
182849704612,2024-02-29,Foreign_Investor,179720379339
4834785704,2024-02-29,Investment_Trust,5663225355
806120,2024-02-29,Foreign_Dealer_Self,423460
7568194952,2024-02-29,Dealer_self,3705688375
12299384447,2024-02-29,Dealer_Hedging,10576210612
153773834367,2024-03-01,total,148559891208
8219943339,2024-03-01,Dealer_self,7281923544
442610,2024-03-01,Foreign_Dealer_Self,1077310
10689305850,2024-03-01,Dealer_Hedging,16790831268
6158407583,2024-03-01,Investment_Trust,6051925084
128706177595,2024-03-01,Foreign_Investor,118435211312
8179342484,2024-03-04,Dealer_self,7082079935
1168280,2024-03-04,Foreign_Dealer_Self,846170
15574581026,2024-03-04,Dealer_Hedging,16514938592
12313143750,2024-03-04,Investment_Trust,4834123503
171115913415,2024-03-04,Foreign_Investor,134237257187
207182980675,2024-03-04,total,162668399217
144657498882,2024-03-05,Foreign_Investor,138800034938
173194934994,2024-03-05,total,166248525759
8642953700,2024-03-05,Investment_Trust,5816703513
14404749310,2024-03-05,Dealer_Hedging,16534716975
1057390,2024-03-05,Foreign_Dealer_Self,1377770
5489733102,2024-03-05,Dealer_self,5097070333
6926174648,2024-03-06,Dealer_self,5164337816
1042700,2024-03-06,Foreign_Dealer_Self,595880
13225873692,2024-03-06,Dealer_Hedging,16602965567
8831184525,2024-03-06,Investment_Trust,6219580543
132277630768,2024-03-06,Foreign_Investor,133413607714
161260863633,2024-03-06,total,161400491640
209304956158,2024-03-07,total,200188537601
174598284087,2024-03-07,Foreign_Investor,162645657062
11009419509,2024-03-07,Investment_Trust,8189445617
6813451441,2024-03-07,Dealer_self,9602865498
1115030,2024-03-07,Foreign_Dealer_Self,320220
16883801121,2024-03-07,Dealer_Hedging,19750569424
223941147947,2024-03-08,Foreign_Investor,180704895497
265909680982,2024-03-08,total,225338258574
10220856129,2024-03-08,Investment_Trust,9986353145
22911408805,2024-03-08,Dealer_Hedging,22406084961
683320,2024-03-08,Foreign_Dealer_Self,1966140
8836268101,2024-03-08,Dealer_self,12240924971
8041320207,2024-03-11,Dealer_self,5866762009
451700,2024-03-11,Foreign_Dealer_Self,242300
14174842736,2024-03-11,Dealer_Hedging,13667240971
8227823174,2024-03-11,Investment_Trust,5587129287
140592456682,2024-03-11,Foreign_Investor,145199753075
171036442799,2024-03-11,total,170320885342
10238809507,2024-03-12,Dealer_self,4759150984
228400,2024-03-12,Foreign_Dealer_Self,760410
16923935098,2024-03-12,Dealer_Hedging,12749652478
9999433907,2024-03-12,Investment_Trust,9218605384
152204454737,2024-03-12,Foreign_Investor,146392796839
189366633249,2024-03-12,total,173120205685
179683233492,2024-03-13,Foreign_Investor,172698533200
17548236591,2024-03-13,Investment_Trust,11022456767
220178994008,2024-03-13,total,215386556530
857270,2024-03-13,Foreign_Dealer_Self,443880
7963173343,2024-03-13,Dealer_self,10603076943
14984350582,2024-03-13,Dealer_Hedging,21062489620
175647575401,2024-03-14,Foreign_Investor,175139674094
10724302819,2024-03-14,Investment_Trust,9336398170
206261566603,2024-03-14,total,211388283648
13844543467,2024-03-14,Dealer_Hedging,20398012768
6045144916,2024-03-14,Dealer_self,6514198616
236690,2024-03-14,Foreign_Dealer_Self,282020
8068990171,2024-03-15,Dealer_self,6759925583
224420,2024-03-15,Foreign_Dealer_Self,280500
14359135941,2024-03-15,Dealer_Hedging,19661566423
16626265744,2024-03-15,Investment_Trust,14536691686
227466464513,2024-03-15,Foreign_Investor,239182716177
266520856369,2024-03-15,total,280140899869
140625050821,2024-03-18,Foreign_Investor,149259523896
181411220382,2024-03-18,total,176445918993
20723031649,2024-03-18,Investment_Trust,7516067026
13492648316,2024-03-18,Dealer_Hedging,14462911383
154080,2024-03-18,Foreign_Dealer_Self,241430
6570489596,2024-03-18,Dealer_self,5207416688
6140719723,2024-03-19,Dealer_self,6795589338
389290,2024-03-19,Foreign_Dealer_Self,91390
15740023435,2024-03-19,Dealer_Hedging,16454306693
39715753157,2024-03-19,Investment_Trust,11821876663
138378721787,2024-03-19,Foreign_Investor,159947819460
199975218102,2024-03-19,total,195019592154
9958137720,2024-03-20,Dealer_self,10331084387
15908217794,2024-03-20,Dealer_Hedging,25348816399
121500,2024-03-20,Foreign_Dealer_Self,120680
25988569051,2024-03-20,Investment_Trust,10146550671
151967278915,2024-03-20,Foreign_Investor,178943172840
203822203480,2024-03-20,total,224769624297
165877783716,2024-03-21,Foreign_Investor,147513572053
19007115214,2024-03-21,Investment_Trust,7785112832
212527800367,2024-03-21,total,176797126684
363620,2024-03-21,Foreign_Dealer_Self,407220
10084099897,2024-03-21,Dealer_self,4562272583
17558801540,2024-03-21,Dealer_Hedging,16936169216
157568396615,2024-03-22,Foreign_Investor,155131586476
13104951163,2024-03-22,Investment_Trust,9504108716
194600438411,2024-03-22,total,187252315590
391070,2024-03-22,Foreign_Dealer_Self,0
7695946381,2024-03-22,Dealer_self,6351982961
16231144252,2024-03-22,Dealer_Hedging,16264637437
4852857469,2024-03-25,Dealer_self,4045648327
223070,2024-03-25,Foreign_Dealer_Self,0
12103846030,2024-03-25,Dealer_Hedging,11861049347
9165234912,2024-03-25,Investment_Trust,6571437602
98500219323,2024-03-25,Foreign_Investor,107764684587
124622157734,2024-03-25,total,130242819863
152948149245,2024-03-26,Foreign_Investor,158373488964
13002655815,2024-03-26,Investment_Trust,7347480192
185780643568,2024-03-26,total,191645265328
421780,2024-03-26,Foreign_Dealer_Self,6300
6194559492,2024-03-26,Dealer_self,7520109747
13635279016,2024-03-26,Dealer_Hedging,18404186425
5417765651,2024-03-27,Dealer_self,4954352165
303200,2024-03-27,Foreign_Dealer_Self,980
13485853318,2024-03-27,Dealer_Hedging,12272753728
16881158493,2024-03-27,Investment_Trust,8174135110
111561139734,2024-03-27,Foreign_Investor,118452506181
147345917196,2024-03-27,total,143853747184
180270811767,2024-03-28,total,180443661420
127707691237,2024-03-28,Foreign_Investor,151470887596
30474373568,2024-03-28,Investment_Trust,6623776958
15491546189,2024-03-28,Dealer_Hedging,16121701037
6597200773,2024-03-28,Dealer_self,6227295829
851170,2024-03-28,Foreign_Dealer_Self,44750
5290018565,2024-03-29,Dealer_self,9054997538
1496090,2024-03-29,Foreign_Dealer_Self,0
13869481823,2024-03-29,Dealer_Hedging,16234085276
67412629649,2024-03-29,Investment_Trust,7468282728
128104245058,2024-03-29,Foreign_Investor,127702240649
214676375095,2024-03-29,total,160459606191
97995506889,2024-04-01,Foreign_Investor,100617589153
8801189054,2024-04-01,Investment_Trust,6296844648
125621088400,2024-04-01,total,128438858586
21400,2024-04-01,Foreign_Dealer_Self,97300
11444367339,2024-04-01,Dealer_Hedging,17443841113
7380025118,2024-04-01,Dealer_self,4080583672
5913440490,2024-04-02,Dealer_self,4962965833
0,2024-04-02,Foreign_Dealer_Self,0
12494505197,2024-04-02,Dealer_Hedging,15133545710
10182376747,2024-04-02,Investment_Trust,5115134998
128388158715,2024-04-02,Foreign_Investor,121282815160
156978481149,2024-04-02,total,146494461701
142205175008,2024-04-03,total,159932054877
118837437911,2024-04-03,Foreign_Investor,137026547958
7424344357,2024-04-03,Investment_Trust,4705777850
10815256892,2024-04-03,Dealer_Hedging,15003688191
5128135848,2024-04-03,Dealer_self,3196040878
12000,2024-04-03,Foreign_Dealer_Self,0
6814244227,2024-04-08,Dealer_self,5378201861
11593838176,2024-04-08,Dealer_Hedging,14873197385
72100,2024-04-08,Foreign_Dealer_Self,0
6938248350,2024-04-08,Investment_Trust,3685644535
140950137982,2024-04-08,Foreign_Investor,153317072633
166296468735,2024-04-08,total,177254116414
149869829935,2024-04-09,Foreign_Investor,129271163053
175154740315,2024-04-09,total,152017756936
5385714866,2024-04-09,Investment_Trust,4646924063
6540996470,2024-04-09,Dealer_self,5511391843
22700,2024-04-09,Foreign_Dealer_Self,0
13358199044,2024-04-09,Dealer_Hedging,12588277977
5548934872,2024-04-10,Dealer_self,4837789935
23400,2024-04-10,Foreign_Dealer_Self,0
11977186392,2024-04-10,Dealer_Hedging,12302451180
6028114533,2024-04-10,Investment_Trust,6681065112
129980184896,2024-04-10,Foreign_Investor,130237869438
153534420693,2024-04-10,total,154059175665
161595070165,2024-04-11,total,168632942115
136170615406,2024-04-11,Foreign_Investor,141368965382
7298675373,2024-04-11,Investment_Trust,7441120189
6090114753,2024-04-11,Dealer_self,6195329774
0,2024-04-11,Foreign_Dealer_Self,5860
12035664633,2024-04-11,Dealer_Hedging,13627526770
147561917816,2024-04-12,Foreign_Investor,155029392872
171693813911,2024-04-12,total,180713761762
6396897629,2024-04-12,Investment_Trust,5594004651
5818907020,2024-04-12,Dealer_self,7154904423
15520,2024-04-12,Foreign_Dealer_Self,1680
11916091446,2024-04-12,Dealer_Hedging,12935459816
5819403539,2024-04-15,Dealer_self,8166709948
85200,2024-04-15,Foreign_Dealer_Self,61700
14655322965,2024-04-15,Dealer_Hedging,22111830916
9020809498,2024-04-15,Investment_Trust,6265116737
142179960011,2024-04-15,Foreign_Investor,170055320301
171675496013,2024-04-15,total,206598977902
7593531635,2024-04-16,Dealer_self,12463459357
88860,2024-04-16,Foreign_Dealer_Self,275310
21037249350,2024-04-16,Dealer_Hedging,36244892572
10763129470,2024-04-16,Investment_Trust,9149732289
146858263593,2024-04-16,Foreign_Investor,186352611397
186252174048,2024-04-16,total,244210695615
150768018143,2024-04-17,total,177194441205
121872682884,2024-04-17,Foreign_Investor,144088612385
9087247273,2024-04-17,Investment_Trust,7888060074
239860,2024-04-17,Foreign_Dealer_Self,0
5937547629,2024-04-17,Dealer_self,7818496589
13870540357,2024-04-17,Dealer_Hedging,17399272157
146053307935,2024-04-18,Foreign_Investor,152712792674
13141622360,2024-04-18,Investment_Trust,11768305618
177236846834,2024-04-18,total,183203928892
11970,2024-04-18,Foreign_Dealer_Self,23000
5528767507,2024-04-18,Dealer_self,4017775934
12513149032,2024-04-18,Dealer_Hedging,14705054666
10370501623,2024-04-19,Dealer_self,16434369928
62500,2024-04-19,Foreign_Dealer_Self,183570
26746065371,2024-04-19,Dealer_Hedging,43072341933
19031003410,2024-04-19,Investment_Trust,10726135805
188867547108,2024-04-19,Foreign_Investor,274620140613
245015117512,2024-04-19,total,344852988279
160518944609,2024-04-22,Foreign_Investor,173472836719
202046690252,2024-04-22,total,213439124050
18957952359,2024-04-22,Investment_Trust,11746373610
7878698214,2024-04-22,Dealer_self,6955428944
138900,2024-04-22,Foreign_Dealer_Self,107210
14691095070,2024-04-22,Dealer_Hedging,21264484777
5901787784,2024-04-23,Dealer_self,4125180665
145920,2024-04-23,Foreign_Dealer_Self,0
8110698797,2024-04-23,Dealer_Hedging,10825303881
10862859015,2024-04-23,Investment_Trust,7893744416
131260370653,2024-04-23,Foreign_Investor,129776808075
156135716249,2024-04-23,total,152621037037
9037074605,2024-04-24,Dealer_self,3924430514
63750,2024-04-24,Foreign_Dealer_Self,155200
13576571781,2024-04-24,Dealer_Hedging,11004709565
9279960285,2024-04-24,Investment_Trust,6811360071
163046452439,2024-04-24,Foreign_Investor,133179590600
194940059110,2024-04-24,total,154920090750
134763925993,2024-04-25,total,158833457687
9538791074,2024-04-25,Dealer_Hedging,12774526768
114138911162,2024-04-25,Foreign_Investor,138771516364
6580658598,2024-04-25,Investment_Trust,3236426234
131970,2024-04-25,Foreign_Dealer_Self,12300
4505565159,2024-04-25,Dealer_self,4050988321
141755041024,2024-04-26,Foreign_Investor,121249857800
9286846643,2024-04-26,Investment_Trust,5856662893
169516263608,2024-04-26,total,142494368097
23560,2024-04-26,Foreign_Dealer_Self,45800
6232376271,2024-04-26,Dealer_self,4282367890
12241999670,2024-04-26,Dealer_Hedging,11105479514
6461385217,2024-04-29,Dealer_self,3931782344
66300,2024-04-29,Foreign_Dealer_Self,0
13470479741,2024-04-29,Dealer_Hedging,11881386408
7472585550,2024-04-29,Investment_Trust,3491780225
162898927056,2024-04-29,Foreign_Investor,128643407293
190303377564,2024-04-29,total,147948356270
153311781592,2024-04-30,total,149976550621
135454003761,2024-04-30,Foreign_Investor,133114367999
5670959631,2024-04-30,Investment_Trust,3815824371
7912820334,2024-04-30,Dealer_Hedging,9269597765
4273997866,2024-04-30,Dealer_self,3776760486
4550,2024-04-30,Foreign_Dealer_Self,0
6560583806,2024-05-02,Dealer_self,5191478671
10578669329,2024-05-02,Dealer_Hedging,14329329513
0,2024-05-02,Foreign_Dealer_Self,0
7766177647,2024-05-02,Investment_Trust,2450756498
132256401792,2024-05-02,Foreign_Investor,150357311578
157161832574,2024-05-02,total,172328876260
148700,2024-05-03,Foreign_Dealer_Self,0
9785377092,2024-05-03,Dealer_Hedging,11869822834
8286365494,2024-05-03,Investment_Trust,6191102736
139839170413,2024-05-03,Foreign_Investor,123141219386
162785651269,2024-05-03,total,145397738480
4874738270,2024-05-03,Dealer_self,4195593524
9849119135,2024-05-06,Investment_Trust,4994193489
144084985663,2024-05-06,Foreign_Investor,122422186789
171336905963,2024-05-06,total,143680846500
11498430218,2024-05-06,Dealer_Hedging,12562977458
5904370947,2024-05-06,Dealer_self,3701488764
552000,2024-05-06,Foreign_Dealer_Self,35300
6435140947,2024-05-07,Dealer_self,4548901675
652020,2024-05-07,Foreign_Dealer_Self,0
10690570932,2024-05-07,Dealer_Hedging,12166395075
9295306433,2024-05-07,Investment_Trust,4575276145
139762151825,2024-05-07,Foreign_Investor,132768038696
166183170137,2024-05-07,total,154058611591
4852425654,2024-05-08,Dealer_self,4465374313
1880500,2024-05-08,Foreign_Dealer_Self,0
10339032757,2024-05-08,Dealer_Hedging,10971145372
7824056170,2024-05-08,Investment_Trust,5146088976
145335409511,2024-05-08,Foreign_Investor,142949469965
168350924092,2024-05-08,total,163532078626
156297800564,2024-05-09,total,176496588872
130159547046,2024-05-09,Foreign_Investor,150941999372
8743420801,2024-05-09,Investment_Trust,5678584077
11070487961,2024-05-09,Dealer_Hedging,14220929055
0,2024-05-09,Foreign_Dealer_Self,0
6324344756,2024-05-09,Dealer_self,5655076368
153066868962,2024-05-10,Foreign_Investor,136463335386
11388830323,2024-05-10,Investment_Trust,4932304971
186434662550,2024-05-10,total,162683948556
0,2024-05-10,Foreign_Dealer_Self,7660
8321184869,2024-05-10,Dealer_self,5352450708
13657778396,2024-05-10,Dealer_Hedging,15935857491
4442264777,2024-05-13,Dealer_self,5756330683
19000,2024-05-13,Foreign_Dealer_Self,4580
11740678051,2024-05-13,Dealer_Hedging,15265655229
9881983959,2024-05-13,Investment_Trust,6463088382
147135897506,2024-05-13,Foreign_Investor,131248440219
173200824293,2024-05-13,total,158733514513
166219474127,2024-05-14,Foreign_Investor,144298110717
195896337126,2024-05-14,total,167095346888
10032698296,2024-05-14,Investment_Trust,5249031127
13673254264,2024-05-14,Dealer_Hedging,12316237309
380,2024-05-14,Foreign_Dealer_Self,0
5970910439,2024-05-14,Dealer_self,5231967735
10749089204,2024-05-15,Dealer_self,7308222963
19050,2024-05-15,Foreign_Dealer_Self,0
13819010323,2024-05-15,Dealer_Hedging,17409549767
6840550001,2024-05-15,Investment_Trust,4801020952
177113416471,2024-05-15,Foreign_Investor,150419946538
208522065999,2024-05-15,total,179938740220
240271101984,2024-05-16,total,188181545674
209643727346,2024-05-16,Foreign_Investor,161265200564
5821549835,2024-05-16,Investment_Trust,6871521874
8678399782,2024-05-16,Dealer_self,5451717374
162000,2024-05-16,Foreign_Dealer_Self,0
16127425021,2024-05-16,Dealer_Hedging,14593105862
133724459942,2024-05-17,Foreign_Investor,132381774399
174278563981,2024-05-17,total,164889168522
12277225976,2024-05-17,Dealer_Hedging,14074429590
405600,2024-05-17,Foreign_Dealer_Self,0
6704294771,2024-05-17,Dealer_self,4102803888
21572583292,2024-05-17,Investment_Trust,14330160645
7377363452,2024-05-20,Dealer_self,4088749791
0,2024-05-20,Foreign_Dealer_Self,0
14443186681,2024-05-20,Dealer_Hedging,16017789728
22843842127,2024-05-20,Investment_Trust,16574500354
144425202781,2024-05-20,Foreign_Investor,150976293035
189089595041,2024-05-20,total,187657332908
151438064824,2024-05-21,total,156256248599
123603233168,2024-05-21,Foreign_Investor,126785682952
13967992280,2024-05-21,Investment_Trust,13604716734
4092241214,2024-05-21,Dealer_self,3857078072
0,2024-05-21,Foreign_Dealer_Self,0
9774598162,2024-05-21,Dealer_Hedging,12008770841
193980397799,2024-05-22,total,158128036540
160980362159,2024-05-22,Foreign_Investor,128869666401
14477467903,2024-05-22,Investment_Trust,14700240740
0,2024-05-22,Foreign_Dealer_Self,12300
4740520845,2024-05-22,Dealer_self,3703854359
13782046892,2024-05-22,Dealer_Hedging,10854275040
5769135246,2024-05-23,Dealer_self,5518691862
15000,2024-05-23,Foreign_Dealer_Self,0
13384497446,2024-05-23,Dealer_Hedging,13832989580
22792203894,2024-05-23,Investment_Trust,19888603199
173291165032,2024-05-23,Foreign_Investor,156607650829
215237001618,2024-05-23,total,195847935470
12354441258,2024-05-24,Investment_Trust,13651338454
12102695957,2024-05-24,Dealer_Hedging,10338076986
145188649036,2024-05-24,Foreign_Investor,139126441828
4962679612,2024-05-24,Dealer_self,4130318899
0,2024-05-24,Foreign_Dealer_Self,0
174608465863,2024-05-24,total,167246176167
200886804811,2024-05-27,total,188474542557
16155776736,2024-05-27,Investment_Trust,14051614028
160879168792,2024-05-27,Foreign_Investor,157488253002
6669000,2024-05-27,Foreign_Dealer_Self,0
6819220952,2024-05-27,Dealer_self,4475132116
17032638331,2024-05-27,Dealer_Hedging,12459543411
4882097711,2024-05-28,Dealer_self,3874505914
40000,2024-05-28,Foreign_Dealer_Self,18650
13970966593,2024-05-28,Dealer_Hedging,13051786334
13610993007,2024-05-28,Investment_Trust,15404449909
156807284582,2024-05-28,Foreign_Investor,159207721790
189271341893,2024-05-28,total,191538463947
4556368148,2024-05-29,Dealer_self,4269740150
8050,2024-05-29,Foreign_Dealer_Self,0
12307359930,2024-05-29,Dealer_Hedging,13703849021
12601514094,2024-05-29,Investment_Trust,12980837150
163742680281,2024-05-29,Foreign_Investor,191228248173
193207922453,2024-05-29,total,222182674494
16149572310,2024-05-30,Investment_Trust,18032079511
127171502042,2024-05-30,Foreign_Investor,170678347964
156716842690,2024-05-30,total,209280979858
10638645023,2024-05-30,Dealer_Hedging,15764543642
2757123315,2024-05-30,Dealer_self,4806008741
5600,2024-05-30,Foreign_Dealer_Self,0
5012071177,2024-05-31,Dealer_self,6712863349
0,2024-05-31,Foreign_Dealer_Self,0
13509287602,2024-05-31,Dealer_Hedging,19417781050
35692249873,2024-05-31,Investment_Trust,35605477358
324854107747,2024-05-31,Foreign_Investor,357872918845
379067716399,2024-05-31,total,419609040602
6598108098,2024-06-03,Dealer_self,5234000436
63300,2024-06-03,Foreign_Dealer_Self,0
14572705412,2024-06-03,Dealer_Hedging,17197138902
27021994305,2024-06-03,Investment_Trust,23794179543
139732601319,2024-06-03,Foreign_Investor,136831277700
187925409134,2024-06-03,total,183056596581
175318175463,2024-06-04,total,201055448983
23505054985,2024-06-04,Investment_Trust,16402487161
136728125194,2024-06-04,Foreign_Investor,157010931066
127000,2024-06-04,Foreign_Dealer_Self,0
4092148191,2024-06-04,Dealer_self,6476419345
10992847093,2024-06-04,Dealer_Hedging,21165611411
125926921868,2024-06-05,Foreign_Investor,144659725522
20481367228,2024-06-05,Investment_Trust,13440186840
162523447243,2024-06-05,total,180560297422
58400,2024-06-05,Foreign_Dealer_Self,0
4704908794,2024-06-05,Dealer_self,6009582121
11410249353,2024-06-05,Dealer_Hedging,16450802939
6076802223,2024-06-06,Dealer_self,7735274394
32400,2024-06-06,Foreign_Dealer_Self,0
15937685778,2024-06-06,Dealer_Hedging,17198233989
18460900673,2024-06-06,Investment_Trust,12551289580
159343687034,2024-06-06,Foreign_Investor,137843476435
199819075708,2024-06-06,total,175328274398
178200280176,2024-06-07,total,188322618538
15678819970,2024-06-07,Investment_Trust,12703958788
146472361264,2024-06-07,Foreign_Investor,156327176722
0,2024-06-07,Foreign_Dealer_Self,0
4871504061,2024-06-07,Dealer_self,5145604610
11177594881,2024-06-07,Dealer_Hedging,14145878418
6121303098,2024-06-11,Dealer_self,9172626070
0,2024-06-11,Foreign_Dealer_Self,0
13011757550,2024-06-11,Dealer_Hedging,20993696852
15939242694,2024-06-11,Investment_Trust,12122246251
171801733775,2024-06-11,Foreign_Investor,205094013055
206874037117,2024-06-11,total,247382582228
197832777517,2024-06-12,total,182213622125
164291384623,2024-06-12,Foreign_Investor,147473962724
15474042741,2024-06-12,Investment_Trust,14206640043
0,2024-06-12,Foreign_Dealer_Self,0
4970677466,2024-06-12,Dealer_self,5218159263
13096672687,2024-06-12,Dealer_Hedging,15314860095
190385271794,2024-06-13,Foreign_Investor,158079901223
7359651172,2024-06-13,Dealer_self,5573083163
0,2024-06-13,Foreign_Dealer_Self,0
17937638949,2024-06-13,Dealer_Hedging,17933986498
8690036693,2024-06-13,Investment_Trust,9042084420
224372598608,2024-06-13,total,190629055304
170624590533,2024-06-14,Foreign_Investor,150696988925
200120492665,2024-06-14,total,177415106991
8273116780,2024-06-14,Investment_Trust,7935973031
13948371628,2024-06-14,Dealer_Hedging,14529305005
0,2024-06-14,Foreign_Dealer_Self,0
7274413724,2024-06-14,Dealer_self,4252840030
5818391893,2024-06-17,Dealer_self,5219186421
0,2024-06-17,Foreign_Dealer_Self,0
12214348982,2024-06-17,Dealer_Hedging,16693170790
9876171260,2024-06-17,Investment_Trust,6579305119
124285455215,2024-06-17,Foreign_Investor,137830154562
152194367350,2024-06-17,total,166321816892
6423848460,2024-06-18,Dealer_self,5358467575
0,2024-06-18,Foreign_Dealer_Self,0
13851252082,2024-06-18,Dealer_Hedging,16519221935
10302568913,2024-06-18,Investment_Trust,7222528486
157481242132,2024-06-18,Foreign_Investor,139361658402
188058911587,2024-06-18,total,168461876398
276071291972,2024-06-19,total,226636049154
227558471620,2024-06-19,Foreign_Investor,179011100195
15313294547,2024-06-19,Investment_Trust,11292729624
0,2024-06-19,Foreign_Dealer_Self,0
13778196473,2024-06-19,Dealer_self,10164575795
19421329332,2024-06-19,Dealer_Hedging,26167643540
214491142207,2024-06-20,total,183232060445
12617350836,2024-06-20,Dealer_self,4042238628
0,2024-06-20,Foreign_Dealer_Self,0
15673618630,2024-06-20,Dealer_Hedging,14906941329
10718327877,2024-06-20,Investment_Trust,11510550628
175481844864,2024-06-20,Foreign_Investor,152772329860
5672018898,2024-06-21,Dealer_self,5642470500
0,2024-06-21,Foreign_Dealer_Self,0
16839659951,2024-06-21,Dealer_Hedging,17748783800
21557457200,2024-06-21,Investment_Trust,22227742310
266093803739,2024-06-21,Foreign_Investor,279885996883
310162939788,2024-06-21,total,325504993493
143946141114,2024-06-24,Foreign_Investor,189033903772
190310953269,2024-06-24,total,235417352936
24480691330,2024-06-24,Investment_Trust,15971859200
16364117049,2024-06-24,Dealer_Hedging,22897471170
0,2024-06-24,Foreign_Dealer_Self,0
5520003776,2024-06-24,Dealer_self,7514118794
4893495212,2024-06-25,Dealer_self,5099767891
0,2024-06-25,Foreign_Dealer_Self,0
15158926558,2024-06-25,Dealer_Hedging,17526123025
16159612334,2024-06-25,Investment_Trust,12869368126
172127322237,2024-06-25,Foreign_Investor,181832614599
208339356341,2024-06-25,total,217327873641
197868172525,2024-06-26,total,198615472286
158094849181,2024-06-26,Foreign_Investor,166021661078
17369804457,2024-06-26,Investment_Trust,11441882830
4757242602,2024-06-26,Dealer_self,4399895785
0,2024-06-26,Foreign_Dealer_Self,37200
17646276285,2024-06-26,Dealer_Hedging,16752032593
147742517012,2024-06-27,Foreign_Investor,163874328515
183505756790,2024-06-27,total,200491002845
16358607482,2024-06-27,Investment_Trust,13467396001
13257729998,2024-06-27,Dealer_Hedging,16110433013
0,2024-06-27,Foreign_Dealer_Self,0
6146902298,2024-06-27,Dealer_self,7038845316
7236942255,2024-06-28,Dealer_self,5402617134
0,2024-06-28,Foreign_Dealer_Self,0
13264044198,2024-06-28,Dealer_Hedging,14376542106
19194354652,2024-06-28,Investment_Trust,19969680403
168085599527,2024-06-28,Foreign_Investor,159008573378
207780940632,2024-06-28,total,198757413021
6036779143,2024-07-01,Dealer_self,4752460790
0,2024-07-01,Foreign_Dealer_Self,0
17067904812,2024-07-01,Dealer_Hedging,17929005385
19473793858,2024-07-01,Investment_Trust,17710442870
121748011146,2024-07-01,Foreign_Investor,128191894094
164326488959,2024-07-01,total,168583803139
135781309543,2024-07-02,Foreign_Investor,160023904026
30231188251,2024-07-02,Investment_Trust,25475959473
189030831146,2024-07-02,total,218503970923
0,2024-07-02,Foreign_Dealer_Self,0
5253764128,2024-07-02,Dealer_self,7195831205
17764569224,2024-07-02,Dealer_Hedging,25808276219
148385868504,2024-07-03,Foreign_Investor,138962090854
41416195792,2024-07-03,Investment_Trust,33771830860
214313517419,2024-07-03,total,194487600419
39400,2024-07-03,Foreign_Dealer_Self,0
7873357060,2024-07-03,Dealer_self,4901705677
16638096063,2024-07-03,Dealer_Hedging,16851973028
7109217117,2024-07-04,Dealer_self,7593055472
0,2024-07-04,Foreign_Dealer_Self,0
20304599243,2024-07-04,Dealer_Hedging,18828799227
26297206532,2024-07-04,Investment_Trust,22227566255
176787877607,2024-07-04,Foreign_Investor,140453676532
230498900499,2024-07-04,total,189103097486
134193459993,2024-07-05,Foreign_Investor,139728549161
168122651100,2024-07-05,total,176968189079
15372356328,2024-07-05,Investment_Trust,14096907339
13229165359,2024-07-05,Dealer_Hedging,18701460804
0,2024-07-05,Foreign_Dealer_Self,0
5327669420,2024-07-05,Dealer_self,4441271775
5845219223,2024-07-08,Dealer_self,7551045154
0,2024-07-08,Foreign_Dealer_Self,0
19405420395,2024-07-08,Dealer_Hedging,24991236796
13869967453,2024-07-08,Investment_Trust,12429857863
162547133176,2024-07-08,Foreign_Investor,170767865331
201667740247,2024-07-08,total,215740005144
6283348867,2024-07-09,Dealer_self,7928525584
0,2024-07-09,Foreign_Dealer_Self,0
21591768754,2024-07-09,Dealer_Hedging,28522545304
17143677864,2024-07-09,Investment_Trust,12258746722
185426904745,2024-07-09,Foreign_Investor,201144903703
230445700230,2024-07-09,total,249854721313
165748333043,2024-07-10,Foreign_Investor,176595108206
9864739105,2024-07-10,Investment_Trust,6687275707
197575735383,2024-07-10,total,205659398121
0,2024-07-10,Foreign_Dealer_Self,0
5777939098,2024-07-10,Dealer_self,5451567748
16184724137,2024-07-10,Dealer_Hedging,16925446460
176433078197,2024-07-11,Foreign_Investor,173218379349
10152486300,2024-07-11,Investment_Trust,8636556394
211015048365,2024-07-11,total,208664924667
0,2024-07-11,Foreign_Dealer_Self,0
6566729781,2024-07-11,Dealer_self,7392064692
17862754087,2024-07-11,Dealer_Hedging,19417924232
6335980183,2024-07-12,Dealer_self,8334239656
0,2024-07-12,Foreign_Dealer_Self,0
18668522419,2024-07-12,Dealer_Hedging,31691643318
12796189970,2024-07-12,Investment_Trust,6056131292
177559804311,2024-07-12,Foreign_Investor,219215382421
215360496883,2024-07-12,total,265297396687
139762566379,2024-07-15,Foreign_Investor,152921624775
14812631940,2024-07-15,Investment_Trust,9812349676
174601229453,2024-07-15,total,193376879429
0,2024-07-15,Foreign_Dealer_Self,0
4427351811,2024-07-15,Dealer_self,7361298205
15598679323,2024-07-15,Dealer_Hedging,23281606773
4508485743,2024-07-16,Dealer_self,6720543577
0,2024-07-16,Foreign_Dealer_Self,0
14115379534,2024-07-16,Dealer_Hedging,21792276434
22988005264,2024-07-16,Investment_Trust,15210105237
142748035778,2024-07-16,Foreign_Investor,148026189248
184359906319,2024-07-16,total,191749114496
209366930671,2024-07-17,total,250846227598
167330668092,2024-07-17,Foreign_Investor,197712279947
17505623054,2024-07-17,Investment_Trust,13383529966
16928955852,2024-07-17,Dealer_Hedging,28116461007
0,2024-07-17,Foreign_Dealer_Self,0
7601683673,2024-07-17,Dealer_self,11633956678
7130915436,2024-07-18,Dealer_self,8216891921
0,2024-07-18,Foreign_Dealer_Self,0
18841388719,2024-07-18,Dealer_Hedging,26327905357
21907697648,2024-07-18,Investment_Trust,12712080929
189440523261,2024-07-18,Foreign_Investor,242792319322
237320525064,2024-07-18,total,290049197529
191884907373,2024-07-19,total,265225711930
154031497041,2024-07-19,Foreign_Investor,218389655842
18041868668,2024-07-19,Investment_Trust,11074423643
14340699248,2024-07-19,Dealer_Hedging,28463822956
0,2024-07-19,Foreign_Dealer_Self,0
5470842416,2024-07-19,Dealer_self,7297809489
181309419445,2024-07-22,Foreign_Investor,189063206256
20402412301,2024-07-22,Investment_Trust,11338280962
233325151015,2024-07-22,total,238558317386
0,2024-07-22,Foreign_Dealer_Self,0
12652120694,2024-07-22,Dealer_self,8724900443
18961198575,2024-07-22,Dealer_Hedging,29431929725
4530685679,2024-07-23,Dealer_self,5822507124
0,2024-07-23,Foreign_Dealer_Self,0
11602246223,2024-07-23,Dealer_Hedging,16811869434
14191076344,2024-07-23,Investment_Trust,5836539272
152629651499,2024-07-23,Foreign_Investor,139752168736
182953659745,2024-07-23,total,168223084566
158969913633,2024-07-26,Foreign_Investor,243387501923
191847230191,2024-07-26,total,288171947432
14101210439,2024-07-26,Investment_Trust,5122926866
14051384170,2024-07-26,Dealer_Hedging,28927079670
0,2024-07-26,Foreign_Dealer_Self,0
4724721949,2024-07-26,Dealer_self,10734438973
4711844931,2024-07-29,Dealer_self,9599015296
0,2024-07-29,Foreign_Dealer_Self,492300
10024936841,2024-07-29,Dealer_Hedging,19253533518
12650576531,2024-07-29,Investment_Trust,6015569525
144968393845,2024-07-29,Foreign_Investor,145644891843
172355752148,2024-07-29,total,180513010182
174135916839,2024-07-30,total,195861934518
137426489589,2024-07-30,Foreign_Investor,161034324259
15798516155,2024-07-30,Investment_Trust,6366663420
7501999493,2024-07-30,Dealer_self,8067889662
0,2024-07-30,Foreign_Dealer_Self,0
13408911602,2024-07-30,Dealer_Hedging,20393057177
156233954023,2024-07-31,Foreign_Investor,172691562488
182293016162,2024-07-31,total,198097197363
10435059759,2024-07-31,Dealer_Hedging,14866953276
0,2024-07-31,Foreign_Dealer_Self,217000
4021131173,2024-07-31,Dealer_self,5283711691
11602871207,2024-07-31,Investment_Trust,5254969908
5990282008,2024-08-01,Dealer_self,6900276502
747000,2024-08-01,Foreign_Dealer_Self,0
11702790252,2024-08-01,Dealer_Hedging,16164294727
13419595141,2024-08-01,Investment_Trust,5791210870
173297588714,2024-08-01,Foreign_Investor,155063927434
204410256115,2024-08-01,total,183919709533
173884502371,2024-08-02,total,295059401449
134750356653,2024-08-02,Foreign_Investor,229180921628
16381215772,2024-08-02,Investment_Trust,5111301768
7273192343,2024-08-02,Dealer_self,19452504148
0,2024-08-02,Foreign_Dealer_Self,0
15479737603,2024-08-02,Dealer_Hedging,41314673905
239150819248,2024-08-05,total,342630574163
189575514960,2024-08-05,Foreign_Investor,258350136909
21365587338,2024-08-05,Investment_Trust,3555489498
0,2024-08-05,Foreign_Dealer_Self,0
6042556015,2024-08-05,Dealer_self,24344101679
22167160935,2024-08-05,Dealer_Hedging,56380846077
10805410125,2024-08-06,Dealer_self,13733244442
0,2024-08-06,Foreign_Dealer_Self,0
23263389552,2024-08-06,Dealer_Hedging,32048661771
20490430266,2024-08-06,Investment_Trust,6552918870
272275418693,2024-08-06,Foreign_Investor,247503646272
326834648636,2024-08-06,total,299838471355
13862966572,2024-08-07,Investment_Trust,3463027813
15182336804,2024-08-07,Dealer_Hedging,17539760934
171890540975,2024-08-07,Foreign_Investor,179686346097
6054998448,2024-08-07,Dealer_self,5652704414
0,2024-08-07,Foreign_Dealer_Self,0
206990842799,2024-08-07,total,206341839258
167881561076,2024-08-08,total,217048682502
10598321231,2024-08-08,Investment_Trust,3502285417
140042225558,2024-08-08,Foreign_Investor,185251576794
0,2024-08-08,Foreign_Dealer_Self,0
6346454024,2024-08-08,Dealer_self,8467043147
10894560263,2024-08-08,Dealer_Hedging,19827777144
4320949071,2024-08-09,Dealer_self,11220266151
0,2024-08-09,Foreign_Dealer_Self,0
11462668400,2024-08-09,Dealer_Hedging,15862716921
8488672051,2024-08-09,Investment_Trust,3449303003
186928080746,2024-08-09,Foreign_Investor,161466887252
211200370268,2024-08-09,total,191999173327
3408214708,2024-08-12,Dealer_self,6329820596
0,2024-08-12,Foreign_Dealer_Self,0
8513289501,2024-08-12,Dealer_Hedging,13994769291
11172648837,2024-08-12,Investment_Trust,3027070432
142175266387,2024-08-12,Foreign_Investor,123409002529
165269419433,2024-08-12,total,146760662848
8614046421,2024-08-13,Investment_Trust,3302970847
119501801595,2024-08-13,Foreign_Investor,124052951514
139281105502,2024-08-13,total,142400833043
8001586373,2024-08-13,Dealer_Hedging,10764141590
3163671113,2024-08-13,Dealer_self,4280769092
0,2024-08-13,Foreign_Dealer_Self,0
3274188042,2024-08-14,Dealer_self,6616632692
0,2024-08-14,Foreign_Dealer_Self,0
9700204296,2024-08-14,Dealer_Hedging,13762300819
7795761513,2024-08-14,Investment_Trust,2895458258
159968908096,2024-08-14,Foreign_Investor,135087394194
180739061947,2024-08-14,total,158361785963
4523839129,2024-08-15,Dealer_self,5182529140
0,2024-08-15,Foreign_Dealer_Self,0
7836708723,2024-08-15,Dealer_Hedging,14740636885
5086835322,2024-08-15,Investment_Trust,7081112439
104759509448,2024-08-15,Foreign_Investor,105451145907
122206892622,2024-08-15,total,132455424371
194385002390,2024-08-16,total,140675602587
9606314088,2024-08-16,Investment_Trust,3992327314
166275755502,2024-08-16,Foreign_Investor,120935458028
12100,2024-08-16,Foreign_Dealer_Self,0
6685663656,2024-08-16,Dealer_self,4722172900
11817269144,2024-08-16,Dealer_Hedging,11025644345
99216249606,2024-08-19,Foreign_Investor,102491692951
7581862326,2024-08-19,Investment_Trust,4262903226
118491787412,2024-08-19,total,128011581747
0,2024-08-19,Foreign_Dealer_Self,0
2783879062,2024-08-19,Dealer_self,8796325324
8909796418,2024-08-19,Dealer_Hedging,12460660246
3256898682,2024-08-20,Dealer_self,6865552192
0,2024-08-20,Foreign_Dealer_Self,0
8055090437,2024-08-20,Dealer_Hedging,12869052212
6699744782,2024-08-20,Investment_Trust,4436734765
114289603319,2024-08-20,Foreign_Investor,109532357267
132301337220,2024-08-20,total,133703696436
134894291415,2024-08-21,total,155976100328
6152186158,2024-08-21,Investment_Trust,5703142112
115411712948,2024-08-21,Foreign_Investor,120433480640
4223192377,2024-08-21,Dealer_self,12602824941
0,2024-08-21,Foreign_Dealer_Self,0
9107199932,2024-08-21,Dealer_Hedging,17236652635
3187482615,2024-08-22,Dealer_self,3266526015
0,2024-08-22,Foreign_Dealer_Self,0
7049071571,2024-08-22,Dealer_Hedging,9941414713
3917806557,2024-08-22,Investment_Trust,2385229908
95864962564,2024-08-22,Foreign_Investor,102754446725
110019323307,2024-08-22,total,118347617361
123867953299,2024-08-23,total,122343288767
104456004432,2024-08-23,Foreign_Investor,106406819534
5806942498,2024-08-23,Investment_Trust,2728080641
9152570300,2024-08-23,Dealer_Hedging,9848879568
4452436069,2024-08-23,Dealer_self,3359509024
0,2024-08-23,Foreign_Dealer_Self,0
109337252914,2024-08-26,Foreign_Investor,114487652055
3656843556,2024-08-26,Dealer_self,5055644115
0,2024-08-26,Foreign_Dealer_Self,0
10523980774,2024-08-26,Dealer_Hedging,12054682721
5865507041,2024-08-26,Investment_Trust,2857810021
129383584285,2024-08-26,total,134455788912
7118867400,2024-08-27,Investment_Trust,2297718865
88418616539,2024-08-27,Foreign_Investor,101214970054
108356373799,2024-08-27,total,117705142062
9561382863,2024-08-27,Dealer_Hedging,10368916406
3257506997,2024-08-27,Dealer_self,3823536737
0,2024-08-27,Foreign_Dealer_Self,0
3498029757,2024-08-28,Dealer_self,3217513024
0,2024-08-28,Foreign_Dealer_Self,0
9307301784,2024-08-28,Dealer_Hedging,9530920890
4848582108,2024-08-28,Investment_Trust,2355558688
97688482385,2024-08-28,Foreign_Investor,109234763080
115342396034,2024-08-28,total,124338755682
122720310755,2024-08-29,total,147150204204
7140808945,2024-08-29,Investment_Trust,4109175532
102285251160,2024-08-29,Foreign_Investor,126427847439
0,2024-08-29,Foreign_Dealer_Self,0
3171512720,2024-08-29,Dealer_self,4059368677
10122737930,2024-08-29,Dealer_Hedging,12553812556
3897055108,2024-08-30,Dealer_self,3242209907
0,2024-08-30,Foreign_Dealer_Self,0
9515072741,2024-08-30,Dealer_Hedging,9000448993
5550197823,2024-08-30,Investment_Trust,1521744030
205800142341,2024-08-30,Foreign_Investor,210539605732
224762468013,2024-08-30,total,224304008662
83801955675,2024-09-02,Foreign_Investor,96600155588
103388708926,2024-09-02,total,117956782872
8373148978,2024-09-02,Investment_Trust,3275141522
0,2024-09-02,Foreign_Dealer_Self,0
3307685049,2024-09-02,Dealer_self,3803873313
7905919224,2024-09-02,Dealer_Hedging,14277612449
3932336224,2024-09-03,Dealer_self,4734962105
0,2024-09-03,Foreign_Dealer_Self,0
9698810949,2024-09-03,Dealer_Hedging,14822121091
8945133269,2024-09-03,Investment_Trust,3147482525
87978045030,2024-09-03,Foreign_Investor,93949708518
110554325472,2024-09-03,total,116654274239
9067232747,2024-09-04,Dealer_self,20612273976
0,2024-09-04,Foreign_Dealer_Self,0
16047008864,2024-09-04,Dealer_Hedging,38475478272
15040182976,2024-09-04,Investment_Trust,3556882606
133924882864,2024-09-04,Foreign_Investor,234676727176
174079307451,2024-09-04,total,297321362030
96574715745,2024-09-05,Foreign_Investor,122288557738
121101355822,2024-09-05,total,155057350927
10885036842,2024-09-05,Investment_Trust,4180938796
0,2024-09-05,Foreign_Dealer_Self,0
9301552059,2024-09-05,Dealer_Hedging,18790716132
4340051176,2024-09-05,Dealer_self,9797138261
3563662487,2024-09-06,Dealer_self,5589078412
0,2024-09-06,Foreign_Dealer_Self,0
8182058101,2024-09-06,Dealer_Hedging,13622180820
9696028901,2024-09-06,Investment_Trust,3799835229
94926976227,2024-09-06,Foreign_Investor,93731001515
116368725716,2024-09-06,total,116742095976
118632281071,2024-09-09,total,171805609293
90905030208,2024-09-09,Foreign_Investor,141028295032
11516750343,2024-09-09,Investment_Trust,2951158749
5699523958,2024-09-09,Dealer_self,7115936811
0,2024-09-09,Foreign_Dealer_Self,0
10510976562,2024-09-09,Dealer_Hedging,20710218701
103387512698,2024-09-10,Foreign_Investor,130399615025
123823034633,2024-09-10,total,155973034816
7400327141,2024-09-10,Investment_Trust,4994224423
0,2024-09-10,Foreign_Dealer_Self,0
3843059183,2024-09-10,Dealer_self,4845246273
9192135611,2024-09-10,Dealer_Hedging,15733949095
4574616003,2024-09-11,Dealer_self,3618112329
0,2024-09-11,Foreign_Dealer_Self,0
7736866558,2024-09-11,Dealer_Hedging,13394957212
9561295944,2024-09-11,Investment_Trust,2711424133
78220614210,2024-09-11,Foreign_Investor,86735493422
100093392715,2024-09-11,total,106459987096
131220573726,2024-09-12,Foreign_Investor,94847966178
6369661697,2024-09-12,Dealer_self,2243266705
0,2024-09-12,Foreign_Dealer_Self,0
14415995425,2024-09-12,Dealer_Hedging,10615724131
6573018168,2024-09-12,Investment_Trust,2716488992
158579249016,2024-09-12,total,110423446006
91589694573,2024-09-13,Foreign_Investor,88645138975
108181412118,2024-09-13,total,104712722049
7234267329,2024-09-13,Investment_Trust,3584440885
2616428985,2024-09-13,Dealer_self,2508955902
0,2024-09-13,Foreign_Dealer_Self,0
6741021231,2024-09-13,Dealer_Hedging,9974186287
2494643751,2024-09-16,Dealer_self,2785152761
0,2024-09-16,Foreign_Dealer_Self,0
6243992996,2024-09-16,Dealer_Hedging,11127106803
7861697044,2024-09-16,Investment_Trust,5389985247
74773287710,2024-09-16,Foreign_Investor,76826367629
91373621501,2024-09-16,total,96128612440
5539905657,2024-09-18,Dealer_self,10764182461
0,2024-09-18,Foreign_Dealer_Self,0
8789150499,2024-09-18,Dealer_Hedging,19143433884
13334230616,2024-09-18,Investment_Trust,8745366508
109391575552,2024-09-18,Foreign_Investor,125316345766
137054862324,2024-09-18,total,163969328619
168639027104,2024-09-19,total,132788885743
13783967475,2024-09-19,Dealer_Hedging,12574567385
135165370924,2024-09-19,Foreign_Investor,108058671033
11431966633,2024-09-19,Investment_Trust,8697223140
0,2024-09-19,Foreign_Dealer_Self,0
8257722072,2024-09-19,Dealer_self,3458424185
219916416414,2024-09-20,Foreign_Investor,196128363128
20179880301,2024-09-20,Investment_Trust,16763201454
256718615692,2024-09-20,total,229579338704
0,2024-09-20,Foreign_Dealer_Self,0
4437878323,2024-09-20,Dealer_self,3300776042
12184440654,2024-09-20,Dealer_Hedging,13386998080
5803185391,2024-09-23,Dealer_self,2475416569
0,2024-09-23,Foreign_Dealer_Self,0
9235292993,2024-09-23,Dealer_Hedging,9663992750
14022914700,2024-09-23,Investment_Trust,9722844092
102398177937,2024-09-23,Foreign_Investor,90807864936
131459571021,2024-09-23,total,112670118347
154567122933,2024-09-24,total,140878100720
124288107459,2024-09-24,Foreign_Investor,113741947360
13227061797,2024-09-24,Investment_Trust,12504844749
12928989000,2024-09-24,Dealer_Hedging,11518296036
4122964677,2024-09-24,Dealer_self,3113012575
0,2024-09-24,Foreign_Dealer_Self,0
11319338084,2024-09-25,Dealer_self,3338539378
0,2024-09-25,Foreign_Dealer_Self,0
15343605864,2024-09-25,Dealer_Hedging,10503069802
13059626286,2024-09-25,Investment_Trust,10914474781
171310509835,2024-09-25,Foreign_Investor,136571247441
211033080069,2024-09-25,total,161327331402
0,2024-09-26,Foreign_Dealer_Self,0
14528515313,2024-09-26,Dealer_Hedging,13248744623
14190614054,2024-09-26,Investment_Trust,13652613274
163576189864,2024-09-26,Foreign_Investor,142366022339
200595301166,2024-09-26,total,173976843777
8299981935,2024-09-26,Dealer_self,4709463541
9321269701,2024-09-27,Investment_Trust,8344267653
163713451668,2024-09-27,Foreign_Investor,139063994040
196259865675,2024-09-27,total,166114605475
16996863327,2024-09-27,Dealer_Hedging,14655822792
6228280979,2024-09-27,Dealer_self,4050520990
0,2024-09-27,Foreign_Dealer_Self,0
3682371093,2024-09-30,Dealer_self,4840163112
0,2024-09-30,Foreign_Dealer_Self,0
14564695569,2024-09-30,Dealer_Hedging,22818270099
4859852437,2024-09-30,Investment_Trust,5800369116
135364045207,2024-09-30,Foreign_Investor,175704682637
158470964306,2024-09-30,total,209163484964
3572802012,2024-10-01,Dealer_self,4390740655
0,2024-10-01,Foreign_Dealer_Self,0
9204621796,2024-10-01,Dealer_Hedging,14016674653
11270879916,2024-10-01,Investment_Trust,9813071142
88893481905,2024-10-01,Foreign_Investor,98201122967
112941785629,2024-10-01,total,126421609417
190900054270,2024-10-04,total,213957468769
18642567859,2024-10-04,Dealer_Hedging,21042615683
156975347788,2024-10-04,Foreign_Investor,179294217230
10209136978,2024-10-04,Investment_Trust,6761797423
0,2024-10-04,Foreign_Dealer_Self,0
5073001645,2024-10-04,Dealer_self,6858838433
143271123315,2024-10-07,Foreign_Investor,141524608189
9546424665,2024-10-07,Investment_Trust,4556486217
177229713681,2024-10-07,total,167254267919
0,2024-10-07,Foreign_Dealer_Self,0
7213362463,2024-10-07,Dealer_self,3628846634
17198803238,2024-10-07,Dealer_Hedging,17544326879
3226600257,2024-10-08,Dealer_self,5342619343
0,2024-10-08,Foreign_Dealer_Self,0
18469755500,2024-10-08,Dealer_Hedging,25089201380
8593247312,2024-10-08,Investment_Trust,5440280647
131550589443,2024-10-08,Foreign_Investor,156681286105
161840192512,2024-10-08,total,192553387475
145886618658,2024-10-09,Foreign_Investor,132566243916
170777552024,2024-10-09,total,161175702161
7152022432,2024-10-09,Investment_Trust,4991235216
13879313629,2024-10-09,Dealer_Hedging,18451352744
0,2024-10-09,Foreign_Dealer_Self,0
3859597305,2024-10-09,Dealer_self,5166870285
3867515907,2024-10-11,Dealer_self,3464132863
0,2024-10-11,Foreign_Dealer_Self,0
11749717967,2024-10-11,Dealer_Hedging,14400104434
5117040272,2024-10-11,Investment_Trust,2725500054
140509639142,2024-10-11,Foreign_Investor,118521110915
161243913288,2024-10-11,total,139110848266
128280976805,2024-10-14,total,124342474166
103596740999,2024-10-14,Foreign_Investor,105204440801
8866012075,2024-10-14,Investment_Trust,3594615422
3793409157,2024-10-14,Dealer_self,2575147210
0,2024-10-14,Foreign_Dealer_Self,0
12024814574,2024-10-14,Dealer_Hedging,12968270733
165554978359,2024-10-15,Foreign_Investor,132126499025
190796605754,2024-10-15,total,153708788821
7429378596,2024-10-15,Investment_Trust,4640236079
12850863496,2024-10-15,Dealer_Hedging,13435052709
0,2024-10-15,Foreign_Dealer_Self,0
4961385303,2024-10-15,Dealer_self,3507001008
0,2024-10-16,Foreign_Dealer_Self,0
7719552084,2024-10-16,Dealer_self,4613165521
15109305856,2024-10-16,Dealer_Hedging,20735190918
6822220357,2024-10-16,Investment_Trust,6836291353
160695924034,2024-10-16,Foreign_Investor,194775903466
190347002331,2024-10-16,total,226960551258
156620776819,2024-10-17,total,152823640496
128284374825,2024-10-17,Foreign_Investor,132200569732
6702075182,2024-10-17,Investment_Trust,4966317046
8163367159,2024-10-17,Dealer_self,2155222046
0,2024-10-17,Foreign_Dealer_Self,0
13470959653,2024-10-17,Dealer_Hedging,13501531672
200630321684,2024-10-18,Foreign_Investor,144009367275
233663328565,2024-10-18,total,168036624000
5508558763,2024-10-18,Investment_Trust,6162329649
18259746454,2024-10-18,Dealer_Hedging,13551024927
0,2024-10-18,Foreign_Dealer_Self,0
9264701664,2024-10-18,Dealer_self,4313902149
6051915331,2024-10-21,Dealer_self,3134385152
0,2024-10-21,Foreign_Dealer_Self,0
10195710767,2024-10-21,Dealer_Hedging,13602577600
10227400414,2024-10-21,Investment_Trust,8071290404
142337257955,2024-10-21,Foreign_Investor,121221051752
168812284467,2024-10-21,total,146029304908
3481609023,2024-10-22,Dealer_self,3402573163
0,2024-10-22,Foreign_Dealer_Self,0
10413966040,2024-10-22,Dealer_Hedging,12562487086
11541151512,2024-10-22,Investment_Trust,7668513372
140639008830,2024-10-22,Foreign_Investor,132781713289
166075735405,2024-10-22,total,156415286910
108111685818,2024-10-23,Foreign_Investor,116004962335
6717515700,2024-10-23,Investment_Trust,6950952607
126211652502,2024-10-23,total,141075042099
0,2024-10-23,Foreign_Dealer_Self,0
2346828199,2024-10-23,Dealer_self,5502031127
9035622785,2024-10-23,Dealer_Hedging,12617096030
118440825441,2024-10-24,Foreign_Investor,125126082782
5302982751,2024-10-24,Investment_Trust,5012982236
136425509539,2024-10-24,total,151185151680
0,2024-10-24,Foreign_Dealer_Self,0
2663736242,2024-10-24,Dealer_self,6035221066
10017965105,2024-10-24,Dealer_Hedging,15010865596
2618160081,2024-10-25,Dealer_self,2933343343
0,2024-10-25,Foreign_Dealer_Self,0
8404056922,2024-10-25,Dealer_Hedging,7505992097
6588747276,2024-10-25,Investment_Trust,7857693782
105360018783,2024-10-25,Foreign_Investor,87444896840
122970983062,2024-10-25,total,105741926062
112305686842,2024-10-28,Foreign_Investor,104299424502
131660067924,2024-10-28,total,125731369224
4418499820,2024-10-28,Investment_Trust,4550389902
9995995411,2024-10-28,Dealer_Hedging,13193378433
0,2024-10-28,Foreign_Dealer_Self,0
4939885851,2024-10-28,Dealer_self,3688176387
3739806323,2024-10-29,Dealer_self,7814457288
0,2024-10-29,Foreign_Dealer_Self,0
11496636060,2024-10-29,Dealer_Hedging,23616066491
10855427822,2024-10-29,Investment_Trust,5095263014
103791918668,2024-10-29,Foreign_Investor,132961528427
129883788873,2024-10-29,total,169487315220
3482917874,2024-10-30,Dealer_self,3484710305
0,2024-10-30,Foreign_Dealer_Self,0
9285257548,2024-10-30,Dealer_Hedging,13189127327
6582983456,2024-10-30,Investment_Trust,3342989506
128473113794,2024-10-30,Foreign_Investor,131298132469
147824272672,2024-10-30,total,151314959607
172953995961,2024-11-01,Foreign_Investor,194291277242
8936689979,2024-11-01,Investment_Trust,3028145141
201912503443,2024-11-01,total,224161375748
0,2024-11-01,Foreign_Dealer_Self,0
5707899019,2024-11-01,Dealer_self,6386363913
14313918484,2024-11-01,Dealer_Hedging,20455589452
103595975232,2024-11-04,Foreign_Investor,105308713511
7618438953,2024-11-04,Investment_Trust,4066521360
123305525497,2024-11-04,total,126948201993
0,2024-11-04,Foreign_Dealer_Self,0
3032936410,2024-11-04,Dealer_self,4034993434
9058174902,2024-11-04,Dealer_Hedging,13537973688
3138121557,2024-11-05,Dealer_self,4208592957
0,2024-11-05,Foreign_Dealer_Self,0
10700876147,2024-11-05,Dealer_Hedging,14961211794
8579982937,2024-11-05,Investment_Trust,3021162935
112744324413,2024-11-05,Foreign_Investor,103429907533
135163305054,2024-11-05,total,125620875219
130586694642,2024-11-06,Foreign_Investor,132594607420
8584300545,2024-11-06,Investment_Trust,4845274959
157330825194,2024-11-06,total,160538460000
0,2024-11-06,Foreign_Dealer_Self,0
4575027130,2024-11-06,Dealer_self,4280491821
13584802877,2024-11-06,Dealer_Hedging,18818085800
6926357548,2024-11-07,Dealer_self,3617313043
0,2024-11-07,Foreign_Dealer_Self,0
15277031106,2024-11-07,Dealer_Hedging,13416118090
6516814375,2024-11-07,Investment_Trust,4442773982
146739330673,2024-11-07,Foreign_Investor,141304212916
175459533702,2024-11-07,total,162780418031
158199612022,2024-11-08,total,154317933924
131310504898,2024-11-08,Foreign_Investor,131322776955
7369565178,2024-11-08,Investment_Trust,4255021630
13511918669,2024-11-08,Dealer_Hedging,14382922863
6007623277,2024-11-08,Dealer_self,4357212476
0,2024-11-08,Foreign_Dealer_Self,0
4186166606,2024-11-11,Dealer_self,7050661843
0,2024-11-11,Foreign_Dealer_Self,0
10562321838,2024-11-11,Dealer_Hedging,16379797625
7448966785,2024-11-11,Investment_Trust,4590629411
123430237677,2024-11-11,Foreign_Investor,123603033469
145627692906,2024-11-11,total,151624122348
166559028098,2024-11-12,total,227951845339
139716788352,2024-11-12,Foreign_Investor,187387963522
10436314430,2024-11-12,Investment_Trust,3664421774
11966635623,2024-11-12,Dealer_Hedging,27712296328
4439289693,2024-11-12,Dealer_self,9187163715
0,2024-11-12,Foreign_Dealer_Self,0
5240284605,2024-11-13,Dealer_self,8296033153
0,2024-11-13,Foreign_Dealer_Self,0
10718913394,2024-11-13,Dealer_Hedging,17039858753
10587230329,2024-11-13,Investment_Trust,4667767407
119332271034,2024-11-13,Foreign_Investor,161851766325
145878699362,2024-11-13,total,191855425638
163774542172,2024-11-14,total,199823346616
12620419267,2024-11-14,Investment_Trust,6885128242
132160364677,2024-11-14,Foreign_Investor,157587516496
0,2024-11-14,Foreign_Dealer_Self,0
5682878110,2024-11-14,Dealer_self,10994055986
13310880118,2024-11-14,Dealer_Hedging,24356645892
5457328009,2024-11-15,Dealer_self,6735509143
0,2024-11-15,Foreign_Dealer_Self,0
11141396461,2024-11-15,Dealer_Hedging,16000566594
4325086599,2024-11-15,Investment_Trust,12036889269
152650753635,2024-11-15,Foreign_Investor,147522590603
173574564704,2024-11-15,total,182295555609
123804581723,2024-11-18,Foreign_Investor,134507975560
155270589414,2024-11-18,total,174946380839
16137603376,2024-11-18,Investment_Trust,12965589283
0,2024-11-18,Foreign_Dealer_Self,0
5326336894,2024-11-18,Dealer_self,7124649535
10002067421,2024-11-18,Dealer_Hedging,20348166461
6544989926,2024-11-19,Dealer_self,3034489163
0,2024-11-19,Foreign_Dealer_Self,0
11146566141,2024-11-19,Dealer_Hedging,12928699431
20816661289,2024-11-19,Investment_Trust,15416418540
139225397730,2024-11-19,Foreign_Investor,128573152429
177733615086,2024-11-19,total,159952759563
6927884010,2024-11-20,Dealer_self,5015851331
0,2024-11-20,Foreign_Dealer_Self,0
10442688304,2024-11-20,Dealer_Hedging,14545063042
19807024775,2024-11-20,Investment_Trust,14491037021
126906530054,2024-11-20,Foreign_Investor,159055343814
164084127143,2024-11-20,total,193107295208
115031254275,2024-11-21,Foreign_Investor,141383505908
149669184462,2024-11-21,total,169339970496
21440042254,2024-11-21,Investment_Trust,12942627309
0,2024-11-21,Foreign_Dealer_Self,0
8842212274,2024-11-21,Dealer_Hedging,12394112613
4355675659,2024-11-21,Dealer_self,2619724666
5267484904,2024-11-22,Dealer_self,2504229219
0,2024-11-22,Foreign_Dealer_Self,0
11546741695,2024-11-22,Dealer_Hedging,10857305499
17582230510,2024-11-22,Investment_Trust,12898119020
124450090135,2024-11-22,Foreign_Investor,116409181238
158846547244,2024-11-22,total,142668834976
274944628202,2024-11-25,total,259746936437
242996036810,2024-11-25,Foreign_Investor,237780196769
13776768693,2024-11-25,Investment_Trust,7792726962
7461507086,2024-11-25,Dealer_self,2963989700
0,2024-11-25,Foreign_Dealer_Self,0
10710315613,2024-11-25,Dealer_Hedging,11210023006
95747247930,2024-11-26,Foreign_Investor,125001867025
116131212012,2024-11-26,total,149868129781
9704880297,2024-11-26,Investment_Trust,6333711752
0,2024-11-26,Foreign_Dealer_Self,0
2252931267,2024-11-26,Dealer_self,3955858722
8426152518,2024-11-26,Dealer_Hedging,14576692282
3070608788,2024-11-27,Dealer_self,6837913661
0,2024-11-27,Foreign_Dealer_Self,0
10250007573,2024-11-27,Dealer_Hedging,20440034688
8942685388,2024-11-27,Investment_Trust,6325147361
94668354870,2024-11-27,Foreign_Investor,135729320743
116931656619,2024-11-27,total,169332416453
107856263410,2024-11-28,Foreign_Investor,117741739220
4131355707,2024-11-28,Dealer_self,5090357850
0,2024-11-28,Foreign_Dealer_Self,0
10701953080,2024-11-28,Dealer_Hedging,17876750949
8663066030,2024-11-28,Investment_Trust,4972143043
131352638227,2024-11-28,total,145680991062
110927921091,2024-11-29,Foreign_Investor,137393007988
133461626921,2024-11-29,total,157355009266
8719221043,2024-11-29,Investment_Trust,3956405042
0,2024-11-29,Foreign_Dealer_Self,0
4004932415,2024-11-29,Dealer_self,4434878701
9809552372,2024-11-29,Dealer_Hedging,11570717535
4243570175,2024-12-02,Dealer_self,3676843535
0,2024-12-02,Foreign_Dealer_Self,0
10347863047,2024-12-02,Dealer_Hedging,10636876066
11989529278,2024-12-02,Investment_Trust,7262644569
116032182892,2024-12-02,Foreign_Investor,100993206584
142613145392,2024-12-02,total,122569570754
5694036786,2024-12-03,Dealer_self,3561355643
0,2024-12-03,Foreign_Dealer_Self,0
18748783974,2024-12-03,Dealer_Hedging,16376800388
10793420282,2024-12-03,Investment_Trust,10463733675
158759419528,2024-12-03,Foreign_Investor,130154322835
193995660570,2024-12-03,total,160556212541
169773271190,2024-12-04,total,142576947866
139780240534,2024-12-04,Foreign_Investor,113920340169
8209137371,2024-12-04,Investment_Trust,11090382349
16033240614,2024-12-04,Dealer_Hedging,13920401207
0,2024-12-04,Foreign_Dealer_Self,0
5750652671,2024-12-04,Dealer_self,3645824141
134914983043,2024-12-05,Foreign_Investor,130310287119
7920913002,2024-12-05,Investment_Trust,9136797513
159930322646,2024-12-05,total,157081340925
0,2024-12-05,Foreign_Dealer_Self,0
5289439510,2024-12-05,Dealer_self,4003345035
11804987091,2024-12-05,Dealer_Hedging,13630911258
4535739028,2024-12-06,Dealer_self,4090667937
0,2024-12-06,Foreign_Dealer_Self,0
11741323631,2024-12-06,Dealer_Hedging,13949731013
7933399238,2024-12-06,Investment_Trust,10515494091
120774626764,2024-12-06,Foreign_Investor,118772242907
144985088661,2024-12-06,total,147328135948
129826574749,2024-12-09,Foreign_Investor,125621180503
153045925895,2024-12-09,total,150434503628
8079455910,2024-12-09,Investment_Trust,6958503353
0,2024-12-09,Foreign_Dealer_Self,0
11495401794,2024-12-09,Dealer_Hedging,13959477441
3644493442,2024-12-09,Dealer_self,3895342331
3219301287,2024-12-10,Dealer_self,4975655537
0,2024-12-10,Foreign_Dealer_Self,0
12142968994,2024-12-10,Dealer_Hedging,16123443531
6426567421,2024-12-10,Investment_Trust,7857111839
124613544156,2024-12-10,Foreign_Investor,131628210059
146402381858,2024-12-10,total,160584420966
4290484114,2024-12-11,Dealer_self,5932331393
0,2024-12-11,Foreign_Dealer_Self,0
9153416394,2024-12-11,Dealer_Hedging,15106370743
11439687307,2024-12-11,Investment_Trust,7588416339
103884556064,2024-12-11,Foreign_Investor,121528241029
128768143879,2024-12-11,total,150155359504
148420866772,2024-12-12,total,148208709231
9842983799,2024-12-12,Investment_Trust,8775195873
122472489257,2024-12-12,Foreign_Investor,124193013025
12213918587,2024-12-12,Dealer_Hedging,11802839387
3891475129,2024-12-12,Dealer_self,3437660946
0,2024-12-12,Foreign_Dealer_Self,0
3370086366,2024-12-13,Dealer_self,6265406398
0,2024-12-13,Foreign_Dealer_Self,0
9687541760,2024-12-13,Dealer_Hedging,15583545492
11735231639,2024-12-13,Investment_Trust,9199558190
115392640303,2024-12-13,Foreign_Investor,119426261179
140185500068,2024-12-13,total,150474771259
181413926170,2024-12-16,total,174377350701
151983978193,2024-12-16,Foreign_Investor,136821201617
13386166704,2024-12-16,Investment_Trust,11744766119
4704216864,2024-12-16,Dealer_self,7363329097
0,2024-12-16,Foreign_Dealer_Self,0
11339564409,2024-12-16,Dealer_Hedging,18448053868
19431120219,2024-12-17,Investment_Trust,19749820644
156861111607,2024-12-17,Foreign_Investor,153429670083
194113657358,2024-12-17,total,191784144674
12838563251,2024-12-17,Dealer_Hedging,14174787833
4982862281,2024-12-17,Dealer_self,4429866114
0,2024-12-17,Foreign_Dealer_Self,0
5692332623,2024-12-18,Dealer_self,8573697714
0,2024-12-18,Foreign_Dealer_Self,0
11288654739,2024-12-18,Dealer_Hedging,14106277381
18672007149,2024-12-18,Investment_Trust,16966297355
159665462249,2024-12-18,Foreign_Investor,149241120769
195318456760,2024-12-18,total,188887393219
5237936145,2024-12-19,Dealer_self,4425068375
0,2024-12-19,Foreign_Dealer_Self,0
11158300417,2024-12-19,Dealer_Hedging,17686187013
16616251991,2024-12-19,Investment_Trust,18956048422
139403988990,2024-12-19,Foreign_Investor,172703856289
172416477543,2024-12-19,total,213771160099
218394106178,2024-12-20,total,273407876069
170530275648,2024-12-20,Foreign_Investor,219207277490
34233348195,2024-12-20,Investment_Trust,33844204689
0,2024-12-20,Foreign_Dealer_Self,0
4159833041,2024-12-20,Dealer_self,5040104414
9470649294,2024-12-20,Dealer_Hedging,15316289476
185882481560,2024-12-23,total,140598785211
5243028941,2024-12-23,Dealer_self,2975504988
0,2024-12-23,Foreign_Dealer_Self,0
12488930361,2024-12-23,Dealer_Hedging,9035713466
28651644695,2024-12-23,Investment_Trust,28516508697
139498877563,2024-12-23,Foreign_Investor,100071058060
3954817744,2024-12-24,Dealer_self,2680244462
0,2024-12-24,Foreign_Dealer_Self,0
10204554041,2024-12-24,Dealer_Hedging,6774582181
24341784933,2024-12-24,Investment_Trust,26139513456
119255677204,2024-12-24,Foreign_Investor,105003445333
157756833922,2024-12-24,total,140597785432
87043440091,2024-12-25,Foreign_Investor,75927662607
121584489721,2024-12-25,total,106008211945
19908726861,2024-12-25,Investment_Trust,21412893524
8414261657,2024-12-25,Dealer_Hedging,6102673132
0,2024-12-25,Foreign_Dealer_Self,0
6218061112,2024-12-25,Dealer_self,2564982682
3383285478,2024-12-26,Dealer_self,2210977967
0,2024-12-26,Foreign_Dealer_Self,0
7791862183,2024-12-26,Dealer_Hedging,7065112942
19683736107,2024-12-26,Investment_Trust,19527891963
86149838811,2024-12-26,Foreign_Investor,82691023095
117008722579,2024-12-26,total,111495005967
103309412096,2024-12-27,total,98359253628
84452889344,2024-12-27,Foreign_Investor,78977390130
7542741522,2024-12-27,Investment_Trust,9339871746
2823067240,2024-12-27,Dealer_self,3026888416
0,2024-12-27,Foreign_Dealer_Self,0
8490713990,2024-12-27,Dealer_Hedging,7015103336
87158020235,2024-12-30,Foreign_Investor,93643912484
109142736753,2024-12-30,total,119709732006
12013713490,2024-12-30,Investment_Trust,13294763369
8175412358,2024-12-30,Dealer_Hedging,9197119600
0,2024-12-30,Foreign_Dealer_Self,0
1795590670,2024-12-30,Dealer_self,3573936553
3435875231,2024-12-31,Dealer_self,3501276125
0,2024-12-31,Foreign_Dealer_Self,0
7906939980,2024-12-31,Dealer_Hedging,11173661351
13409730425,2024-12-31,Investment_Trust,14612501904
83133508606,2024-12-31,Foreign_Investor,101583967719
107886054242,2024-12-31,total,130871407099
4465988420,2025-01-02,Dealer_self,9601783327
0,2025-01-02,Foreign_Dealer_Self,0
16197840447,2025-01-02,Dealer_Hedging,18943634370
17704696877,2025-01-02,Investment_Trust,19926783912
96984497115,2025-01-02,Foreign_Investor,124382098217
135353022859,2025-01-02,total,172854299826
111929269350,2025-01-03,Foreign_Investor,102761140210
11274678554,2025-01-03,Investment_Trust,10343668429
140346931960,2025-01-03,total,129065239915
0,2025-01-03,Foreign_Dealer_Self,0
4161637637,2025-01-03,Dealer_self,4078689337
12981346419,2025-01-03,Dealer_Hedging,11881741939
160139598588,2025-01-06,Foreign_Investor,108133186264
10451606549,2025-01-06,Investment_Trust,11548466877
198872550429,2025-01-06,total,134502920737
0,2025-01-06,Foreign_Dealer_Self,0
8408337334,2025-01-06,Dealer_self,3209729766
19873007958,2025-01-06,Dealer_Hedging,11611537830
6055367246,2025-01-07,Dealer_self,3639235232
0,2025-01-07,Foreign_Dealer_Self,0
16789739825,2025-01-07,Dealer_Hedging,12155825574
10445919447,2025-01-07,Investment_Trust,11335193496
157157485803,2025-01-07,Foreign_Investor,145837237615
190448512321,2025-01-07,total,172967491917
125533112827,2025-01-08,Foreign_Investor,141476554924
150446015667,2025-01-08,total,169194330701
9412378752,2025-01-08,Investment_Trust,11450228484
10769597448,2025-01-08,Dealer_Hedging,11981207672
0,2025-01-08,Foreign_Dealer_Self,0
4730926640,2025-01-08,Dealer_self,4286339621
3805296686,2025-01-09,Dealer_self,6899671495
0,2025-01-09,Foreign_Dealer_Self,0
9724865596,2025-01-09,Dealer_Hedging,17847912099
5190824570,2025-01-09,Investment_Trust,7980436161
111221053512,2025-01-09,Foreign_Investor,140364689182
129942040364,2025-01-09,total,173092708937
3835752935,2025-01-10,Dealer_self,5949250451
0,2025-01-10,Foreign_Dealer_Self,0
11126003960,2025-01-10,Dealer_Hedging,15712667821
8631903581,2025-01-10,Investment_Trust,9544108036
111301084476,2025-01-10,Foreign_Investor,128494036793
134894744952,2025-01-10,total,159700063101
142017873871,2025-01-13,Foreign_Investor,196453656626
10028191803,2025-01-13,Investment_Trust,6504724190
174976649579,2025-01-13,total,242841262367
0,2025-01-13,Foreign_Dealer_Self,0
6886829865,2025-01-13,Dealer_self,9778824398
16043754040,2025-01-13,Dealer_Hedging,30104057153
102634604431,2025-01-14,Foreign_Investor,115629638504
9690949506,2025-01-14,Investment_Trust,5263385250
124395919151,2025-01-14,total,135961725145
0,2025-01-14,Foreign_Dealer_Self,0
2913122631,2025-01-14,Dealer_self,3292103503
9157242583,2025-01-14,Dealer_Hedging,11776597888
0,2025-01-15,Foreign_Dealer_Self,0
3806474830,2025-01-15,Dealer_self,4901303992
9845706379,2025-01-15,Dealer_Hedging,16379140724
6388838711,2025-01-15,Investment_Trust,5040179086
98892802667,2025-01-15,Foreign_Investor,128476003530
118933822587,2025-01-15,total,154796627332
128335850338,2025-01-16,Foreign_Investor,102983535244
8954144549,2025-01-16,Investment_Trust,13095363392
161613559554,2025-01-16,total,131446626486
0,2025-01-16,Foreign_Dealer_Self,0
8970120637,2025-01-16,Dealer_self,3929969347
15353444030,2025-01-16,Dealer_Hedging,11437758503
3256100642,2025-01-17,Dealer_self,3057775384
0,2025-01-17,Foreign_Dealer_Self,0
11778563694,2025-01-17,Dealer_Hedging,12733451760
9984117163,2025-01-17,Investment_Trust,11565724095
127712454943,2025-01-17,Foreign_Investor,114500669552
152731236442,2025-01-17,total,141857620791
120839258777,2025-01-20,total,106923938590
99791728579,2025-01-20,Foreign_Investor,90632080742
7342911013,2025-01-20,Investment_Trust,5015413279
10564497196,2025-01-20,Dealer_Hedging,9029789845
3140121989,2025-01-20,Dealer_self,2246654724
0,2025-01-20,Foreign_Dealer_Self,0
2541264088,2025-01-21,Dealer_self,2378704875
0,2025-01-21,Foreign_Dealer_Self,0
7312641129,2025-01-21,Dealer_Hedging,9677038463
8136247744,2025-01-21,Investment_Trust,6810304807
94004105075,2025-01-21,Foreign_Investor,93744955900
111994258036,2025-01-21,total,112611004045
169540055707,2025-01-22,total,149163066349
7973779817,2025-01-22,Investment_Trust,7206610233
145748677987,2025-01-22,Foreign_Investor,130129692253
0,2025-01-22,Foreign_Dealer_Self,0
10673083001,2025-01-22,Dealer_Hedging,9197719149
5144514902,2025-01-22,Dealer_self,2629044714
7641378132,2025-02-03,Dealer_self,9200386454
0,2025-02-03,Foreign_Dealer_Self,0
18291592164,2025-02-03,Dealer_Hedging,37131145153
19456488942,2025-02-03,Investment_Trust,9566389470
188412849751,2025-02-03,Foreign_Investor,262792596516
233802308989,2025-02-03,total,318690517593
200582221827,2025-02-04,total,221552859087
168349565721,2025-02-04,Foreign_Investor,183606034259
13072881010,2025-02-04,Investment_Trust,14887224626
0,2025-02-04,Foreign_Dealer_Self,0
4811322330,2025-02-04,Dealer_self,5388325452
14348452766,2025-02-04,Dealer_Hedging,17671274750
4666087955,2025-02-05,Dealer_self,3857899869
0,2025-02-05,Foreign_Dealer_Self,0
13191648235,2025-02-05,Dealer_Hedging,11327084748
11255424777,2025-02-05,Investment_Trust,6377634415
150677794982,2025-02-05,Foreign_Investor,125274536459
179790955949,2025-02-05,total,146837155491
127469372536,2025-02-06,Foreign_Investor,124573288570
151424493653,2025-02-06,total,144127599140
8222212204,2025-02-06,Investment_Trust,5492065182
5091448034,2025-02-06,Dealer_self,3650610851
0,2025-02-06,Foreign_Dealer_Self,0
10641460879,2025-02-06,Dealer_Hedging,10411634537
5162982488,2025-02-07,Dealer_self,3493530971
0,2025-02-07,Foreign_Dealer_Self,0
13163186378,2025-02-07,Dealer_Hedging,8527795133
7015436141,2025-02-07,Investment_Trust,5375997726
128427453521,2025-02-07,Foreign_Investor,114261124370
153769058528,2025-02-07,total,131658448200
125995164275,2025-02-10,total,149980162302
105182971186,2025-02-10,Foreign_Investor,124073791940
7740581262,2025-02-10,Investment_Trust,7643979079
3970449124,2025-02-10,Dealer_self,5136755498
0,2025-02-10,Foreign_Dealer_Self,0
9101162703,2025-02-10,Dealer_Hedging,13125635785
120333835615,2025-02-11,Foreign_Investor,111031942231
142116214662,2025-02-11,total,130179515104
8429985650,2025-02-11,Investment_Trust,5552888784
3468966129,2025-02-11,Dealer_self,4379489983
0,2025-02-11,Foreign_Dealer_Self,0
9883427268,2025-02-11,Dealer_Hedging,9215194106
4282540694,2025-02-12,Dealer_self,4415763870
0,2025-02-12,Foreign_Dealer_Self,0
9919620937,2025-02-12,Dealer_Hedging,9847987377
6613239615,2025-02-12,Investment_Trust,10120834785
123881590866,2025-02-12,Foreign_Investor,121248442419
144696992112,2025-02-12,total,145633028451
6001320167,2025-02-13,Dealer_self,3334398132
0,2025-02-13,Foreign_Dealer_Self,0
14462585348,2025-02-13,Dealer_Hedging,11676963954
8581146288,2025-02-13,Investment_Trust,7426845230
134129094585,2025-02-13,Foreign_Investor,133051299569
163174146388,2025-02-13,total,155489506885
148211484389,2025-02-14,total,178627359818
125056967852,2025-02-14,Foreign_Investor,149649620832
6768897920,2025-02-14,Investment_Trust,9962537874
0,2025-02-14,Foreign_Dealer_Self,0
4481160794,2025-02-14,Dealer_self,4937299839
11904457823,2025-02-14,Dealer_Hedging,14077901273
129604773128,2025-02-17,Foreign_Investor,104857924500
13632950426,2025-02-17,Investment_Trust,8951098447
162938443952,2025-02-17,total,130054282746
0,2025-02-17,Foreign_Dealer_Self,0
4830874384,2025-02-17,Dealer_self,3883279054
14869846014,2025-02-17,Dealer_Hedging,12361980745
3919575859,2025-02-18,Dealer_self,3656521988
0,2025-02-18,Foreign_Dealer_Self,0
13112534974,2025-02-18,Dealer_Hedging,11509173176
8678155440,2025-02-18,Investment_Trust,10861057727
111137643136,2025-02-18,Foreign_Investor,102970256356
136847909409,2025-02-18,total,128997009247
130835507726,2025-02-19,Foreign_Investor,133412663412
154356605347,2025-02-19,total,165897421783
4670465939,2025-02-19,Investment_Trust,10655187478
5348094942,2025-02-19,Dealer_self,8093387822
0,2025-02-19,Foreign_Dealer_Self,0
13502536740,2025-02-19,Dealer_Hedging,13736183071
5728442478,2025-02-20,Dealer_self,3693325769
0,2025-02-20,Foreign_Dealer_Self,0
11421476195,2025-02-20,Dealer_Hedging,14097122771
4917728664,2025-02-20,Investment_Trust,11367350626
117700740887,2025-02-20,Foreign_Investor,134498059190
139768388224,2025-02-20,total,163655858356
4862382047,2025-02-21,Dealer_self,3921491359
0,2025-02-21,Foreign_Dealer_Self,0
13307905919,2025-02-21,Dealer_Hedging,10047862775
5342119895,2025-02-21,Investment_Trust,10147384769
138373627059,2025-02-21,Foreign_Investor,120487089934
161886034920,2025-02-21,total,144603828837
143942934345,2025-02-24,total,164594288196
11789783696,2025-02-24,Dealer_Hedging,15176045633
117707073215,2025-02-24,Foreign_Investor,137235404537
10838350981,2025-02-24,Investment_Trust,8142382070
0,2025-02-24,Foreign_Dealer_Self,0
3607726453,2025-02-24,Dealer_self,4040455956
123577247236,2025-02-25,Foreign_Investor,174915768782
9582016820,2025-02-25,Investment_Trust,8460416744
149606168312,2025-02-25,total,209216704148
0,2025-02-25,Foreign_Dealer_Self,0
4520350916,2025-02-25,Dealer_self,7352404613
11926553340,2025-02-25,Dealer_Hedging,18488114009
4155457804,2025-02-26,Dealer_self,3822083960
0,2025-02-26,Foreign_Dealer_Self,0
11460506564,2025-02-26,Dealer_Hedging,15949941050
7335194716,2025-02-26,Investment_Trust,9371679395
144507960875,2025-02-26,Foreign_Investor,148299451679
167459119959,2025-02-26,total,177443156084
260515042237,2025-02-27,total,320390329454
236076316904,2025-02-27,Foreign_Investor,281185626601
6343947417,2025-02-27,Investment_Trust,14344475456
12210287990,2025-02-27,Dealer_Hedging,19314032803
5884489926,2025-02-27,Dealer_self,5546194594
0,2025-02-27,Foreign_Dealer_Self,0
5651883329,2025-03-03,Dealer_self,5158837699
0,2025-03-03,Foreign_Dealer_Self,0
15484104683,2025-03-03,Dealer_Hedging,31333614739
16029213043,2025-03-03,Investment_Trust,6744302930
151762107412,2025-03-03,Foreign_Investor,208801618920
188927308467,2025-03-03,total,252038374288
0,2025-03-04,Foreign_Dealer_Self,0
15460746124,2025-03-04,Dealer_Hedging,26572262902
14285702788,2025-03-04,Investment_Trust,6815402321
129771466652,2025-03-04,Foreign_Investor,182236734571
165532761614,2025-03-04,total,221891843220
6014846050,2025-03-04,Dealer_self,6267443426
9837245177,2025-03-05,Investment_Trust,6514810347
125094184457,2025-03-05,Foreign_Investor,139163770851
151494677856,2025-03-05,total,167310123331
12182460667,2025-03-05,Dealer_Hedging,17223970369
4380787555,2025-03-05,Dealer_self,4407571764
0,2025-03-05,Foreign_Dealer_Self,0
4161270758,2025-03-06,Dealer_self,3569996088
0,2025-03-06,Foreign_Dealer_Self,0
11071124717,2025-03-06,Dealer_Hedging,16935967393
9045838538,2025-03-06,Investment_Trust,6172858123
111460318873,2025-03-06,Foreign_Investor,137582559195
135738552886,2025-03-06,total,164261380799
2808461828,2025-03-07,Dealer_self,3971139241
0,2025-03-07,Foreign_Dealer_Self,0
8527186365,2025-03-07,Dealer_Hedging,18571410150
10230087643,2025-03-07,Investment_Trust,7562479632
120689296294,2025-03-07,Foreign_Investor,150191328457
142255032130,2025-03-07,total,180296357480
140934656241,2025-03-10,total,175388837198
115879036796,2025-03-10,Foreign_Investor,144597526935
10983322971,2025-03-10,Investment_Trust,6580628419
10825940771,2025-03-10,Dealer_Hedging,18815813311
0,2025-03-10,Foreign_Dealer_Self,0
3246355703,2025-03-10,Dealer_self,5394868533
134825791795,2025-03-11,Foreign_Investor,180887668141
13536322093,2025-03-11,Investment_Trust,7365359754
172010405942,2025-03-11,total,233285496964
0,2025-03-11,Foreign_Dealer_Self,0
7948428998,2025-03-11,Dealer_self,12668635414
15699863056,2025-03-11,Dealer_Hedging,32363833655
5087159235,2025-03-12,Dealer_self,6863641225
0,2025-03-12,Foreign_Dealer_Self,0
9464415616,2025-03-12,Dealer_Hedging,14353480345
13553520644,2025-03-12,Investment_Trust,7510850983
120043457745,2025-03-12,Foreign_Investor,137253717782
148148553240,2025-03-12,total,165981690335
115206042716,2025-03-13,Foreign_Investor,138781328492
140949129415,2025-03-13,total,169489348278
10601809716,2025-03-13,Investment_Trust,8882884325
11518272462,2025-03-13,Dealer_Hedging,17455692875
0,2025-03-13,Foreign_Dealer_Self,0
3623004521,2025-03-13,Dealer_self,4369442586
4672074205,2025-03-14,Dealer_self,4199729510
0,2025-03-14,Foreign_Dealer_Self,0
14400483845,2025-03-14,Dealer_Hedging,19370744026
14649128329,2025-03-14,Investment_Trust,7139743540
119655573922,2025-03-14,Foreign_Investor,130140959008
153377260301,2025-03-14,total,160851176084
139612109878,2025-03-17,total,146779176095
111255243733,2025-03-17,Foreign_Investor,121560912294
14493936778,2025-03-17,Investment_Trust,6799909115
3080442519,2025-03-17,Dealer_self,3299221591
0,2025-03-17,Foreign_Dealer_Self,0
10782486848,2025-03-17,Dealer_Hedging,15119133095
102308785726,2025-03-18,Foreign_Investor,106884368848
133564140289,2025-03-18,total,131110822448
10231862599,2025-03-18,Dealer_Hedging,14276309141
0,2025-03-18,Foreign_Dealer_Self,0
3141076519,2025-03-18,Dealer_self,2911446929
17882415445,2025-03-18,Investment_Trust,7038697530
0,2025-03-19,Foreign_Dealer_Self,0
5202386491,2025-03-19,Dealer_self,7045079889
12870208148,2025-03-19,Dealer_Hedging,16007443387
6906201602,2025-03-19,Investment_Trust,6515438595
102082723369,2025-03-19,Foreign_Investor,136328417727
127061519610,2025-03-19,total,165896379598
135689692003,2025-03-20,total,110876593651
113160631553,2025-03-20,Foreign_Investor,91121608237
6532368391,2025-03-20,Investment_Trust,6973793219
4782650278,2025-03-20,Dealer_self,2703688849
0,2025-03-20,Foreign_Dealer_Self,0
11214041781,2025-03-20,Dealer_Hedging,10077503346
178882336476,2025-03-21,total,197183775942
151532047282,2025-03-21,Foreign_Investor,169216857148
16344712542,2025-03-21,Investment_Trust,13683491361
0,2025-03-21,Foreign_Dealer_Self,0
2589811241,2025-03-21,Dealer_self,2447368800
8415765411,2025-03-21,Dealer_Hedging,11836058633
2327290512,2025-03-24,Dealer_self,2871259974
0,2025-03-24,Foreign_Dealer_Self,0
7806380201,2025-03-24,Dealer_Hedging,10751455197
10719650300,2025-03-24,Investment_Trust,7663141404
79791015648,2025-03-24,Foreign_Investor,91263402896
100644336661,2025-03-24,total,112549259471
10485490546,2025-03-25,Investment_Trust,7033199784
9826262747,2025-03-25,Dealer_Hedging,9633282451
97230328007,2025-03-25,Foreign_Investor,90821230316
2857217895,2025-03-25,Dealer_self,2726936894
0,2025-03-25,Foreign_Dealer_Self,0
120399299195,2025-03-25,total,110214649445
106596197965,2025-03-26,total,102448070884
9631677795,2025-03-26,Investment_Trust,6110418799
86238136803,2025-03-26,Foreign_Investor,86464265049
0,2025-03-26,Foreign_Dealer_Self,0
2952088399,2025-03-26,Dealer_self,1730270195
7774294968,2025-03-26,Dealer_Hedging,8143116841
2524449295,2025-03-27,Dealer_self,3016141072
0,2025-03-27,Foreign_Dealer_Self,0
10728916545,2025-03-27,Dealer_Hedging,16248214803
11494579838,2025-03-27,Investment_Trust,6211112103
92161839105,2025-03-27,Foreign_Investor,130949002382
116909784783,2025-03-27,total,156424470360
3160370888,2025-03-28,Dealer_self,5860856240
0,2025-03-28,Foreign_Dealer_Self,0
12662844024,2025-03-28,Dealer_Hedging,25978940853
8576338903,2025-03-28,Investment_Trust,5489425818
99866889479,2025-03-28,Foreign_Investor,133535459359
124266443294,2025-03-28,total,170864682270
14126687849,2025-03-31,Investment_Trust,5961351037
149652071600,2025-03-31,Foreign_Investor,187506788804
189785292609,2025-03-31,total,241511383550
19305443744,2025-03-31,Dealer_Hedging,37620676085
6701089416,2025-03-31,Dealer_self,10422567624
0,2025-03-31,Foreign_Dealer_Self,0
3604963131,2025-04-01,Dealer_self,4930899586
0,2025-04-01,Foreign_Dealer_Self,0
10557905025,2025-04-01,Dealer_Hedging,13143573071
9128500520,2025-04-01,Investment_Trust,3784423727
106001325080,2025-04-01,Foreign_Investor,110388216675
129292693756,2025-04-01,total,132247113059
2471216690,2025-04-02,Dealer_self,3070567229
0,2025-04-02,Foreign_Dealer_Self,0
9545035623,2025-04-02,Dealer_Hedging,12909078312
4885990448,2025-04-02,Investment_Trust,2956914085
97086493116,2025-04-02,Foreign_Investor,98135854734
113988735877,2025-04-02,total,117072414360
66577351419,2025-04-07,total,50896437968
10033060297,2025-04-07,Dealer_Hedging,10492188506
55203171585,2025-04-07,Foreign_Investor,38382148493
553623630,2025-04-07,Investment_Trust,790018240
787495907,2025-04-07,Dealer_self,1232082729
0,2025-04-07,Foreign_Dealer_Self,0
195100392247,2025-04-08,Foreign_Investor,229283393874
10528901379,2025-04-08,Investment_Trust,12237544474
244579174693,2025-04-08,total,293143110026
0,2025-04-08,Foreign_Dealer_Self,0
6745887372,2025-04-08,Dealer_self,6328215512
32203993695,2025-04-08,Dealer_Hedging,45293956166
7019938002,2025-04-09,Dealer_self,10513231262
0,2025-04-09,Foreign_Dealer_Self,0
34557894064,2025-04-09,Dealer_Hedging,41383479450
9191036294,2025-04-09,Investment_Trust,10171800253
195137530363,2025-04-09,Foreign_Investor,230778910360
245906398723,2025-04-09,total,292847421325
73656102693,2025-04-10,total,80852580874
4496992543,2025-04-10,Investment_Trust,2186830791
59364204043,2025-04-10,Foreign_Investor,65051099728
0,2025-04-10,Foreign_Dealer_Self,0
2584479795,2025-04-10,Dealer_self,1272824625
7210426312,2025-04-10,Dealer_Hedging,12341825730
5422205905,2025-04-11,Dealer_self,8109792393
0,2025-04-11,Foreign_Dealer_Self,0
19031491711,2025-04-11,Dealer_Hedging,24905537818
17974575887,2025-04-11,Investment_Trust,8133081571
230860683664,2025-04-11,Foreign_Investor,200344014849
273288957167,2025-04-11,total,241492426631
209480250305,2025-04-14,total,236520753627
179725876121,2025-04-14,Foreign_Investor,198352904050
11765561558,2025-04-14,Investment_Trust,6922170931
0,2025-04-14,Foreign_Dealer_Self,0
3224950255,2025-04-14,Dealer_self,11444944474
14763862371,2025-04-14,Dealer_Hedging,19800734172
115664482210,2025-04-15,Foreign_Investor,116154146903
2157878152,2025-04-15,Dealer_self,4760796748
0,2025-04-15,Foreign_Dealer_Self,0
8312864121,2025-04-15,Dealer_Hedging,12715220974
8166125519,2025-04-15,Investment_Trust,5617362444
134301350002,2025-04-15,total,139247527069
106779422813,2025-04-16,Foreign_Investor,127787212148
124014770802,2025-04-16,total,158511404324
5492888430,2025-04-16,Investment_Trust,4747228820
9300862322,2025-04-16,Dealer_Hedging,18046637263
0,2025-04-16,Foreign_Dealer_Self,0
2441597237,2025-04-16,Dealer_self,7930326093
2149293291,2025-04-17,Dealer_self,2209538774
0,2025-04-17,Foreign_Dealer_Self,0
8816012360,2025-04-17,Dealer_Hedging,11709272836
3919570500,2025-04-17,Investment_Trust,5532432773
95989336443,2025-04-17,Foreign_Investor,109610153246
110874212594,2025-04-17,total,129061397629
1330894851,2025-04-18,Dealer_self,1755492401
0,2025-04-18,Foreign_Dealer_Self,0
4683995330,2025-04-18,Dealer_Hedging,6984055507
10679953227,2025-04-18,Investment_Trust,8711042187
58140267902,2025-04-18,Foreign_Investor,73339682668
74835111310,2025-04-18,total,90790272763
82792935563,2025-04-21,total,88939710083
63514730968,2025-04-21,Foreign_Investor,65465265780
9388718420,2025-04-21,Investment_Trust,6923911028
0,2025-04-21,Foreign_Dealer_Self,0
1218903670,2025-04-21,Dealer_self,2786826421
8670582505,2025-04-21,Dealer_Hedging,13763706854
106499401050,2025-04-22,total,117891686207
1895445208,2025-04-22,Dealer_self,2405730233
0,2025-04-22,Foreign_Dealer_Self,0
9853989164,2025-04-22,Dealer_Hedging,14979143587
9113507216,2025-04-22,Investment_Trust,9627223916
85636459462,2025-04-22,Foreign_Investor,90879588471
2412227440,2025-04-23,Dealer_self,2931595600
0,2025-04-23,Foreign_Dealer_Self,0
10538489613,2025-04-23,Dealer_Hedging,9890708167
9866422520,2025-04-23,Investment_Trust,6877791604
115296000658,2025-04-23,Foreign_Investor,88925748984
138113140231,2025-04-23,total,108625844355
93542765468,2025-04-24,Foreign_Investor,99751602784
109392901972,2025-04-24,total,117205747647
7833151514,2025-04-24,Investment_Trust,5859830328
6622091141,2025-04-24,Dealer_Hedging,8927442436
0,2025-04-24,Foreign_Dealer_Self,0
1394893849,2025-04-24,Dealer_self,2666872099
2164324656,2025-04-25,Dealer_self,1967637059
0,2025-04-25,Foreign_Dealer_Self,0
10537012349,2025-04-25,Dealer_Hedging,7994695049
9650003746,2025-04-25,Investment_Trust,5500342004
114160206161,2025-04-25,Foreign_Investor,99592011832
136511546912,2025-04-25,total,115054685944
96656191857,2025-04-28,total,88811013363
82429894425,2025-04-28,Foreign_Investor,76563219135
6347593416,2025-04-28,Investment_Trust,3995814715
1564861999,2025-04-28,Dealer_self,1589433971
0,2025-04-28,Foreign_Dealer_Self,0
6313842017,2025-04-28,Dealer_Hedging,6662545542
101143999135,2025-04-29,Foreign_Investor,91762450847
114529272438,2025-04-29,total,105306252320
3964546756,2025-04-29,Investment_Trust,3779021847
7340003475,2025-04-29,Dealer_Hedging,8141345058
0,2025-04-29,Foreign_Dealer_Self,0
2080723072,2025-04-29,Dealer_self,1623434568
1486053349,2025-04-30,Dealer_self,4559582224
0,2025-04-30,Foreign_Dealer_Self,0
6066759119,2025-04-30,Dealer_Hedging,11172761181
5094761321,2025-04-30,Investment_Trust,5195645405
112057530835,2025-04-30,Foreign_Investor,113714427811
124705104624,2025-04-30,total,134642416621
2231388859,2025-05-02,Dealer_self,2395784725
0,2025-05-02,Foreign_Dealer_Self,0
10610023605,2025-05-02,Dealer_Hedging,11502664990
5911080436,2025-05-02,Investment_Trust,5042841016
138446958431,2025-05-02,Foreign_Investor,99673944869
157199451331,2025-05-02,total,118615235600
159277329362,2025-05-05,Foreign_Investor,134836472700
5450005308,2025-05-05,Investment_Trust,6673732726
178860658281,2025-05-05,total,166806299946
0,2025-05-05,Foreign_Dealer_Self,0
2523799889,2025-05-05,Dealer_self,6023296604
11609523722,2025-05-05,Dealer_Hedging,19272797916
136365143204,2025-05-06,Foreign_Investor,120611168050
8177815093,2025-05-06,Investment_Trust,7294099078
155591741638,2025-05-06,total,150749403444
0,2025-05-06,Foreign_Dealer_Self,0
1393648224,2025-05-06,Dealer_self,5805486720
9655135117,2025-05-06,Dealer_Hedging,17038649596
1345890734,2025-05-07,Dealer_self,4840130381
0,2025-05-07,Foreign_Dealer_Self,0
6511685965,2025-05-07,Dealer_Hedging,13012422906
4005389625,2025-05-07,Investment_Trust,6905240092
118753966762,2025-05-07,Foreign_Investor,105108675829
130616933086,2025-05-07,total,129866469208
100149686478,2025-05-08,Foreign_Investor,98665276760
113661920208,2025-05-08,total,112913800866
5122934535,2025-05-08,Investment_Trust,4334669459
6479697060,2025-05-08,Dealer_Hedging,7864602486
0,2025-05-08,Foreign_Dealer_Self,0
1909602135,2025-05-08,Dealer_self,2049252161
1886007771,2025-05-09,Dealer_self,2106951725
0,2025-05-09,Foreign_Dealer_Self,0
9282651256,2025-05-09,Dealer_Hedging,9462980153
5463059616,2025-05-09,Investment_Trust,4053150556
126036956104,2025-05-09,Foreign_Investor,103304680703
142668674747,2025-05-09,total,118927763137
2948174584,2025-05-12,Dealer_self,3129337949
0,2025-05-12,Foreign_Dealer_Self,0
7284170043,2025-05-12,Dealer_Hedging,9207476471
6999563203,2025-05-12,Investment_Trust,4366675296
100837509197,2025-05-12,Foreign_Investor,84219027048
118069417027,2025-05-12,total,100922516764
160624248622,2025-05-13,Foreign_Investor,145467665555
7254797871,2025-05-13,Investment_Trust,5927733728
184228990577,2025-05-13,total,165447045072
0,2025-05-13,Foreign_Dealer_Self,0
5105587566,2025-05-13,Dealer_self,3762977850
11244356518,2025-05-13,Dealer_Hedging,10288667939
178285958410,2025-05-14,Foreign_Investor,133593625011
9203481920,2025-05-14,Investment_Trust,6011096192
215209401319,2025-05-14,total,153115493549
0,2025-05-14,Foreign_Dealer_Self,0
9231098424,2025-05-14,Dealer_self,2515061210
18488862565,2025-05-14,Dealer_Hedging,10995711136
2588428743,2025-05-15,Dealer_self,2500390819
0,2025-05-15,Foreign_Dealer_Self,0
9234228090,2025-05-15,Dealer_Hedging,9705996115
6553600167,2025-05-15,Investment_Trust,4670131992
136177152185,2025-05-15,Foreign_Investor,128666320619
154553409185,2025-05-15,total,145542839545
121802749894,2025-05-16,Foreign_Investor,106113032868
6570440764,2025-05-16,Investment_Trust,9765540400
141589349495,2025-05-16,total,129701782682
0,2025-05-16,Foreign_Dealer_Self,0
3514759640,2025-05-16,Dealer_self,2546105764
9701399197,2025-05-16,Dealer_Hedging,11277103650
2462196255,2025-05-19,Dealer_self,2891577426
0,2025-05-19,Foreign_Dealer_Self,0
8705114990,2025-05-19,Dealer_Hedging,12291804610
9603655703,2025-05-19,Investment_Trust,9250838906
107266914159,2025-05-19,Foreign_Investor,120316929605
128037881107,2025-05-19,total,144751150547
126117159597,2025-05-20,total,118964293575
105538551249,2025-05-20,Foreign_Investor,100183598958
9617761880,2025-05-20,Investment_Trust,9228364583
7280001391,2025-05-20,Dealer_Hedging,7464808299
3680845077,2025-05-20,Dealer_self,2087521735
0,2025-05-20,Foreign_Dealer_Self,0
3695251725,2025-05-21,Dealer_self,3094262895
0,2025-05-21,Foreign_Dealer_Self,0
13134352326,2025-05-21,Dealer_Hedging,10140245526
12119646583,2025-05-21,Investment_Trust,7073400542
127308629038,2025-05-21,Foreign_Investor,97076704795
156257879672,2025-05-21,total,117384613758
127406820165,2025-05-22,total,124906394559
100960995806,2025-05-22,Foreign_Investor,98520269923
15979284517,2025-05-22,Investment_Trust,11364462944
8904410238,2025-05-22,Dealer_Hedging,11550192329
0,2025-05-22,Foreign_Dealer_Self,0
1562129604,2025-05-22,Dealer_self,3471469363
103565336320,2025-05-23,Foreign_Investor,106597385949
16423266226,2025-05-23,Investment_Trust,10018321243
128329140434,2025-05-23,total,131784805384
0,2025-05-23,Foreign_Dealer_Self,0
1982691082,2025-05-23,Dealer_self,3857753567
6357846806,2025-05-23,Dealer_Hedging,11311344625
1750298331,2025-05-26,Dealer_self,6924592348
0,2025-05-26,Foreign_Dealer_Self,0
6155630950,2025-05-26,Dealer_Hedging,12810600045
15542574928,2025-05-26,Investment_Trust,13012519284
123393721264,2025-05-26,Foreign_Investor,110127365085
146842225473,2025-05-26,total,142875076762
119128941752,2025-05-27,Foreign_Investor,129399891561
145213308256,2025-05-27,total,163931899012
17810483429,2025-05-27,Investment_Trust,13605938351
6476493110,2025-05-27,Dealer_Hedging,13079461262
0,2025-05-27,Foreign_Dealer_Self,0
1797389965,2025-05-27,Dealer_self,7846607838
1783591947,2025-05-28,Dealer_self,2890855849
0,2025-05-28,Foreign_Dealer_Self,0
6468705801,2025-05-28,Dealer_Hedging,8031153132
18834406463,2025-05-28,Investment_Trust,17035709687
133426921675,2025-05-28,Foreign_Investor,134213815347
160513625886,2025-05-28,total,162171534015
297022986809,2025-05-29,total,303791050142
251178183007,2025-05-29,Foreign_Investor,271844078212
29178999764,2025-05-29,Investment_Trust,21364646999
5561632778,2025-05-29,Dealer_self,1893614155
0,2025-05-29,Foreign_Dealer_Self,0
11104171260,2025-05-29,Dealer_Hedging,8688710776
124865685445,2025-06-02,Foreign_Investor,178735149065
165522192653,2025-06-02,total,220221428426
9341389860,2025-06-02,Dealer_Hedging,17377874323
0,2025-06-02,Foreign_Dealer_Self,0
2549927889,2025-06-02,Dealer_self,5052889170
28765189459,2025-06-02,Investment_Trust,19055515868
3214591671,2025-06-03,Dealer_self,2922843714
0,2025-06-03,Foreign_Dealer_Self,0
10095478180,2025-06-03,Dealer_Hedging,10847054462
45032539128,2025-06-03,Investment_Trust,32400272898
132092237621,2025-06-03,Foreign_Investor,145338455992
190434846600,2025-06-03,total,191508627066
218790889512,2025-06-04,total,189950243446
163945768067,2025-06-04,Foreign_Investor,143608244595
37950954230,2025-06-04,Investment_Trust,33164523930
4805861269,2025-06-04,Dealer_self,2864568548
0,2025-06-04,Foreign_Dealer_Self,0
12088305946,2025-06-04,Dealer_Hedging,10312906373
172099876887,2025-06-05,total,178412292441
132842271634,2025-06-05,Foreign_Investor,132775946200
25016279884,2025-06-05,Investment_Trust,27377600500
0,2025-06-05,Foreign_Dealer_Self,0
4109034531,2025-06-05,Dealer_self,3839031658
10132290838,2025-06-05,Dealer_Hedging,14419714083
2191018256,2025-06-06,Dealer_self,2456025047
0,2025-06-06,Foreign_Dealer_Self,0
7911070256,2025-06-06,Dealer_Hedging,10101294681
21671941988,2025-06-06,Investment_Trust,17944243868
105294985195,2025-06-06,Foreign_Investor,118968461214
137069015695,2025-06-06,total,149470024810
21205022152,2025-06-09,Investment_Trust,17772925497
8464064247,2025-06-09,Dealer_Hedging,9295850013
104801505195,2025-06-09,Foreign_Investor,104870606631
3279005350,2025-06-09,Dealer_self,2334254686
0,2025-06-09,Foreign_Dealer_Self,0
137749596944,2025-06-09,total,134273636827
204914911439,2025-06-10,total,152813686502
19791179956,2025-06-10,Investment_Trust,16566831832
161535100080,2025-06-10,Foreign_Investor,121609398012
0,2025-06-10,Foreign_Dealer_Self,0
7358592918,2025-06-10,Dealer_self,3520130645
16230038485,2025-06-10,Dealer_Hedging,11117326013
4227696095,2025-06-11,Dealer_self,3349494741
0,2025-06-11,Foreign_Dealer_Self,0
11240114784,2025-06-11,Dealer_Hedging,9977131794
26493294003,2025-06-11,Investment_Trust,21843095034
155405466283,2025-06-11,Foreign_Investor,147475597526
197366571165,2025-06-11,total,182645319095
4272417912,2025-06-12,Dealer_self,2608070396
0,2025-06-12,Foreign_Dealer_Self,0
10251317039,2025-06-12,Dealer_Hedging,11526076043
18307340930,2025-06-12,Investment_Trust,21358341849
123808161683,2025-06-12,Foreign_Investor,123453740496
156639237564,2025-06-12,total,158946228784
16658938989,2025-06-13,Investment_Trust,11678558270
128547049643,2025-06-13,Foreign_Investor,129343644642
162390455130,2025-06-13,total,171730916982
13499127811,2025-06-13,Dealer_Hedging,21239347747
3685338687,2025-06-13,Dealer_self,9469366323
0,2025-06-13,Foreign_Dealer_Self,0
3776905513,2025-06-16,Dealer_self,3054229008
0,2025-06-16,Foreign_Dealer_Self,0
9983002024,2025-06-16,Dealer_Hedging,16455247929
12291496986,2025-06-16,Investment_Trust,9551906127
103856916097,2025-06-16,Foreign_Investor,103844001618
129908320620,2025-06-16,total,132905384682
5671144401,2025-06-17,Dealer_self,7705739872
0,2025-06-17,Foreign_Dealer_Self,0
10880947022,2025-06-17,Dealer_Hedging,19024369187
22808796548,2025-06-17,Investment_Trust,14491747549
133024097163,2025-06-17,Foreign_Investor,126805684702
172384985134,2025-06-17,total,168027541310
185263540890,2025-06-18,total,172974625122
15286426415,2025-06-18,Investment_Trust,13388178715
146579957236,2025-06-18,Foreign_Investor,134968521821
0,2025-06-18,Foreign_Dealer_Self,0
7186744520,2025-06-18,Dealer_self,9023258891
16210412719,2025-06-18,Dealer_Hedging,15594665695
102076849712,2025-06-19,Foreign_Investor,123375397994
11327655954,2025-06-19,Investment_Trust,13403065708
127498998618,2025-06-19,total,156167355150
0,2025-06-19,Foreign_Dealer_Self,0
4490815979,2025-06-19,Dealer_self,6443745951
9603676973,2025-06-19,Dealer_Hedging,12945145497
3428501717,2025-06-20,Dealer_self,4730839456
0,2025-06-20,Foreign_Dealer_Self,0
9269054369,2025-06-20,Dealer_Hedging,13795797538
31591193246,2025-06-20,Investment_Trust,30338236029
217697555282,2025-06-20,Foreign_Investor,222612301599
261986304614,2025-06-20,total,271477174622
143003094100,2025-06-23,total,156249584481
21456682541,2025-06-23,Investment_Trust,18480609720
106267513187,2025-06-23,Foreign_Investor,121150277128
0,2025-06-23,Foreign_Dealer_Self,0
3513169533,2025-06-23,Dealer_self,3110939438
11765728839,2025-06-23,Dealer_Hedging,13507758195
5101957934,2025-06-24,Dealer_self,4197588766
0,2025-06-24,Foreign_Dealer_Self,0
14696231898,2025-06-24,Dealer_Hedging,11287591363
27806760158,2025-06-24,Investment_Trust,27352465154
152501337881,2025-06-24,Foreign_Investor,123235898134
200106287871,2025-06-24,total,166073543417
203030214340,2025-06-25,total,160264010718
158900898575,2025-06-25,Foreign_Investor,123304342101
27756105174,2025-06-25,Investment_Trust,22407267061
0,2025-06-25,Foreign_Dealer_Self,0
3807520860,2025-06-25,Dealer_self,3216481010
12565689731,2025-06-25,Dealer_Hedging,11335920546
169204266963,2025-06-26,Foreign_Investor,135352472162
3608493984,2025-06-26,Dealer_self,6983391520
0,2025-06-26,Foreign_Dealer_Self,0
10312904613,2025-06-26,Dealer_Hedging,17927196276
26620315041,2025-06-26,Investment_Trust,30503102817
209745980601,2025-06-26,total,190766162775
21042713195,2025-06-27,Investment_Trust,18408109272
153062895740,2025-06-27,Foreign_Investor,119689605338
186821633793,2025-06-27,total,166093531212
9818162473,2025-06-27,Dealer_Hedging,17660634582
2897862385,2025-06-27,Dealer_self,10335182020
0,2025-06-27,Foreign_Dealer_Self,0
4071187223,2025-06-30,Dealer_self,5960286428
0,2025-06-30,Foreign_Dealer_Self,0
10867005031,2025-06-30,Dealer_Hedging,9649658089
24967999050,2025-06-30,Investment_Trust,25830412161
137398249245,2025-06-30,Foreign_Investor,139817015444
177304440549,2025-06-30,total,181257372122
226878836270,2025-07-01,total,174325803681
25191809520,2025-07-01,Investment_Trust,29884082704
178301376951,2025-07-01,Foreign_Investor,130050094306
0,2025-07-01,Foreign_Dealer_Self,0
6106549493,2025-07-01,Dealer_self,3566532726
17279100306,2025-07-01,Dealer_Hedging,10825093945
3016894220,2025-07-02,Dealer_self,3175414923
0,2025-07-02,Foreign_Dealer_Self,0
7747520781,2025-07-02,Dealer_Hedging,6445804784
17930756118,2025-07-02,Investment_Trust,19247078014
116979300039,2025-07-02,Foreign_Investor,110879200144
145674471158,2025-07-02,total,139747497865
146567724776,2025-07-03,Foreign_Investor,116944245637
181909593599,2025-07-03,total,152149323458
18353837191,2025-07-03,Investment_Trust,23562200438
0,2025-07-03,Foreign_Dealer_Self,0
4677893020,2025-07-03,Dealer_self,4444969514
12310138612,2025-07-03,Dealer_Hedging,7197907869
3264067035,2025-07-04,Dealer_self,3579338163
0,2025-07-04,Foreign_Dealer_Self,0
9308492441,2025-07-04,Dealer_Hedging,8791711417
17466430317,2025-07-04,Investment_Trust,22084800900
109465313930,2025-07-04,Foreign_Investor,108910537067
139504303723,2025-07-04,total,143366387547
3021706810,2025-07-07,Dealer_self,2437195753
0,2025-07-07,Foreign_Dealer_Self,0
11836550096,2025-07-07,Dealer_Hedging,10196825259
17185018422,2025-07-07,Investment_Trust,19571760235
93454837612,2025-07-07,Foreign_Investor,99033853476
125498112940,2025-07-07,total,131239634723
106598768206,2025-07-08,Foreign_Investor,105959975764
131991601416,2025-07-08,total,127007299762
9767482261,2025-07-08,Investment_Trust,9901184637
0,2025-07-08,Foreign_Dealer_Self,0
11837935176,2025-07-08,Dealer_Hedging,8469709056
3787415773,2025-07-08,Dealer_self,2676430305
3750933812,2025-07-09,Dealer_self,3569575854
0,2025-07-09,Foreign_Dealer_Self,0
11262828470,2025-07-09,Dealer_Hedging,8641844023
15293785081,2025-07-09,Investment_Trust,15591016867
119703311184,2025-07-09,Foreign_Investor,111453987525
150010858547,2025-07-09,total,139256424269
145319040405,2025-07-10,total,135014337612
119554009453,2025-07-10,Foreign_Investor,109441824991
10821237050,2025-07-10,Investment_Trust,10748462845
3200102691,2025-07-10,Dealer_self,4936711114
0,2025-07-10,Foreign_Dealer_Self,0
11743691211,2025-07-10,Dealer_Hedging,9887338662
140825809935,2025-07-11,Foreign_Investor,123770476610
166397208230,2025-07-11,total,148744027649
11501825539,2025-07-11,Investment_Trust,13704139431
0,2025-07-11,Foreign_Dealer_Self,0
3489558357,2025-07-11,Dealer_self,3444544464
10580014399,2025-07-11,Dealer_Hedging,7824867144
0,2025-07-14,Foreign_Dealer_Self,0
2388567371,2025-07-14,Dealer_self,9950611454
9479835756,2025-07-14,Dealer_Hedging,9653083769
8867250995,2025-07-14,Investment_Trust,9857610153
95554395495,2025-07-14,Foreign_Investor,98300157755
116290049617,2025-07-14,total,127761463131
114251108062,2025-07-15,Foreign_Investor,95698773715
3896683333,2025-07-15,Dealer_self,4603609024
0,2025-07-15,Foreign_Dealer_Self,0
14189158712,2025-07-15,Dealer_Hedging,10111027509
5519217793,2025-07-15,Investment_Trust,5969731557
137856167900,2025-07-15,total,116383141805
136924940946,2025-07-16,Foreign_Investor,123020485319
177143200783,2025-07-16,total,152846545960
15964117594,2025-07-16,Investment_Trust,13432481053
6200916305,2025-07-16,Dealer_self,5800225997
0,2025-07-16,Foreign_Dealer_Self,0
18053225938,2025-07-16,Dealer_Hedging,10593353591
5111025391,2025-07-17,Dealer_self,2657211813
0,2025-07-17,Foreign_Dealer_Self,0
16243343384,2025-07-17,Dealer_Hedging,8386005132
11939899831,2025-07-17,Investment_Trust,12814270195
122266113585,2025-07-17,Foreign_Investor,121774655234
155560382191,2025-07-17,total,145632142374
5256656316,2025-07-18,Dealer_self,3747600719
0,2025-07-18,Foreign_Dealer_Self,0
15955225177,2025-07-18,Dealer_Hedging,9947392416
12230521683,2025-07-18,Investment_Trust,8854528194
141274313480,2025-07-18,Foreign_Investor,110266763229
174716716656,2025-07-18,total,132816284558
129673613085,2025-07-21,total,126345032484
11046187101,2025-07-21,Dealer_Hedging,9235734851
106091109741,2025-07-21,Foreign_Investor,101961464446
9722364591,2025-07-21,Investment_Trust,12609653174
0,2025-07-21,Foreign_Dealer_Self,0
2813951652,2025-07-21,Dealer_self,2538180013
145020285184,2025-07-22,Foreign_Investor,134995798730
13318593547,2025-07-22,Investment_Trust,15839616011
179733227303,2025-07-22,total,167933472188
0,2025-07-22,Foreign_Dealer_Self,0
4284791893,2025-07-22,Dealer_self,4530084590
17109556679,2025-07-22,Dealer_Hedging,12567972857
9156226260,2025-07-23,Dealer_self,4302560147
0,2025-07-23,Foreign_Dealer_Self,0
14633948799,2025-07-23,Dealer_Hedging,8771379797
7468924368,2025-07-23,Investment_Trust,8661084852
123378151446,2025-07-23,Foreign_Investor,114946462596
154637250873,2025-07-23,total,136681487392
143131329356,2025-07-24,total,130421307267
122222803205,2025-07-24,Foreign_Investor,112069957216
6478978806,2025-07-24,Investment_Trust,7234440116
10392874627,2025-07-24,Dealer_Hedging,8481104091
4036672718,2025-07-24,Dealer_self,2635805844
0,2025-07-24,Foreign_Dealer_Self,0
3007103676,2025-07-25,Dealer_self,4101611965
0,2025-07-25,Foreign_Dealer_Self,0
10717303679,2025-07-25,Dealer_Hedging,8535555226
8758780778,2025-07-25,Investment_Trust,6727750257
102529626873,2025-07-25,Foreign_Investor,95168421631
125012815006,2025-07-25,total,114533339079
0,2025-07-28,Foreign_Dealer_Self,0
12578694193,2025-07-28,Dealer_Hedging,8284568640
10263654248,2025-07-28,Investment_Trust,6814870002
106988875510,2025-07-28,Foreign_Investor,102313484880
133299372955,2025-07-28,total,119850545380
3468149004,2025-07-28,Dealer_self,2437621858
12670019227,2025-07-29,Investment_Trust,8832159871
121140414232,2025-07-29,Foreign_Investor,137673633543
156070241876,2025-07-29,total,162196780928
17209553512,2025-07-29,Dealer_Hedging,12037568349
5050254905,2025-07-29,Dealer_self,3653419165
0,2025-07-29,Foreign_Dealer_Self,0
4793726681,2025-07-30,Dealer_self,3476899126
0,2025-07-30,Foreign_Dealer_Self,0
14833994796,2025-07-30,Dealer_Hedging,10777055233
7738218313,2025-07-30,Investment_Trust,6301013112
118926391095,2025-07-30,Foreign_Investor,104814187005
146292330885,2025-07-30,total,125369154476
6791157240,2025-07-31,Dealer_self,3994661296
0,2025-07-31,Foreign_Dealer_Self,0
17131101610,2025-07-31,Dealer_Hedging,11528460155
9010987356,2025-07-31,Investment_Trust,8993161828
153878480798,2025-07-31,Foreign_Investor,144489908990
186811727004,2025-07-31,total,169006192269
159529998370,2025-08-01,total,165390638028
132685102928,2025-08-01,Foreign_Investor,139718341436
7475037546,2025-08-01,Investment_Trust,6674313287
14694719152,2025-08-01,Dealer_Hedging,15284438142
0,2025-08-01,Foreign_Dealer_Self,0
4675138744,2025-08-01,Dealer_self,3713545163
118075293850,2025-08-04,Foreign_Investor,106771659171
8896728257,2025-08-04,Investment_Trust,6591525469
139168987155,2025-08-04,total,135412729641
0,2025-08-04,Foreign_Dealer_Self,0
2543279995,2025-08-04,Dealer_self,6278197418
9653685053,2025-08-04,Dealer_Hedging,15771347583
3623975880,2025-08-05,Dealer_self,4380849682
0,2025-08-05,Foreign_Dealer_Self,0
14143479202,2025-08-05,Dealer_Hedging,8861170336
9552204415,2025-08-05,Investment_Trust,5885366002
129855434027,2025-08-05,Foreign_Investor,118367653847
157175093524,2025-08-05,total,137495039867
113634081606,2025-08-06,Foreign_Investor,124454654067
134633368932,2025-08-06,total,146131046100
8496076537,2025-08-06,Investment_Trust,6687036292
9173866426,2025-08-06,Dealer_Hedging,10693924059
0,2025-08-06,Foreign_Dealer_Self,0
3329344363,2025-08-06,Dealer_self,4295431682
4983650225,2025-08-07,Dealer_self,4542116733
0,2025-08-07,Foreign_Dealer_Self,0
17225800280,2025-08-07,Dealer_Hedging,12148683243
7340719605,2025-08-07,Investment_Trust,6224113427
171678008052,2025-08-07,Foreign_Investor,128438523996
201228178162,2025-08-07,total,151353437399
160608182828,2025-08-08,total,164433730927
136766499223,2025-08-08,Foreign_Investor,140022737409
7687232539,2025-08-08,Investment_Trust,9549092167
3656204783,2025-08-08,Dealer_self,3820357478
0,2025-08-08,Foreign_Dealer_Self,0
12498246283,2025-08-08,Dealer_Hedging,11041543873
123708305856,2025-08-11,Foreign_Investor,127693808415
153699047089,2025-08-11,total,153681156343
10535341151,2025-08-11,Investment_Trust,10106444589
13756403041,2025-08-11,Dealer_Hedging,12473063410
0,2025-08-11,Foreign_Dealer_Self,0
5698997041,2025-08-11,Dealer_self,3407839929
4475423701,2025-08-12,Dealer_self,4441377212
0,2025-08-12,Foreign_Dealer_Self,0
12935460354,2025-08-12,Dealer_Hedging,12490867864
9547125375,2025-08-12,Investment_Trust,9608736220
131675118393,2025-08-12,Foreign_Investor,137406224545
158633127823,2025-08-12,total,163947205841
218992817748,2025-08-13,total,210581583138
184723121441,2025-08-13,Foreign_Investor,177686541030
9683106582,2025-08-13,Investment_Trust,11185506445
6515996403,2025-08-13,Dealer_self,6562574634
0,2025-08-13,Foreign_Dealer_Self,0
18070593322,2025-08-13,Dealer_Hedging,15146961029
157845783328,2025-08-14,Foreign_Investor,162305892837
186277803337,2025-08-14,total,188898812175
7952016969,2025-08-14,Investment_Trust,9997100678
14678176485,2025-08-14,Dealer_Hedging,12244396817
0,2025-08-14,Foreign_Dealer_Self,0
5801826555,2025-08-14,Dealer_self,4351421843
6349939884,2025-08-15,Dealer_self,4481953569
0,2025-08-15,Foreign_Dealer_Self,0
13283820013,2025-08-15,Dealer_Hedging,12576739657
6945324095,2025-08-15,Investment_Trust,10302183227
146884640095,2025-08-15,Foreign_Investor,141510793980
173463724087,2025-08-15,total,168871670433
5338920312,2025-08-18,Dealer_self,4353277070
0,2025-08-18,Foreign_Dealer_Self,0
13572149142,2025-08-18,Dealer_Hedging,14549924418
11210584817,2025-08-18,Investment_Trust,9478911824
151764583834,2025-08-18,Foreign_Investor,147125633741
181886238105,2025-08-18,total,175507747053
148108426785,2025-08-19,Foreign_Investor,159116092331
8628468591,2025-08-19,Investment_Trust,10270882807
172385924153,2025-08-19,total,191145040774
4429793600,2025-08-19,Dealer_self,6123532217
0,2025-08-19,Foreign_Dealer_Self,0
11219235177,2025-08-19,Dealer_Hedging,15634533419
169752648536,2025-08-20,Foreign_Investor,232421220469
6520858548,2025-08-20,Investment_Trust,9255595214
209077413007,2025-08-20,total,278105550644
0,2025-08-20,Foreign_Dealer_Self,0
10284851484,2025-08-20,Dealer_self,8369484379
22519054439,2025-08-20,Dealer_Hedging,28059250582
4455919157,2025-08-21,Dealer_self,3356688925
0,2025-08-21,Foreign_Dealer_Self,0
14074449883,2025-08-21,Dealer_Hedging,12767151522
10000225500,2025-08-21,Investment_Trust,8396169145
141597260341,2025-08-21,Foreign_Investor,151676170889
170127854881,2025-08-21,total,176196180481
112904760366,2025-08-22,Foreign_Investor,129302754053
132221948958,2025-08-22,total,150810472427
6001001194,2025-08-22,Investment_Trust,7164085833
10700439115,2025-08-22,Dealer_Hedging,11154248919
0,2025-08-22,Foreign_Dealer_Self,0
2615748283,2025-08-22,Dealer_self,3189383622
4576641724,2025-08-25,Dealer_self,3192037486
0,2025-08-25,Foreign_Dealer_Self,0
15136763152,2025-08-25,Dealer_Hedging,10787367464
8802192387,2025-08-25,Investment_Trust,5570586137
146520044567,2025-08-25,Foreign_Investor,122405252653
175035641830,2025-08-25,total,141955243740
4270376113,2025-08-26,Dealer_self,3935083459
0,2025-08-26,Foreign_Dealer_Self,0
12969653389,2025-08-26,Dealer_Hedging,9981120188
7019389469,2025-08-26,Investment_Trust,9444616297
226449298069,2025-08-26,Foreign_Investor,240957398933
250708717040,2025-08-26,total,264318218877
139443813547,2025-08-27,Foreign_Investor,141391384436
5638915677,2025-08-27,Investment_Trust,7286507099
169795324776,2025-08-27,total,162325780704
0,2025-08-27,Foreign_Dealer_Self,0
6347559119,2025-08-27,Dealer_self,3532299759
18365036433,2025-08-27,Dealer_Hedging,10115589410
133386790013,2025-08-28,Foreign_Investor,142907321062
6064175950,2025-08-28,Investment_Trust,8824211642
157494972905,2025-08-28,total,171124426645
0,2025-08-28,Foreign_Dealer_Self,0
4472865346,2025-08-28,Dealer_self,4709981274
13571141596,2025-08-28,Dealer_Hedging,14682912667
5422165421,2025-08-29,Dealer_self,4979000449
0,2025-08-29,Foreign_Dealer_Self,0
14796889021,2025-08-29,Dealer_Hedging,14906307501
7938739424,2025-08-29,Investment_Trust,8273848597
146452766819,2025-08-29,Foreign_Investor,155087769157
174610560685,2025-08-29,total,183246925704
150380109319,2025-09-01,Foreign_Investor,158047009615
11406233619,2025-09-01,Investment_Trust,14466076406
181020765108,2025-09-01,total,202614622932
0,2025-09-01,Foreign_Dealer_Self,0
4721212999,2025-09-01,Dealer_self,7472646876
14513209171,2025-09-01,Dealer_Hedging,22628890035
4170055075,2025-09-02,Dealer_self,5247603107
0,2025-09-02,Foreign_Dealer_Self,0
14922296217,2025-09-02,Dealer_Hedging,14431405290
7868517023,2025-09-02,Investment_Trust,13971200493
137930528990,2025-09-02,Foreign_Investor,130144289460
164891397305,2025-09-02,total,163794498350
149913234594,2025-09-03,total,139930364095
126143916576,2025-09-03,Foreign_Investor,117944154540
6838314912,2025-09-03,Investment_Trust,7476014737
13353796765,2025-09-03,Dealer_Hedging,11527412752
3577206341,2025-09-03,Dealer_self,2982782066
0,2025-09-03,Foreign_Dealer_Self,0
4846804237,2025-09-04,Dealer_self,5068300370
0,2025-09-04,Foreign_Dealer_Self,0
14850415158,2025-09-04,Dealer_Hedging,13257767703
6599860316,2025-09-04,Investment_Trust,8145313895
146420983028,2025-09-04,Foreign_Investor,134612846903
172718062739,2025-09-04,total,161084228871
148732666847,2025-09-05,Foreign_Investor,120451549938
173892069709,2025-09-05,total,140867258987
6958899870,2025-09-05,Investment_Trust,7392875478
0,2025-09-05,Foreign_Dealer_Self,0
13154079436,2025-09-05,Dealer_Hedging,9966813559
5046423556,2025-09-05,Dealer_self,3056020012
4391189521,2025-09-08,Dealer_self,4243166751
0,2025-09-08,Foreign_Dealer_Self,0
15465388075,2025-09-08,Dealer_Hedging,13015198585
5960733306,2025-09-08,Investment_Trust,7180859377
146233644681,2025-09-08,Foreign_Investor,131615119465
172050955583,2025-09-08,total,156054344178
6212764700,2025-09-09,Investment_Trust,7994831931
5406345541,2025-09-09,Dealer_self,5999646841
0,2025-09-09,Foreign_Dealer_Self,0
18208802880,2025-09-09,Dealer_Hedging,12960235465
185461047499,2025-09-09,Foreign_Investor,149807352540
215288960620,2025-09-09,total,176762066777
233817774472,2025-09-10,total,176143730129
196817152317,2025-09-10,Foreign_Investor,147869208034
6121870834,2025-09-10,Investment_Trust,8849256074
0,2025-09-10,Foreign_Dealer_Self,0
7410176167,2025-09-10,Dealer_self,6001641066
23468575154,2025-09-10,Dealer_Hedging,13423624955
250319631815,2025-09-11,total,221818340787
214586290615,2025-09-11,Foreign_Investor,181586628884
6121937472,2025-09-11,Investment_Trust,12393593973
5778826830,2025-09-11,Dealer_self,9072043841
0,2025-09-11,Foreign_Dealer_Self,0
23832576898,2025-09-11,Dealer_Hedging,18766074089
6303371417,2025-09-12,Dealer_self,5082962805
0,2025-09-12,Foreign_Dealer_Self,0
16913595824,2025-09-12,Dealer_Hedging,13192010743
4643778791,2025-09-12,Investment_Trust,10453850825
173785310222,2025-09-12,Foreign_Investor,147246810215
201646056254,2025-09-12,total,175975634588
160690999491,2025-09-15,total,165394836715
138267824909,2025-09-15,Foreign_Investor,135721576320
3729987381,2025-09-15,Investment_Trust,11976816473
0,2025-09-15,Foreign_Dealer_Self,0
4539486510,2025-09-15,Dealer_self,4816193887
14153700691,2025-09-15,Dealer_Hedging,12880250035
199781978810,2025-09-16,total,176190692140
170110803690,2025-09-16,Foreign_Investor,143107272628
11189637449,2025-09-16,Investment_Trust,15703428144
3452555441,2025-09-16,Dealer_self,5004421528
0,2025-09-16,Foreign_Dealer_Self,0
15028982230,2025-09-16,Dealer_Hedging,12375569840
4721162709,2025-09-17,Dealer_self,5355807690
0,2025-09-17,Foreign_Dealer_Self,0
14877151760,2025-09-17,Dealer_Hedging,14828876625
4989297557,2025-09-17,Investment_Trust,10303574836
158949127114,2025-09-17,Foreign_Investor,164683139172
183536739140,2025-09-17,total,195171398323
164917830748,2025-09-18,Foreign_Investor,152764110032
6575147307,2025-09-18,Investment_Trust,11562942372
195716545363,2025-09-18,total,178488137101
0,2025-09-18,Foreign_Dealer_Self,0
6975748946,2025-09-18,Dealer_self,3125173528
17247818362,2025-09-18,Dealer_Hedging,11035911169
255834137935,2025-09-19,Foreign_Investor,271579174378
16150637773,2025-09-19,Investment_Trust,18087965578
297649206127,2025-09-19,total,309916863251
0,2025-09-19,Foreign_Dealer_Self,0
5972014864,2025-09-19,Dealer_self,4625993727
19692415555,2025-09-19,Dealer_Hedging,15623729568
6901014040,2025-09-22,Dealer_self,3992117701
0,2025-09-22,Foreign_Dealer_Self,0
16843487192,2025-09-22,Dealer_Hedging,11988614719
6931709718,2025-09-22,Investment_Trust,12195826983
153604848339,2025-09-22,Foreign_Investor,160255656897
184281059289,2025-09-22,total,188432216300
178385961161,2025-09-23,Foreign_Investor,167747241954
9241256797,2025-09-23,Investment_Trust,10810885361
213235174106,2025-09-23,total,200960575002
0,2025-09-23,Foreign_Dealer_Self,0
5661788105,2025-09-23,Dealer_self,5102721528
19946168043,2025-09-23,Dealer_Hedging,17299726159
196668707517,2025-09-24,total,211234666719
161848568535,2025-09-24,Foreign_Investor,174798754996
6407723111,2025-09-24,Investment_Trust,14974610199
8346984338,2025-09-24,Dealer_self,5194018451
0,2025-09-24,Foreign_Dealer_Self,0
20065431533,2025-09-24,Dealer_Hedging,16267283073
6943311882,2025-09-25,Dealer_self,5354909199
0,2025-09-25,Foreign_Dealer_Self,0
19145545024,2025-09-25,Dealer_Hedging,13716574725
8241875446,2025-09-25,Investment_Trust,9983139689
166315689542,2025-09-25,Foreign_Investor,166208969456
200646421894,2025-09-25,total,195263593069
5235256615,2025-09-26,Dealer_self,5374723662
0,2025-09-26,Foreign_Dealer_Self,0
17830107623,2025-09-26,Dealer_Hedging,22216332779
6085280752,2025-09-26,Investment_Trust,11737294229
156262747109,2025-09-26,Foreign_Investor,181420599618
185413392099,2025-09-26,total,220748950288
231041780456,2025-09-30,total,217799351100
201925567154,2025-09-30,Foreign_Investor,195374599446
7717916277,2025-09-30,Investment_Trust,7021352855
14894213598,2025-09-30,Dealer_Hedging,12461156944
0,2025-09-30,Foreign_Dealer_Self,0
6504083427,2025-09-30,Dealer_self,2942241855
165578203283,2025-10-01,Foreign_Investor,152913239274
13824496943,2025-10-01,Investment_Trust,13191363044
200162373007,2025-10-01,total,183567271188
0,2025-10-01,Foreign_Dealer_Self,0
6255769390,2025-10-01,Dealer_self,3179853088
14503903391,2025-10-01,Dealer_Hedging,14282815782
7128638586,2025-10-02,Dealer_self,3199897414
0,2025-10-02,Foreign_Dealer_Self,0
18110737748,2025-10-02,Dealer_Hedging,13216466900
9463698164,2025-10-02,Investment_Trust,9226540676
176338139553,2025-10-02,Foreign_Investor,152928321041
211041214051,2025-10-02,total,178571226031
157005114901,2025-10-03,Foreign_Investor,140045124768
186100393815,2025-10-03,total,164779637757
5344531340,2025-10-03,Investment_Trust,7034106682
0,2025-10-03,Foreign_Dealer_Self,0
17484668422,2025-10-03,Dealer_Hedging,14170852917
6266079152,2025-10-03,Dealer_self,3529553390
9380368417,2025-10-07,Dealer_self,4425347054
0,2025-10-07,Foreign_Dealer_Self,0
23032069334,2025-10-07,Dealer_Hedging,16619125357
4657842539,2025-10-07,Investment_Trust,11370243454
202514834420,2025-10-07,Foreign_Investor,201838271619
239585114710,2025-10-07,total,234252987484
6820697836,2025-10-08,Dealer_self,4280383839
0,2025-10-08,Foreign_Dealer_Self,0
16258947284,2025-10-08,Dealer_Hedging,15673375505
3312493160,2025-10-08,Investment_Trust,7658710504
154770855920,2025-10-08,Foreign_Investor,168865243189
181162994200,2025-10-08,total,196477713037
221644260625,2025-10-09,total,213531218332
5803807483,2025-10-09,Investment_Trust,8175316650
189531302030,2025-10-09,Foreign_Investor,185080045633
17796604268,2025-10-09,Dealer_Hedging,15057077106
8512546844,2025-10-09,Dealer_self,5218778943
0,2025-10-09,Foreign_Dealer_Self,0
7192761605,2025-10-13,Dealer_self,6044069959
0,2025-10-13,Foreign_Dealer_Self,0
22996531768,2025-10-13,Dealer_Hedging,34952294831
5794508149,2025-10-13,Investment_Trust,6522094703
192794376544,2025-10-13,Foreign_Investor,249107131483
228778178066,2025-10-13,total,296625590976
268248154112,2025-10-14,total,292721264366
225947155615,2025-10-14,Foreign_Investor,242295924898
7719224321,2025-10-14,Investment_Trust,9595057414
6724307138,2025-10-14,Dealer_self,9571725265
0,2025-10-14,Foreign_Dealer_Self,0
27857467038,2025-10-14,Dealer_Hedging,31258556789
7394036252,2025-10-15,Investment_Trust,8431237802
201789613158,2025-10-15,Foreign_Investor,216889830033
237805448096,2025-10-15,total,250765586373
19329667588,2025-10-15,Dealer_Hedging,19270710251
0,2025-10-15,Foreign_Dealer_Self,0
9292131098,2025-10-15,Dealer_self,6173808287
0,2025-10-16,Foreign_Dealer_Self,0
9348081490,2025-10-16,Dealer_self,5207319842
22013016373,2025-10-16,Dealer_Hedging,15542573388
9337476427,2025-10-16,Investment_Trust,9137170741
196146315676,2025-10-16,Foreign_Investor,183187118411
236844889966,2025-10-16,total,213074182382
211642931838,2025-10-17,total,243259874310
179506928666,2025-10-17,Foreign_Investor,201504086427
7729548055,2025-10-17,Investment_Trust,13494304344
0,2025-10-17,Foreign_Dealer_Self,0
5219034210,2025-10-17,Dealer_self,5064935662
19187420907,2025-10-17,Dealer_Hedging,23196547877
5186640513,2025-10-20,Dealer_self,3423242361
0,2025-10-20,Foreign_Dealer_Self,0
19046705431,2025-10-20,Dealer_Hedging,14936389864
9039270621,2025-10-20,Investment_Trust,12031865809
167110436811,2025-10-20,Foreign_Investor,152887846374
200383053376,2025-10-20,total,183279344408
161767837532,2025-10-21,Foreign_Investor,162008551829
200993474372,2025-10-21,total,196568574662
10292334471,2025-10-21,Investment_Trust,14181570408
6683646940,2025-10-21,Dealer_self,4168958572
0,2025-10-21,Foreign_Dealer_Self,0
22249655429,2025-10-21,Dealer_Hedging,16209493853
5594973899,2025-10-22,Dealer_self,3396060548
0,2025-10-22,Foreign_Dealer_Self,0
19722841824,2025-10-22,Dealer_Hedging,19171135861
8619356133,2025-10-22,Investment_Trust,10925754064
137476697081,2025-10-22,Foreign_Investor,159884107574
171413868937,2025-10-22,total,193377058047
158567725334,2025-10-23,total,183361126432
129337304156,2025-10-23,Foreign_Investor,153279797237
8175199557,2025-10-23,Investment_Trust,9275636194
4169938596,2025-10-23,Dealer_self,3588117891
0,2025-10-23,Foreign_Dealer_Self,0
16885283025,2025-10-23,Dealer_Hedging,17217575110
213580604352,2025-10-27,Foreign_Investor,180941391697
261689779249,2025-10-27,total,210527945363
9168379539,2025-10-27,Investment_Trust,12213653333
9987951253,2025-10-27,Dealer_self,3129656553
0,2025-10-27,Foreign_Dealer_Self,0
28952844105,2025-10-27,Dealer_Hedging,14243243780
6150959046,2025-10-28,Dealer_self,4749273325
0,2025-10-28,Foreign_Dealer_Self,0
17722063635,2025-10-28,Dealer_Hedging,16589141245
8471872139,2025-10-28,Investment_Trust,7853488955
177093486349,2025-10-28,Foreign_Investor,204207333140
209438381169,2025-10-28,total,233399236665
7108509099,2025-10-29,Dealer_self,4105187482
0,2025-10-29,Foreign_Dealer_Self,0
22228188004,2025-10-29,Dealer_Hedging,16618371826
6620786605,2025-10-29,Investment_Trust,11434688936
193816838431,2025-10-29,Foreign_Investor,186628719995
229774322139,2025-10-29,total,218786968239
253272742214,2025-10-30,total,256577046401
214615899804,2025-10-30,Foreign_Investor,212960377207
8157718500,2025-10-30,Investment_Trust,13591197460
0,2025-10-30,Foreign_Dealer_Self,0
5896035459,2025-10-30,Dealer_self,6869986850
24603088451,2025-10-30,Dealer_Hedging,23155484884
184761969402,2025-10-31,Foreign_Investor,213158584316
8064103899,2025-10-31,Investment_Trust,11542921546
223257468686,2025-10-31,total,247651492227
0,2025-10-31,Foreign_Dealer_Self,0
10190542055,2025-10-31,Dealer_self,4426037044
20240853330,2025-10-31,Dealer_Hedging,18523949321
5777161113,2025-11-03,Dealer_self,5506464760
0,2025-11-03,Foreign_Dealer_Self,0
20793784416,2025-11-03,Dealer_Hedging,21068974052
10960971075,2025-11-03,Investment_Trust,10985970495
180070837455,2025-11-03,Foreign_Investor,188516434607
217602754059,2025-11-03,total,226077843914
194746875454,2025-11-04,Foreign_Investor,202378062774
231561319974,2025-11-04,total,242388825075
11985442026,2025-11-04,Investment_Trust,8341052634
6800583582,2025-11-04,Dealer_self,7723357181
0,2025-11-04,Foreign_Dealer_Self,0
18028418912,2025-11-04,Dealer_Hedging,23946352486
7787949654,2025-11-05,Dealer_self,7502026998
0,2025-11-05,Foreign_Dealer_Self,0
25198010185,2025-11-05,Dealer_Hedging,31645148281
8107867652,2025-11-05,Investment_Trust,9510354729
201279242967,2025-11-05,Foreign_Investor,258806641906
242373070458,2025-11-05,total,307464171914
7420358737,2025-11-06,Dealer_self,5004289824
0,2025-11-06,Foreign_Dealer_Self,0
17457975526,2025-11-06,Dealer_Hedging,15483806992
9814823695,2025-11-06,Investment_Trust,7101569614
180025997610,2025-11-06,Foreign_Investor,185187225719
214719155568,2025-11-06,total,212776892149
176880953033,2025-11-07,total,224210927977
156210502756,2025-11-07,Foreign_Investor,191567000925
4669227634,2025-11-07,Investment_Trust,6058547642
12220185850,2025-11-07,Dealer_Hedging,21504733589
0,2025-11-07,Foreign_Dealer_Self,0
3781036793,2025-11-07,Dealer_self,5080645821
176760812229,2025-11-10,Foreign_Investor,182052338427
8878762462,2025-11-10,Investment_Trust,5841379839
208687230312,2025-11-10,total,207234856314
0,2025-11-10,Foreign_Dealer_Self,0
6257919756,2025-11-10,Dealer_self,4672715048
16789735865,2025-11-10,Dealer_Hedging,14668423000
6533763757,2025-11-11,Dealer_self,7475479028
0,2025-11-11,Foreign_Dealer_Self,0
15746331892,2025-11-11,Dealer_Hedging,19590731740
7660351304,2025-11-11,Investment_Trust,5323319069
185272702725,2025-11-11,Foreign_Investor,202640326479
215213149678,2025-11-11,total,235029856316
198654144150,2025-11-12,Foreign_Investor,207138448984
229560987521,2025-11-12,total,237055941896
5769421256,2025-11-12,Investment_Trust,8217771097
0,2025-11-12,Foreign_Dealer_Self,0
19163162937,2025-11-12,Dealer_Hedging,16175544724
5974259178,2025-11-12,Dealer_self,5524177091
7904274624,2025-11-13,Dealer_self,7256663174
0,2025-11-13,Foreign_Dealer_Self,0
19023443696,2025-11-13,Dealer_Hedging,18081816247
9599436490,2025-11-13,Investment_Trust,10571460729
227278112967,2025-11-13,Foreign_Investor,233913778573
263805267777,2025-11-13,total,269823718723
4548627911,2025-11-14,Dealer_self,8210978626
0,2025-11-14,Foreign_Dealer_Self,0
17405010702,2025-11-14,Dealer_Hedging,32581915525
7655998505,2025-11-14,Investment_Trust,12397430916
180922110423,2025-11-14,Foreign_Investor,241321288926
210531747541,2025-11-14,total,294511613993
238382746768,2025-11-17,total,254442313046
11824411295,2025-11-17,Investment_Trust,20519874591
207801050910,2025-11-17,Foreign_Investor,200465808130
15119586591,2025-11-17,Dealer_Hedging,25615130138
3637697972,2025-11-17,Dealer_self,7841500187
0,2025-11-17,Foreign_Dealer_Self,0
6626228095,2025-11-18,Dealer_self,10390638116
0,2025-11-18,Foreign_Dealer_Self,0
25514983382,2025-11-18,Dealer_Hedging,40892562328
18401965831,2025-11-18,Investment_Trust,21592283479
220469680115,2025-11-18,Foreign_Investor,269007572085
271012857423,2025-11-18,total,341883056008
244177916924,2025-11-19,total,276859718506
202180657170,2025-11-19,Foreign_Investor,227869670009
18610280996,2025-11-19,Investment_Trust,17535054229
3948754318,2025-11-19,Dealer_self,8804743072
0,2025-11-19,Foreign_Dealer_Self,0
19438224440,2025-11-19,Dealer_Hedging,22650251196
263893599810,2025-11-20,total,243917915907
216989076311,2025-11-20,Foreign_Investor,203882403660
20011352758,2025-11-20,Investment_Trust,18668958279
0,2025-11-20,Foreign_Dealer_Self,0
6765140598,2025-11-20,Dealer_self,4928757717
20128030143,2025-11-20,Dealer_Hedging,16437796251
6707603967,2025-11-21,Dealer_self,7857006804
0,2025-11-21,Foreign_Dealer_Self,0
24384429777,2025-11-21,Dealer_Hedging,38509012845
15875720711,2025-11-21,Investment_Trust,16899491971
186964255500,2025-11-21,Foreign_Investor,278563291519
233932009955,2025-11-21,total,341828803139
495319623698,2025-11-24,total,524448846692
15994485696,2025-11-24,Investment_Trust,16683100259
457272906137,2025-11-24,Foreign_Investor,487228755764
0,2025-11-24,Foreign_Dealer_Self,0
5053030834,2025-11-24,Dealer_self,4041642219
16999201031,2025-11-24,Dealer_Hedging,16495348450
4928625748,2025-11-25,Dealer_self,4001904686
0,2025-11-25,Foreign_Dealer_Self,0
13142088725,2025-11-25,Dealer_Hedging,11158264772
16839986459,2025-11-25,Investment_Trust,18874436780
190538998531,2025-11-25,Foreign_Investor,184200552186
225449699463,2025-11-25,total,218235158424
191648692543,2025-11-26,Foreign_Investor,179226083661
239622783736,2025-11-26,total,216880949782
22980591441,2025-11-26,Investment_Trust,10958639019
0,2025-11-26,Foreign_Dealer_Self,0
6844398248,2025-11-26,Dealer_self,3978715216
18149101504,2025-11-26,Dealer_Hedging,22717511886
5729523825,2025-11-27,Dealer_self,4858042756
0,2025-11-27,Foreign_Dealer_Self,0
16549905650,2025-11-27,Dealer_Hedging,14489593143
19293914600,2025-11-27,Investment_Trust,11648629523
182230703545,2025-11-27,Foreign_Investor,168777743399
223804047620,2025-11-27,total,199774008821
9547054203,2025-11-28,Dealer_self,3399644610
0,2025-11-28,Foreign_Dealer_Self,0
18040881360,2025-11-28,Dealer_Hedging,12488804314
10305637984,2025-11-28,Investment_Trust,5459287073
172585478918,2025-11-28,Foreign_Investor,192055034324
210479052465,2025-11-28,total,213402770321
166665009388,2025-12-01,Foreign_Investor,191014244648
207700424386,2025-12-01,total,226570187093
16992164532,2025-12-01,Investment_Trust,9322326012
0,2025-12-01,Foreign_Dealer_Self,0
16641900699,2025-12-01,Dealer_Hedging,21290885484
7401349767,2025-12-01,Dealer_self,4942730949
5637379949,2025-12-02,Dealer_self,4080457704
0,2025-12-02,Foreign_Dealer_Self,0
15387622400,2025-12-02,Dealer_Hedging,13501555506
9628112533,2025-12-02,Investment_Trust,8303258565
191528150077,2025-12-02,Foreign_Investor,177952856761
222181264959,2025-12-02,total,203838128536
200675519254,2025-12-03,total,179192092281
174241857158,2025-12-03,Foreign_Investor,158027051138
7284911480,2025-12-03,Investment_Trust,5880488440
5531655187,2025-12-03,Dealer_self,3688850546
0,2025-12-03,Foreign_Dealer_Self,0
13617095429,2025-12-03,Dealer_Hedging,11595702157
144927257381,2025-12-04,Foreign_Investor,134581257749
166206699515,2025-12-04,total,155207065115
4815024020,2025-12-04,Investment_Trust,5466954862
0,2025-12-04,Foreign_Dealer_Self,0
4299178505,2025-12-04,Dealer_self,3615951723
12165239609,2025-12-04,Dealer_Hedging,11542900781
7241149939,2025-12-05,Dealer_self,4992197874
0,2025-12-05,Foreign_Dealer_Self,0
13659388958,2025-12-05,Dealer_Hedging,10259460436
4731131847,2025-12-05,Investment_Trust,5236518926
172751710548,2025-12-05,Foreign_Investor,135873681636
198383381292,2025-12-05,total,156361858872
149408531455,2025-12-08,Foreign_Investor,135320917009
5506383236,2025-12-08,Dealer_self,3590444516
0,2025-12-08,Foreign_Dealer_Self,0
14836094683,2025-12-08,Dealer_Hedging,11788124815
5869622789,2025-12-08,Investment_Trust,5719277273
175620632163,2025-12-08,total,156418763613
179608067209,2025-12-09,Foreign_Investor,185496538460
205163571581,2025-12-09,total,209537173256
6653354171,2025-12-09,Investment_Trust,7259413145
5999238825,2025-12-09,Dealer_self,4450603625
0,2025-12-09,Foreign_Dealer_Self,0
12902911376,2025-12-09,Dealer_Hedging,12330618026
7906228739,2025-12-10,Dealer_self,5253474314
0,2025-12-10,Foreign_Dealer_Self,0
15530555489,2025-12-10,Dealer_Hedging,12921887661
8065807918,2025-12-10,Investment_Trust,6226134422
176489379908,2025-12-10,Foreign_Investor,156881928497
207991972054,2025-12-10,total,181283424894
5122079790,2025-12-11,Dealer_self,5585955336
0,2025-12-11,Foreign_Dealer_Self,0
16578615475,2025-12-11,Dealer_Hedging,18603941768
10288938129,2025-12-11,Investment_Trust,8186940462
164594980280,2025-12-11,Foreign_Investor,183571790345
196584613674,2025-12-11,total,215948627911
196931792502,2025-12-12,total,171539042863
18588064532,2025-12-12,Dealer_Hedging,13425802115
164157603217,2025-12-12,Foreign_Investor,147533678717
7209419703,2025-12-12,Investment_Trust,5861886670
0,2025-12-12,Foreign_Dealer_Self,0
6976705050,2025-12-12,Dealer_self,4717675361
137212007197,2025-12-15,Foreign_Investor,186206979329
8790156605,2025-12-15,Investment_Trust,10913364773
165293290348,2025-12-15,total,220067085847
0,2025-12-15,Foreign_Dealer_Self,0
6049002659,2025-12-15,Dealer_self,4316504453
13242123887,2025-12-15,Dealer_Hedging,18630237292
7097077416,2025-12-16,Dealer_self,8296454725
0,2025-12-16,Foreign_Dealer_Self,0
19576132632,2025-12-16,Dealer_Hedging,33300727882
23504262360,2025-12-16,Investment_Trust,19873137415
162378892601,2025-12-16,Foreign_Investor,221879801352
212556365009,2025-12-16,total,283350121374
237726322608,2025-12-17,total,261371123813
183194544633,2025-12-17,Foreign_Investor,218628090217
20786449619,2025-12-17,Investment_Trust,19988892532
20411124371,2025-12-17,Dealer_Hedging,18140805297
0,2025-12-17,Foreign_Dealer_Self,0
13334203985,2025-12-17,Dealer_self,4613335767
13293932467,2025-12-18,Dealer_self,3146360916
0,2025-12-18,Foreign_Dealer_Self,0
15924170733,2025-12-18,Dealer_Hedging,18936975270
21632830295,2025-12-18,Investment_Trust,17886266647
158105025328,2025-12-18,Foreign_Investor,184946431686
208955958823,2025-12-18,total,224916034519
0,2025-12-19,Foreign_Dealer_Self,0
15229581356,2025-12-19,Dealer_Hedging,12117060318
46907636446,2025-12-19,Investment_Trust,42558948312
235685592512,2025-12-19,Foreign_Investor,235809947296
305927365654,2025-12-19,total,294163705692
8104555340,2025-12-19,Dealer_self,3677749766
30476261214,2025-12-22,Investment_Trust,29356800815
173084416267,2025-12-22,Foreign_Investor,150462873339
232995507287,2025-12-22,total,193423998751
20249764420,2025-12-22,Dealer_Hedging,10952489407
9185065386,2025-12-22,Dealer_self,2651835190
0,2025-12-22,Foreign_Dealer_Self,0
6252160815,2025-12-23,Dealer_self,2881009959
0,2025-12-23,Foreign_Dealer_Self,0
16119874465,2025-12-23,Dealer_Hedging,11354588142
26339434072,2025-12-23,Investment_Trust,24544576214
130893624390,2025-12-23,Foreign_Investor,139068386949
179605093742,2025-12-23,total,177848561264
5610541426,2025-12-24,Dealer_self,2656962116
0,2025-12-24,Foreign_Dealer_Self,0
17448984591,2025-12-24,Dealer_Hedging,10605977041
24998736065,2025-12-24,Investment_Trust,29703512383
121043676813,2025-12-24,Foreign_Investor,124845494068
169101938895,2025-12-24,total,167811945608
172203549874,2025-12-26,total,162511940663
123244008533,2025-12-26,Foreign_Investor,114826785291
27881559956,2025-12-26,Investment_Trust,33136688013
16212892750,2025-12-26,Dealer_Hedging,11172829491
4865088635,2025-12-26,Dealer_self,3375637868
0,2025-12-26,Foreign_Dealer_Self,0
137638063953,2025-12-29,Foreign_Investor,128128155889
11236338434,2025-12-29,Investment_Trust,12543319209
172188678510,2025-12-29,total,157167088924
0,2025-12-29,Foreign_Dealer_Self,0
4926576983,2025-12-29,Dealer_self,3043521544
18387699140,2025-12-29,Dealer_Hedging,13452092282
3921079573,2025-12-30,Dealer_self,2871868429
0,2025-12-30,Foreign_Dealer_Self,0
14612067074,2025-12-30,Dealer_Hedging,13450987546
21701001472,2025-12-30,Investment_Trust,25782306965
138627755551,2025-12-30,Foreign_Investor,134155375742
178861903670,2025-12-30,total,176260538682
162052489103,2025-12-31,Foreign_Investor,162571238008
205477408918,2025-12-31,total,212232697545
22867214267,2025-12-31,Investment_Trust,25741368863
15952691553,2025-12-31,Dealer_Hedging,19072445810
0,2025-12-31,Foreign_Dealer_Self,0
4605013995,2025-12-31,Dealer_self,4847644864
9514502736,2026-01-02,Dealer_self,3551777260
0,2026-01-02,Foreign_Dealer_Self,0
23809288786,2026-01-02,Dealer_Hedging,18536306821
26143791380,2026-01-02,Investment_Trust,30334224468
203100890571,2026-01-02,Foreign_Investor,191083036975
262568473473,2026-01-02,total,243505345524
321865007680,2026-01-05,total,319070153570
252532186663,2026-01-05,Foreign_Investor,260175659827
25918656427,2026-01-05,Investment_Trust,26229667110
8786549833,2026-01-05,Dealer_self,4521850637
0,2026-01-05,Foreign_Dealer_Self,0
34627614757,2026-01-05,Dealer_Hedging,28142975996
258362014710,2026-01-06,Foreign_Investor,255520601776
308758556396,2026-01-06,total,299498546012
15229323717,2026-01-06,Investment_Trust,18008606138
27430206457,2026-01-06,Dealer_Hedging,21002805554
0,2026-01-06,Foreign_Dealer_Self,0
7737011512,2026-01-06,Dealer_self,4966532544
7136990470,2026-01-07,Dealer_self,6684527563
0,2026-01-07,Foreign_Dealer_Self,0
30359796871,2026-01-07,Dealer_Hedging,28533469268
16830426364,2026-01-07,Investment_Trust,25043991740
272318149532,2026-01-07,Foreign_Investor,301828054754
326645363237,2026-01-07,total,362090043325
281949168120,2026-01-08,total,293436983902
246523910341,2026-01-08,Foreign_Investor,247202399561
8749046368,2026-01-08,Investment_Trust,14282476242
5112667793,2026-01-08,Dealer_self,6614071228
0,2026-01-08,Foreign_Dealer_Self,0
21563543618,2026-01-08,Dealer_Hedging,25338036871
231524665106,2026-01-09,Foreign_Investor,239967028475
271920942618,2026-01-09,total,283143467802
6641136243,2026-01-09,Investment_Trust,11369735420
27789812696,2026-01-09,Dealer_Hedging,25565574427
0,2026-01-09,Foreign_Dealer_Self,0
5965328573,2026-01-09,Dealer_self,6241129480
5260242320,2026-01-12,Dealer_self,4755413274
0,2026-01-12,Foreign_Dealer_Self,0
26227218584,2026-01-12,Dealer_Hedging,19060461345
7020874974,2026-01-12,Investment_Trust,17020993989
202298470590,2026-01-12,Foreign_Investor,214465037681
240806806468,2026-01-12,total,255301906289
5908730079,2026-01-13,Dealer_self,5847608347
0,2026-01-13,Foreign_Dealer_Self,0
29148679752,2026-01-13,Dealer_Hedging,25339229648
9556041205,2026-01-13,Investment_Trust,16328974662
248102620062,2026-01-13,Foreign_Investor,232361304691
292716071098,2026-01-13,total,279877117348
227629348164,2026-01-14,Foreign_Investor,214346846049
10870598277,2026-01-14,Investment_Trust,17382273497
274435374624,2026-01-14,total,260551448961
0,2026-01-14,Foreign_Dealer_Self,0
5716326551,2026-01-14,Dealer_self,4791358373
30219101632,2026-01-14,Dealer_Hedging,24030971042
226377838206,2026-01-15,Foreign_Investor,226588062689
12325643345,2026-01-15,Investment_Trust,15104754858
266854236380,2026-01-15,total,275686840635
0,2026-01-15,Foreign_Dealer_Self,0
4808834081,2026-01-15,Dealer_self,6061529979
23341920748,2026-01-15,Dealer_Hedging,27932493109
6553327167,2026-01-16,Dealer_self,7531020894
0,2026-01-16,Foreign_Dealer_Self,0
31353422352,2026-01-16,Dealer_Hedging,25321294523
9862302024,2026-01-16,Investment_Trust,17581906133
279789178159,2026-01-16,Foreign_Investor,239872613692
327558229702,2026-01-16,total,290306835242
227704666326,2026-01-19,Foreign_Investor,255499428794
276464099771,2026-01-19,total,322682074029
15579122865,2026-01-19,Investment_Trust,28701826861
27273229684,2026-01-19,Dealer_Hedging,31365675047
0,2026-01-19,Foreign_Dealer_Self,0
5907080896,2026-01-19,Dealer_self,7115143327
5513693068,2026-01-20,Dealer_self,7698336447
0,2026-01-20,Foreign_Dealer_Self,0
25478994711,2026-01-20,Dealer_Hedging,26226258419
12585050146,2026-01-20,Investment_Trust,21384395739
257542006097,2026-01-20,Foreign_Investor,261525502972
301119744022,2026-01-20,total,316834493577
0,2026-01-21,Foreign_Dealer_Self,0
6751248407,2026-01-21,Dealer_self,10329982435
29341413997,2026-01-21,Dealer_Hedging,41323202243
12386323807,2026-01-21,Investment_Trust,29894761875
273826959332,2026-01-21,Foreign_Investor,318395248425
322305945543,2026-01-21,total,399943194978
279532061582,2026-01-22,Foreign_Investor,260253936101
12487715016,2026-01-22,Investment_Trust,14405788622
327843822347,2026-01-22,total,303441475457
0,2026-01-22,Foreign_Dealer_Self,0
5858623131,2026-01-22,Dealer_self,4858945733
29965422618,2026-01-22,Dealer_Hedging,23922805001
283759545993,2026-01-23,Foreign_Investor,260551041416
15824601546,2026-01-23,Investment_Trust,16662192736
331088146454,2026-01-23,total,304029807148
0,2026-01-23,Foreign_Dealer_Self,0
6687053396,2026-01-23,Dealer_self,4998150928
24816945519,2026-01-23,Dealer_Hedging,21818422068
5026327872,2026-01-26,Dealer_self,5493403509
0,2026-01-26,Foreign_Dealer_Self,0
26037681213,2026-01-26,Dealer_Hedging,28892143047
8360190681,2026-01-26,Investment_Trust,12486921714
245003851868,2026-01-26,Foreign_Investor,246496626548
284428051634,2026-01-26,total,293369094818
280090837525,2026-01-27,Foreign_Investor,257811961569
12855368024,2026-01-27,Investment_Trust,17873716797
329612153606,2026-01-27,total,307036007766
0,2026-01-27,Foreign_Dealer_Self,0
6251036694,2026-01-27,Dealer_self,6340209700
30414911363,2026-01-27,Dealer_Hedging,25010119700
5623168858,2026-01-28,Dealer_self,6113903927
0,2026-01-28,Foreign_Dealer_Self,0
26597703784,2026-01-28,Dealer_Hedging,27953780561
14712771351,2026-01-28,Investment_Trust,16100483687
290010859732,2026-01-28,Foreign_Investor,256734993865
336944503725,2026-01-28,total,306903162040
375329055328,2026-01-29,total,377044946395
328185951720,2026-01-29,Foreign_Investor,313526734636
12564610040,2026-01-29,Investment_Trust,15523714399
27466774535,2026-01-29,Dealer_Hedging,36156314333
7111719033,2026-01-29,Dealer_self,11838183027
0,2026-01-29,Foreign_Dealer_Self,0
6721381087,2026-01-30,Dealer_self,7417336219
0,2026-01-30,Foreign_Dealer_Self,0
26241809688,2026-01-30,Dealer_Hedging,34938716966
12603169750,2026-01-30,Investment_Trust,15905314463
312769688504,2026-01-30,Foreign_Investor,364008883488
358336049029,2026-01-30,total,422270251136
234468586610,2026-02-02,Foreign_Investor,282518934218
289994658802,2026-02-02,total,343589461293
18756362216,2026-02-02,Investment_Trust,13803067831
0,2026-02-02,Foreign_Dealer_Self,0
30660392642,2026-02-02,Dealer_Hedging,38511658582
6109317334,2026-02-02,Dealer_self,8755800662
6957484236,2026-02-03,Dealer_self,9360393234
0,2026-02-03,Foreign_Dealer_Self,0
26480054347,2026-02-03,Dealer_Hedging,30969034331
20993889920,2026-02-03,Investment_Trust,10376641559
285029396502,2026-02-03,Foreign_Investor,277761584295
339460825005,2026-02-03,total,328467653419
13790574128,2026-02-04,Investment_Trust,7969850716
5211613247,2026-02-04,Dealer_self,4093796675
0,2026-02-04,Foreign_Dealer_Self,0
22711323337,2026-02-04,Dealer_Hedging,25498732152
250552355757,2026-02-04,Foreign_Investor,238486311595
292265866469,2026-02-04,total,276048691138
257720235025,2026-02-05,total,348131868453
216802823330,2026-02-05,Foreign_Investor,289497322529
13316177512,2026-02-05,Investment_Trust,10156400101
0,2026-02-05,Foreign_Dealer_Self,0
4420308051,2026-02-05,Dealer_self,6260467763
23180926132,2026-02-05,Dealer_Hedging,42217678060
300830811028,2026-02-06,total,320106087095
262493951793,2026-02-06,Foreign_Investor,269646946423
12603674766,2026-02-06,Investment_Trust,5839811440
4613441599,2026-02-06,Dealer_self,8839977070
0,2026-02-06,Foreign_Dealer_Self,0
21119742870,2026-02-06,Dealer_Hedging,35779352162
4878967151,2026-02-09,Dealer_self,3697860520
0,2026-02-09,Foreign_Dealer_Self,0
28092160856,2026-02-09,Dealer_Hedging,18595502195
7955087457,2026-02-09,Investment_Trust,7059307185
250921925770,2026-02-09,Foreign_Investor,226153309241
291848141234,2026-02-09,total,255505979141
325321303318,2026-02-10,total,262117185624
285319096489,2026-02-10,Foreign_Investor,229608265625
10669701619,2026-02-10,Investment_Trust,6004071269
0,2026-02-10,Foreign_Dealer_Self,0
5406170392,2026-02-10,Dealer_self,4790956123
23926334818,2026-02-10,Dealer_Hedging,21713892607
328337409893,2026-02-11,total,270511529985
283112807449,2026-02-11,Foreign_Investor,230752742713
13144220701,2026-02-11,Investment_Trust,9051135739
7770861808,2026-02-11,Dealer_self,4066114052
0,2026-02-11,Foreign_Dealer_Self,0
24309519935,2026-02-11,Dealer_Hedging,26641537481
14246865172,2026-02-23,Dealer_self,13537961054
0,2026-02-23,Foreign_Dealer_Self,0
37935456297,2026-02-23,Dealer_Hedging,50116432912
19254208069,2026-02-23,Investment_Trust,21251439991
421187321608,2026-02-23,Foreign_Investor,412835141456
492623851146,2026-02-23,total,497740975413
351166108506,2026-02-24,Foreign_Investor,288432551958
20459896449,2026-02-24,Investment_Trust,14300820155
420130023234,2026-02-24,total,335888723245
0,2026-02-24,Foreign_Dealer_Self,0
9649446022,2026-02-24,Dealer_self,4107401967
38854572257,2026-02-24,Dealer_Hedging,29047949165
383952194258,2026-02-25,Foreign_Investor,342804022199
24004403312,2026-02-25,Investment_Trust,18884219022
456529582396,2026-02-25,total,414091612711
0,2026-02-25,Foreign_Dealer_Self,0
9696666508,2026-02-25,Dealer_self,7500126565
38876318318,2026-02-25,Dealer_Hedging,44903244925
8092575386,2026-02-26,Dealer_self,8881824982
0,2026-02-26,Foreign_Dealer_Self,0
35989432570,2026-02-26,Dealer_Hedging,36998746072
26764567689,2026-02-26,Investment_Trust,27822870363
564917279653,2026-02-26,Foreign_Investor,575481202415
635763855298,2026-02-26,total,649184643832
364517088461,2026-03-02,Foreign_Investor,403505765537
21820877291,2026-03-02,Investment_Trust,13499369663
427862240411,2026-03-02,total,471076488396
0,2026-03-02,Foreign_Dealer_Self,0
9062764933,2026-03-02,Dealer_self,7994082465
32461509726,2026-03-02,Dealer_Hedging,46077270731
397364315755,2026-03-03,total,512866768006
335000715502,2026-03-03,Foreign_Investor,429708846458
15459560707,2026-03-03,Investment_Trust,11537510418
8276835198,2026-03-03,Dealer_self,12638109681
0,2026-03-03,Foreign_Dealer_Self,0
38627204348,2026-03-03,Dealer_Hedging,58982301449
11751748421,2026-03-04,Dealer_self,18880943703
0,2026-03-04,Foreign_Dealer_Self,0
48051706471,2026-03-04,Dealer_Hedging,80925104830
20158714330,2026-03-04,Investment_Trust,13394676381
345802036791,2026-03-04,Foreign_Investor,442417081262
425764206013,2026-03-04,total,555617806176
6742715431,2026-03-05,Dealer_self,11227550810
0,2026-03-05,Foreign_Dealer_Self,0
30987118154,2026-03-05,Dealer_Hedging,35276788797
21325999282,2026-03-05,Investment_Trust,6858543801
265665100340,2026-03-05,Foreign_Investor,317160223938
324720933207,2026-03-05,total,370523107346
262773434630,2026-03-06,total,291634744187
218165847493,2026-03-06,Foreign_Investor,253402332864
15137538306,2026-03-06,Investment_Trust,8014242032
22977071653,2026-03-06,Dealer_Hedging,26098188028
0,2026-03-06,Foreign_Dealer_Self,0
6492977178,2026-03-06,Dealer_self,4119981263
244505406998,2026-03-09,Foreign_Investor,365322571662
18123243768,2026-03-09,Investment_Trust,4552059072
317086391969,2026-03-09,total,482971079066
0,2026-03-09,Foreign_Dealer_Self,0
7824566856,2026-03-09,Dealer_self,23248070924
46633174347,2026-03-09,Dealer_Hedging,89848377408
7467214672,2026-03-10,Dealer_self,9576996711
0,2026-03-10,Foreign_Dealer_Self,0
30735530020,2026-03-10,Dealer_Hedging,32092122637
18522958969,2026-03-10,Investment_Trust,5463774950
256127100901,2026-03-10,Foreign_Investor,281213077966
312852804562,2026-03-10,total,328345972264
255899624598,2026-03-11,Foreign_Investor,218718676952
302659467322,2026-03-11,total,250650011629
8315902056,2026-03-11,Investment_Trust,4261759769
0,2026-03-11,Foreign_Dealer_Self,0
28487737347,2026-03-11,Dealer_Hedging,21919054834
9956203321,2026-03-11,Dealer_self,5750520074
7042437420,2026-03-12,Dealer_self,8216209551
0,2026-03-12,Foreign_Dealer_Self,0
19946152983,2026-03-12,Dealer_Hedging,27969407912
11506088649,2026-03-12,Investment_Trust,12258077998
240806519495,2026-03-12,Foreign_Investor,311934106558
279301198547,2026-03-12,total,360377802019
6945107185,2026-03-13,Dealer_self,7699391265
0,2026-03-13,Foreign_Dealer_Self,0
19459842853,2026-03-13,Dealer_Hedging,27986780395
10788903934,2026-03-13,Investment_Trust,10832609798
233400702290,2026-03-13,Foreign_Investor,291418006833
270594556262,2026-03-13,total,337936788291
282984866210,2026-03-16,total,329915116688
13786250455,2026-03-16,Investment_Trust,13461413951
237521419675,2026-03-16,Foreign_Investor,281346857913
24772277432,2026-03-16,Dealer_Hedging,28604011915
6904918648,2026-03-16,Dealer_self,6502832909
0,2026-03-16,Foreign_Dealer_Self,0
9658406308,2026-03-17,Dealer_self,5971297625
0,2026-03-17,Foreign_Dealer_Self,0
27140440066,2026-03-17,Dealer_Hedging,21732274789
17114867709,2026-03-17,Investment_Trust,16909073997
274468229393,2026-03-17,Foreign_Investor,273995847292
328381943476,2026-03-17,total,318608493703
359502386463,2026-03-18,total,340806567541
304241636729,2026-03-18,Foreign_Investor,295220882294
10757320028,2026-03-18,Investment_Trust,11045389145
0,2026-03-18,Foreign_Dealer_Self,0
13206933654,2026-03-18,Dealer_self,8148386794
31296496052,2026-03-18,Dealer_Hedging,26391909308
12431847568,2026-03-19,Investment_Trust,12777985928
252587869069,2026-03-19,Foreign_Investor,343535499606
297768816638,2026-03-19,total,400196166600
24150315962,2026-03-19,Dealer_Hedging,36772250175
8598784039,2026-03-19,Dealer_self,7110430891
0,2026-03-19,Foreign_Dealer_Self,0
6993675800,2026-03-20,Dealer_self,10126076124
0,2026-03-20,Foreign_Dealer_Self,0
22266235269,2026-03-20,Dealer_Hedging,29238753096
45195585739,2026-03-20,Investment_Trust,44137878891
395089950026,2026-03-20,Foreign_Investor,435400989133
469545446834,2026-03-20,total,518903697244
254908381479,2026-03-23,total,359407828377
199097235576,2026-03-23,Foreign_Investor,283019837368
19269828430,2026-03-23,Investment_Trust,8735004794
0,2026-03-23,Foreign_Dealer_Self,0
6041169874,2026-03-23,Dealer_self,12066037680
30500147599,2026-03-23,Dealer_Hedging,55586948535
8188487740,2026-03-24,Dealer_self,9887296054
0,2026-03-24,Foreign_Dealer_Self,0
25585813316,2026-03-24,Dealer_Hedging,34371586292
12126477693,2026-03-24,Investment_Trust,9746868124
244972307741,2026-03-24,Foreign_Investor,257278047154
290873086490,2026-03-24,total,311283797624
272641708278,2026-03-25,Foreign_Investor,235166944490
318585576417,2026-03-25,total,266809951716
9785612485,2026-03-25,Investment_Trust,8627131795
9400680727,2026-03-25,Dealer_self,5820751716
0,2026-03-25,Foreign_Dealer_Self,0
26757574927,2026-03-25,Dealer_Hedging,17195123715
11071046661,2026-03-26,Dealer_self,6567797782
0,2026-03-26,Foreign_Dealer_Self,0
21731976722,2026-03-26,Dealer_Hedging,22940446108
12853159987,2026-03-26,Investment_Trust,8109966980
265454667052,2026-03-26,Foreign_Investor,273375019755
311110850422,2026-03-26,total,310993230625
261370719345,2026-03-27,total,299709649223
221080533360,2026-03-27,Foreign_Investor,257436081760
10490251447,2026-03-27,Investment_Trust,10678252726
9100860858,2026-03-27,Dealer_self,5441003169
0,2026-03-27,Foreign_Dealer_Self,0
20699073680,2026-03-27,Dealer_Hedging,26154311568
227182393950,2026-03-30,Foreign_Investor,291119117713
269280048796,2026-03-30,total,343408930599
10500602452,2026-03-30,Investment_Trust,7294083618
6098549031,2026-03-30,Dealer_self,9997748138
0,2026-03-30,Foreign_Dealer_Self,0
25498503363,2026-03-30,Dealer_Hedging,34997981130
7978164680,2026-03-31,Dealer_self,9645354082
0,2026-03-31,Foreign_Dealer_Self,0
35292939323,2026-03-31,Dealer_Hedging,54642432457
17495548535,2026-03-31,Investment_Trust,14291971678
337323752858,2026-03-31,Foreign_Investor,418069267465
398090405396,2026-03-31,total,496649025682
11924513840,2026-04-01,Dealer_self,5164121365
0,2026-04-01,Foreign_Dealer_Self,0
32457754041,2026-04-01,Dealer_Hedging,17598513188
17790110536,2026-04-01,Investment_Trust,7651575716
263895638342,2026-04-01,Foreign_Investor,240644320289
326068016759,2026-04-01,total,271058530558
285713680453,2026-04-02,total,322973400270
238418480591,2026-04-02,Foreign_Investor,277114042431
15535128465,2026-04-02,Investment_Trust,7110746536
0,2026-04-02,Foreign_Dealer_Self,0
7134407766,2026-04-02,Dealer_self,6926198582
24625663631,2026-04-02,Dealer_Hedging,31822412721
212131932105,2026-04-07,Foreign_Investor,202035325361
14097066767,2026-04-07,Investment_Trust,9740422946
254101767692,2026-04-07,total,232615731646
0,2026-04-07,Foreign_Dealer_Self,0
6635116890,2026-04-07,Dealer_self,4279723425
21237651930,2026-04-07,Dealer_Hedging,16560259914
16468236064,2026-04-08,Dealer_self,5897480398
0,2026-04-08,Foreign_Dealer_Self,0
48836373698,2026-04-08,Dealer_Hedging,23539132116
12226562965,2026-04-08,Investment_Trust,7506430805
373282362693,2026-04-08,Foreign_Investor,255509742957
450813535420,2026-04-08,total,292452786276
344511726941,2026-04-09,Foreign_Investor,312732096959
392460317664,2026-04-09,total,353127746465
9982742913,2026-04-09,Investment_Trust,8625755323
11860435717,2026-04-09,Dealer_self,9392789298
0,2026-04-09,Foreign_Dealer_Self,0
26105412093,2026-04-09,Dealer_Hedging,22377104885
11153934132,2026-04-10,Dealer_self,7607560706
0,2026-04-10,Foreign_Dealer_Self,0
30162840218,2026-04-10,Dealer_Hedging,21451057806
9480174170,2026-04-10,Investment_Trust,13781279754
324941653192,2026-04-10,Foreign_Investor,296133381984
375738601712,2026-04-10,total,338973280250
8822582932,2026-04-13,Dealer_self,5464210190
0,2026-04-13,Foreign_Dealer_Self,0
23293489664,2026-04-13,Dealer_Hedging,22663333659
35772511345,2026-04-13,Investment_Trust,29722988399
281994545143,2026-04-13,Foreign_Investor,298173201967
349883129084,2026-04-13,total,356023734215
447667164969,2026-04-14,total,379236456720
389676870130,2026-04-14,Foreign_Investor,320768966732
15339325493,2026-04-14,Investment_Trust,21337218393
33637084335,2026-04-14,Dealer_Hedging,27917016270
0,2026-04-14,Foreign_Dealer_Self,0
9013885011,2026-04-14,Dealer_self,9213255325
413255407401,2026-04-15,Foreign_Investor,357905213591
13277923185,2026-04-15,Investment_Trust,22171781314
470771783819,2026-04-15,total,429346654451
8618126413,2026-04-15,Dealer_self,13064758978
0,2026-04-15,Foreign_Dealer_Self,0
35620326820,2026-04-15,Dealer_Hedging,36204900568
8676225347,2026-04-16,Dealer_self,6505575277
0,2026-04-16,Foreign_Dealer_Self,0
37534270015,2026-04-16,Dealer_Hedging,27859467128
19858781124,2026-04-16,Investment_Trust,22600670005
350862026577,2026-04-16,Foreign_Investor,306854514467
416931303063,2026-04-16,total,363820226877
336617354198,2026-04-17,Foreign_Investor,338656897533
402435425920,2026-04-17,total,416442782355
22856922880,2026-04-17,Investment_Trust,31259882392
0,2026-04-17,Foreign_Dealer_Self,0
34821880848,2026-04-17,Dealer_Hedging,37535702929
8139267994,2026-04-17,Dealer_self,8990299501
7491244821,2026-04-20,Dealer_self,6932428903
0,2026-04-20,Foreign_Dealer_Self,0
31807189382,2026-04-20,Dealer_Hedging,37208488999
27755751130,2026-04-20,Investment_Trust,29786839364
342382857551,2026-04-20,Foreign_Investor,338036478534
409437042884,2026-04-20,total,411964235800
8070255862,2026-04-21,Dealer_self,7479209902
0,2026-04-21,Foreign_Dealer_Self,0
36840161028,2026-04-21,Dealer_Hedging,38144592540
36569956731,2026-04-21,Investment_Trust,28510703028
378237738435,2026-04-21,Foreign_Investor,318084010526
459718112056,2026-04-21,total,392218515996
408559670807,2026-04-22,total,392498938537
28725349591,2026-04-22,Investment_Trust,25012028434
338681212463,2026-04-22,Foreign_Investor,327071815143
33973625796,2026-04-22,Dealer_Hedging,34563156419
7179482957,2026-04-22,Dealer_self,5851938541
0,2026-04-22,Foreign_Dealer_Self,0
10155158708,2026-04-23,Dealer_self,17964739977
0,2026-04-23,Foreign_Dealer_Self,0
54280746027,2026-04-23,Dealer_Hedging,65661618199
25264894875,2026-04-23,Investment_Trust,23908712751
525830603434,2026-04-23,Foreign_Investor,528585597431
615531403044,2026-04-23,total,636120668358
479799504516,2026-04-24,total,424796185661
393689639274,2026-04-24,Foreign_Investor,349781767446
33580086918,2026-04-24,Investment_Trust,31363006077
7986850776,2026-04-24,Dealer_self,7691993165
0,2026-04-24,Foreign_Dealer_Self,0
44542927548,2026-04-24,Dealer_Hedging,35959418973
538839816641,2026-04-27,total,586077364547
443846638024,2026-04-27,Foreign_Investor,495042796943
39225100051,2026-04-27,Investment_Trust,24723561248
0,2026-04-27,Foreign_Dealer_Self,0
8060622993,2026-04-27,Dealer_self,8609057068
47707455573,2026-04-27,Dealer_Hedging,57701949288
6592727331,2026-04-28,Dealer_self,7497792154
0,2026-04-28,Foreign_Dealer_Self,0
37893832900,2026-04-28,Dealer_Hedging,36637123855
21246462770,2026-04-28,Investment_Trust,15604793264
376177659775,2026-04-28,Foreign_Investor,415475694725
441910682776,2026-04-28,total,475215403998
4610504372,2026-04-29,Dealer_self,6343282634
0,2026-04-29,Foreign_Dealer_Self,0
25753523687,2026-04-29,Dealer_Hedging,25619864056
22631309887,2026-04-29,Investment_Trust,20502983872
338372913624,2026-04-29,Foreign_Investor,386520362349
391368251570,2026-04-29,total,438986492911
461113764776,2026-04-30,total,514381146692
406259095898,2026-04-30,Foreign_Investor,459820821006
14855053761,2026-04-30,Investment_Trust,13771840985
0,2026-04-30,Foreign_Dealer_Self,0
6267791666,2026-04-30,Dealer_self,7078094179
33731823451,2026-04-30,Dealer_Hedging,33710390522
466771474119,2026-05-04,total,388826714684
7602239938,2026-05-04,Dealer_self,6175528749
0,2026-05-04,Foreign_Dealer_Self,0
40958893387,2026-05-04,Dealer_Hedging,33445003440
16194865482,2026-05-04,Investment_Trust,14166407936
402015475312,2026-05-04,Foreign_Investor,335039774559
6459468096,2026-05-05,Dealer_self,5879759305
0,2026-05-05,Foreign_Dealer_Self,0
32128954652,2026-05-05,Dealer_Hedging,42795907259
26841381710,2026-05-05,Investment_Trust,23114456726
358109943345,2026-05-05,Foreign_Investor,354119676212
423539747803,2026-05-05,total,425909799502
703756883438,2026-05-06,total,636741354351
604269420170,2026-05-06,Foreign_Investor,529164512376
33542780925,2026-05-06,Investment_Trust,32021549000
55517932181,2026-05-06,Dealer_Hedging,60734284421
0,2026-05-06,Foreign_Dealer_Self,0
10426750162,2026-05-06,Dealer_self,14821008554
481490560104,2026-05-07,Foreign_Investor,435079033534
34125520860,2026-05-07,Investment_Trust,19073192148
560172692396,2026-05-07,total,502851103561
0,2026-05-07,Foreign_Dealer_Self,0
9099486917,2026-05-07,Dealer_self,7696919641
35457124515,2026-05-07,Dealer_Hedging,41001958238
9669682069,2026-05-08,Dealer_self,12288842845
0,2026-05-08,Foreign_Dealer_Self,0
44564827778,2026-05-08,Dealer_Hedging,51982396719
30850451204,2026-05-08,Investment_Trust,28893152529
466029401426,2026-05-08,Foreign_Investor,478113938997
551114362477,2026-05-08,total,571278331090
428806127610,2026-05-11,Foreign_Investor,439789631612
503410095944,2026-05-11,total,498175001037
37437673535,2026-05-11,Dealer_Hedging,34497028629
0,2026-05-11,Foreign_Dealer_Self,0
7287642871,2026-05-11,Dealer_self,6497972980
29878651928,2026-05-11,Investment_Trust,17390367816
8908117192,2026-05-12,Dealer_self,13661010208
0,2026-05-12,Foreign_Dealer_Self,0
54089475283,2026-05-12,Dealer_Hedging,70000164455
64219072068,2026-05-12,Investment_Trust,25902007032
513039572893,2026-05-12,Foreign_Investor,543533352834
640256237436,2026-05-12,total,653096534529
429355353116,2026-05-13,Foreign_Investor,472784827091
7372401501,2026-05-13,Dealer_self,12518782767
0,2026-05-13,Foreign_Dealer_Self,0
41502921370,2026-05-13,Dealer_Hedging,66622787363
51877210243,2026-05-13,Investment_Trust,25815578438
530107886230,2026-05-13,total,577741975659
445429589660,2026-05-14,Foreign_Investor,440886964957
38968949177,2026-05-14,Investment_Trust,24672836385
530933599774,2026-05-14,total,513357591999
0,2026-05-14,Foreign_Dealer_Self,0
7209939011,2026-05-14,Dealer_self,8109991530
39325121926,2026-05-14,Dealer_Hedging,39687799127
572299354346,2026-05-15,total,609036661460
486650810119,2026-05-15,Foreign_Investor,497077396500
34256621367,2026-05-15,Investment_Trust,35623859074
6971287979,2026-05-15,Dealer_self,12266492285
0,2026-05-15,Foreign_Dealer_Self,0
44420634881,2026-05-15,Dealer_Hedging,64068913601
6724845356,2026-05-18,Dealer_self,7819591486
0,2026-05-18,Foreign_Dealer_Self,0
35820093635,2026-05-18,Dealer_Hedging,48651733307
35500262069,2026-05-18,Investment_Trust,18835510074
381235569281,2026-05-18,Foreign_Investor,426476531903
459280770341,2026-05-18,total,501783366770
407598284294,2026-05-19,Foreign_Investor,470833237921
43507183254,2026-05-19,Investment_Trust,35340610299
490408878447,2026-05-19,total,567828784551
0,2026-05-19,Foreign_Dealer_Self,0
6216625998,2026-05-19,Dealer_self,9601114442
33086784901,2026-05-19,Dealer_Hedging,52053821889
383226867202,2026-05-20,Foreign_Investor,429847483184
35288356651,2026-05-20,Investment_Trust,25079598064
456202381778,2026-05-20,total,512184170751
0,2026-05-20,Foreign_Dealer_Self,0
10212050189,2026-05-20,Dealer_self,16762156861
27475107736,2026-05-20,Dealer_Hedging,40494932642
10422313674,2026-05-21,Dealer_self,4000146350
0,2026-05-21,Foreign_Dealer_Self,0
36871311540,2026-05-21,Dealer_Hedging,23697385832
32552166835,2026-05-21,Investment_Trust,27171867723
398309751347,2026-05-21,Foreign_Investor,337969068387
478155543396,2026-05-21,total,392838468292
472332888344,2026-05-22,Foreign_Investor,396196355691
36509074727,2026-05-22,Investment_Trust,25283288167
562320796321,2026-05-22,total,455482151240
0,2026-05-22,Foreign_Dealer_Self,0
13008043808,2026-05-22,Dealer_self,6219847765
40470789442,2026-05-22,Dealer_Hedging,27782659617
547623454594,2026-05-25,total,482862563339
450848428505,2026-05-25,Foreign_Investor,401389264335
40749584857,2026-05-25,Investment_Trust,32335524903
45885250719,2026-05-25,Dealer_Hedging,43472982813
0,2026-05-25,Foreign_Dealer_Self,0
10140190513,2026-05-25,Dealer_self,5664791288
11835930094,2026-05-26,Dealer_self,9958995828
0,2026-05-26,Foreign_Dealer_Self,0
44191211741,2026-05-26,Dealer_Hedging,41158182035
42118472404,2026-05-26,Investment_Trust,36736312613
552149093909,2026-05-26,Foreign_Investor,516712698457
650294708148,2026-05-26,total,604566188933
579417406287,2026-05-27,Foreign_Investor,541289502983
36296430552,2026-05-27,Investment_Trust,40515481591
671455029224,2026-05-27,total,640676824579
10245011604,2026-05-27,Dealer_self,10814619709
0,2026-05-27,Foreign_Dealer_Self,0
45496180781,2026-05-27,Dealer_Hedging,48057220296
682058330617,2026-05-28,total,741439404954
579107159238,2026-05-28,Foreign_Investor,617243841050
38478135365,2026-05-28,Investment_Trust,44684180033
55016127685,2026-05-28,Dealer_Hedging,65321399632
0,2026-05-28,Foreign_Dealer_Self,0
9456908329,2026-05-28,Dealer_self,14189984239
0,2026-05-29,Foreign_Dealer_Self,0
10102348815,2026-05-29,Dealer_self,7237078036
46339805106,2026-05-29,Investment_Trust,39321737488
1000865803058,2026-05-29,Foreign_Investor,920720341918
1110065540513,2026-05-29,total,1007294802206
52757583534,2026-05-29,Dealer_Hedging,40015644764
10259233945,2026-06-01,Dealer_self,10052222496
0,2026-06-01,Foreign_Dealer_Self,0
46064987003,2026-06-01,Dealer_Hedging,52780597599
49360345056,2026-06-01,Investment_Trust,41601714909
617880515906,2026-06-01,Foreign_Investor,581063143954
723565081910,2026-06-01,total,685497678958
619261948259,2026-06-02,Foreign_Investor,608419000079
755580934216,2026-06-02,total,757685852671
82558287522,2026-06-02,Investment_Trust,79737966049
0,2026-06-02,Foreign_Dealer_Self,0
9044997418,2026-06-02,Dealer_self,14480016372
44715701017,2026-06-02,Dealer_Hedging,55048870171
560041420553,2026-06-03,Foreign_Investor,516645084906
67609302240,2026-06-03,Investment_Trust,62057732108
678365678394,2026-06-03,total,626821006373
0,2026-06-03,Foreign_Dealer_Self,0
11381726498,2026-06-03,Dealer_self,8430164554
39333229103,2026-06-03,Dealer_Hedging,39688024805
7626420410,2026-06-04,Dealer_self,10599108117
0,2026-06-04,Foreign_Dealer_Self,0
34155357238,2026-06-04,Dealer_Hedging,52549203278
57949038808,2026-06-04,Investment_Trust,53779816019
451725067552,2026-06-04,Foreign_Investor,527410498496
551455884008,2026-06-04,total,644338625910
438592606840,2026-06-05,Foreign_Investor,521223765703
534898757988,2026-06-05,total,644340445187
41828028120,2026-06-05,Investment_Trust,40207841681
43346967468,2026-06-05,Dealer_Hedging,64496804173
0,2026-06-05,Foreign_Dealer_Self,0
11131155560,2026-06-05,Dealer_self,18412033630
6787117242,2026-06-08,Dealer_self,16608558957
0,2026-06-08,Foreign_Dealer_Self,0
43572085122,2026-06-08,Dealer_Hedging,82897486354
41929744680,2026-06-08,Investment_Trust,33154018980
418356976293,2026-06-08,Foreign_Investor,512208523184
510645923337,2026-06-08,total,644868587475
544741903259,2026-06-09,total,619883455997
442595518013,2026-06-09,Foreign_Investor,534328933959
56259767955,2026-06-09,Investment_Trust,32976230521
8130821251,2026-06-09,Dealer_self,13253632240
0,2026-06-09,Foreign_Dealer_Self,0
37755796040,2026-06-09,Dealer_Hedging,39324659277
476506000475,2026-06-10,Foreign_Investor,570079712420
589371568681,2026-06-10,total,706800555061
46981031759,2026-06-10,Investment_Trust,30284812881
55429199085,2026-06-10,Dealer_Hedging,88107404737
0,2026-06-10,Foreign_Dealer_Self,0
10455337362,2026-06-10,Dealer_self,18328625023
12431976279,2026-06-11,Dealer_self,11702912282
0,2026-06-11,Foreign_Dealer_Self,0
56607233609,2026-06-11,Dealer_Hedging,69736458336
47264037603,2026-06-11,Investment_Trust,34019262466
513292371055,2026-06-11,Foreign_Investor,549071652393
629595618546,2026-06-11,total,664530285477
513561160589,2026-06-12,total,461695111046
426784426400,2026-06-12,Foreign_Investor,398094158048
33584991529,2026-06-12,Investment_Trust,19351742675
10784721779,2026-06-12,Dealer_self,7944910009
0,2026-06-12,Foreign_Dealer_Self,0
42407020881,2026-06-12,Dealer_Hedging,36304300314
407137110787,2026-06-15,Foreign_Investor,360605190350
485226709143,2026-06-15,total,419727105880
22732740167,2026-06-15,Investment_Trust,16288774448
0,2026-06-15,Foreign_Dealer_Self,0
41979133129,2026-06-15,Dealer_Hedging,35943946645
13377725060,2026-06-15,Dealer_self,6889194437
10073156957,2026-06-16,Dealer_self,6662827387
0,2026-06-16,Foreign_Dealer_Self,0
38051599411,2026-06-16,Dealer_Hedging,35373159078
38695533641,2026-06-16,Investment_Trust,26871872698
481498901895,2026-06-16,Foreign_Investor,440700704146
568319191904,2026-06-16,total,509608563309
14765908768,2026-06-17,Dealer_self,12889331803
0,2026-06-17,Foreign_Dealer_Self,0
38772146924,2026-06-17,Dealer_Hedging,44917586245
29428288577,2026-06-17,Investment_Trust,29634350578
391778646085,2026-06-17,Foreign_Investor,412462383856
474744990354,2026-06-17,total,499903652482
642946219656,2026-06-18,Foreign_Investor,621799480727
90471452461,2026-06-18,Investment_Trust,95828261532
788903492713,2026-06-18,total,757625289736
0,2026-06-18,Foreign_Dealer_Self,0
13143327559,2026-06-18,Dealer_self,7285782615
42342493037,2026-06-18,Dealer_Hedging,32711764862
536227696924,2026-06-22,Foreign_Investor,467770113547
46421503466,2026-06-22,Investment_Trust,56939411858
646684201861,2026-06-22,total,576640757546
0,2026-06-22,Foreign_Dealer_Self,0
14340443785,2026-06-22,Dealer_self,10999521532
49694557686,2026-06-22,Dealer_Hedging,40931710609
8793363407,2026-06-23,Dealer_self,11432867252
0,2026-06-23,Foreign_Dealer_Self,0
49542268593,2026-06-23,Dealer_Hedging,63886915972
63398318278,2026-06-23,Investment_Trust,56162360476
599780997370,2026-06-23,Foreign_Investor,638373350011
721514947648,2026-06-23,total,769855493711
490876559346,2026-06-24,Foreign_Investor,668279766214
606997965066,2026-06-24,total,817587683471
55252450157,2026-06-24,Investment_Trust,51952562076
49027120605,2026-06-24,Dealer_Hedging,80501609642
0,2026-06-24,Foreign_Dealer_Self,0
11841834958,2026-06-24,Dealer_self,16853745539
11024963611,2026-06-25,Dealer_self,13279454873
0,2026-06-25,Foreign_Dealer_Self,0
40213804058,2026-06-25,Dealer_Hedging,44960319240
64499531195,2026-06-25,Investment_Trust,47082941388
502190351125,2026-06-25,Foreign_Investor,542700394628
617928649989,2026-06-25,total,648023110129
12177727957,2026-06-26,Dealer_self,28296848609
0,2026-06-26,Foreign_Dealer_Self,0
64624484230,2026-06-26,Dealer_Hedging,119239176238
45297331394,2026-06-26,Investment_Trust,35194034043
525490218057,2026-06-26,Foreign_Investor,668679433508
647589761638,2026-06-26,total,851409492398
443174487241,2026-06-29,Foreign_Investor,447510694798
43292022685,2026-06-29,Investment_Trust,28772942556
529904025463,2026-06-29,total,524314040576
0,2026-06-29,Foreign_Dealer_Self,0
10401248085,2026-06-29,Dealer_self,12375601873
33036267452,2026-06-29,Dealer_Hedging,35654801349
502045785300,2026-06-30,Foreign_Investor,502554514292
44032500049,2026-06-30,Investment_Trust,43667373157
604089755913,2026-06-30,total,589648285732
0,2026-06-30,Foreign_Dealer_Self,0
13367653953,2026-06-30,Dealer_self,9178640737
44643816611,2026-06-30,Dealer_Hedging,34247757546
12538480913,2026-07-01,Dealer_self,12711247070
0,2026-07-01,Foreign_Dealer_Self,0
42558169589,2026-07-01,Dealer_Hedging,36446927115
75486285784,2026-07-01,Investment_Trust,59883551572
487412687822,2026-07-01,Foreign_Investor,455037088016
617995624108,2026-07-01,total,564078813773
362533729605,2026-07-02,Foreign_Investor,451580243282
48365666684,2026-07-02,Investment_Trust,38410029034
457052789360,2026-07-02,total,540471907469
0,2026-07-02,Foreign_Dealer_Self,0
10242921037,2026-07-02,Dealer_self,9142697889
35910472034,2026-07-02,Dealer_Hedging,41338937264
10836616605,2026-07-03,Dealer_self,8003013085
0,2026-07-03,Foreign_Dealer_Self,0
36314969299,2026-07-03,Dealer_Hedging,42408161075
37936432498,2026-07-03,Investment_Trust,30434262479
362222374165,2026-07-03,Foreign_Investor,440004986780
447310392567,2026-07-03,total,520850423419
422415517800,2026-07-06,total,450477572375
347168147530,2026-07-06,Foreign_Investor,372672643850
30042264398,2026-07-06,Investment_Trust,22878813381
34643087361,2026-07-06,Dealer_Hedging,44441195470
10562018511,2026-07-06,Dealer_self,10484919674
0,2026-07-06,Foreign_Dealer_Self,0
8417958961,2026-07-07,Dealer_self,21027617576
0,2026-07-07,Foreign_Dealer_Self,0
40137970823,2026-07-07,Dealer_Hedging,76261789900
33087148823,2026-07-07,Investment_Trust,23404389071
413214615558,2026-07-07,Foreign_Investor,467945686206
494857694165,2026-07-07,total,588639482753
454613863745,2026-07-08,total,496825299286
387383463245,2026-07-08,Foreign_Investor,425332451234
26647708627,2026-07-08,Investment_Trust,13967415943
0,2026-07-08,Foreign_Dealer_Self,0
8868843746,2026-07-08,Dealer_self,12211540289
31713848127,2026-07-08,Dealer_Hedging,45313891820
9494954521,2026-07-09,Dealer_self,11531142442
0,2026-07-09,Foreign_Dealer_Self,0
27743223050,2026-07-09,Dealer_Hedging,33378200940
30231840066,2026-07-09,Investment_Trust,10331239403
367858937128,2026-07-09,Foreign_Investor,415111753557
435328954765,2026-07-09,total,470352336342
481043335287,2026-07-13,total,499122846870
408855947974,2026-07-13,Foreign_Investor,428415711862
28814503682,2026-07-13,Investment_Trust,16235948076
0,2026-07-13,Foreign_Dealer_Self,0
11388023602,2026-07-13,Dealer_self,13352395091
31984860029,2026-07-13,Dealer_Hedging,41118791841
14012436125,2026-07-14,Dealer_self,15318551202
0,2026-07-14,Foreign_Dealer_Self,0
57164168114,2026-07-14,Dealer_Hedging,94149199299
33009561957,2026-07-14,Investment_Trust,22008000701
455458836889,2026-07-14,Foreign_Investor,507351649396
559645003085,2026-07-14,total,638827400598
395092885421,2026-07-15,Foreign_Investor,396508274193
485623189495,2026-07-15,total,464376186874
34153100061,2026-07-15,Investment_Trust,21616812315
18236238136,2026-07-15,Dealer_self,11816555285
0,2026-07-15,Foreign_Dealer_Self,0
38140965877,2026-07-15,Dealer_Hedging,34434545081
11634443323,2026-07-16,Dealer_self,10419094299
0,2026-07-16,Foreign_Dealer_Self,0
30350917656,2026-07-16,Dealer_Hedging,34923872409
31857155928,2026-07-16,Investment_Trust,23212024077
346579091328,2026-07-16,Foreign_Investor,394914062107
420421608235,2026-07-16,total,463469052892
502522029816,2026-07-17,total,765668707952
385927022528,2026-07-17,Foreign_Investor,574241571585
40886137943,2026-07-17,Investment_Trust,33538772856
10464808345,2026-07-17,Dealer_self,20539666870
0,2026-07-17,Foreign_Dealer_Self,0
65244061000,2026-07-17,Dealer_Hedging,137348696641
467832013383,2026-07-20,Foreign_Investor,473915691059
572215607095,2026-07-20,total,570041931331
38851814844,2026-07-20,Investment_Trust,22530017915
12667950960,2026-07-20,Dealer_self,12103970566
0,2026-07-20,Foreign_Dealer_Self,0
52863827908,2026-07-20,Dealer_Hedging,61492251791
9857567180,2026-07-21,Dealer_self,8460494914
0,2026-07-21,Foreign_Dealer_Self,0
29355920782,2026-07-21,Dealer_Hedging,27245597860
39169378897,2026-07-21,Investment_Trust,22055447754
351767701476,2026-07-21,Foreign_Investor,356099564323
430150568335,2026-07-21,total,413861104851
9459407986,2026-07-22,Dealer_self,12914587689
0,2026-07-22,Foreign_Dealer_Self,0
33472672095,2026-07-22,Dealer_Hedging,32415487549
38853210565,2026-07-22,Investment_Trust,19950318419
410168282425,2026-07-22,Foreign_Investor,392824289824
491953573071,2026-07-22,total,458104683481
432979544461,2026-07-23,total,414457691882
366288595333,2026-07-23,Foreign_Investor,359330682058
28432469923,2026-07-23,Investment_Trust,21062435387
0,2026-07-23,Foreign_Dealer_Self,0
11641564657,2026-07-23,Dealer_self,8674174285
26616914548,2026-07-23,Dealer_Hedging,25390400152
286540655179,2026-07-24,Foreign_Investor,347491144474
23280878805,2026-07-24,Investment_Trust,18517387543
344953489127,2026-07-24,total,412291982193
0,2026-07-24,Foreign_Dealer_Self,0
10381621756,2026-07-24,Dealer_self,10105754523
24750333387,2026-07-24,Dealer_Hedging,36177695653
7980397827,2026-07-27,Dealer_self,8422385517
0,2026-07-27,Foreign_Dealer_Self,0
27396724080,2026-07-27,Dealer_Hedging,34811720814
16503507205,2026-07-27,Investment_Trust,16022239128
335083906835,2026-07-27,Foreign_Investor,327043656977
386964535947,2026-07-27,total,386300002436
292449576695,2026-07-28,Foreign_Investor,379934201994
372384443426,2026-07-28,total,489986982344
21949096286,2026-07-28,Investment_Trust,20337276393
5821952327,2026-07-28,Dealer_self,7048030507
0,2026-07-28,Foreign_Dealer_Self,0
52163818118,2026-07-28,Dealer_Hedging,82667473450
14500596309,2026-07-29,Dealer_self,15523978008
0,2026-07-29,Foreign_Dealer_Self,0
66646994840,2026-07-29,Dealer_Hedging,84222627572
23571309411,2026-07-29,Investment_Trust,17865657180
468574991377,2026-07-29,Foreign_Investor,490826849928
573293891937,2026-07-29,total,608439112688
11597453985,2026-07-30,Dealer_self,12101822477
0,2026-07-30,Foreign_Dealer_Self,0
42673477800,2026-07-30,Dealer_Hedging,57395643101
28295129492,2026-07-30,Investment_Trust,14297716759
498508673701,2026-07-30,Foreign_Investor,546820493376
581074734978,2026-07-30,total,630615675713
498777808962,2026-07-31,total,411463398148
401328253700,2026-07-31,Foreign_Investor,333774428539
40543869582,2026-07-31,Investment_Trust,4523759339
45330466137,2026-07-31,Dealer_Hedging,67330709348
0,2026-07-31,Foreign_Dealer_Self,0
11575219543,2026-07-31,Dealer_self,5834500922
351436807764,2026-08-03,Foreign_Investor,370627723398
35468123234,2026-08-03,Investment_Trust,12143442661
425338164528,2026-08-03,total,441857771931
0,2026-08-03,Foreign_Dealer_Self,0
7219775568,2026-08-03,Dealer_self,13046561508
31213457962,2026-08-03,Dealer_Hedging,46040044364
9919729990,2026-08-04,Dealer_self,18594023919
0,2026-08-04,Foreign_Dealer_Self,0
31528976847,2026-08-04,Dealer_Hedging,42283419627
47011577882,2026-08-04,Investment_Trust,19846417822
447661494099,2026-08-04,Foreign_Investor,453393026925
536121778818,2026-08-04,total,534116888293
494583745248,2026-08-05,Foreign_Investor,404275419424
577821190961,2026-08-05,total,474790055539
29023770430,2026-08-05,Investment_Trust,17757627974
0,2026-08-05,Foreign_Dealer_Self,0
41130017022,2026-08-05,Dealer_Hedging,37346123216
13083658261,2026-08-05,Dealer_self,15410884925
10711456439,2026-08-06,Dealer_self,10816477933
0,2026-08-06,Foreign_Dealer_Self,0
24975808359,2026-08-06,Dealer_Hedging,31183605452
23857074616,2026-08-06,Investment_Trust,14448687992
392402699900,2026-08-06,Foreign_Investor,390382881760
451947039314,2026-08-06,total,446831653137
9433931221,2026-08-07,Dealer_self,8716492897
0,2026-08-07,Foreign_Dealer_Self,0
24848196468,2026-08-07,Dealer_Hedging,26533706666
16799691936,2026-08-07,Investment_Trust,18001413338
310339947885,2026-08-07,Foreign_Investor,351055691675
361421767510,2026-08-07,total,404307304576
394948010801,2026-08-10,total,321338271903
18267000126,2026-08-10,Investment_Trust,14865930705
330578332956,2026-08-10,Foreign_Investor,278837817824
35448393492,2026-08-10,Dealer_Hedging,22258400346
10654284227,2026-08-10,Dealer_self,5376123028
0,2026-08-10,Foreign_Dealer_Self,0
8696270920,2026-08-11,Dealer_self,7641675826
0,2026-08-11,Foreign_Dealer_Self,0
25409128377,2026-08-11,Dealer_Hedging,24003583869
17374366535,2026-08-11,Investment_Trust,14150298802
355022942702,2026-08-11,Foreign_Investor,332694259407
406502708534,2026-08-11,total,378489817904
381362368951,2026-08-12,total,359364615523
319565035470,2026-08-12,Foreign_Investor,308544223476
21174869805,2026-08-12,Investment_Trust,18898597106
9126172660,2026-08-12,Dealer_self,8005086194
0,2026-08-12,Foreign_Dealer_Self,0
31496291016,2026-08-12,Dealer_Hedging,23916708747
519522901014,2026-08-13,total,430269371319
435459348263,2026-08-13,Foreign_Investor,359764831688
28305817016,2026-08-13,Investment_Trust,29807555301
0,2026-08-13,Foreign_Dealer_Self,0
14066013115,2026-08-13,Dealer_self,10808037054
41691722620,2026-08-13,Dealer_Hedging,29888947276
11160429833,2026-08-14,Dealer_self,13896418209
0,2026-08-14,Foreign_Dealer_Self,0
37990253170,2026-08-14,Dealer_Hedging,36915452903
29633900919,2026-08-14,Investment_Trust,21661301037
432487254209,2026-08-14,Foreign_Investor,387135923788
511271838131,2026-08-14,total,459609095937
11405300339,2026-08-17,Dealer_self,7865150499
0,2026-08-17,Foreign_Dealer_Self,0
35764664555,2026-08-17,Dealer_Hedging,37899511479
26085051545,2026-08-17,Investment_Trust,43861902730
369663152041,2026-08-17,Foreign_Investor,324215867015
442918168480,2026-08-17,total,413842431723
455678069563,2026-08-18,total,481443885877
25794569952,2026-08-18,Dealer_Hedging,41228618276
380715904831,2026-08-18,Foreign_Investor,392701716251
41073706700,2026-08-18,Investment_Trust,37246569093
0,2026-08-18,Foreign_Dealer_Self,0
8093888080,2026-08-18,Dealer_self,10266982257
349684933557,2026-08-19,Foreign_Investor,391324377517
20276229916,2026-08-19,Investment_Trust,36877173315
407889494762,2026-08-19,total,483248174623
0,2026-08-19,Foreign_Dealer_Self,0
10944626536,2026-08-19,Dealer_self,14906819592
26983704753,2026-08-19,Dealer_Hedging,40139804199
6662488218,2026-08-20,Dealer_self,8854335152
0,2026-08-20,Foreign_Dealer_Self,0
24879955512,2026-08-20,Dealer_Hedging,28796318875
24604807173,2026-08-20,Investment_Trust,26652482750
344698505243,2026-08-20,Foreign_Investor,337380870875
400845756146,2026-08-20,total,401684007652
362211646569,2026-08-21,total,328882194822
318264155721,2026-08-21,Foreign_Investor,289958734736
11657592981,2026-08-21,Investment_Trust,9556129870
23024504738,2026-08-21,Dealer_Hedging,23011478501
9265393129,2026-08-21,Dealer_self,6355851715
0,2026-08-21,Foreign_Dealer_Self,0
5917783643,2026-08-24,Dealer_self,5932484586
0,2026-08-24,Foreign_Dealer_Self,0
18059309907,2026-08-24,Dealer_Hedging,22377201146
14658074448,2026-08-24,Investment_Trust,11603257854
239969265026,2026-08-24,Foreign_Investor,255705396353
278604433024,2026-08-24,total,295618339939
0,2026-08-25,Foreign_Dealer_Self,0
24743670208,2026-08-25,Dealer_Hedging,25680630825
14558693519,2026-08-25,Investment_Trust,18542670582
291974314493,2026-08-25,Foreign_Investor,292760897752
338708048677,2026-08-25,total,343418580877
7431370457,2026-08-25,Dealer_self,6434381718
21650028566,2026-08-26,Investment_Trust,18284220039
323807775935,2026-08-26,Foreign_Investor,287194585326
390787529944,2026-08-26,total,332874808909
34516287697,2026-08-26,Dealer_Hedging,21321077286
10813437746,2026-08-26,Dealer_self,6074926258
0,2026-08-26,Foreign_Dealer_Self,0
14056174917,2026-08-27,Dealer_self,8073396529
0,2026-08-27,Foreign_Dealer_Self,0
33909829060,2026-08-27,Dealer_Hedging,24857431278
19796054508,2026-08-27,Investment_Trust,21246453215
363966697740,2026-08-27,Foreign_Investor,314872491123
431728756225,2026-08-27,total,369049772145
11440535430,2026-08-28,Dealer_self,11305726131
0,2026-08-28,Foreign_Dealer_Self,0
29562163217,2026-08-28,Dealer_Hedging,25426272351
18581609705,2026-08-28,Investment_Trust,18778155605
400318672148,2026-08-28,Foreign_Investor,358564570961
459902980500,2026-08-28,total,414074725048
718264132790,2026-08-31,total,744109866380
21442471301,2026-08-31,Investment_Trust,25442903419
656605456872,2026-08-31,Foreign_Investor,670997800734
0,2026-08-31,Foreign_Dealer_Self,0
28804260530,2026-08-31,Dealer_Hedging,35078250496
11411944087,2026-08-31,Dealer_self,12590911731
15831950715,2026-09-01,Dealer_self,12674831696
0,2026-09-01,Foreign_Dealer_Self,0
46908768271,2026-09-01,Dealer_Hedging,33736348499
41397030265,2026-09-01,Investment_Trust,27796773289
460060893584,2026-09-01,Foreign_Investor,433353294701
564198642835,2026-09-01,total,507561248185
10322981207,2026-09-02,Dealer_self,10166570124
0,2026-09-02,Foreign_Dealer_Self,0
28283946144,2026-09-02,Dealer_Hedging,48801976595
20591476080,2026-09-02,Investment_Trust,24119183503
318647021795,2026-09-02,Foreign_Investor,410001557888
377845425226,2026-09-02,total,493089288110
390513647856,2026-09-03,total,454673523227
20311385285,2026-09-03,Investment_Trust,19617823462
332218545975,2026-09-03,Foreign_Investor,380364476738
27667166196,2026-09-03,Dealer_Hedging,38695872856
10316550400,2026-09-03,Dealer_self,15995350171
0,2026-09-03,Foreign_Dealer_Self,0
10206863465,2026-09-04,Dealer_self,8700559652
0,2026-09-04,Foreign_Dealer_Self,0
28556071254,2026-09-04,Dealer_Hedging,23692313823
14968188503,2026-09-04,Investment_Trust,15879054966
362796136864,2026-09-04,Foreign_Investor,306583183061
416527260086,2026-09-04,total,354855111502
15663342153,2026-09-07,Dealer_self,9691784786
0,2026-09-07,Foreign_Dealer_Self,0
41355212106,2026-09-07,Dealer_Hedging,31639698089
25265407299,2026-09-07,Investment_Trust,16541354830
378405761938,2026-09-07,Foreign_Investor,290098023293
460689723496,2026-09-07,total,347970860998
405939541792,2026-09-08,total,418454190268
21800416781,2026-09-08,Investment_Trust,29043529455
351230912208,2026-09-08,Foreign_Investor,337962349529
0,2026-09-08,Foreign_Dealer_Self,0
9685831579,2026-09-08,Dealer_self,12571102648
23222381224,2026-09-08,Dealer_Hedging,38877208636
338202338892,2026-09-09,Foreign_Investor,317277955584
17176137747,2026-09-09,Investment_Trust,15091625146
387088809319,2026-09-09,total,365963767550
0,2026-09-09,Foreign_Dealer_Self,0
8571710420,2026-09-09,Dealer_self,9789724808
23138622260,2026-09-09,Dealer_Hedging,23804462012
7226895582,2026-09-10,Dealer_self,10787585248
0,2026-09-10,Foreign_Dealer_Self,0
20678439089,2026-09-10,Dealer_Hedging,30881405159
16668270225,2026-09-10,Investment_Trust,13317376468
271871263094,2026-09-10,Foreign_Investor,310205423471
316444867990,2026-09-10,total,365191790346
294671579248,2026-09-11,total,405930099318
18281400621,2026-09-11,Investment_Trust,10067674879
247009091715,2026-09-11,Foreign_Investor,336279536641
0,2026-09-11,Foreign_Dealer_Self,0
6414547471,2026-09-11,Dealer_self,11453921502
22966539441,2026-09-11,Dealer_Hedging,48128966296
5878730505,2026-09-14,Dealer_self,9857183925
0,2026-09-14,Foreign_Dealer_Self,0
21261160728,2026-09-14,Dealer_Hedging,32375418926
16619233322,2026-09-14,Investment_Trust,12923730780
236359477681,2026-09-14,Foreign_Investor,273323049537
280118602236,2026-09-14,total,328479383168
263145964013,2026-09-15,total,342042179586
224721523272,2026-09-15,Foreign_Investor,287420421638
12645490133,2026-09-15,Investment_Trust,14636641481
0,2026-09-15,Foreign_Dealer_Self,0
6936031612,2026-09-15,Dealer_self,5635234788
18842918996,2026-09-15,Dealer_Hedging,34349881679
263855187150,2026-09-16,Foreign_Investor,281835666470
7994739619,2026-09-16,Dealer_self,11619915312
0,2026-09-16,Foreign_Dealer_Self,0
24526511771,2026-09-16,Dealer_Hedging,33875274961
26951043005,2026-09-16,Investment_Trust,16305407239
323327481545,2026-09-16,total,343636263982
