030001
030002
030003
030004
030005
030006
030007
030008
030009
030010
030011
030012
030013
030014
030015
030016
030017
030018
030019
030020
030021
030022
030023
030024
030025
030026
030027
030028
030029
030030
030031
030032
030033
030034
030035
030036
030037
030038
030039
030040
030041
030042
030043
030044
030045
030046
030047
030048
030049
030050
030051
030052
030053
030054
030055
030056
030057
030058
030059
030060
030061
030062
030063
030064
030065
030066
030067
030068
030069
030070
030071
030072
030073
030074
030075
030076
030077
030078
030079
030080
030081
030082
030083
030084
030085
030086
030087
030088
030089
030090
030091
030092
030093
030094
030095
030096
030097
030098
030099
030100
030101
030102
030103
030104
030105
030106
030107
030108
030109
030110
030111
030112
030113
030114
030115
030116
030117
030118
030119
030120
030121
030122
030123
030124
030125
030126
030127
030128
030129
030130
030131
030132
030133
030134
030135
030136
030137
030138
030139
030140
030141
030142
030143
030144
030145
030146
030147
030148
030149
030150
030151
030152
030153
030154
030155
030156
030157
030158
030159
030160
030161
030162
030163
030164
030165
030166
030167
030168
030169
030170
030171
030172
030173
030174
030175
030176
030177
030178
030179
030180
030181
030182
030183
030184
030185
030186
030187
030188
030189
030190
030191
030192
030193
030194
030195
030196
030197
030198
030199
030200
030201
030202
030203
030204
030205
030206
030207
030208
030209
030210
030211
030212
030213
030214
030215
030216
030217
030218
030219
030220
030221
030222
030223
030224
030225
030226
030227
030228
030229
030230
030231
030232
030233
030234
030235
030236
030237
030238
030239
030240
030241
030242
030243
030244
030245
030246
030247
030248
030249
030250
030251
030252
030253
030254
030255
030256
030257
030258
030259
030260
030261
030262
030263
030264
030265
030266
030267
030268
030269
030270
030271
030272
030273
030274
030275
030276
030277
030278
030279
030280
030281
030282
030283
030284
030285
030286
030287
030288
030289
030290
030291
030292
030293
030294
030295
030296
030297
030298
030299
030300
030301
030302
030303
030304
030305
030306
030307
030308
030309
030310
030311
030312
030313
030314
030315
030316
030317
030318
030319
030320
030321
030322
030323
030324
030325
030326
030327
030328
030329
030330
030331
030332
030333
030334
030335
030336
030337
030338
030339
030340
030341
030342
030343
030344
030345
030346
030347
030348
030349
030350
030351
030352
030353
030354
030355
030356
030357
030358
030359
030360
030361
030362
030363
030364
030365
030366
030367
030368
030369
030370
030371
030372
030373
030374
030375
030376
030377
030378
030379
030380
030381
030382
030383
030384
030385
030386
030387
030388
030389
030390
030391
030392
030393
030394
030395
030396
030397
030398
030399
030400
030401
030402
030403
030404
030405
030406
030407
030408
030409
030410
030411
030412
030413
030414
030415
030416
030417
030418
030419
030420
030421
030422
030423
030424
030425
030426
030427
030428
030429
030430
030431
030432
030433
030434
030435
030436
030437
030438
030439
030440
030441
030442
030443
030444
030445
030446
030447
030448
030449
030450
030451
030452
030453
030454
030455
030456
030457
030458
030459
030460
030461
030462
030463
030464
030465
030466
030467
030468
030469
030470
030471
030472
030473
030474
030475
030476
030477
030478
030479
030480
030481
030482
030483
030484
030485
030486
030487
030488
030489
030490
030491
030492
030493
030494
030495
030496
030497
030498
030499
030500
030501
030502
030503
030504
030505
030506
030507
030508
030509
030510
030511
030512
030513
030514
030515
030516
030517
030518
030519
030520
030521
030522
030523
030524
030525
030526
030527
030528
030529
030530
030531
030532
030533
030534
030535
030536
030537
030538
030539
030540
030541
030542
030543
030544
030545
030546
030547
030548
030549
030550
030551
030552
030553
030554
030555
030556
030557
030558
030559
030560
030561
030562
030563
030564
030565
030566
030567
030568
030569
030570
030571
030572
030573
030574
030575
030576
030577
030578
030579
030580
030581
030582
030583
030584
030585
030586
030587
030588
030589
030590
030591
030592
030593
030594
030595
030596
030597
030598
030599
030600
030601
030602
030603
030604
030605
030606
030607
030608
030609
030610
030611
030612
030613
030614
030615
030616
030617
030618
030619
030620
030621
030622
030623
030624
030625
030626
030627
030628
030629
030630
030631
030632
030633
030634
030635
030636
030637
030638
030639
030640
030641
030642
030643
030644
030645
030646
030647
030648
030649
030650
030651
030652
030653
030654
030655
030656
030657
030658
030659
030660
030661
030662
030663
030664
030665
030666
030667
030668
030669
030670
030671
030672
030673
030674
030675
030676
030677
030678
030679
030680
030681
030682
030683
030684
030685
030686
030687
030688
030689
030690
030691
030692
030693
030694
030695
030696
030697
030698
030699
030700
030701
030702
030703
030704
030705
030706
030707
030708
030709
030710
030711
030712
030713
030714
030715
030716
030717
030718
030719
030720
030721
030722
030723
030724
030725
030726
030727
030728
030729
030730
030731
030732
030733
030734
030735
030736
030737
030738
030739
030740
030741
030742
030743
030744
030745
030746
030747
030748
030749
030750
030751
030752
030753
030754
030755
030756
030757
030758
030759
030760
030761
030762
030763
030764
030765
030766
030767
030768
030769
030770
030771
030772
030773
030774
030775
030776
030777
030778
030779
030780
030781
030782
030783
030784
030785
030786
030787
030788
030789
030790
030791
030792
030793
030794
030795
030796
030797
030798
030799
030800
030801
030802
030803
030804
030805
030806
030807
030808
030809
030810
030811
030812
030813
030814
030815
030816
030817
030818
030819
030820
030821
030822
030823
030824
030825
030826
030827
030828
030829
030830
030831
030832
030833
030834
030835
030836
030837
030838
030839
030840
030841
030842
030843
030844
030845
030846
030847
030848
030849
030850
030851
030852
030853
030854
030855
030856
030857
030858
030859
030860
030861
030862
030863
030864
030865
030866
030867
030868
030869
030870
030871
030872
030873
030874
030875
030876
030877
030878
030879
030880
030881
030882
030883
030884
030885
030886
030887
030888
030889
030890
030891
030892
030893
030894
030895
030896
030897
030898
030899
030900
030901
030902
030903
030904
030905
030906
030907
030908
030909
030910
030911
030912
030913
030914
030915
030916
030917
030918
030919
030920
030921
030922
030923
030924
030925
030926
030927
030928
030929
030930
030931
030932
030933
030934
030935
030936
030937
030938
030939
030940
030941
030942
030943
030944
030945
030946
030947
030948
030949
030950
030951
030952
030953
030954
030955
030956
030957
030958
030959
030960
030961
030962
030963
030964
030965
030966
030967
030968
030969
030970
030971
030972
030973
030974
030975
030976
030977
030978
030979
030980
030981
030982
030983
030984
030985
030986
030987
030988
030989
030990
030991
030992
030993
030994
030995
030996
030997
030998
030999
031000
031001
031002
031003
031004
031005
031006
031007
031008
031009
031010
031011
031012
031013
031014
031015
031016
031017
031018
031019
031020
031021
031022
031023
031024
031025
031026
031027
031028
031029
031030
031031
031032
031033
031034
031035
031036
031037
031038
031039
031040
031041
031042
031043
031044
031045
031046
031047
031048
031049
031050
031051
031052
031053
031054
031055
031056
031057
031058
031059
031060
031061
031062
031063
031064
031065
031066
031067
031068
031069
031070
031071
031072
031073
031074
031075
031076
031077
031078
031079
031080
031081
031082
031083
031084
031085
031086
031087
031088
031089
031090
031091
031092
031093
031094
031095
031096
031097
031098
031099
031100
031101
031102
031103
031104
031105
031106
031107
031108
031109
031110
031111
031112
031113
031114
031115
031116
031117
031118
031119
031120
031121
031122
031123
031124
031125
031126
031127
031128
031129
031130
031131
031132
031133
031134
031135
031136
031137
031138
031139
031140
031141
031142
031143
031144
031145
031146
031147
031148
031149
031150
031151
031152
031153
031154
031155
031156
031157
031158
031159
031160
031161
031162
031163
031164
031165
031166
031167
031168
031169
031170
031171
031172
031173
031174
031175
031176
031177
031178
031179
031180
031181
031182
031183
031184
031185
031186
031187
031188
031189
031190
031191
031192
031193
031194
031195
031196
031197
031198
031199
031200
031201
031202
031203
031204
031205
031206
031207
031208
031209
031210
031211
031212
031213
031214
031215
031216
031217
031218
031219
031220
031221
031222
031223
031224
031225
031226
031227
031228
031229
031230
031231
031232
031233
031234
031235
031236
031237
031238
031239
031240
031241
031242
031243
031244
031245
031246
031247
031248
031249
031250
031251
031252
031253
031254
031255
031256
031257
031258
031259
031260
031261
031262
031263
031264
031265
031266
031267
031268
031269
031270
031271
031272
031273
031274
031275
031276
031277
031278
031279
031280
031281
031282
031283
031284
031285
031286
031287
031288
031289
031290
031291
031292
031293
031294
031295
031296
031297
031298
031299
031300
031301
031302
031303
031304
031305
031306
031307
031308
031309
031310
031311
031312
031313
031314
031315
031316
031317
031318
031319
031320
031321
031322
031323
031324
031325
031326
031327
031328
031329
031330
031331
031332
031333
031334
031335
031336
031337
031338
031339
031340
031341
031342
031343
031344
031345
031346
031347
031348
031349
031350
031351
031352
031353
031354
031355
031356
031357
031358
031359
031360
031361
031362
031363
031364
031365
031366
031367
031368
031369
031370
031371
031372
031373
031374
031375
031376
031377
031378
031379
031380
031381
031382
031383
031384
031385
031386
031387
031388
031389
031390
031391
031392
031393
031394
031395
031396
031397
031398
031399
031400
031401
031402
031403
031404
031405
031406
031407
031408
031409
031410
031411
031412
031413
031414
031415
031416
031417
031418
031419
031420
031421
031422
031423
031424
031425
031426
031427
031428
031429
031430
031431
031432
031433
031434
031435
031436
031437
031438
031439
031440
031441
031442
031443
031444
031445
031446
031447
031448
031449
031450
031451
031452
031453
031454
031455
031456
031457
031458
031459
031460
031461
031462
031463
031464
031465
031466
031467
031468
031469
031470
031471
031472
031473
031474
031475
031476
031477
031478
031479
031480
031481
031482
031483
031484
031485
031486
031487
031488
031489
031490
031491
031492
031493
031494
031495
031496
031497
031498
031499
031500
031501
031502
031503
031504
031505
031506
031507
031508
031509
031510
031511
031512
031513
031514
031515
031516
031517
031518
031519
031520
031521
031522
031523
031524
031525
031526
031527
031528
031529
031530
031531
031532
031533
031534
031535
031536
031537
031538
031539
031540
031541
031542
031543
031544
031545
031546
031547
031548
031549
031550
031551
031552
031553
031554
031555
031556
031557
031558
031559
031560
031561
031562
031563
031564
031565
031566
031567
031568
031569
031570
031571
031572
031573
031574
031575
031576
031577
031578
031579
031580
031581
031582
031583
031584
031585
031586
031587
031588
031589
031590
031591
031592
031593
031594
031595
031596
031597
031598
031599
031600
031601
031602
031603
031604
031605
031606
031607
031608
031609
031610
031611
031612
031613
031614
031615
031616
031617
031618
031619
031620
031621
031622
031623
031624
031625
031626
031627
031628
031629
031630
031631
031632
031633
031634
031635
031636
031637
031638
031639
031640
031641
031642
031643
031644
031645
031646
031647
031648
031649
031650
031651
031652
031653
031654
031655
031656
031657
031658
031659
031660
031661
031662
031663
031664
031665
031666
031667
031668
031669
031670
031671
031672
031673
031674
031675
031676
031677
031678
031679
031680
031681
031682
031683
031684
031685
031686
031687
031688
031689
031690
031691
031692
031693
031694
031695
031696
031697
031698
031699
031700
031701
031702
031703
031704
031705
031706
031707
031708
031709
031710
031711
031712
031713
031714
031715
031716
031717
031718
031719
031720
031721
031722
031723
031724
031725
031726
031727
031728
031729
031730
031731
031732
031733
031734
031735
031736
031737
031738
031739
031740
031741
031742
031743
031744
031745
031746
031747
031748
031749
031750
031751
031752
031753
031754
031755
031756
031757
031758
031759
031760
031761
031762
031763
031764
031765
031766
031767
031768
031769
031770
031771
031772
031773
031774
031775
031776
031777
031778
031779
031780
031781
031782
031783
031784
031785
031786
031787
031788
031789
031790
031791
031792
031793
031794
031795
031796
031797
031798
031799
031800
031801
031802
031803
031804
031805
031806
031807
031808
031809
031810
031811
031812
031813
031814
031815
031816
031817
031818
031819
031820
031821
031822
031823
031824
031825
031826
031827
031828
031829
031830
031831
031832
031833
031834
031835
031836
031837
031838
031839
031840
031841
031842
031843
031844
031845
031846
031847
031848
031849
031850
031851
031852
031853
031854
031855
031856
031857
031858
031859
031860
031861
031862
031863
031864
031865
031866
031867
031868
031869
031870
031871
031872
031873
031874
031875
031876
031877
031878
031879
031880
031881
031882
031883
031884
031885
031886
031887
031888
031889
031890
031891
031892
031893
031894
031895
031896
031897
031898
031899
031900
031901
031902
031903
031904
031905
031906
031907
031908
031909
031910
031911
031912
031913
031914
031915
031916
031917
031918
031919
031920
031921
031922
031923
031924
031925
031926
031927
031928
031929
031930
031931
031932
031933
031934
031935
031936
031937
031938
031939
031940
031941
031942
031943
031944
031945
031946
031947
031948
031949
031950
031951
031952
031953
031954
031955
031956
031957
031958
031959
031960
031961
031962
031963
031964
031965
031966
031967
031968
031969
031970
031971
031972
031973
031974
031975
031976
031977
031978
031979
031980
031981
031982
031983
031984
031985
031986
031987
031988
031989
031990
031991
031992
031993
031994
031995
031996
031997
031998
031999
032000
032001
032002
032003
032004
032005
032006
032007
032008
032009
032010
032011
032012
032013
032014
032015
032016
032017
032018
032019
032020
032021
032022
032023
032024
032025
032026
032027
032028
032029
032030
032031
032032
032033
032034
032035
032036
032037
032038
032039
032040
032041
032042
032043
032044
032045
032046
032047
032048
032049
032050
032051
032052
032053
032054
032055
032056
032057
032058
032059
032060
032061
032062
032063
032064
032065
032066
032067
032068
032069
032070
032071
032072
032073
032074
032075
032076
032077
032078
032079
032080
032081
032082
032083
032084
032085
032086
032087
032088
032089
032090
032091
032092
032093
032094
032095
032096
032097
032098
032099
032100
032101
032102
032103
032104
032105
032106
032107
032108
032109
032110
032111
032112
032113
032114
032115
032116
032117
032118
032119
032120
032121
032122
032123
032124
032125
032126
032127
032128
032129
032130
032131
032132
032133
032134
032135
032136
032137
032138
032139
032140
032141
032142
032143
032144
032145
032146
032147
032148
032149
032150
032151
032152
032153
032154
032155
032156
032157
032158
032159
032160
032161
032162
032163
032164
032165
032166
032167
032168
032169
032170
032171
032172
032173
032174
032175
032176
032177
032178
032179
032180
032181
032182
032183
032184
032185
032186
032187
032188
032189
032190
032191
032192
032193
032194
032195
032196
032197
032198
032199
032200
032201
032202
032203
032204
032205
032206
032207
032208
032209
032210
032211
032212
032213
032214
032215
032216
032217
032218
032219
032220
032221
032222
032223
032224
032225
032226
032227
032228
032229
032230
032231
032232
032233
032234
032235
032236
032237
032238
032239
032240
032241
032242
032243
032244
032245
032246
032247
032248
032249
032250
032251
032252
032253
032254
032255
032256
032257
032258
032259
032260
032261
032262
032263
032264
032265
032266
032267
032268
032269
032270
032271
032272
032273
032274
032275
032276
032277
032278
032279
032280
032281
032282
032283
032284
032285
032286
032287
032288
032289
032290
032291
032292
032293
032294
032295
032296
032297
032298
032299
032300
032301
032302
032303
032304
032305
032306
032307
032308
032309
032310
032311
032312
032313
032314
032315
032316
032317
032318
032319
032320
032321
032322
032323
032324
032325
032326
032327
032328
032329
032330
032331
032332
032333
032334
032335
032336
032337
032338
032339
032340
032341
032342
032343
032344
032345
032346
032347
032348
032349
032350
032351
032352
032353
032354
032355
032356
032357
032358
032359
032360
032361
032362
032363
032364
032365
032366
032367
032368
032369
032370
032371
032372
032373
032374
032375
032376
032377
032378
032379
032380
032381
032382
032383
032384
032385
032386
032387
032388
032389
032390
032391
032392
032393
032394
032395
032396
032397
032398
032399
032400
032401
032402
032403
032404
032405
032406
032407
032408
032409
032410
032411
032412
032413
032414
032415
032416
032417
032418
032419
032420
032421
032422
032423
032424
032425
032426
032427
032428
032429
032430
032431
032432
032433
032434
032435
032436
032437
032438
032439
032440
032441
032442
032443
032444
032445
032446
032447
032448
032449
032450
032451
032452
032453
032454
032455
032456
032457
032458
032459
032460
032461
032462
032463
032464
032465
032466
032467
032468
032469
032470
032471
032472
032473
032474
032475
032476
032477
032478
032479
032480
032481
032482
032483
032484
032485
032486
032487
032488
032489
032490
032491
032492
032493
032494
032495
032496
032497
032498
032499
032500
032501
032502
032503
032504
032505
032506
032507
032508
032509
032510
032511
032512
032513
032514
032515
032516
032517
032518
032519
032520
032521
032522
032523
032524
032525
032526
032527
032528
032529
032530
032531
032532
032533
032534
032535
032536
032537
032538
032539
032540
032541
032542
032543
032544
032545
032546
032547
032548
032549
032550
032551
032552
032553
032554
032555
032556
032557
032558
032559
032560
032561
032562
032563
032564
032565
032566
032567
032568
032569
032570
032571
032572
032573
032574
032575
032576
032577
032578
032579
032580
032581
032582
032583
032584
032585
032586
032587
032588
032589
032590
032591
032592
032593
032594
032595
032596
032597
032598
032599
032600
032601
032602
032603
032604
032605
032606
032607
032608
032609
032610
032611
032612
032613
032614
032615
032616
032617
032618
032619
032620
032621
032622
032623
032624
032625
032626
032627
032628
032629
032630
032631
032632
032633
032634
032635
032636
032637
032638
032639
032640
032641
032642
032643
032644
032645
032646
032647
032648
032649
032650
032651
032652
032653
032654
032655
032656
032657
032658
032659
032660
032661
032662
032663
032664
032665
032666
032667
032668
032669
032670
032671
032672
032673
032674
032675
032676
032677
032678
032679
032680
032681
032682
032683
032684
032685
032686
032687
032688
032689
032690
032691
032692
032693
032694
032695
032696
032697
032698
032699
032700
032701
032702
032703
032704
032705
032706
032707
032708
032709
032710
032711
032712
032713
032714
032715
032716
032717
032718
032719
032720
032721
032722
032723
032724
032725
032726
032727
032728
032729
032730
032731
032732
032733
032734
032735
032736
032737
032738
032739
032740
032741
032742
032743
032744
032745
032746
032747
032748
032749
032750
032751
032752
032753
032754
032755
032756
032757
032758
032759
032760
032761
032762
032763
032764
032765
032766
032767
032768
032769
032770
032771
032772
032773
032774
032775
032776
032777
032778
032779
032780
032781
032782
032783
032784
032785
032786
032787
032788
032789
032790
032791
032792
032793
032794
032795
032796
032797
032798
032799
032800
032801
032802
032803
032804
032805
032806
032807
032808
032809
032810
032811
032812
032813
032814
032815
032816
032817
032818
032819
032820
032821
032822
032823
032824
032825
032826
032827
032828
032829
032830
032831
032832
032833
032834
032835
032836
032837
032838
032839
032840
032841
032842
032843
032844
032845
032846
032847
032848
032849
032850
032851
032852
032853
032854
032855
032856
032857
032858
032859
032860
032861
032862
032863
032864
032865
032866
032867
032868
032869
032870
032871
032872
032873
032874
032875
032876
032877
032878
032879
032880
032881
032882
032883
032884
032885
032886
032887
032888
032889
032890
032891
032892
032893
032894
032895
032896
032897
032898
032899
032900
032901
032902
032903
032904
032905
032906
032907
032908
032909
032910
032911
032912
032913
032914
032915
032916
032917
032918
032919
032920
032921
032922
032923
032924
032925
032926
032927
032928
032929
032930
032931
032932
032933
032934
032935
032936
032937
032938
032939
032940
032941
032942
032943
032944
032945
032946
032947
032948
032949
032950
032951
032952
032953
032954
032955
032956
032957
032958
032959
032960
032961
032962
032963
032964
032965
032966
032967
032968
032969
032970
032971
032972
078112
078206
078510
078972
079109
079583
080077
080078
080108
080126
080127
080152
080195
080245
080275
080325
080528
080601
080620
080623
080635
080687
080688
080689
080775
080921
080922
081077
081227
081228
081257
081258
081282
081290
081291
081315
081339
081340
081343
081344
081348
081377
081395
081402
081430
081441
081588
081589
081631
081642
081671
081777
081778
081779
081780
081839
081858
081880
081892
081916
081918
081959
081960
081972
081985
081992
082036
082037
082038
082039
082040
082041
082055
082115
082120
082133
082176
082177
082178
082179
082180
082197
082198
082303
082384
082391
082396
082406
082408
082449
082456
082541
082542
082543
082554
082555
082556
082557
082558
082559
082560
082561
082562
082563
082581
082594
082622
082636
082637
082638
082639
082640
082647
082649
082650
082651
082668
082695
082749
082750
082805
082819
082821
082828
082830
082877
082878
082879
082893
082899
082921
082922
082947
082954
082965
082991
083038
083039
083040
083041
083043
083063
083064
083070
083075
083076
083099
083164
083167
083168
083169
083170
083210
083211
083212
083215
083221
083227
083253
083254
083272
083318
083325
083326
083342
083347
083355
083406
083408
083455
083461
083480
083488
083551
083564
083570
083571
083572
083582
083583
083596
083618
083619
083623
083638
083639
083653
083673
083677
083692
083693
083694
083706
083710
083711
083727
083735
083740
083771
083792
083793
083794
083795
083796
083797
083798
083799
083815
083817
083818
083847
083848
083861
083862
083890
083900
083901
083902
083905
083906
083909
083938
083939
083945
083949
083995
084013
084044
084045
084053
084054
084068
084081
084090
084096
084100
084101
084106
084108
084110
084115
084116
084117
084133
084145
084150
084152
084162
084163
084176
084177
084179
084181
084185
084194
084213
084224
084230
084232
084233
084237
084264
084266
084271
084272
084277
084280
084307
084308
084309
084311
084312
084313
084314
084320
084323
084325
084328
084398
084400
084407
084408
084414
084426
084441
084444
084457
084458
084459
084473
084485
084487
084488
084489
084490
084501
084502
084503
084506
084509
084510
084523
084527
084528
084532
084544
084558
084565
084571
084574
084575
084579
084580
084582
084590
084591
084593
084595
084597
084602
084603
084604
084605
084606
084607
084608
084609
084610
084629
084633
084644
084657
084658
084662
084663
084664
084665
084666
084667
084668
084669
084670
084671
084672
084676
084677
084685
084687
084694
084695
084696
084697
084698
084699
084700
084701
084702
084715
084716
084718
084721
084722
084733
084735
084736
084763
084764
084766
084776
084777
084778
084785
084792
084794
084795
084804
084806
084807
084811
084812
084816
084818
084819
084831
084842
084843
084848
084855
084856
084861
084862
084867
084877
084879
084899
084901
084902
084906
084921
084927
084930
084931
084941
084944
084961
084969
084974
084984
084987
084999
085012
085019
085026
085030
085036
085058
085076
085079
085080
085081
085083
085093
085094
085096
085099
085100
085101
085111
085112
085114
085118
085119
085126
085128
085129
085163
085164
085165
085166
085167
085174
085185
085190
085195
085206
085216
085220
085221
085228
085231
085235
085236
085237
085240
085250
085254
085255
085260
085279
085287
085288
085289
085290
085298
085302
085303
085304
085305
085306
085311
085312
085313
085314
085315
085316
085317
085318
085319
085320
085321
085322
085323
085324
085325
085326
085327
085328
085329
085330
085331
085332
085333
085334
085335
085336
085337
085338
085339
085340
085341
085342
085343
085344
085345
085346
085347
085348
085349
085350
085351
085352
085353
085354
085355
085356
085357
085358
085359
085360
085361
085362
085363
085364
085365
085366
085367
085368
085369
085370
085371
085372
085373
085374
085375
085376
085377
085378
085379
085380
085381
085382
085383
085384
085385
085386
085387
085388
085389
085390
085391
085392
085393
085394
085395
085396
085397
085398
085399
085400
085401
085402
085403
085404
085405
085406
085407
085408
085409
085410
085411
085412
085413
085414
085415
085416
085417
085418
085419
085420
085421
085422
085423
085424
085425
085426
085427
085428
085429
085430
085431
085432
085433
085434
085435
085436
085437
085438
085439
085440
085441
085442
085443
085444
085445
085446
085447
085448
085449
085450
085451
085452
085453
085454
085455
085456
085457
085458
085459
085460
085461
085462
085463
085464
085465
085466
085467
085468
085469
085470
085471
085472
085473
085474
085475
085476
085477
085478
085479
085480
085481
085482
085483
085484
085485
085486
085487
085488
085489
085490
085491
085492
085493
085494
085495
085496
085497
085498
085499
085500
085501
085502
085503
085504
085505
085506
085507
085508
085509
085510
085511
085512
085513
085514
085515
085516
085517
085518
085519
085520
085521
085522
085523
085524
085525
085526
085527
085528
085529
085530
085531
085532
085533
085534
085535
085536
085537
085538
085539
085540
085541
085542
085543
085544
085545
085546
085547
085548
085549
085550
085551
085552
085553
085554
085555
085556
085557
085558
085559
085560
085561
085562
085563
085564
085565
085566
085567
085568
085569
085570
085571
085572
085573
085574
085575
085576
085577
085578
085579
085580
085581
085582
085583
085584
085585
085586
085587
085588
085589
085590
085591
085592
085593
085594
085595
085596
085597
085598
085599
085600
085601
085602
085603
085604
085605
085606
085607
085608
085609
085610
085611
085612
085613
085614
085615
085616
085617
085618
085619
085620
085621
085622
085623
085624
085625
085626
085627
085628
085629
085630
085631
085632
085633
085634
085635
085636
085637
085638
085639
085640
085641
085642
085643
085644
085645
085646
085647
085648
085649
085650
085651
085652
085653
085654
085655
085656
085657
085658
085659
085660
085661
085662
085663
085664
085665
085666
085667
085668
085669
085670
085671
085672
085673
085674
085675
085676
085677
085678
085679
085680
085681
085682
085683
085684
085685
085686
085687
085688
085689
085690
085691
085692
085693
085694
085695
085696
085697
085698
085699
085700
085701
085702
085703
085704
085705
085706
085707
085708
085709
085710
085711
085712
085713
085714
085715
085716
085717
085718
085719
085720
085721
085722
085723
085724
085725
085726
085727
085728
085729
085730
085731
085732
085733
085734
085735
085736
085737
085738
085739
085740
085741
085742
085743
085744
085745
085746
085747
085748
085749
085750
085751
085752
085753
085754
085755
085756
085757
085758
085759
085760
085761
085762
085763
085764
085765
085766
085767
085768
085769
085770
085771
085772
085773
085774
085775
085776
085777
085778
085779
085780
085781
085782
085783
085784
085785
085786
085787
085788
085789
085790
085791
085792
085793
085794
085795
085796
085797
085798
085799
085800
085801
085802
085803
085804
085805
085806
085807
085808
085809
085810
085811
085812
085813
085814
085815
085816
085817
085818
085819
085820
085821
085822
085823
085824
085825
085826
085827
085828
085829
085830
085831
085832
085833
085834
085835
085836
085837
085838
085839
085840
085841
085842
085843
085844
085845
085846
085847
085848
085849
085850
085851
085852
085853
085854
085855
085856
085857
085858
085859
085860
085861
085862
085863
085864
085865
085866
085867
085868
085869
085870
085871
085872
085873
085874
085875
085876
085877
085878
085879
085880
085881
085882
085883
085884
085885
085886
085887
085888
085889
085890
085891
085892
085893
085894
085895
085896
085897
085898
085899
085900
085901
085902
085903
085904
085905
085906
085907
085908
085909
085910
085911
085912
085913
085914
085915
085916
085917
085918
085919
085920
085921
085922
085923
085924
085925
085926
085927
085928
085929
085930
085931
085932
085933
085934
085935
085936
085937
085938
085939
085940
085941
085942
085943
085944
085945
085946
085947
085948
085949
085950
085951
085952
085953
085954
085955
085956
085957
085958
085959
085960
085961
085962
085963
085964
085965
085966
085967
085968
085969
085970
085971
085972
085973
085974
085975
085976
085977
085978
085979
085980
085981
085982
085983
085984
085985
085986
085987
085988
085989
085990
085991
085992
085993
085994
085995
085996
085997
085998
085999
086000
086001
086002
086003
086004
086005
086006
086007
086008
086009
086010
086011
086012
086013
086014
086015
086016
086017
086018
086019
086020
086021
086022
086023
086024
086025
086026
086027
086028
086029
086030
086031
086032
086033
086034
086035
086036
086037
086038
086039
086040
086041
086042
086043
086044
086045
086046
086047
086048
086049
086050
086051
086052
086053
086054
086055
086056
086057
086058
086059
086060
086061
086062
086063
086064
086065
086066
086067
086068
086069
086070
086071
086072
086073
086074
086075
086076
086077
086078
086079
086080
086081
086082
086083
086084
086085
086086
086087
086088
086089
086090
086091
086092
086093
086094
086095
086096
086097
086098
086099
086100
086101
086102
086103
086104
086105
086106
086107
086108
086109
086110
086111
086112
086113
086114
086115
086116
086117
086118
086119
086120
086121
086122
086123
086124
086125
086126
086127
086128
086129
086130
086131
086132
086133
086134
086135
086136
086137
086138
086139
086140
086141
086142
086143
086144
086145
086146
086147
086148
086149
086150
086151
086152
086153
086154
086155
086156
086157
086158
086159
086160
086161
086162
086163
086164
086165
086166
086167
086168
086169
086170
086171
086172
086173
086174
086175
086176
086177
086178
086179
086180
086181
086182
086183
086184
086185
086186
086187
086188
086189
086190
086191
086192
086193
086194
086195
086196
086197
086198
086199
086200
086201
086202
086203
086204
086205
086206
086207
086208
086209
086210
086211
086212
086213
086214
086215
086216
086217
086218
086219
086220
086221
086222
086223
086224
086225
086226
086227
086228
086229
086230
086231
086232
086233
086234
086235
086236
086237
086238
086239
086240
086241
086242
086243
086244
086245
086246
086247
086248
086249
086250
086251
086252
086253
086254
086255
086256
086257
086258
086259
086260
086261
086262
086263
086264
086265
086266
086267
086268
086269
086270
086271
086272
086273
086274
086275
086276
086277
086278
086279
086280
086281
086282
086283
086284
086285
086286
086287
086288
086289
086290
086291
086292
086293
086294
086295
086296
086297
086298
086299
086300
086301
086302
086303
086304
086305
086306
086307
086308
086309
086310
086311
086312
086313
086314
086315
086316
086317
086318
086319
086320
086321
086322
086323
086324
086325
086326
086327
086328
086329
086330
086331
086332
086333
086334
086335
086336
086337
086338
086339
086340
086341
086342
086343
086344
086345
086346
086347
086348
086349
086350
086351
086352
086353
086354
086355
086356
086357
086358
086359
086360
086361
086362
086363
086364
086365
086366
086367
086368
086369
086370
086371
086372
086373
086374
086375
086376
086377
086378
086379
086380
086381
086382
086383
086384
086385
086386
086387
086388
086389
086390
086391
086392
086393
086394
086395
086396
086397
086398
086399
086400
086401
086402
086403
086404
086405
086406
086407
086408
086409
086410
086411
086412
086413
086414
086415
086416
086417
086418
086419
086420
086421
086422
086423
086424
086425
086426
086427
086428
086429
086430
086431
086432
086433
086434
086435
086436
086437
086438
086439
086440
086441
086442
086443
086444
086445
086446
086447
086448
086449
086450
086451
086452
086453
086454
086455
086456
086457
086458
086459
086460
086461
086462
086463
086464
086465
086466
086467
086468
086469
086470
086471
086472
086473
086474
086475
086476
086477
086478
086479
086480
086481
086482
086483
086484
086485
086486
086487
086488
086489
086490
086491
086492
086493
086494
086495
086496
086497
086498
086499
086500
086501
086502
086503
086504
086505
086506
086507
086508
086509
086510
086511
086512
086513
086514
086515
086516
086517
086518
086519
086520
086521
086522
086523
086524
086525
086526
086527
086528
086529
086530
086531
086532
086533
086534
086535
086536
086537
086538
086539
086540
086541
086542
086543
086544
086545
086546
086547
086548
086549
086550
086551
086552
086553
086554
086555
086556
086557
086558
086559
086560
086561
086562
086563
086564
086565
086566
086567
086568
086569
086570
086571
086572
086573
086574
086575
086576
086577
086578
086579
086580
086581
086582
086583
086584
086585
086586
086587
086588
086589
086590
086591
086592
086593
086594
086595
086596
086597
086598
086599
086600
086601
086602
086603
086604
086605
086606
086607
086608
086609
086610
086611
086612
086613
086614
086615
086616
086617
086618
086619
086620
086621
086622
086623
086624
086625
086626
086627
086628
086629
086630
086631
086632
086633
086634
086635
086636
086637
086638
086639
086640
086641
086642
086643
086644
086645
086646
086647
086648
086649
086650
086651
086652
086653
086654
086655
086656
086657
086658
086659
086660
086661
086662
086663
086664
086665
086666
086667
086668
086669
086670
086671
086672
086673
086674
086675
086676
086677
086678
086679
086680
086681
086682
086683
086684
086685
086686
086687
086688
086689
086690
086691
086692
086693
086694
086695
086696
086697
086698
086699
086700
086701
086702
086703
086704
086705
086706
086707
086708
086709
086710
086711
086712
086713
086714
086715
086716
086717
086718
086719
086720
086721
086722
086723
086724
086725
086726
086727
086728
086729
086730
086731
086732
086733
086734
086735
086736
086737
086738
086739
086740
086741
086742
086743
086744
086745
086746
086747
086748
086749
086750
086751
086752
086753
086754
086755
086756
086757
086758
086759
086760
086761
086762
086763
086764
086765
086766
086767
086768
086769
086770
086771
086772
086773
086774
086775
086776
086777
086778
086779
086780
086781
086782
086783
086784
086785
086786
086787
086788
086789
086790
086791
086792
086793
086794
086795
086796
086797
086798
086799
086800
086801
086802
086803
086804
086805
086806
086807
086808
086809
086810
086811
086812
086813
086814
086815
086816
086817
086818
086819
086820
086821
086822
086823
086824
086825
086826
086827
086828
086829
086830
086831
086832
086833
086834
086835
086836
086837
086838
086839
086840
086841
086842
086843
086844
086845
086846
086847
086848
086849
086850
086851
086852
086853
086854
086855
086856
086857
086858
086859
086860
086861
086862
086863
086864
086865
086866
086867
086868
086869
086870
086871
086872
086873
086874
086875
086876
086877
086878
086879
086880
086881
086882
086883
086884
086885
086886
086887
086888
086889
086890
086891
086892
086893
086894
086895
086896
086897
086898
086899
086900
086901
086902
086903
086904
086905
086906
086907
086908
086909
086910
086911
086912
086913
086914
086915
086916
086917
086918
086919
086920
086921
086922
086923
086924
086925
086926
086927
086928
086929
086930
086931
086932
086933
086934
086935
086936
086937
086938
086939
086940
086941
086942
086943
086944
086945
086946
086947
086948
086949
086950
086951
086952
086953
086954
086955
086956
086957
086958
086959
086960
086961
086962
086963
086964
086965
086966
086967
086968
086969
086970
086971
086972
086973
086974
086975
086976
086977
086978
086979
086980
086981
086982
086983
086984
086985
086986
086987
086988
086989
086990
086991
086992
086993
086994
086995
086996
086997
086998
086999
087000
087001
087002
087003
087004
087005
087006
087007
087008
087009
087010
087011
087012
087013
087014
087015
087016
087017
087018
087019
087020
087021
087022
087023
087024
087025
087026
087027
087028
087029
087030
087031
087032
087033
087034
087035
087036
087037
087038
087039
087040
087041
087042
087043
087044
087045
087046
087047
087048
087049
087050
087051
087052
087053
087054
087055
087056
087057
087058
087059
087060
087061
087062
087063
087064
087065
087066
087067
087068
087069
087070
087071
087072
087073
087074
087075
087076
087077
087078
087079
087080
087081
087082
087083
087084
087085
087086
087087
087088
087089
087090
087091
087092
087093
087094
087095
087096
087097
087098
087099
087100
087101
087102
087103
087104
087105
087106
087107
087108
087109
087110
087111
087112
087113
087114
087115
087116
087117
087118
087119
087120
087121
087122
087123
087124
087125
087126
087127
087128
087129
087130
087131
087132
087133
087134
087135
087136
087137
087138
087139
087140
087141
087142
087143
087144
087145
087146
087147
087148
087149
087150
087151
087152
087153
087154
087155
087156
087157
087158
087159
087160
087161
087162
087163
087164
087165
087166
087167
087168
087169
087170
087171
087172
087173
087174
087175
087176
087177
087178
087179
087180
087181
087182
087183
087184
087185
087186
087187
087188
087189
087190
087191
087192
087193
087194
087195
087196
087197
087198
087199
087200
087201
087202
087203
087204
087205
087206
087207
087208
087209
087210
087211
087212
087213
087214
087215
087216
087217
087218
087219
087220
087221
087222
087223
087224
087225
087226
087227
087228
087229
087230
087231
087232
087233
087234
087235
087236
087237
087238
087239
087240
087241
087242
087243
087244
087245
087246
087247
087248
087249
087250
087251
087252
087253
087254
087255
087256
087257
087258
087259
087260
087261
087262
087263
087264
087265
087266
087267
087268
087269
087270
087271
087272
087273
087274
087275
087276
087277
087278
087279
087280
087281
087282
087283
087284
087285
087286
087287
087288
087289
087290
087291
087292
087293
087294
087295
087296
087297
087298
087299
087300
087301
087302
087303
087304
087305
087306
087307
087308
087309
087310
087311
087312
087313
087314
087315
087316
087317
087318
087319
087320
087321
087322
087323
087324
087325
087326
087327
087328
087329
087330
087331
087332
087333
087334
087335
087336
087337
087338
087339
087340
087341
087342
087343
087344
087345
087346
087347
087348
087349
087350
087351
087352
087353
087354
087355
087356
087357
087358
087359
087360
087361
087362
087363
087364
087365
087366
087367
087368
087369
087370
087371
087372
087373
087374
087375
087376
087377
087378
087379
087380
087381
087382
087383
087384
087385
087386
087387
087388
087389
087390
087391
087392
087393
087394
087395
087396
087397
087398
087399
087400
087401
087402
087403
087404
087405
087406
087407
087408
087409
087410
087411
087412
087413
087414
087415
087416
087417
087418
087419
087420
087421
087422
087423
087424
087425
087426
087427
087428
087429
087430
087431
087432
087433
087434
087435
087436
087437
087438
087439
087440
087441
087442
087443
087444
087445
087446
087447
087448
087449
087450
087451
087452
087453
087454
087455
087456
087457
087458
087459
087460
087461
087462
087463
087464
087465
087466
087467
087468
087469
087470
087471
087472
087473
087474
087475
087476
087477
087478
087479
087480
087481
087482
087483
087484
087485
087486
087487
087488
087489
087490
087491
087492
087493
087494
087495
087496
087497
087498
087499
087500
087501
087502
087503
087504
087505
087506
087507
087508
087509
087510
087511
087512
087513
087514
087515
087516
087517
087518
087519
087520
087521
087522
087523
087524
087525
087526
087527
087528
087529
087530
087531
087532
087533
087534
087535
087536
087537
087538
087539
087540
087541
087542
087543
087544
087545
087546
087547
087548
087549
087550
087551
087552
087553
087554
087555
087556
087557
087558
087559
087560
087561
087562
087563
087564
087565
087566
087567
087568
087569
087570
087571
087572
087573
087574
087575
087576
087577
087578
087579
087580
087581
087582
087583
087584
087585
087586
087587
087588
087589
087590
087591
087592
087593
087594
087595
087596
087597
087598
087599
087600
087601
087602
087603
087604
087605
087606
087607
087608
087609
087610
087611
087612
087613
087614
087615
087616
087617
087618
087619
087620
087621
087622
087623
087624
087625
087626
087627
087628
087629
087630
087631
087632
087633
087634
087635
087636
087637
087638
087639
087640
087641
087642
087643
087644
087645
087646
087647
087648
087649
087650
087651
087652
087653
087654
087655
087656
087657
087658
087659
087660
087661
087662
087663
087664
087665
087666
087667
087668
087669
087670
087671
087672
087673
087674
087675
087676
087677
087678
087679
087680
087681
087682
087683
087684
087685
087686
087687
087688
087689
087690
087691
087692
087693
087694
087695
087696
087697
087698
087699
087700
087701
087702
087703
087704
087705
087706
087707
087708
087709
087710
087711
087712
087713
087714
087715
087716
087717
087718
087719
087720
087721
087722
087723
087724
087725
087726
087727
087728
087729
087730
087731
087732
087733
087734
087735
087736
087737
087738
087739
087740
087741
087742
087743
087744
087745
087746
087747
087748
087749
087750
087751
087752
087753
087754
087755
087756
087757
087758
087759
087760
087761
087762
087763
087764
087765
087766
087767
087768
087769
087770
087771
087772
087773
087774
087775
087776
087777
087778
087779
087780
087781
087782
087783
087784
087785
087786
087787
087788
087789
087790
087791
087792
087793
087794
087795
087796
087797
087798
087799
087800
087801
087802
087803
087804
087805
087806
087807
087808
087809
087810
087811
087812
087813
087814
087815
087816
087817
087818
087819
087820
087821
087822
087823
087824
087825
087826
087827
087828
087829
087830
087831
087832
087833
087834
087835
087836
087837
087838
087839
087840
087841
087842
087843
087844
087845
087846
087847
087848
087849
087850
087851
087852
087853
087854
087855
087856
087857
087858
087859
087860
087861
087862
087863
087864
087865
087866
087867
087868
087869
087870
087871
087872
087873
087874
087875
087876
087877
087878
087879
087880
087881
087882
087883
087884
087885
087886
087887
087888
087889
087890
087891
087892
087893
087894
087895
087896
087897
087898
087899
087900
087901
087902
087903
087904
087905
087906
087907
087908
087909
087910
087911
087912
087913
087914
087915
087916
087917
087918
087919
087920
087921
087922
087923
087924
087925
087926
087927
087928
087929
087930
087931
087932
087933
087934
087935
087936
087937
087938
087939
087940
087941
087942
087943
087944
087945
087946
087947
087948
087949
087950
087951
087952
087953
087954
087955
087956
087957
087958
087959
087960
087961
087962
087963
087964
087965
087966
087967
087968
087969
087970
087971
087972
087973
087974
087975
087976
087977
087978
087979
087980
087981
087982
087983
087984
087985
087986
087987
087988
087989
087990
087991
087992
087993
087994
087995
087996
087997
087998
087999
088000
088001
088002
088003
088004
088005
088006
088007
088008
088009
088010
088011
088012
088013
088014
088015
088016
088017
088018
088019
088020
088021
088022
088023
088024
088025
088026
088027
088028
088029
088030
088031
088032
088033
088034
088035
088036
088037
088038
088039
088040
088041
088042
088043
088044
088045
088046
088047
088048
088049
088050
088051
088052
088053
088054
088055
088056
088057
088058
088059
088060
088061
088062
088063
088064
088065
088066
088067
088068
088069
088070
088071
088072
088073
088074
088075
088076
088077
088078
088079
088080
088081
088082
088083
088084
088085
088086
088087
088088
088089
088090
088091
088092
088093
088094
088095
088096
088097
088098
088099
088100
088101
088102
088103
088104
088105
088106
088107
088108
088109
088110
088111
088112
088113
088114
088115
088116
088117
088118
088119
088120
088121
088122
088123
088124
088125
088126
088127
088128
088129
088130
088131
088132
088133
088134
088135
088136
088137
088138
088139
088140
088141
088142
088143
088144
088145
088146
088147
088148
088149
088150
088151
088152
088153
088154
088155
088156
088157
088158
088159
088160
088161
088162
088163
088164
088165
088166
088167
088168
088169
088170
088171
088172
088173
088174
088175
088176
088177
088178
088179
088180
088181
088182
088183
088184
088185
088186
088187
088188
088189
088190
088191
088192
088193
088194
088195
088196
088197
088198
088199
088200
088201
088202
088203
088204
088205
088206
088207
088208
088209
088210
088211
088212
088213
088214
088215
088216
088217
088218
088219
088220
088221
088222
088223
088224
088225
088226
088227
088228
088229
088230
088231
088232
088233
088234
088235
088236
088237
088238
088239
088240
088241
088242
088243
088244
088245
088246
088247
088248
088249
088250
088251
088252
088253
088254
088255
088256
088257
088258
088259
088260
088261
088262
088263
088264
088265
088266
088267
088268
088269
088270
088271
088272
088273
088274
088275
088276
088277
088278
088279
088280
088281
088282
088283
088284
088285
088286
088287
088288
088289
088290
088291
088292
088293
088294
088295
088296
088297
088298
088299
088300
088301
088302
088303
088304
088305
088306
088307
088308
088309
088310
088311
088312
088313
088314
088315
088316
088317
088318
088319
088320
088321
088322
088323
088324
088325
088326
088327
088328
088329
088330
088331
088332
088333
088334
088335
088336
088337
088338
088339
088340
088341
088342
088343
088344
088345
088346
088347
088348
088349
088350
088351
088352
088353
088354
088355
088356
088357
088358
088359
088360
088361
088362
088363
088364
088365
088366
088367
088368
088369
088370
088371
088372
088373
088374
088375
088376
088377
088378
088379
088380
088381
088382
088383
088384
088385
088386
088387
088388
088389
088390
088391
088392
088393
088394
088395
088396
088397
088398
088399
088400
088401
088402
088403
088404
088405
088406
088407
088408
088409
088410
088411
088412
088413
088414
088415
088416
088417
088418
088419
088420
088421
088422
088423
088424
088425
088426
088427
088428
088429
088430
088431
088432
088433
088434
088435
088436
088437
088438
088439
088440
088441
088442
088443
088444
088445
088446
088447
088448
088449
088450
088451
088452
088453
088454
088455
088456
088457
088458
088459
088460
088461
088462
088463
088464
088465
088466
088467
088468
088469
088470
088471
088472
088473
088474
088475
088476
088477
088478
088479
088480
088481
088482
088483
088484
088485
088486
088487
088488
088489
088490
088491
088492
088493
088494
088495
088496
088497
088498
088499
088500
088501
088502
088503
088504
088505
088506
088507
088508
088509
088510
088511
088512
088513
088514
088515
088516
088517
088518
088519
088520
088521
088522
088523
088524
088525
088526
088527
088528
088529
088530
088531
088532
088533
088534
088535
088536
088537
088538
088539
088540
088541
088542
088543
088544
088545
088546
088547
088548
088549
088550
088551
088552
088553
088554
088555
088556
088557
088558
088559
088560
088561
088562
088563
088564
088565
088566
088567
088568
088569
088570
088571
088572
088573
088574
088575
088576
088577
088578
088579
088580
088581
088582
088583
088584
088585
088586
088587
088588
088589
088590
088591
088592
088593
088594
088595
088596
088597
088598
088599
088600
088601
088602
088603
088604
088605
088606
088607
088608
088609
088610
088611
088612
088613
088614
088615
088616
088617
088618
088619
088620
088621
088622
088623
088624
088625
088626
088627
088628
088629
088630
088631
088632
088633
088634
088635
088636
088637
088638
088639
088640
088641
088642
088643
088644
088645
088646
088647
088648
088649
088650
088651
088652
088653
088654
088655
088656
088657
088658
088659
088660
088661
088662
088663
088664
088665
088666
088667
088668
088669
088670
088671
088672
088673
088674
088675
088676
088677
088678
088679
088680
088681
088682
088683
088684
088685
088686
088687
088688
088689
088690
088691
088692
088693
088694
088695
088696
088697
088698
088699
088700
088701
088702
088703
088704
088705
088706
088707
088708
088709
088710
088711
088712
088713
088714
088715
088716
088717
088718
088719
088720
088721
088722
088723
088724
088725
088726
088727
088728
088729
088730
088731
088732
088733
088734
088735
088736
088737
088738
088739
088740
088741
088742
088743
088744
088745
088746
088747
088748
088749
088750
088751
088752
088753
088754
088755
088756
088757
088758
088759
088760
088761
088762
088763
088764
088765
088766
088767
088768
088769
088770
088771
088772
088773
088774
088775
088776
088777
088778
088779
088780
088781
088782
088783
088784
088785
088786
088787
088788
088789
088790
088791
088792
088793
088794
088795
088796
088797
088798
088799
088800
088801
088802
088803
088804
088805
088806
088807
088808
088809
088810
088811
088812
088813
088814
088815
088816
088817
088818
088819
088820
088821
088822
088823
088824
088825
088826
088827
088828
088829
088830
088831
088832
088833
088834
088835
088836
088837
088838
088839
088840
088841
088842
088843
088844
088845
088846
088847
088848
088849
088850
088851
088852
088853
088854
088855
088856
088857
088858
088859
088860
088861
088862
088863
088864
088865
088866
088867
088868
088869
088870
088871
088872
088873
088874
088875
088876
088877
088878
088879
088880
088881
088882
088883
088884
088885
088886
088887
088888
088889
088890
088891
088892
088893
088894
088895
088896
088897
088898
088899
088900
088901
088902
088903
088904
088905
088906
088907
088908
088909
088910
088911
088912
088913
088914
088915
088916
088917
088918
088919
088920
088921
088922
088923
088924
088925
088926
088927
088928
088929
088930
088931
088932
088933
088934
088935
088936
088937
088938
088939
088940
088941
088942
088943
088944
088945
088946
088947
088948
088949
088950
088951
088952
088953
088954
088955
088956
088957
088958
088959
088960
088961
088962
088963
088964
088965
088966
088967
088968
088969
088970
088971
088972
088973
088974
088975
088976
088977
088978
088979
088980
088981
088982
088983
088984
088985
088986
088987
088988
088989
088990
088991
088992
088993
088994
088995
088996
088997
088998
088999
089000
089001
089002
089003
089004
089005
089006
089007
089008
089009
089010
089011
089012
089013
089014
089015
089016
089017
089018
089019
089020
089021
089022
089023
089024
089025
089026
089027
089028
089029
089030
089031
089032
089033
089034
089035
089036
089037
089038
089039
089040
089041
089042
089043
089044
089045
089046
089047
089048
089049
089050
089051
089052
089053
089054
089055
089056
089057
089058
089059
089060
089061
089062
089063
089064
089065
089066
089067
089068
089069
089070
089071
089072
089073
089074
089075
089076
089077
089078
089079
089080
089081
089082
089083
089084
089085
089086
089087
089088
089089
089090
089091
089092
089093
089094
089095
089096
089097
089098
089099
089100
089101
089102
089103
089104
089105
089106
089107
089108
089109
089110
089111
089112
089113
089114
089115
089116
089117
089118
089119
089120
089121
089122
089123
089124
089125
089126
089127
089128
089129
089130
089131
089132
089133
089134
089135
089136
089137
089138
089139
089140
089141
089142
089143
089144
089145
089146
089147
089148
089149
089150
089151
089152
089153
089154
089155
089156
089157
089158
089159
089160
089161
089162
089163
089164
089165
089166
089167
089168
089169
089170
089171
089172
089173
089174
089175
089176
089177
089178
089179
089180
089181
089182
089183
089184
089185
089186
089187
089188
089189
089190
089191
089192
089193
089194
089195
089196
089197
089198
089199
089200
089201
089202
089203
089204
089205
089206
089207
089208
089209
089210
089211
089212
089213
089214
089215
089216
089217
089218
089219
089220
089221
089222
089223
089224
089225
089226
089227
089228
089229
089230
089231
089232
089233
089234
089235
089236
089237
089238
089239
089240
089241
089242
089243
089244
089245
089246
089247
089248
089249
089250
089251
089252
089253
089254
089255
089256
089257
089258
089259
089260
089261
089262
089263
089264
089265
089266
089267
089268
089269
089270
089271
089272
089273
089274
089275
089276
089277
089278
089279
089280
089281
089282
089283
089284
089285
089286
089287
089288
089289
089290
089291
089292
089293
089294
089295
089296
089297
089298
089299
089300
089301
089302
089303
089304
089305
089306
089307
089308
089309
089310
089311
089312
089313
089314
089315
089316
089317
089318
089319
089320
089321
089322
089323
089324
089325
089326
089327
089328
089329
089330
089331
089332
089333
089334
089335
089336
089337
089338
089339
089340
089341
089342
089343
089344
089345
089346
089347
089348
089349
089350
089351
089352
089353
089354
089355
089356
089357
089358
089359
089360
089361
089362
089363
089364
089365
089366
089367
089368
089369
089370
089371
089372
089373
089374
089375
089376
089377
089378
089379
089380
089381
089382
089383
089384
089385
089386
089387
089388
089389
089390
089391
089392
089393
089394
089395
089396
089397
089398
089399
089400
089401
089402
089403
089404
089405
089406
089407
089408
089409
089410
089411
089412
089413
089414
089415
089416
089417
089418
089419
089420
089421
089422
089423
089424
089425
089426
089427
089428
089429
089430
089431
089432
089433
089434
089435
089436
089437
089438
089439
089440
089441
089442
089443
089444
089445
089446
089447
089448
089449
089450
089451
089452
089453
089454
089455
089456
089457
089458
089459
089460
089461
089462
089463
089464
089465
089466
089467
089468
089469
089470
089471
089472
089473
089474
089475
089476
089477
089478
089479
089480
089481
089482
089483
089484
089485
089486
089487
089488
089489
089490
089491
089492
089493
089494
089495
089496
089497
089498
089499
089500
089501
089502
089503
089504
089505
089506
089507
089508
089509
089510
089511
089512
089513
089514
089515
089516
089517
089518
089519
089520
089521
089522
089523
089524
089525
089526
089527
089528
089529
089530
089531
089532
089533
089534
089535
089536
089537
089538
089539
089540
089541
089542
089543
089544
089545
089546
089547
089548
089549
089550
089551
089552
089553
089554
089555
089556
089557
089558
089559
089560
089561
089562
089563
089564
089565
089566
089567
089568
089569
089570
089571
089572
089573
089574
089575
089576
089577
089578
089579
089580
089581
089582
089583
089584
089585
089586
089587
089588
089589
089590
089591
089592
089593
089594
089595
089596
089597
089598
089599
089600
089601
089602
089603
089604
089605
089606
089607
089608
089609
089610
089611
089612
089613
089614
089615
089616
089617
089618
089619
089620
089621
089622
089623
089624
089625
089626
089627
089628
089629
089630
089631
089632
089633
089634
089635
089636
089637
089638
089639
089640
089641
089642
089643
089644
089645
089646
089647
089648
089649
089650
089651
089652
089653
089654
089655
089656
089657
089658
089659
089660
089661
089662
089663
089664
089665
089666
089667
089668
089669
089670
089671
089672
089673
089674
089675
089676
089677
089678
089679
089680
089681
089682
089683
089684
089685
089686
089687
089688
089689
089690
089691
089692
089693
089694
089695
089696
089697
089698
089699
089700
089701
089702
089703
089704
089705
089706
089707
089708
089709
089710
089711
089712
089713
089714
089715
089716
089717
089718
089719
089720
089721
089722
089723
089724
089725
089726
089727
089728
089729
089730
089731
089732
089733
089734
089735
089736
089737
089738
089739
089740
089741
089742
089743
089744
089745
089746
089747
089748
089749
089750
089751
089752
089753
089754
089755
089756
089757
089758
089759
089760
089761
089762
089763
089764
089765
089766
089767
089768
089769
089770
089771
089772
089773
089774
089775
089776
089777
089778
089779
089780
089781
089782
089783
089784
089785
089786
089787
089788
089789
089790
089791
089792
089793
089794
089795
089796
089797
089798
089799
089800
089801
089802
089803
089804
089805
089806
089807
089808
089809
089810
089811
089812
089813
089814
089815
089816
089817
089818
089819
089820
089821
089822
089823
089824
089825
089826
089827
089828
089829
089830
089831
089832
089833
089834
089835
089836
089837
089838
089839
089840
089841
089842
089843
089844
089845
089846
089847
089848
089849
089850
089851
089852
089853
089854
089855
089856
089857
089858
089859
089860
089861
089862
089863
089864
089865
089866
089867
089868
089869
089870
089871
089872
089873
089874
089875
089876
089877
089878
089879
089880
089881
089882
089883
089884
089885
089886
089887
089888
089889
089890
089891
089892
089893
089894
089895
089896
089897
089898
089899
089900
089901
089902
089903
089904
089905
089906
089907
089908
089909
089910
089911
089912
089913
089914
089915
089916
089917
089918
089919
089920
089921
089922
089923
089924
089925
089926
089927
089928
089929
089930
089931
089932
089933
089934
089935
089936
089937
089938
089939
089940
089941
089942
089943
089944
089945
089946
089947
089948
089949
089950
089951
089952
089953
089954
089955
089956
089957
089958
089959
089960
089961
089962
089963
089964
089965
089966
089967
089968
089969
089970
089971
089972
089973
089974
089975
089976
089977
089978
089979
089980
089981
089982
089983
089984
089985
089986
089987
089988
089989
089990
089991
089992
089993
089994
089995
089996
089997
089998
089999
03006P
03036P
03054P
03059P
03065P
03096P
03113P
03131P
03225P
03269P
03321P
03349P
03350P
03351P
03362P
03382P
03383P
03384P
03394P
03434P
03446P
03454P
03455P
03473P
03476P
03484P
03490P
03513P
03519P
03520P
03544P
03552P
03568P
03571P
03576P
03590P
03591P
03592P
03593P
03594P
03602P
03612P
03613P
03617P
03618P
03623P
03625P
03640P
03642P
03666P
03667P
03668P
03669P
03673P
03681P
03695P
03696P
03697P
03702P
03755P
03756P
03758P
03759P
03766P
03783P
03785P
03807P
03814P
03816P
03833P
03834P
03840P
03841P
03845P
03846P
03847P
03848P
03849P
03850P
03851P
03852P
03853P
03854P
03855P
03856P
03857P
03858P
03859P
03860P
03861P
03862P
03863P
03864P
03865P
03866P
03867P
03868P
03869P
03870P
03871P
03872P
03873P
03874P
03875P
03876P
03877P
03878P
03879P
03880P
03881P
03882P
03883P
03884P
03885P
03886P
03887P
03888P
03889P
03890P
03891P
03892P
03893P
03894P
03895P
03896P
03897P
03898P
03899P
03900P
03901P
03902P
03903P
03904P
03905P
03906P
03907P
03908P
03909P
03910P
03911P
03912P
03913P
03914P
03915P
03916P
03917P
03918P
03919P
03920P
03921P
03922P
03923P
03924P
03925P
03926P
03927P
03928P
03929P
03930P
03931P
03932P
03933P
03934P
03935P
03936P
03937P
03938P
03939P
03940P
03941P
03942P
03943P
03944P
03945P
03946P
03947P
03948P
03949P
03950P
03951P
03952P
03953P
03954P
03955P
03956P
03957P
03958P
03959P
03960P
03961P
03962P
03963P
03964P
03965P
03966P
03967P
03968P
03969P
03970P
03971P
03972P
03973P
03974P
03975P
03976P
03977P
03978P
03979P
03980P
03981P
03982P
03983P
03984P
03985P
03986P
03987P
03988P
03989P
03990P
03991P
03992P
03993P
03994P
03995P
03996P
03997P
03998P
03999P
04000P
04001P
04002P
04003P
04004P
04005P
04006P
04007P
04008P
04009P
04010P
04011P
04012P
04013P
04014P
04015P
04016P
04017P
04018P
04019P
04020P
04021P
04022P
04023P
04024P
04025P
04026P
04027P
04028P
04029P
04030P
04031P
04032P
04033P
04034P
04035P
04036P
04037P
04038P
04039P
04040P
04041P
04042P
04043P
04044P
04045P
04046P
04047P
04048P
04049P
04050P
04051P
04052P
04053P
04054P
04055P
04056P
04057P
04058P
04059P
04060P
04061P
04062P
04063P
04064P
04065P
04066P
04067P
04068P
04069P
04070P
04071P
04072P
04073P
04074P
04075P
04076P
04077P
04078P
04079P
04080P
04081P
04082P
04083P
04084P
04085P
04086P
04087P
04088P
04089P
04090P
04091P
04092P
04093P
04094P
04095P
04096P
04097P
04098P
04099P
04100P
04101P
04102P
04103P
04104P
04105P
04106P
04107P
04108P
04109P
04110P
04111P
04112P
04113P
04114P
04115P
04116P
04117P
04118P
04119P
04120P
04121P
04122P
04123P
04124P
04125P
04126P
04127P
04128P
04129P
04130P
04131P
04132P
04133P
04134P
04135P
04136P
04137P
04138P
04139P
04140P
04141P
04142P
04143P
04144P
04145P
04146P
04147P
04148P
04149P
04150P
04151P
04152P
04153P
04154P
04155P
04156P
04157P
04158P
04159P
04160P
04161P
04162P
04163P
04164P
04165P
04166P
04167P
04168P
04169P
04170P
04171P
04172P
04173P
04174P
04175P
04176P
04177P
04178P
04179P
04180P
04181P
04182P
04183P
04184P
04185P
04186P
04187P
04188P
04189P
04190P
04191P
04192P
04193P
04194P
04195P
04196P
04197P
04198P
04199P
04200P
04201P
04202P
04203P
04204P
04205P
04206P
04207P
04208P
04209P
04210P
04211P
04212P
04213P
04214P
04215P
04216P
04217P
04218P
04219P
04220P
04221P
04222P
04223P
04224P
04225P
04226P
04227P
04228P
04229P
04230P
04231P
04232P
04233P
04234P
04235P
04236P
04237P
04238P
04239P
04240P
04241P
04242P
04243P
04244P
04245P
04246P
04247P
04248P
04249P
04250P
04251P
04252P
04253P
04254P
04255P
04256P
04257P
04258P
04259P
04260P
04261P
04262P
04263P
04264P
04265P
04266P
04267P
04268P
04269P
04270P
04271P
04272P
04273P
04274P
04275P
04276P
04277P
04278P
04279P
04280P
04281P
04282P
04283P
04284P
04285P
04286P
04287P
04288P
04289P
04290P
04291P
04292P
04293P
04294P
04295P
04296P
04297P
04298P
04299P
04300P
04301P
04302P
04303P
04304P
04305P
04306P
04307P
04308P
04309P
04310P
04311P
04312P
04313P
04314P
04315P
04316P
04317P
04318P
04319P
04320P
04321P
04322P
04323P
04324P
04325P
04326P
04327P
04328P
04329P
04330P
04331P
04332P
04333P
04334P
04335P
04336P
04337P
04338P
04339P
04340P
04341P
04342P
04343P
04344P
04345P
04346P
04347P
04348P
04349P
04350P
04351P
04352P
04353P
04354P
04355P
04356P
04357P
04358P
04359P
04360P
04361P
04362P
04363P
04364P
04365P
04366P
04367P
04368P
04369P
04370P
04371P
04372P
04373P
04374P
04375P
04376P
04377P
04378P
04379P
04380P
04381P
04382P
04383P
04384P
04385P
04386P
04387P
04388P
04389P
04390P
04391P
04392P
04393P
04394P
04395P
04396P
04397P
04398P
04399P
04400P
04401P
04402P
04403P
04404P
04405P
04406P
04407P
04408P
04409P
04410P
04411P
04412P
04413P
04414P
04415P
04416P
04417P
04418P
04419P
04420P
04421P
04422P
04423P
04424P
04425P
04426P
04427P
04428P
04429P
04430P
04431P
04432P
04433P
04434P
04435P
04436P
04437P
04438P
04439P
04440P
04441P
04442P
04443P
04444P
04445P
04446P
04447P
04448P
04449P
04450P
04451P
04452P
04453P
04454P
04455P
04456P
04457P
04458P
04459P
04460P
04461P
04462P
04463P
04464P
04465P
04466P
04467P
04468P
04469P
04470P
04471P
04472P
04473P
04474P
04475P
04476P
04477P
04478P
04479P
04480P
04481P
04482P
04483P
04484P
04485P
04486P
04487P
04488P
04489P
04490P
04491P
04492P
04493P
04494P
04495P
04496P
04497P
04498P
04499P
04500P
04501P
04502P
04503P
04504P
04505P
04506P
04507P
04508P
04509P
04510P
04511P
04512P
04513P
04514P
04515P
04516P
04517P
04518P
04519P
04520P
04521P
04522P
04523P
04524P
04525P
04526P
04527P
04528P
04529P
04530P
04531P
04532P
04533P
04534P
04535P
04536P
04537P
04538P
04539P
04540P
04541P
04542P
04543P
04544P
04545P
04546P
04547P
04548P
04549P
04550P
04551P
04552P
04553P
04554P
04555P
04556P
04557P
04558P
04559P
04560P
04561P
04562P
04563P
04564P
04565P
04566P
04567P
04568P
04569P
04570P
04571P
04572P
04573P
04574P
04575P
04576P
04577P
04578P
04579P
04580P
04581P
04582P
04583P
04584P
04585P
04586P
04587P
04588P
04589P
04590P
04591P
04592P
04593P
04594P
04595P
04596P
04597P
04598P
04599P
04600P
04601P
04602P
04603P
04604P
04605P
04606P
04607P
04608P
04609P
04610P
04611P
04612P
04613P
04614P
04615P
04616P
04617P
04618P
04619P
04620P
04621P
04622P
04623P
04624P
04625P
04626P
04627P
04628P
04629P
04630P
04631P
04632P
04633P
04634P
04635P
04636P
04637P
04638P
04639P
04640P
04641P
04642P
04643P
04644P
04645P
04646P
04647P
04648P
04649P
04650P
04651P
04652P
04653P
04654P
04655P
04656P
04657P
04658P
04659P
04660P
04661P
04662P
04663P
04664P
04665P
04666P
04667P
04668P
04669P
04670P
04671P
04672P
04673P
04674P
04675P
04676P
04677P
04678P
04679P
04680P
04681P
04682P
04683P
04684P
04685P
04686P
04687P
04688P
04689P
04690P
04691P
04692P
04693P
04694P
04695P
04696P
04697P
04698P
04699P
04700P
04701P
04702P
04703P
04704P
04705P
04706P
04707P
04708P
04709P
04710P
04711P
04712P
04713P
04714P
04715P
04716P
04717P
04718P
04719P
04720P
04721P
04722P
04723P
04724P
04725P
04726P
04727P
04728P
04729P
04730P
04731P
04732P
04733P
04734P
04735P
04736P
04737P
04738P
04739P
04740P
04741P
04742P
04743P
04744P
04745P
04746P
04747P
04748P
04749P
04750P
04751P
04752P
04753P
04754P
04755P
04756P
04757P
04758P
04759P
04760P
04761P
04762P
04763P
04764P
04765P
04766P
04767P
04768P
04769P
04770P
04771P
04772P
04773P
04774P
04775P
04776P
04777P
04778P
04779P
04780P
04781P
04782P
04783P
04784P
04785P
04786P
04787P
04788P
04789P
04790P
04791P
04792P
04793P
04794P
04795P
04796P
04797P
04798P
04799P
04800P
04801P
04802P
04803P
04804P
04805P
04806P
04807P
04808P
04809P
04810P
04811P
04812P
04813P
04814P
04815P
04816P
04817P
04818P
04819P
04820P
04821P
04822P
04823P
04824P
04825P
04826P
04827P
04828P
04829P
04830P
04831P
04832P
04833P
04834P
04835P
04836P
04837P
04838P
04839P
04840P
04841P
04842P
04843P
04844P
04845P
04846P
04847P
04848P
04849P
04850P
04851P
04852P
04853P
04854P
04855P
04856P
04857P
04858P
04859P
04860P
04861P
04862P
04863P
04864P
04865P
04866P
04867P
04868P
04869P
04870P
04871P
04872P
04873P
04874P
04875P
04876P
04877P
04878P
04879P
04880P
04881P
04882P
04883P
04884P
04885P
04886P
04887P
04888P
04889P
04890P
04891P
04892P
04893P
04894P
04895P
04896P
04897P
04898P
04899P
04900P
04901P
04902P
04903P
04904P
04905P
04906P
04907P
04908P
04909P
04910P
04911P
04912P
04913P
04914P
04915P
04916P
04917P
04918P
04919P
04920P
04921P
04922P
04923P
04924P
04925P
04926P
04927P
04928P
04929P
04930P
04931P
04932P
04933P
04934P
04935P
04936P
04937P
04938P
04939P
04940P
04941P
04942P
04943P
04944P
04945P
04946P
04947P
04948P
04949P
04950P
04951P
04952P
04953P
04954P
04955P
04956P
04957P
04958P
04959P
04960P
04961P
04962P
04963P
04964P
04965P
04966P
04967P
04968P
04969P
04970P
04971P
04972P
04973P
04974P
04975P
04976P
04977P
04978P
04979P
04980P
04981P
04982P
04983P
04984P
04985P
04986P
04987P
04988P
04989P
04990P
04991P
04992P
04993P
04994P
04995P
04996P
04997P
04998P
04999P
05000P
05001P
05002P
05003P
05004P
05005P
05006P
05007P
05008P
05009P
05010P
05011P
05012P
05013P
05014P
05015P
05016P
05017P
05018P
05019P
05020P
05021P
05022P
05023P
05024P
05025P
05026P
05027P
05028P
05029P
05030P
05031P
05032P
05033P
05034P
05035P
05036P
05037P
05038P
05039P
05040P
05041P
05042P
05043P
05044P
05045P
05046P
05047P
05048P
05049P
05050P
05051P
05052P
05053P
05054P
05055P
05056P
05057P
05058P
05059P
05060P
05061P
05062P
05063P
05064P
05065P
05066P
05067P
05068P
05069P
05070P
05071P
05072P
05073P
05074P
05075P
05076P
05077P
05078P
05079P
05080P
05081P
05082P
05083P
05084P
05085P
05086P
05087P
05088P
05089P
05090P
05091P
05092P
05093P
05094P
05095P
05096P
05097P
05098P
05099P
05100P
05101P
05102P
05103P
05104P
05105P
05106P
05107P
05108P
05109P
05110P
05111P
05112P
05113P
05114P
05115P
05116P
05117P
05118P
05119P
05120P
05121P
05122P
05123P
05124P
05125P
05126P
05127P
05128P
05129P
05130P
05131P
05132P
05133P
05134P
05135P
05136P
05137P
05138P
05139P
05140P
05141P
05142P
05143P
05144P
05145P
05146P
05147P
05148P
05149P
05150P
05151P
05152P
05153P
05154P
05155P
05156P
05157P
05158P
05159P
05160P
05161P
05162P
05163P
05164P
05165P
05166P
05167P
05168P
05169P
05170P
05171P
05172P
05173P
05174P
05175P
05176P
05177P
05178P
05179P
05180P
05181P
05182P
05183P
05184P
05185P
05186P
05187P
05188P
05189P
05190P
05191P
05192P
05193P
05194P
05195P
05196P
05197P
05198P
05199P
05200P
05201P
05202P
05203P
05204P
05205P
05206P
05207P
05208P
05209P
05210P
05211P
05212P
05213P
05214P
05215P
05216P
05217P
05218P
05219P
05220P
05221P
05222P
05223P
05224P
05225P
05226P
05227P
05228P
05229P
05230P
05231P
05232P
05233P
05234P
05235P
05236P
05237P
05238P
05239P
05240P
05241P
05242P
05243P
05244P
05245P
05246P
05247P
05248P
05249P
05250P
05251P
05252P
05253P
05254P
05255P
05256P
05257P
05258P
05259P
05260P
05261P
05262P
05263P
05264P
05265P
05266P
05267P
05268P
05269P
05270P
05271P
05272P
05273P
05274P
05275P
05276P
05277P
05278P
05279P
05280P
05281P
05282P
05283P
05284P
05285P
05286P
05287P
05288P
05289P
05290P
05291P
05292P
05293P
05294P
05295P
05296P
05297P
05298P
05299P
05300P
05301P
05302P
05303P
05304P
05305P
05306P
05307P
05308P
05309P
05310P
05311P
05312P
05313P
05314P
05315P
05316P
05317P
05318P
05319P
05320P
05321P
05322P
05323P
05324P
05325P
05326P
05327P
05328P
05329P
05330P
05331P
05332P
05333P
05334P
05335P
05336P
05337P
05338P
05339P
05340P
05341P
05342P
05343P
05344P
05345P
05346P
05347P
05348P
05349P
05350P
05351P
05352P
05353P
05354P
05355P
05356P
05357P
05358P
05359P
05360P
05361P
05362P
05363P
05364P
05365P
05366P
05367P
05368P
05369P
05370P
05371P
05372P
05373P
05374P
05375P
05376P
05377P
05378P
05379P
05380P
05381P
05382P
05383P
05384P
05385P
05386P
05387P
05388P
05389P
05390P
05391P
05392P
05393P
05394P
05395P
05396P
05397P
05398P
05399P
05400P
05401P
05402P
05403P
05404P
05405P
05406P
05407P
05408P
05409P
05410P
05411P
05412P
05413P
05414P
05415P
05416P
05417P
05418P
05419P
05420P
05421P
05422P
05423P
05424P
05425P
05426P
05427P
05428P
05429P
05430P
05431P
05432P
05433P
05434P
05435P
05436P
05437P
05438P
05439P
05440P
05441P
05442P
05443P
05444P
05445P
05446P
05447P
05448P
05449P
05450P
05451P
05452P
05453P
05454P
05455P
05456P
05457P
05458P
05459P
05460P
05461P
05462P
05463P
05464P
05465P
05466P
05467P
05468P
05469P
05470P
05471P
05472P
05473P
05474P
05475P
05476P
05477P
05478P
05479P
05480P
05481P
05482P
05483P
05484P
05485P
05486P
05487P
05488P
05489P
05490P
05491P
05492P
05493P
05494P
05495P
05496P
05497P
05498P
05499P
05500P
05501P
05502P
05503P
05504P
05505P
05506P
05507P
05508P
05509P
05510P
05511P
05512P
05513P
05514P
05515P
05516P
05517P
05518P
05519P
05520P
05521P
05522P
05523P
05524P
05525P
05526P
05527P
05528P
05529P
05530P
05531P
05532P
05533P
05534P
05535P
05536P
05537P
05538P
05539P
05540P
05541P
05542P
05543P
05544P
05545P
05546P
05547P
05548P
05549P
05550P
05551P
05552P
05553P
05554P
05555P
05556P
05557P
05558P
05559P
05560P
05561P
05562P
05563P
05564P
05565P
05566P
05567P
05568P
05569P
05570P
05571P
05572P
05573P
05574P
05575P
05576P
05577P
05578P
05579P
05580P
05581P
05582P
05583P
05584P
05585P
05586P
05587P
05588P
05589P
05590P
05591P
05592P
05593P
05594P
05595P
05596P
05597P
05598P
05599P
05600P
05601P
05602P
05603P
05604P
05605P
05606P
05607P
05608P
05609P
05610P
05611P
05612P
05613P
05614P
05615P
05616P
05617P
05618P
05619P
05620P
05621P
05622P
05623P
05624P
05625P
05626P
05627P
05628P
05629P
05630P
05631P
05632P
05633P
05634P
05635P
05636P
05637P
05638P
05639P
05640P
05641P
05642P
05643P
05644P
05645P
05646P
05647P
05648P
05649P
05650P
05651P
05652P
05653P
05654P
05655P
05656P
05657P
05658P
05659P
05660P
05661P
05662P
05663P
05664P
05665P
05666P
05667P
05668P
05669P
05670P
05671P
05672P
05673P
05674P
05675P
05676P
05677P
05678P
05679P
05680P
05681P
05682P
05683P
05684P
05685P
05686P
05687P
05688P
05689P
05690P
05691P
05692P
05693P
05694P
05695P
05696P
05697P
05698P
05699P
05700P
05701P
05702P
05703P
05704P
05705P
05706P
05707P
05708P
05709P
05710P
05711P
05712P
05713P
05714P
05715P
05716P
05717P
05718P
05719P
05720P
05721P
05722P
05723P
05724P
05725P
05726P
05727P
05728P
05729P
05730P
05731P
05732P
05733P
05734P
05735P
05736P
05737P
05738P
05739P
05740P
05741P
05742P
05743P
05744P
05745P
05746P
05747P
05748P
05749P
05750P
05751P
05752P
05753P
05754P
05755P
05756P
05757P
05758P
05759P
05760P
05761P
05762P
05763P
05764P
05765P
05766P
05767P
05768P
05769P
05770P
05771P
05772P
05773P
05774P
05775P
05776P
05777P
05778P
05779P
05780P
05781P
05782P
05783P
05784P
05785P
05786P
05787P
05788P
05789P
05790P
05791P
05792P
05793P
05794P
05795P
05796P
05797P
05798P
05799P
05800P
05801P
05802P
05803P
05804P
05805P
05806P
05807P
05808P
05809P
05810P
05811P
05812P
05813P
05814P
05815P
05816P
05817P
05818P
05819P
05820P
05821P
05822P
05823P
05824P
05825P
05826P
05827P
05828P
05829P
05830P
05831P
05832P
05833P
05834P
05835P
05836P
05837P
05838P
05839P
05840P
05841P
05842P
05843P
05844P
05845P
05846P
05847P
05848P
05849P
05850P
05851P
05852P
05853P
05854P
05855P
05856P
05857P
05858P
05859P
05860P
05861P
05862P
05863P
05864P
05865P
05866P
05867P
05868P
05869P
05870P
05871P
05872P
05873P
05874P
05875P
05876P
05877P
05878P
05879P
05880P
05881P
05882P
05883P
05884P
05885P
05886P
05887P
05888P
05889P
05890P
05891P
05892P
05893P
05894P
05895P
05896P
05897P
05898P
05899P
05900P
05901P
05902P
05903P
05904P
05905P
05906P
05907P
05908P
05909P
05910P
05911P
05912P
05913P
05914P
05915P
05916P
05917P
05918P
05919P
05920P
05921P
05922P
05923P
05924P
05925P
05926P
05927P
05928P
05929P
05930P
05931P
05932P
05933P
05934P
05935P
05936P
05937P
05938P
05939P
05940P
05941P
05942P
05943P
05944P
05945P
05946P
05947P
05948P
05949P
05950P
05951P
05952P
05953P
05954P
05955P
05956P
05957P
05958P
05959P
05960P
05961P
05962P
05963P
05964P
05965P
05966P
05967P
05968P
05969P
05970P
05971P
05972P
05973P
05974P
05975P
05976P
05977P
05978P
05979P
05980P
05981P
05982P
05983P
05984P
05985P
05986P
05987P
05988P
05989P
05990P
05991P
05992P
05993P
05994P
05995P
05996P
05997P
05998P
05999P
06000P
06001P
06002P
06003P
06004P
06005P
06006P
06007P
06008P
06009P
06010P
07929P
08400P
08415P
08485P
08614P
08785P
08855P
08856P
08864P
08881P
08944P
08973P
032973
032974
032975
032976
032977
032978
032979
032980
032981
032982
032983
032984
032985
032986
032987
032988
032989
032990
032991
032992
032993
032994
032995
032996
032997
032998
032999
033000
033001
033002
033003
033004
033005
033006
033007
033008
033009
033010
033011
033012
033013
033014
033015
033016
033017
033018
033019
033020
033021
06011P
06012P
06013P
06014P
06015P
06016P
06017P
06018P
06019P
033022
033023
033024
033025
033026
033027
033028
033029
033030
033031
033032
033033
033034
033035
033036
033037
033038
033039
033040
033041
033042
033043
033044
033045
033046
033047
033048
033049
033050
033051
033052
033053
033054
033055
033056
033057
033058
033059
033060
033061
033062
033063
033064
033065
033066
033067
033068
033069
033070
033071
033072
033073
033074
033075
033076
033077
033078
033079
033080
033081
033082
033083
033084
033085
033086
033087
033088
033089
033090
033091
033092
033093
033094
033095
033096
033097
033098
06020P
06021P
06022P
06023P
06024P
06025P
06026P
06027P
06028P
06029P
06030P
06031P
033099
033100
033101
033102
033103
033104
033105
033106
033107
033108
033109
033110
033111
033112
033113
033114
033115
033116
033117
033118
033119
033120
033121
033122
033123
033124
033125
033126
033127
033128
033129
033130
033131
033132
033133
033134
033135
033136
033137
033138
033139
033140
033141
033142
033143
033144
033145
033146
033147
033148
033149
033150
033151
033152
06032P
06033P
06034P
06035P
06036P
06037P
06038P
06039P
06040P
06041P
033153
033154
033155
033156
033157
033158
033159
033160
033161
033162
033163
033164
033165
033166
033167
033168
033169
033170
033171
033172
033173
033174
033175
033176
033177
033178
033179
033180
033181
033182
033183
033184
033185
033186
033187
033188
033189
033190
033191
033192
033193
033194
033195
033196
033197
033198
033199
033200
033201
033202
033203
033204
033205
033206
033207
033208
033209
033210
033211
033212
033213
033214
033215
033216
033217
033218
033219
033220
033221
033222
033223
033224
033225
033226
033227
033228
033229
033230
033231
033232
033233
033234
033235
033236
033237
033238
033239
033240
033241
033242
033243
033244
033245
033246
033247
033248
033249
033250
033251
033252
033253
033254
033255
033256
033257
06042P
06043P
06044P
06045P
06046P
06047P
06048P
06049P
06050P
06051P
06052P
06053P
06054P
06055P
06056P
06057P
06058P
06059P
033258
033259
033260
033261
033262
033263
033264
033265
033266
033267
033268
033269
033270
033271
033272
033273
033274
033275
033276
033277
033278
033279
033280
033281
033282
033283
033284
033285
033286
033287
033288
033289
033290
033291
033292
033293
033294
033295
033296
033297
033298
033299
033300
033301
033302
033303
033304
033305
033306
033307
033308
033309
033310
033311
033312
033313
033314
033315
033316
033317
033318
033319
033320
033321
033322
033323
033324
033325
033326
033327
033328
033329
033330
033331
033332
033333
033334
033335
033336
033337
033338
033339
033340
06060P
06061P
06062P
06063P
06064P
06065P
06066P
06067P
06068P
06069P
06070P
06071P
06072P
06073P
06074P
06075P
06076P
06077P
06078P
06079P
06080P
06081P
06082P
06083P
06084P
06085P
06086P
06087P
06088P
06089P
06090P
06091P
06092P
06093P
06094P
033341
033342
033343
033344
033345
033346
033347
033348
033349
033350
033351
033352
033353
033354
033355
033356
033357
033358
033359
033360
033361
033362
033363
033364
033365
033366
033367
033368
033369
033370
033371
033372
033373
033374
033375
033376
033377
033378
033379
033380
033381
033382
033383
033384
033385
033386
033387
033388
033389
033390
033391
033392
033393
033394
033395
033396
033397
033398
033399
033400
033401
033402
033403
033404
033405
033406
033407
033408
033409
033410
033411
033412
033413
033414
033415
033416
033417
033418
033419
033420
033421
033422
033423
033424
033425
033426
033427
033428
033429
033430
033431
033432
033433
033434
033435
033436
033437
033438
033439
033440
033441
033442
033443
033444
06095P
06096P
06097P
06098P
06099P
06100P
06101P
06102P
06103P
06104P
06105P
06106P
06107P
06108P
06109P
06110P
06111P
06112P
06113P
033445
033446
033447
033448
033449
033450
033451
033452
033453
033454
033455
033456
033457
033458
033459
033460
033461
033462
033463
033464
033465
033466
033467
033468
033469
033470
033471
033472
033473
033474
033475
033476
033477
033478
033479
033480
033481
033482
033483
033484
033485
033486
033487
033488
033489
033490
033491
033492
033493
033494
033495
033496
033497
033498
033499
033500
033501
033502
033503
033504
033505
033506
033507
033508
033509
033510
033511
06114P
06115P
06116P
06117P
06118P
06119P
06120P
06121P
06122P
06123P
06124P
06125P
06126P
06127P
06128P
06129P
06130P
06131P
06132P
06133P
06134P
06135P
06136P
06137P
06138P
033512
033513
033514
033515
033516
033517
033518
033519
033520
033521
033522
033523
033524
033525
033526
033527
033528
033529
033530
033531
033532
033533
033534
033535
033536
033537
033538
033539
033540
033541
033542
033543
033544
033545
033546
033547
033548
033549
033550
033551
033552
033553
033554
033555
033556
033557
033558
033559
033560
033561
033562
033563
033564
033565
033566
033567
033568
033569
033570
033571
033572
033573
033574
033575
033576
033577
033578
033579
06139P
06140P
06141P
06142P
06143P
06144P
06145P
06146P
06147P
06148P
06149P
06150P
06151P
06152P
06153P
06154P
033580
033581
033582
033583
033584
033585
033586
033587
033588
033589
033590
033591
033592
033593
033594
033595
033596
033597
033598
033599
033600
033601
033602
033603
033604
033605
033606
033607
033608
033609
033610
033611
033612
033613
033614
033615
033616
033617
033618
033619
033620
033621
033622
033623
033624
033625
033626
033627
033628
033629
033630
033631
033632
033633
033634
033635
033636
033637
033638
033639
033640
033641
033642
033643
033644
033645
033646
033647
033648
033649
033650
033651
033652
033653
033654
033655
033656
033657
033658
033659
033660
033661
033662
033663
033664
033665
033666
033667
033668
033669
033670
033671
033672
033673
033674
06155P
06156P
06157P
06158P
06159P
06160P
06161P
06162P
06163P
06164P
06165P
06166P
06167P
06168P
06169P
06170P
06171P
06172P
06173P
06174P
06175P
06176P
06177P
033675
033676
033677
033678
033679
033680
033681
033682
033683
033684
033685
033686
033687
033688
033689
033690
033691
033692
033693
033694
033695
033696
033697
033698
033699
033700
033701
033702
033703
033704
033705
033706
033707
033708
033709
033710
033711
033712
033713
033714
033715
033716
033717
033718
033719
033720
033721
033722
033723
033724
033725
033726
033727
033728
033729
033730
033731
033732
033733
033734
033735
033736
033737
033738
033739
033740
033741
033742
033743
033744
033745
033746
033747
033748
033749
033750
033751
033752
033753
033754
033755
033756
033757
033758
033759
033760
033761
033762
033763
06178P
06179P
06180P
06181P
06182P
06183P
06184P
06185P
06186P
06187P
06188P
06189P
06190P
06191P
06192P
06193P
06194P
06195P
06196P
06197P
06198P
033764
033765
033766
033767
033768
033769
033770
033771
033772
033773
033774
033775
033776
033777
033778
033779
033780
033781
033782
033783
033784
033785
033786
033787
033788
033789
033790
033791
033792
033793
033794
033795
033796
033797
033798
033799
033800
033801
033802
033803
033804
033805
033806
033807
033808
033809
033810
033811
033812
033813
033814
033815
033816
033817
033818
033819
033820
033821
033822
033823
06199P
06200P
06201P
06202P
06203P
06204P
06205P
06206P
06207P
06208P
06209P
06210P
06211P
033824
033825
033826
033827
033828
033829
033830
033831
033832
033833
033834
033835
033836
033837
033838
033839
033840
033841
033842
033843
033844
033845
033846
033847
033848
033849
033850
033851
033852
033853
033854
033855
033856
033857
033858
033859
033860
033861
033862
033863
033864
033865
033866
033867
033868
033869
033870
033871
033872
033873
033874
033875
033876
033877
033878
033879
033880
033881
033882
033883
033884
033885
033886
033887
033888
033889
033890
033891
033892
033893
033894
033895
033896
06212P
06213P
06214P
06215P
06216P
06217P
06218P
06219P
06220P
06221P
06222P
06223P
06224P
06225P
06226P
06227P
06228P
06229P
06230P
06231P
06232P
06233P
06234P
06235P
06236P
06237P
06238P
06239P
06240P
06241P
033897
033898
033899
033900
033901
033902
033903
033904
033905
033906
033907
033908
033909
033910
033911
033912
033913
033914
033915
033916
033917
033918
033919
033920
033921
033922
033923
033924
033925
033926
033927
033928
033929
033930
033931
033932
033933
033934
033935
033936
033937
033938
033939
033940
033941
033942
033943
033944
033945
033946
033947
033948
033949
033950
033951
033952
033953
033954
033955
033956
033957
033958
033959
033960
033961
033962
033963
06242P
06243P
06244P
06245P
06246P
06247P
06248P
06249P
06250P
06251P
06252P
033964
033965
033966
033967
033968
033969
033970
033971
033972
033973
033974
033975
033976
033977
033978
033979
033980
033981
033982
033983
033984
033985
033986
033987
033988
033989
033990
033991
033992
033993
033994
033995
033996
033997
033998
033999
034000
034001
034002
034003
034004
034005
034006
034007
034008
034009
034010
034011
034012
034013
034014
06253P
06254P
06255P
06256P
06257P
06258P
06259P
06260P
06261P
06262P
06263P
06264P
06265P
06266P
06267P
06268P
06269P
034015
034016
034017
034018
034019
034020
034021
034022
034023
034024
034025
034026
034027
034028
034029
034030
034031
034032
034033
034034
034035
034036
034037
034038
034039
034040
034041
034042
034043
034044
034045
034046
034047
034048
034049
034050
034051
034052
034053
034054
034055
034056
034057
034058
034059
034060
034061
034062
034063
034064
034065
034066
034067
034068
034069
034070
034071
034072
034073
034074
034075
06270P
06271P
06272P
06273P
06274P
06275P
06276P
06277P
06278P
06279P
06280P
06281P
06282P
06283P
06284P
06285P
06286P
034076
034077
034078
034079
034080
034081
034082
034083
034084
034085
034086
034087
034088
034089
034090
034091
034092
034093
034094
034095
034096
034097
034098
034099
034100
034101
034102
034103
034104
034105
034106
034107
034108
034109
034110
034111
034112
034113
034114
034115
034116
034117
034118
034119
034120
034121
034122
034123
06287P
06288P
06289P
06290P
06291P
06292P
06293P
034124
034125
034126
034127
034128
034129
034130
034131
034132
034133
034134
034135
034136
034137
034138
034139
034140
034141
034142
034143
034144
034145
034146
034147
034148
034149
034150
034151
034152
034153
034154
034155
034156
034157
034158
034159
034160
034161
034162
034163
034164
034165
034166
034167
034168
034169
034170
06294P
06295P
06296P
06297P
06298P
06299P
06300P
06301P
06302P
06303P
034171
034172
034173
034174
034175
034176
034177
034178
034179
034180
034181
034182
034183
034184
034185
034186
034187
034188
034189
034190
034191
034192
034193
034194
034195
034196
034197
034198
034199
034200
034201
034202
034203
034204
034205
034206
034207
034208
034209
034210
034211
034212
034213
034214
034215
034216
034217
034218
034219
034220
034221
034222
034223
034224
034225
034226
034227
034228
034229
034230
034231
034232
034233
034234
034235
034236
034237
034238
034239
034240
034241
034242
034243
034244
034245
034246
034247
034248
06304P
06305P
06306P
06307P
06308P
06309P
06310P
06311P
06312P
06313P
06314P
06315P
06316P
06317P
06318P
06319P
06320P
06321P
06322P
06323P
06324P
06325P
034249
034250
034251
034252
034253
034254
034255
034256
034257
034258
034259
034260
034261
034262
034263
034264
034265
034266
034267
034268
034269
034270
034271
034272
034273
034274
034275
034276
034277
034278
034279
034280
034281
034282
034283
034284
034285
034286
034287
034288
034289
034290
034291
034292
034293
034294
034295
06326P
06327P
06328P
06329P
06330P
06331P
06332P
06333P
06334P
06335P
06336P
034296
034297
034298
034299
034300
034301
034302
034303
034304
034305
034306
034307
034308
034309
034310
034311
034312
034313
034314
034315
034316
034317
034318
034319
034320
034321
034322
034323
034324
034325
034326
034327
034328
034329
034330
034331
034332
034333
034334
034335
034336
034337
034338
034339
034340
034341
034342
034343
034344
034345
034346
034347
034348
034349
034350
034351
034352
034353
034354
034355
034356
034357
034358
034359
034360
034361
034362
034363
034364
034365
034366
034367
034368
034369
034370
034371
034372
034373
034374
034375
034376
034377
034378
06337P
06338P
06339P
06340P
06341P
06342P
06343P
06344P
06345P
06346P
06347P
06348P
06349P
06350P
06351P
06352P
034379
034380
034381
034382
034383
034384
034385
034386
034387
034388
034389
034390
034391
034392
034393
034394
034395
034396
034397
034398
034399
034400
034401
034402
034403
034404
034405
034406
034407
034408
034409
034410
034411
034412
034413
034414
034415
034416
034417
034418
034419
034420
034421
034422
034423
034424
034425
034426
034427
034428
034429
034430
034431
034432
034433
034434
034435
034436
034437
06353P
06354P
06355P
06356P
06357P
06358P
06359P
06360P
06361P
06362P
06363P
06364P
03041F
034438
034439
034440
034441
034442
034443
034444
034445
034446
034447
034448
034449
034450
034451
034452
034453
034454
034455
034456
034457
034458
034459
034460
034461
034462
034463
034464
034465
034466
034467
034468
034469
034470
034471
034472
034473
034474
034475
034476
034477
034478
034479
034480
034481
034482
034483
034484
034485
034486
034487
034488
034489
034490
034491
034492
034493
034494
034495
034496
03005Q
06365P
06366P
06367P
06368P
034497
034498
034499
034500
034501
034502
034503
034504
034505
034506
034507
034508
034509
034510
034511
034512
034513
034514
034515
034516
034517
034518
034519
034520
034521
034522
034523
034524
034525
034526
034527
034528
034529
034530
034531
034532
034533
034534
034535
034536
034537
034538
034539
034540
034541
034542
034543
034544
034545
034546
034547
034548
034549
034550
034551
034552
034553
034554
034555
034556
034557
034558
034559
034560
034561
034562
034563
034564
034565
034566
034567
034568
034569
034570
034571
034572
034573
034574
034575
034576
034577
034578
034579
034580
034581
034582
034583
034584
034585
034586
034587
034588
034589
034590
034591
06369P
06370P
06371P
06372P
06373P
06374P
06375P
06376P
06377P
06378P
06379P
06380P
06381P
06382P
06383P
06384P
06385P
06386P
06387P
06388P
06389P
06390P
06391P
034592
034593
034594
034595
034596
034597
034598
034599
034600
034601
034602
034603
034604
034605
034606
034607
034608
034609
034610
034611
034612
034613
034614
034615
034616
034617
034618
034619
034620
034621
034622
034623
034624
034625
034626
034627
034628
034629
034630
034631
034632
034633
034634
034635
034636
034637
034638
034639
034640
034641
034642
034643
034644
034645
034646
034647
034648
034649
034650
034651
034652
034653
034654
034655
034656
034657
034658
034659
034660
034661
034662
034663
034664
034665
034666
034667
034668
034669
034670
034671
034672
034673
034674
034675
034676
034677
034678
034679
034680
034681
034682
034683
034684
034685
034686
034687
034688
034689
034690
034691
034692
034693
034694
034695
034696
034697
034698
034699
034700
034701
034702
034703
034704
034705
034706
034707
034708
034709
034710
034711
034712
034713
034714
034715
034716
034717
034718
034719
034720
034721
034722
034723
034724
034725
034726
034727
034728
034729
034730
034731
034732
034733
034734
034735
034736
034737
034738
034739
034740
034741
034742
034743
034744
034745
034746
034747
034748
034749
034750
034751
034752
034753
034754
034755
034756
034757
034758
034759
034760
034761
034762
034763
034764
034765
034766
034767
034768
034769
034770
034771
034772
034773
034774
034775
034776
034777
034778
034779
034780
034781
06392P
06393P
06394P
06395P
06396P
06397P
06398P
06399P
06400P
034782
034783
034784
034785
034786
034787
034788
034789
034790
034791
034792
034793
034794
034795
034796
034797
034798
034799
034800
034801
034802
034803
034804
034805
034806
034807
034808
034809
034810
034811
034812
034813
034814
034815
034816
034817
034818
034819
034820
034821
034822
034823
034824
034825
034826
034827
034828
034829
034830
034831
034832
034833
034834
034835
034836
034837
034838
034839
034840
034841
034842
034843
034844
034845
034846
034847
034848
034849
034850
034851
034852
034853
034854
034855
034856
034857
034858
034859
034860
034861
034862
034863
06401P
06402P
06403P
06404P
06405P
06406P
06407P
06408P
06409P
06410P
06411P
06412P
06413P
034864
034865
034866
034867
034868
034869
034870
034871
034872
034873
034874
034875
034876
034877
034878
034879
034880
034881
034882
034883
034884
034885
034886
034887
034888
034889
034890
034891
034892
034893
034894
034895
034896
034897
034898
034899
034900
034901
034902
034903
034904
034905
034906
034907
034908
034909
034910
034911
06414P
06415P
06416P
06417P
06418P
06419P
06420P
06421P
06422P
06423P
06424P
06425P
06426P
06427P
06428P
06429P
034912
034913
034914
034915
034916
034917
034918
034919
034920
034921
034922
034923
034924
034925
034926
034927
034928
034929
034930
034931
034932
034933
034934
034935
034936
034937
034938
034939
034940
034941
034942
034943
034944
034945
034946
034947
034948
034949
034950
034951
034952
034953
034954
034955
034956
034957
034958
034959
034960
034961
034962
034963
034964
034965
034966
034967
034968
034969
034970
034971
06430P
06431P
06432P
06433P
06434P
06435P
06436P
06437P
034972
034973
034974
034975
034976
034977
034978
034979
034980
034981
034982
034983
034984
034985
034986
034987
034988
034989
034990
034991
034992
034993
034994
034995
034996
034997
034998
034999
035000
035001
035002
035003
035004
035005
035006
035007
035008
035009
035010
035011
035012
035013
035014
035015
035016
035017
035018
035019
035020
035021
035022
035023
035024
035025
035026
035027
035028
035029
035030
035031
035032
035033
035034
035035
035036
035037
035038
035039
035040
035041
035042
035043
035044
035045
035046
035047
035048
035049
035050
035051
035052
035053
035054
035055
035056
035057
035058
035059
035060
035061
035062
035063
035064
035065
035066
035067
035068
035069
035070
035071
035072
035073
035074
035075
035076
035077
035078
035079
035080
035081
035082
035083
035084
035085
035086
035087
035088
035089
035090
035091
035092
035093
035094
035095
035096
035097
035098
035099
035100
035101
035102
035103
035104
035105
035106
035107
035108
035109
035110
035111
035112
035113
035114
035115
035116
035117
035118
035119
035120
035121
035122
035123
035124
035125
035126
035127
035128
035129
035130
035131
035132
06438P
06439P
06440P
06441P
06442P
06443P
06444P
06445P
06446P
06447P
06448P
06449P
06450P
06451P
06452P
06453P
06454P
06455P
06456P
06457P
06458P
06459P
06460P
06461P
06462P
06463P
06464P
06465P
06466P
06467P
06468P
06469P
06470P
06471P
06472P
06473P
035133
035134
035135
035136
035137
035138
035139
035140
035141
035142
035143
035144
035145
035146
035147
035148
035149
035150
035151
035152
035153
035154
035155
035156
035157
035158
035159
035160
035161
035162
035163
035164
035165
035166
035167
035168
035169
035170
035171
035172
035173
035174
035175
035176
035177
035178
035179
035180
035181
035182
035183
035184
035185
035186
035187
035188
035189
035190
035191
035192
035193
035194
035195
035196
035197
035198
035199
035200
035201
035202
035203
035204
035205
035206
035207
035208
035209
035210
035211
035212
035213
035214
035215
035216
035217
035218
035219
035220
035221
035222
035223
035224
035225
035226
035227
035228
035229
035230
035231
035232
035233
035234
035235
035236
035237
035238
035239
035240
06474P
06475P
06476P
06477P
06478P
06479P
06480P
06481P
06482P
06483P
06484P
06485P
06486P
06487P
035241
035242
035243
035244
035245
035246
035247
035248
035249
035250
035251
035252
035253
035254
035255
035256
035257
035258
035259
035260
035261
035262
035263
035264
035265
035266
035267
035268
035269
035270
035271
035272
035273
035274
035275
035276
035277
035278
035279
035280
035281
035282
035283
035284
035285
035286
035287
035288
035289
035290
035291
035292
035293
035294
035295
035296
035297
035298
035299
035300
035301
06488P
06489P
06490P
06491P
06492P
06493P
06494P
06495P
06496P
06497P
035302
035303
035304
035305
035306
035307
035308
035309
035310
035311
035312
035313
035314
035315
035316
035317
035318
035319
035320
035321
035322
035323
035324
035325
035326
035327
035328
035329
035330
035331
035332
035333
035334
035335
035336
035337
035338
035339
035340
035341
035342
035343
035344
035345
035346
035347
035348
035349
035350
035351
035352
035353
035354
035355
035356
035357
035358
035359
035360
035361
035362
035363
035364
035365
035366
035367
06498P
06499P
06500P
06501P
06502P
06503P
06504P
06505P
035368
035369
035370
035371
035372
035373
035374
035375
035376
035377
035378
035379
035380
035381
035382
035383
035384
035385
035386
035387
035388
035389
035390
035391
035392
035393
035394
035395
035396
035397
035398
035399
035400
035401
035402
035403
035404
06506P
06507P
06508P
06509P
06510P
06511P
06512P
06513P
06514P
06515P
06516P
06517P
035405
035406
035407
035408
035409
035410
035411
035412
035413
035414
035415
035416
035417
035418
035419
035420
035421
035422
035423
035424
035425
035426
035427
035428
035429
035430
035431
035432
035433
035434
035435
035436
035437
035438
035439
035440
035441
035442
035443
035444
035445
035446
035447
035448
035449
035450
035451
035452
035453
035454
035455
035456
035457
035458
035459
035460
035461
035462
035463
035464
035465
035466
035467
035468
035469
035470
035471
035472
035473
035474
035475
035476
035477
035478
035479
035480
035481
035482
06518P
06519P
06520P
06521P
06522P
06523P
06524P
06525P
06526P
06527P
06528P
06529P
06530P
06531P
06532P
06533P
06534P
06535P
06536P
06537P
06538P
06539P
06540P
06541P
06542P
06543P
035483
035484
035485
035486
035487
035488
035489
035490
035491
035492
035493
035494
035495
035496
035497
035498
035499
035500
035501
035502
035503
035504
035505
035506
035507
035508
035509
035510
035511
035512
035513
035514
035515
035516
035517
035518
035519
035520
035521
035522
035523
035524
035525
06544P
06545P
06546P
06547P
06548P
06549P
035526
035527
035528
035529
035530
035531
035532
035533
035534
035535
035536
035537
035538
035539
035540
035541
035542
035543
035544
035545
035546
035547
035548
035549
035550
035551
035552
035553
035554
035555
035556
035557
035558
035559
035560
035561
035562
035563
035564
035565
035566
035567
035568
035569
035570
035571
035572
035573
035574
035575
035576
035577
035578
035579
035580
035581
035582
035583
035584
035585
035586
035587
035588
035589
06550P
06551P
06552P
06553P
06554P
06555P
06556P
035590
035591
035592
035593
035594
035595
035596
035597
035598
035599
035600
035601
035602
035603
035604
035605
035606
035607
035608
035609
035610
035611
035612
035613
035614
035615
035616
035617
035618
035619
035620
035621
035622
035623
035624
035625
035626
035627
035628
035629
035630
035631
035632
035633
035634
035635
035636
06557P
06558P
06559P
06560P
06561P
06562P
06563P
06564P
06565P
06566P
06567P
06568P
06569P
035637
035638
035639
035640
035641
035642
035643
035644
035645
035646
035647
035648
035649
035650
035651
035652
035653
035654
035655
035656
035657
035658
035659
035660
035661
035662
035663
035664
035665
035666
035667
035668
035669
035670
035671
035672
035673
035674
035675
035676
035677
035678
035679
035680
035681
035682
035683
035684
035685
06570P
06571P
06572P
06573P
06574P
06575P
06576P
06577P
06578P
035686
035687
035688
035689
035690
035691
035692
035693
035694
035695
035696
035697
035698
035699
035700
035701
035702
035703
035704
035705
035706
035707
035708
035709
035710
035711
035712
035713
035714
035715
035716
035717
035718
035719
035720
035721
035722
035723
035724
035725
035726
035727
035728
035729
035730
035731
035732
035733
035734
035735
035736
035737
035738
035739
035740
035741
035742
035743
035744
035745
035746
035747
035748
06579P
06580P
06581P
06582P
06583P
06584P
06585P
06586P
06587P
06588P
06589P
06590P
06591P
06592P
06593P
06594P
06595P
06596P
035749
035750
035751
035752
035753
035754
035755
035756
035757
035758
035759
035760
035761
035762
035763
035764
035765
035766
035767
035768
035769
035770
035771
035772
035773
035774
035775
035776
035777
035778
035779
035780
035781
035782
035783
035784
035785
035786
035787
035788
035789
035790
035791
035792
035793
035794
035795
035796
035797
035798
035799
035800
035801
035802
035803
035804
035805
035806
035807
035808
035809
035810
035811
035812
035813
035814
06597P
06598P
06599P
06600P
06601P
06602P
06603P
06604P
06605P
06606P
06607P
06608P
06609P
06610P
06611P
06612P
06613P
06614P
035815
035816
035817
035818
035819
035820
035821
035822
035823
035824
035825
035826
035827
035828
035829
035830
035831
035832
035833
035834
035835
035836
035837
035838
035839
035840
035841
035842
035843
035844
035845
035846
035847
035848
035849
035850
035851
035852
035853
035854
035855
035856
035857
035858
035859
035860
035861
035862
035863
035864
035865
035866
06615P
06616P
06617P
06618P
06619P
06620P
06621P
06622P
06623P
035867
035868
035869
035870
035871
035872
035873
035874
035875
035876
035877
035878
035879
035880
035881
035882
035883
035884
035885
035886
035887
035888
035889
035890
035891
035892
035893
035894
035895
035896
035897
035898
035899
035900
035901
035902
035903
035904
035905
035906
035907
035908
035909
035910
035911
035912
035913
035914
035915
035916
035917
035918
035919
035920
035921
035922
035923
035924
035925
035926
035927
035928
035929
035930
035931
035932
035933
035934
035935
035936
035937
035938
035939
035940
035941
035942
035943
035944
035945
035946
035947
035948
035949
035950
035951
035952
035953
035954
035955
035956
035957
035958
035959
035960
035961
035962
035963
035964
035965
035966
035967
035968
035969
035970
035971
035972
035973
035974
035975
06624P
06625P
06626P
06627P
06628P
06629P
06630P
06631P
06632P
06633P
06634P
06635P
06636P
06637P
06638P
06639P
06640P
06641P
06642P
06643P
06644P
06645P
06646P
035976
035977
035978
035979
035980
035981
035982
035983
035984
035985
035986
035987
035988
035989
035990
035991
035992
035993
035994
035995
035996
035997
035998
035999
036000
036001
036002
036003
036004
036005
036006
036007
036008
036009
036010
036011
036012
036013
036014
036015
036016
036017
036018
036019
036020
036021
036022
036023
036024
036025
036026
036027
036028
036029
036030
036031
036032
06647P
06648P
06649P
06650P
06651P
06652P
06653P
06654P
06655P
06656P
06657P
06658P
06659P
06660P
06661P
06662P
06663P
06664P
06665P
06666P
06667P
06668P
036033
036034
036035
036036
036037
036038
036039
036040
036041
036042
036043
036044
036045
036046
036047
036048
036049
036050
036051
036052
036053
036054
036055
036056
036057
036058
036059
036060
036061
036062
036063
036064
036065
036066
036067
036068
036069
036070
036071
036072
036073
036074
036075
036076
036077
036078
036079
036080
036081
036082
036083
036084
036085
036086
036087
036088
036089
036090
036091
036092
036093
036094
036095
036096
036097
036098
036099
036100
036101
036102
036103
036104
036105
036106
036107
036108
036109
036110
06669P
06670P
06671P
06672P
06673P
06674P
06675P
06676P
06677P
06678P
06679P
06680P
06681P
06682P
06683P
06684P
06685P
06686P
036111
036112
036113
036114
036115
036116
036117
036118
036119
036120
036121
036122
036123
036124
036125
036126
036127
036128
036129
036130
036131
036132
036133
036134
036135
036136
036137
036138
036139
036140
036141
036142
036143
036144
036145
036146
036147
036148
036149
036150
036151
036152
036153
036154
036155
036156
036157
036158
036159
036160
036161
036162
036163
036164
036165
036166
036167
036168
036169
036170
036171
036172
06687P
06688P
06689P
06690P
06691P
06692P
06693P
06694P
06695P
06696P
06697P
06698P
06699P
06700P
06701P
06702P
06703P
06704P
036173
036174
036175
036176
036177
036178
036179
036180
036181
036182
036183
036184
036185
036186
036187
036188
036189
036190
036191
036192
036193
036194
036195
036196
036197
036198
036199
036200
036201
036202
036203
036204
036205
036206
036207
036208
036209
036210
036211
036212
036213
036214
036215
036216
036217
036218
036219
036220
036221
036222
036223
036224
06705P
06706P
06707P
06708P
06709P
06710P
06711P
06712P
06713P
06714P
06715P
06716P
06717P
06718P
06719P
06720P
036225
036226
036227
036228
036229
036230
036231
036232
036233
036234
036235
036236
036237
036238
036239
036240
036241
036242
036243
036244
036245
036246
036247
036248
036249
036250
036251
036252
036253
036254
036255
036256
036257
036258
036259
036260
036261
036262
036263
036264
036265
036266
036267
036268
036269
036270
036271
036272
036273
036274
036275
036276
036277
036278
036279
036280
036281
036282
036283
036284
06721P
06722P
06723P
06724P
06725P
06726P
06727P
06728P
06729P
06730P
036285
036286
036287
036288
036289
036290
036291
036292
036293
036294
036295
036296
036297
036298
036299
036300
036301
036302
036303
036304
036305
036306
036307
036308
036309
036310
036311
036312
036313
036314
036315
036316
036317
036318
036319
036320
036321
036322
036323
036324
036325
036326
036327
036328
036329
036330
036331
036332
036333
036334
036335
036336
036337
036338
036339
036340
036341
036342
036343
036344
036345
036346
036347
036348
036349
036350
036351
036352
036353
036354
036355
036356
036357
036358
036359
036360
036361
036362
036363
036364
036365
036366
036367
036368
036369
036370
036371
036372
036373
036374
036375
036376
036377
036378
036379
036380
06731P
06732P
06733P
06734P
06735P
06736P
06737P
06738P
06739P
06740P
06741P
06742P
06743P
06744P
06745P
06746P
06747P
06748P
06749P
06750P
06751P
06752P
06753P
06754P
06755P
06756P
06757P
06758P
06759P
06760P
06761P
06762P
06763P
06764P
06765P
06766P
06767P
06768P
06769P
06770P
06771P
06772P
06773P
06774P
06775P
06776P
06777P
06778P
06779P
06780P
06781P
06782P
036381
036382
036383
036384
036385
036386
036387
036388
036389
036390
036391
036392
036393
036394
036395
036396
036397
036398
036399
036400
036401
036402
036403
036404
036405
036406
036407
036408
036409
036410
036411
036412
036413
036414
036415
036416
036417
036418
036419
036420
036421
036422
036423
036424
036425
036426
036427
036428
036429
036430
036431
036432
036433
036434
036435
036436
036437
036438
036439
036440
036441
036442
036443
036444
06783P
06784P
06785P
06786P
06787P
06788P
06789P
06790P
06791P
06792P
06793P
06794P
06795P
06796P
06797P
06798P
06799P
06800P
06801P
06802P
06803P
06804P
06805P
036445
036446
036447
036448
036449
036450
036451
036452
036453
036454
036455
036456
036457
036458
036459
036460
036461
036462
036463
036464
036465
036466
036467
036468
036469
036470
036471
036472
036473
036474
036475
036476
036477
036478
036479
036480
036481
036482
036483
036484
036485
036486
036487
036488
036489
036490
036491
036492
036493
036494
036495
036496
036497
036498
036499
036500
036501
036502
036503
036504
036505
036506
036507
036508
036509
036510
036511
036512
036513
036514
036515
036516
036517
036518
036519
036520
036521
036522
036523
036524
036525
036526
036527
036528
036529
036530
06806P
06807P
06808P
06809P
06810P
06811P
06812P
06813P
06814P
06815P
06816P
06817P
06818P
06819P
06820P
06821P
06822P
06823P
06824P
06825P
06826P
06827P
06828P
06829P
06830P
06831P
06832P
06833P
06834P
03042F
036531
036532
036533
036534
036535
036536
036537
036538
036539
036540
036541
036542
036543
036544
036545
036546
036547
036548
036549
036550
036551
036552
036553
036554
036555
036556
036557
036558
036559
036560
036561
036562
036563
036564
036565
036566
036567
036568
036569
036570
036571
036572
036573
06835P
06836P
06837P
06838P
06839P
06840P
06841P
06842P
06843P
06844P
06845P
06846P
06847P
06848P
06849P
06850P
06851P
06852P
06853P
06854P
06855P
036574
036575
036576
036577
036578
036579
036580
036581
036582
036583
036584
036585
036586
036587
036588
036589
036590
036591
036592
036593
036594
036595
036596
036597
036598
036599
036600
036601
036602
036603
036604
036605
036606
036607
036608
036609
036610
036611
036612
036613
036614
036615
036616
036617
036618
036619
036620
036621
036622
036623
036624
036625
036626
036627
036628
036629
036630
036631
036632
036633
036634
036635
036636
036637
036638
06856P
06857P
06858P
06859P
06860P
06861P
06862P
06863P
06864P
06865P
036639
036640
036641
036642
036643
036644
036645
036646
036647
036648
036649
036650
036651
036652
036653
036654
036655
036656
036657
036658
036659
036660
036661
036662
036663
036664
036665
036666
036667
036668
036669
036670
036671
036672
036673
036674
036675
036676
036677
036678
036679
036680
036681
036682
036683
036684
036685
036686
036687
036688
036689
036690
036691
036692
036693
036694
036695
036696
036697
036698
036699
036700
036701
036702
036703
036704
036705
036706
036707
036708
036709
036710
06866P
06867P
06868P
06869P
06870P
06871P
06872P
06873P
06874P
06875P
06876P
06877P
06878P
06879P
06880P
06881P
06882P
06883P
06884P
06885P
06886P
06887P
06888P
036711
036712
036713
036714
036715
036716
036717
036718
036719
036720
036721
036722
036723
036724
036725
036726
036727
036728
036729
036730
036731
036732
036733
036734
036735
036736
036737
036738
036739
036740
036741
036742
036743
036744
036745
036746
036747
036748
036749
036750
036751
036752
036753
036754
036755
036756
036757
036758
036759
036760
036761
036762
036763
036764
036765
036766
036767
036768
036769
036770
036771
036772
036773
036774
036775
036776
036777
036778
036779
036780
036781
036782
036783
036784
036785
036786
036787
036788
036789
036790
036791
036792
036793
036794
036795
036796
036797
036798
036799
036800
036801
036802
06889P
06890P
06891P
06892P
06893P
06894P
06895P
06896P
06897P
06898P
06899P
06900P
06901P
06902P
06903P
06904P
06905P
06906P
06907P
06908P
06909P
06910P
06911P
06912P
06913P
06914P
06915P
06916P
06917P
06918P
06919P
06920P
06921P
06922P
06923P
06924P
06925P
06926P
06927P
06928P
06929P
06930P
036803
036804
036805
036806
036807
036808
036809
036810
036811
036812
036813
036814
036815
036816
036817
036818
036819
036820
036821
036822
036823
036824
036825
036826
036827
036828
036829
036830
036831
036832
036833
036834
036835
036836
036837
036838
036839
036840
036841
036842
036843
036844
036845
036846
036847
036848
036849
036850
036851
036852
036853
036854
036855
036856
036857
036858
036859
036860
036861
036862
036863
036864
036865
036866
036867
036868
036869
036870
036871
036872
036873
036874
036875
036876
036877
036878
036879
06931P
06932P
06933P
06934P
06935P
06936P
06937P
06938P
06939P
06940P
06941P
06942P
06943P
06944P
06945P
06946P
036880
036881
036882
036883
036884
036885
036886
036887
036888
036889
036890
036891
036892
036893
036894
036895
036896
036897
036898
036899
036900
036901
036902
036903
036904
036905
036906
036907
036908
036909
036910
036911
036912
036913
036914
036915
036916
036917
036918
036919
036920
036921
036922
036923
036924
036925
036926
036927
036928
036929
036930
036931
036932
036933
036934
036935
036936
036937
036938
036939
036940
036941
036942
036943
06947P
06948P
06949P
06950P
06951P
06952P
06953P
06954P
06955P
06956P
06957P
06958P
06959P
06960P
06961P
06962P
06963P
06964P
06965P
036944
036945
036946
036947
036948
036949
036950
036951
036952
036953
036954
036955
036956
036957
036958
036959
036960
036961
036962
036963
036964
036965
036966
036967
036968
036969
036970
036971
036972
036973
036974
036975
036976
036977
036978
036979
036980
036981
036982
036983
036984
036985
036986
036987
036988
036989
036990
036991
036992
036993
036994
036995
036996
036997
036998
036999
037000
037001
037002
037003
037004
037005
037006
037007
037008
037009
037010
037011
037012
037013
037014
037015
037016
037017
037018
037019
037020
037021
037022
037023
037024
037025
037026
037027
037028
037029
037030
037031
037032
037033
037034
06966P
06967P
06968P
06969P
06970P
06971P
06972P
06973P
06974P
06975P
06976P
06977P
06978P
06979P
06980P
06981P
06982P
06983P
06984P
06985P
06986P
06987P
06988P
06989P
06990P
06991P
06992P
06993P
06994P
06995P
037035
037036
037037
037038
037039
037040
037041
037042
037043
037044
037045
037046
037047
037048
037049
037050
037051
037052
037053
037054
037055
037056
037057
037058
037059
037060
037061
037062
037063
037064
037065
037066
037067
037068
037069
037070
037071
037072
037073
037074
037075
037076
037077
037078
037079
037080
06996P
06997P
06998P
06999P
07000P
07001P
07002P
07003P
07004P
07005P
07006P
07007P
07008P
07009P
07010P
07011P
07012P
07013P
07014P
07015P
07016P
037081
037082
037083
037084
037085
037086
037087
037088
037089
037090
037091
037092
037093
037094
037095
037096
037097
037098
037099
037100
037101
037102
037103
037104
037105
037106
037107
037108
037109
037110
037111
037112
037113
037114
037115
037116
037117
037118
037119
037120
037121
037122
037123
037124
037125
037126
037127
037128
037129
037130
037131
037132
037133
037134
037135
037136
037137
037138
037139
037140
037141
037142
037143
037144
037145
037146
037147
07017P
07018P
07019P
07020P
07021P
07022P
07023P
07024P
07025P
07026P
07027P
07028P
07029P
07030P
07031P
07032P
07033P
07034P
07035P
07036P
07037P
07038P
07039P
07040P
07041P
07042P
07043P
07044P
037148
037149
037150
037151
037152
037153
037154
037155
037156
037157
037158
037159
037160
037161
037162
037163
037164
037165
037166
037167
037168
037169
037170
037171
037172
037173
037174
037175
037176
037177
037178
037179
037180
037181
037182
037183
037184
037185
037186
037187
037188
037189
037190
037191
037192
037193
037194
037195
037196
037197
037198
037199
037200
037201
037202
037203
037204
037205
037206
037207
037208
037209
037210
037211
037212
037213
037214
037215
037216
037217
037218
037219
037220
037221
037222
037223
07045P
07046P
07047P
07048P
07049P
07050P
07051P
07052P
07053P
07054P
07055P
07056P
07057P
07058P
07059P
07060P
07061P
07062P
07063P
07064P
07065P
07066P
07067P
037224
037225
037226
037227
037228
037229
037230
037231
037232
037233
037234
037235
037236
037237
037238
037239
037240
037241
037242
037243
037244
037245
037246
037247
037248
037249
037250
037251
037252
037253
037254
037255
037256
037257
037258
037259
037260
037261
037262
037263
037264
037265
037266
037267
037268
037269
037270
037271
037272
037273
037274
07068P
07069P
07070P
07071P
07072P
07073P
07074P
07075P
07076P
07077P
07078P
07079P
07080P
03043F
03044F
037275
037276
037277
037278
037279
037280
037281
037282
037283
037284
037285
037286
037287
037288
037289
037290
037291
037292
037293
037294
037295
037296
037297
037298
037299
037300
037301
037302
037303
037304
037305
037306
037307
037308
037309
037310
037311
037312
037313
037314
037315
037316
037317
037318
037319
037320
037321
037322
037323
037324
037325
037326
037327
037328
037329
037330
037331
037332
037333
037334
037335
037336
037337
037338
037339
037340
037341
037342
037343
037344
037345
037346
037347
037348
037349
037350
037351
037352
037353
037354
037355
037356
037357
037358
037359
037360
037361
037362
037363
037364
037365
037366
037367
037368
037369
037370
07081P
07082P
07083P
07084P
07085P
07086P
07087P
07088P
07089P
07090P
07091P
07092P
07093P
07094P
07095P
07096P
07097P
07098P
07099P
07100P
037371
037372
037373
037374
037375
037376
037377
037378
037379
037380
037381
037382
037383
037384
037385
037386
037387
037388
037389
037390
037391
037392
037393
037394
037395
037396
037397
037398
037399
037400
037401
037402
037403
037404
037405
037406
037407
037408
037409
037410
037411
037412
037413
037414
037415
037416
037417
037418
037419
037420
037421
037422
037423
037424
037425
037426
037427
037428
037429
037430
037431
037432
037433
037434
07101P
07102P
07103P
07104P
07105P
07106P
07107P
07108P
07109P
07110P
07111P
07112P
07113P
07114P
07115P
07116P
07117P
07118P
037435
037436
037437
037438
037439
037440
037441
037442
037443
037444
037445
037446
037447
037448
037449
037450
037451
037452
037453
037454
037455
037456
037457
037458
037459
037460
037461
037462
037463
037464
037465
037466
037467
037468
037469
037470
037471
037472
037473
037474
07119P
07120P
07121P
07122P
07123P
07124P
07125P
07126P
07127P
07128P
07129P
07130P
07131P
07132P
07133P
07134P
07135P
07136P
07137P
07138P
037475
037476
037477
037478
037479
037480
037481
037482
037483
037484
037485
037486
037487
037488
037489
037490
037491
037492
037493
037494
037495
037496
037497
037498
037499
037500
037501
037502
037503
037504
037505
037506
037507
037508
037509
037510
037511
037512
037513
037514
037515
037516
037517
037518
037519
037520
037521
037522
07139P
07140P
07141P
07142P
07143P
07144P
07145P
07146P
07147P
07148P
07149P
07150P
07151P
07152P
07153P
07154P
07155P
07156P
07157P
037523
037524
037525
037526
037527
037528
037529
037530
037531
037532
037533
037534
037535
037536
037537
037538
037539
037540
037541
037542
037543
037544
037545
037546
037547
037548
037549
037550
037551
037552
037553
037554
037555
037556
037557
037558
037559
037560
037561
037562
037563
037564
037565
037566
037567
037568
037569
037570
037571
037572
037573
037574
037575
037576
037577
037578
037579
037580
037581
037582
037583
037584
037585
037586
037587
037588
037589
037590
037591
037592
037593
037594
037595
037596
07158P
07159P
07160P
07161P
07162P
07163P
07164P
07165P
07166P
07167P
07168P
07169P
07170P
07171P
07172P
07173P
07174P
07175P
07176P
07177P
07178P
07179P
07180P
07181P
07182P
07183P
07184P
07185P
037597
037598
037599
037600
037601
037602
037603
037604
037605
037606
037607
037608
037609
037610
037611
037612
037613
037614
037615
037616
037617
037618
037619
037620
037621
037622
037623
037624
037625
037626
037627
037628
037629
037630
037631
037632
037633
037634
037635
037636
037637
037638
037639
037640
037641
037642
037643
037644
037645
037646
037647
037648
037649
07186P
07187P
07188P
07189P
07190P
07191P
07192P
07193P
07194P
07195P
07196P
07197P
07198P
07199P
07200P
07201P
07202P
07203P
037650
037651
037652
037653
037654
037655
037656
037657
037658
037659
037660
037661
037662
037663
037664
037665
037666
037667
037668
037669
037670
037671
037672
037673
037674
037675
037676
037677
037678
037679
037680
037681
037682
037683
037684
037685
037686
037687
037688
037689
037690
037691
037692
037693
037694
037695
037696
037697
037698
037699
037700
037701
07204P
07205P
07206P
07207P
07208P
07209P
07210P
07211P
07212P
07213P
07214P
07215P
07216P
07217P
07218P
07219P
07220P
07221P
07222P
07223P
07224P
07225P
07226P
07227P
07228P
037702
037703
037704
037705
037706
037707
037708
037709
037710
037711
037712
037713
037714
037715
037716
037717
037718
037719
037720
037721
037722
037725
037726
037727
037728
037729
037730
037731
037732
037733
037734
037735
037736
037737
037738
037739
037740
037741
037742
037743
037744
037745
037746
037747
037748
037749
037750
037751
037752
037753
037754
037755
037756
037757
037758
037759
037760
037761
037762
037763
037764
037765
037766
037767
037768
037769
037770
037771
037772
037773
037774
037775
037776
037777
037778
037779
037780
037781
037782
037783
037784
037785
037786
037787
037788
037789
037790
07229P
07230P
07231P
07232P
07233P
07234P
07235P
07239P
07240P
07241P
07242P
07243P
07244P
07245P
07246P
07247P
07248P
07249P
07250P
07251P
07252P
07253P
07254P
07255P
07256P
07257P
07258P
07259P
037723
037724
037791
037792
037793
037794
037795
037796
037797
037798
037799
037800
037801
037802
037803
037804
037805
037806
037807
037808
037809
037810
037811
037812
037813
037814
037815
037816
037817
037818
037819
037820
037821
037822
037823
037824
037825
037826
037827
037828
037829
037830
037831
037832
037833
037834
037835
037836
037837
037838
037839
037840
037841
037842
037843
037844
037845
037846
037847
037848
037849
037850
037851
037852
037853
037854
037855
037856
037857
037858
037859
037860
037861
037862
037863
037864
037865
07236P
07237P
07238P
07260P
07261P
07262P
07263P
07264P
07265P
07266P
07267P
07268P
07269P
07270P
07271P
07272P
07273P
07274P
07275P
07276P
037866
037867
037868
037869
037870
037871
037872
037873
037874
037875
037876
037877
037878
037879
037880
037881
037882
037883
037884
037885
037886
037887
037888
037889
037890
037891
037892
037893
037894
037895
037896
037897
037898
037899
037900
037901
037902
037903
037904
037905
037906
037907
037908
037909
037910
07277P
07278P
07279P
07280P
07281P
07282P
07283P
07284P
07285P
07286P
037911
037912
037913
037914
037915
037916
037917
037918
037919
037920
037921
037922
037923
037924
037925
037926
037927
037928
037929
037930
037931
037932
037933
037934
037935
037936
037937
037938
037939
037940
037941
037942
037943
037944
037945
037946
037947
037948
037949
037950
037951
037952
037953
037954
037955
037956
037957
037958
037959
037960
037961
037962
037963
037964
037965
037966
037967
037968
037969
037970
07287P
07288P
07289P
07290P
07291P
07292P
07293P
07294P
07295P
07296P
07297P
07298P
07299P
07300P
07301P
07302P
07303P
07304P
07305P
07306P
07307P
037971
037972
037973
037974
037975
037976
037977
037978
037979
037980
037981
037982
037983
037984
037985
037986
037987
037988
037989
037990
037991
037992
037993
037994
037995
037996
037997
037998
037999
038000
038001
038002
038003
038004
038005
038006
038007
038008
038009
038010
038011
038012
038013
038014
038015
038016
038017
038018
038019
038020
038021
038022
038023
038024
038025
038026
038027
038028
038029
038030
038031
038032
038033
038034
038035
038036
038037
038038
038039
038040
038041
07308P
07309P
07310P
07311P
07312P
07313P
07314P
07315P
07316P
07317P
07318P
07319P
07320P
07321P
07322P
07323P
07324P
07325P
07326P
07327P
07328P
07329P
07330P
07331P
07332P
07333P
07334P
038042
038043
038044
038045
038046
038047
038048
038049
038050
038051
038052
038053
038054
038055
038056
038057
038058
038059
038060
038061
038062
038063
038064
038065
038066
038067
038068
038069
038070
038071
038072
038073
038074
038075
038076
038077
038078
038079
038080
038081
038082
038083
038084
038085
038086
038087
038088
038089
038090
038091
038092
038093
038094
038095
038096
038097
038098
038099
038100
038101
038102
038103
038104
038105
038106
038107
038108
038109
038110
038111
038112
038113
038114
038115
038116
038117
038118
038119
038120
038121
038122
038123
038124
038125
038126
038127
038128
038129
038130
038131
038132
038133
07335P
07336P
07337P
07338P
07339P
07340P
07341P
07342P
07343P
07344P
07345P
07346P
07347P
07348P
07349P
07350P
07351P
07352P
07353P
07354P
07355P
07356P
038134
038135
038136
038137
038138
038139
038140
038141
038142
038143
038144
038145
038146
038147
038148
038149
038150
038151
038152
038153
038154
038155
038156
038157
038158
038159
038160
038161
038162
038163
038164
038165
038166
038167
038168
038169
038170
038171
07357P
07358P
07359P
07360P
07361P
07362P
07363P
07364P
07365P
038172
038173
038174
038175
038176
038177
038178
038179
038180
038181
038182
038183
038184
038185
038186
038187
038188
038189
038190
038191
038192
038193
038194
038195
038196
038197
038198
038199
038200
038201
038202
038203
038204
038205
038206
038207
038208
038209
038210
038211
038212
038213
038214
038215
038216
038217
038218
038219
038220
038221
038222
038223
038224
038225
038226
07366P
07367P
07368P
07369P
07370P
07371P
07372P
07373P
07374P
07375P
07376P
07377P
07378P
07379P
07380P
07381P
07382P
07383P
07384P
07385P
038227
038228
038229
038230
038231
038232
038233
038234
038235
038236
038237
038238
038239
038240
038241
038242
038243
038244
038245
038246
038247
038248
038249
038250
038251
038252
038253
038254
038255
038256
038257
038258
038259
038260
038261
038262
038263
038264
038265
038266
038267
038268
038269
038270
038271
038272
038273
038274
038275
038276
038277
038278
038279
038280
038281
038282
038283
038284
038285
038286
038287
038288
038289
038290
038291
038292
038293
038294
038295
038296
038297
038298
07386P
07387P
07388P
07389P
07390P
07391P
07392P
07393P
07394P
07395P
07396P
07397P
07398P
07399P
07400P
07401P
07402P
07403P
038299
038300
038301
038302
038303
038304
038305
038306
038307
038308
038309
038310
038311
038312
038313
038314
038315
038316
038317
038318
038319
038320
038321
038322
038323
038324
038325
038326
038327
038328
038329
038330
038331
038332
038333
038334
038335
038336
038337
038338
038339
038340
038341
038342
038343
038344
038345
038346
038347
038348
038349
038350
038351
038352
038353
038354
038355
038356
038357
038358
038359
038360
038361
038362
038363
038364
038365
038366
038367
038368
038369
038370
07404P
07405P
07406P
07407P
07408P
07409P
07410P
07411P
07412P
07413P
07414P
07415P
07416P
07417P
07418P
07419P
07420P
07421P
07422P
038371
038372
038373
038374
038375
038376
038377
038378
038379
038380
038381
038382
038383
038384
038385
038386
038387
038388
038389
038390
038391
038392
038393
038394
038395
038396
038397
038398
038399
038400
038401
038402
038403
038404
038405
038406
038407
038408
038409
038410
038411
038412
038413
038414
038415
038416
038417
038418
038419
038420
038421
038422
038423
038424
038425
038426
038427
038428
038429
038430
038431
038432
038433
038434
038435
038436
038437
038438
038439
038440
038441
038442
038443
038444
038445
038446
038447
038448
038449
038450
038451
038452
038453
038454
038455
038456
038457
038458
038459
038460
038474
038475
038476
07423P
07424P
07425P
07426P
07427P
07428P
07429P
07430P
07431P
07432P
07433P
07434P
07435P
07436P
07437P
07438P
07439P
07440P
07441P
07442P
07443P
07444P
07445P
07446P
07447P
07448P
07449P
07450P
07451P
07452P
07453P
07454P
07455P
07456P
038461
038462
038463
038464
038465
038466
038467
038468
038469
038470
038471
038472
038473
038477
038478
038479
038480
038481
038482
038483
038484
038485
038486
038487
038488
038489
038490
038491
038492
038493
038494
038495
038496
038497
038498
038499
038500
038501
038502
038503
038504
038505
038506
038507
038508
038509
038510
038511
038512
038513
038514
038515
038516
038517
038518
038519
038520
038521
038522
038523
038524
038525
038526
038527
038528
038529
038530
038531
038532
038533
038534
038535
038536
038537
038538
038539
038540
038541
038542
038543
038544
038545
038546
038547
038548
038549
038550
038551
07457P
07458P
07459P
07460P
07461P
07462P
07463P
07464P
07465P
07466P
07467P
07468P
038552
038553
038554
038555
038556
038557
038558
038559
038560
038561
038562
038563
038564
038565
038566
038567
038568
038569
038570
038571
038572
038573
038574
038575
038576
038577
038578
038579
038580
038581
038582
038583
038584
038585
038586
038587
038588
038589
038590
038591
038592
038593
038594
038595
038596
038597
038598
038599
07469P
07470P
07471P
07472P
07473P
07474P
07475P
07476P
07477P
07478P
07479P
07480P
07481P
07482P
07483P
07484P
07485P
038600
038601
038602
038603
038604
038605
038606
038607
038608
038609
038610
038611
038612
038613
038614
038615
038616
038617
038618
038619
038620
038621
038622
038623
038624
038625
038626
038627
038628
038629
038630
038631
038632
038633
038634
038635
038636
038637
038638
038639
038640
038641
038642
038643
038644
038645
038646
038647
038648
038649
038650
038651
038652
038653
038654
038655
038656
038657
038658
038659
038660
038661
038662
038663
038664
038665
038666
038667
038668
07486P
07487P
07488P
07489P
07490P
07491P
07492P
07493P
07494P
07495P
07496P
07497P
07498P
07499P
07500P
07501P
038669
038670
038671
038672
038673
038674
038675
038676
038677
038678
038679
038680
038681
038682
038683
038684
038685
038686
038687
038688
038689
038690
038691
038692
038693
038694
038695
038696
038697
038698
038699
038700
038701
038702
038703
038704
038705
038706
038707
038708
038709
038710
038711
038712
038713
038714
038715
038716
038717
038718
038719
038720
038721
038722
038723
038724
038725
038726
038727
038728
038729
038730
038731
038732
038733
038734
038735
038736
038737
038738
038739
038740
038741
038742
038743
038744
038745
038746
038747
038748
038749
038750
038751
038752
038753
038754
038755
038756
038757
038758
07502P
07503P
07504P
07505P
07506P
07507P
07508P
07509P
07510P
07511P
07512P
07513P
07514P
07515P
07516P
07517P
07518P
07519P
07520P
07521P
07522P
07523P
07524P
07525P
07526P
07527P
07528P
07529P
07530P
07531P
07532P
07533P
07534P
07535P
07536P
07537P
07538P
07539P
07540P
07541P
07542P
07543P
07544P
07545P
07546P
07547P
07548P
07549P
07550P
07551P
038759
038760
038761
038762
038763
038764
038765
038766
038767
038768
038769
038770
038771
038772
038773
038774
038775
038776
038777
038778
038779
038780
038781
038782
038783
038784
038785
038786
038787
038788
038789
038790
038791
038792
038793
038794
038795
038796
038797
038798
038799
038800
038801
038802
038803
038804
038805
038806
038807
038808
038809
038810
038811
038812
038813
038814
038815
038816
038817
038818
038819
038820
038821
038822
038823
07552P
07553P
07554P
07555P
07556P
07557P
07558P
07559P
07560P
07561P
07562P
07563P
07564P
07565P
07566P
07567P
07568P
07569P
07570P
07571P
07572P
07573P
07574P
07575P
07576P
07577P
07578P
07579P
07580P
07581P
07582P
07583P
07584P
07585P
07586P
07587P
07588P
07589P
038824
038825
038826
038827
038828
038829
038830
038831
038832
038833
038834
038835
038836
038837
038838
038839
038840
038841
038842
038843
038844
038845
038846
038847
038848
038849
038850
038851
038852
038853
038854
038855
038856
038857
038858
038859
038860
038861
038862
038863
038864
038865
038866
038867
038868
038869
038870
038871
038872
038873
038874
038875
038876
038877
038878
038879
038880
038881
038882
038883
038884
038885
038886
038887
038888
038889
038890
038891
038892
038893
038894
038895
038896
038897
038898
038899
038900
038901
038902
038903
07590P
07591P
07592P
07593P
07594P
07595P
07596P
07597P
07598P
07599P
07600P
07601P
07602P
07603P
07604P
07605P
07606P
07607P
07608P
07609P
038904
038905
038906
038907
038908
038909
038910
038911
038912
038913
038914
038915
038916
038917
038918
038919
038920
038921
038922
038923
038924
038925
038926
038927
038928
038929
038930
038931
038932
038933
038934
038935
038936
038937
038938
038939
038940
038941
038942
038943
038944
038945
038946
038947
038948
038949
038950
038951
038952
038953
038954
038955
038956
038957
038958
038959
038960
038961
038962
038963
038964
038965
038966
038967
038968
038969
038970
038971
038972
038973
038974
038975
038976
038977
038978
038979
038980
038981
038982
038983
038984
038985
038986
038987
038988
038989
038990
038991
038992
038993
038994
038995
038996
038997
038998
038999
039000
039001
039002
039003
039004
039005
039006
039007
039008
039009
039010
039011
039012
039013
039014
039015
039016
039017
039018
039019
039020
039021
039022
039023
039024
039025
039026
039027
039028
039029
039030
039031
039032
039033
039034
039035
039036
039037
039038
039039
039040
039041
039042
07610P
07611P
07612P
07613P
07614P
07615P
07616P
07617P
07618P
07619P
07620P
07621P
07622P
07623P
07624P
039043
039044
039045
039046
039047
039048
039049
039050
039051
039052
039053
039054
039055
039056
039057
039058
039059
039060
039061
039062
039063
039064
039065
039066
039067
039068
039069
039070
039071
039072
039073
039074
039075
039076
039077
039078
039079
039080
039081
039082
039083
039084
039085
039086
039087
039088
039089
039090
039091
039092
039093
07625P
07626P
07627P
07628P
07629P
07630P
07631P
07632P
07633P
07634P
07635P
07636P
07637P
07638P
07639P
07640P
07641P
07642P
07643P
07644P
07645P
07646P
07647P
07648P
07649P
039094
039095
039096
039097
039098
039099
039100
039101
039102
039103
039104
039105
039106
039107
039108
039109
039110
039111
039112
039113
039114
039115
039116
039117
039118
039119
039120
039121
039122
039123
039124
039125
039126
039127
039128
039129
039130
039131
039132
039133
039134
039135
039136
039137
039138
039139
039140
039141
039142
039143
039144
039145
039146
039147
039148
039149
039150
039151
039152
039153
039154
039155
039156
039157
07650P
07651P
07652P
07653P
07654P
07655P
07656P
07657P
07658P
07659P
07660P
07661P
07662P
07663P
07664P
07665P
07666P
07667P
07668P
07669P
07670P
07671P
07672P
07673P
039158
039159
039160
039161
039162
039163
039164
039165
039166
039167
039168
039169
039170
039171
039172
039173
039174
039175
039176
039177
039178
039179
039180
039181
039182
039183
039184
039185
039186
039187
039188
039189
039190
039191
039192
039193
039194
039195
039196
039197
039198
039199
039200
039201
039202
039203
039204
039205
039206
039207
039208
039209
039210
039211
039212
039213
07674P
07675P
07676P
07677P
07678P
07679P
07680P
07681P
07682P
07683P
07684P
07685P
07686P
07687P
07688P
07689P
07690P
07691P
039214
039215
039216
039217
039218
039219
039220
039221
039222
039223
039224
039225
039226
039227
039228
039229
039230
039231
039232
039233
039234
039235
039236
039237
039238
039239
039240
039241
039242
039243
039244
039245
039246
039247
039248
039249
039250
039251
039252
039253
039254
039255
039256
039257
039258
039259
039260
039261
039262
039263
039264
039265
039266
039267
039268
039269
039270
039271
07692P
07693P
07694P
07695P
07696P
07697P
07698P
07699P
07700P
039272
039273
039274
039275
039276
039277
039278
039279
039280
039281
039282
039283
039284
039285
039286
039287
039288
039289
039290
039291
039292
039293
039294
039295
039296
039297
039298
039299
039300
039301
039302
039303
039304
039305
039306
039307
039308
039309
039310
039311
039312
039313
039314
039315
039316
039317
039318
039319
039320
039321
039322
039323
039324
039325
07701P
07702P
07703P
07704P
07705P
07706P
07707P
07708P
07709P
07710P
07711P
07712P
07713P
039326
039327
039328
039329
039330
039331
039332
039333
039334
039335
039336
039337
039338
039339
039340
039341
039342
039343
039344
039345
039346
039347
039348
039349
039350
039351
039352
039353
039354
039355
039356
039357
039358
039359
039360
039361
039362
039363
039364
039365
039366
039367
039368
039369
039370
039371
07714P
07715P
07716P
07717P
07718P
07719P
07720P
07721P
07722P
07723P
07724P
07725P
07726P
07727P
039372
039373
039374
039375
039376
039377
039378
039379
039380
039381
039382
039383
039384
039385
039386
039387
039388
039389
039390
039391
039392
039393
039394
039395
039396
039397
039398
039399
039400
039401
039402
039403
039404
039405
039406
039407
039408
039409
039410
039411
039412
039413
039414
039415
039416
039417
039418
039419
039420
039421
039422
039423
039424
039425
039426
039427
039428
039429
039430
039431
039432
039433
039434
039435
039436
039437
039438
039439
07728P
07729P
07730P
07731P
07732P
07733P
07734P
07735P
07736P
07737P
07738P
07739P
07740P
07741P
07742P
07743P
07744P
07745P
07746P
039440
039441
039442
039443
039444
039445
039446
039447
039448
039449
039450
039451
039452
039453
039454
039455
039456
039457
039458
039459
039460
039461
039462
039463
039464
039465
039466
039467
039468
039469
039470
039471
039472
039473
039474
039475
039476
039477
039478
039479
039480
039481
039482
039483
039484
039485
039486
039487
039488
039489
039490
039491
039492
039493
039494
039495
039496
039497
039498
039499
039500
039501
039502
039503
039504
039505
039506
039507
039508
039509
039510
039511
039512
039513
039514
039515
039516
039517
039518
039519
039520
039521
039522
039523
07747P
07748P
07749P
07750P
07751P
07752P
07753P
07754P
07755P
07756P
07757P
07758P
07759P
07760P
07761P
07762P
07763P
07764P
07765P
07766P
07767P
07768P
07769P
07770P
07771P
07772P
07773P
039524
039525
039526
039527
039528
039529
039530
039531
039532
039533
039534
039535
039536
039537
039538
039539
039540
039541
039542
039543
039544
039545
039546
039547
039548
039549
039550
039551
039552
039553
039554
039555
039556
039557
039558
039559
039560
039561
039562
039563
039564
039565
039566
039567
039568
039569
039570
039571
039572
039573
039574
039575
07774P
07775P
07776P
07777P
07778P
07779P
07780P
07781P
07782P
07783P
07784P
07785P
07786P
07787P
07788P
07789P
07790P
07791P
07792P
07793P
07794P
039576
039577
039578
039579
039580
039581
039582
039583
039584
039585
039586
039587
039588
039589
039590
039591
039592
039593
039594
039595
039596
039597
039598
039599
039600
039601
039602
039603
039604
039605
039606
039607
039608
039609
039610
039611
039612
039613
039614
039615
039616
039617
039618
039619
039620
039621
039622
039623
039624
039625
039626
039627
039628
039629
039630
039631
039632
039633
039634
039635
039636
039637
07795P
07796P
07797P
07798P
07799P
07800P
07801P
07802P
07803P
07804P
07805P
07806P
07807P
07808P
07809P
07810P
07811P
07812P
07813P
07814P
07815P
07816P
07817P
07818P
07819P
07820P
07821P
07822P
07823P
07824P
07825P
07826P
07827P
07828P
07829P
07830P
07831P
07832P
07833P
07834P
07835P
07836P
039638
039639
039640
039641
039642
039643
039644
039645
039646
039647
039648
039649
039650
039651
039652
039653
039654
039655
039656
039657
039658
039659
039660
039661
039662
039663
039664
039665
039666
039667
07837P
07838P
07839P
07840P
07841P
07842P
07843P
07844P
07845P
07846P
07847P
07848P
07849P
039668
039669
039670
039671
039672
039673
039674
039675
039676
039677
039678
039679
039680
039681
039682
039683
039684
039685
039686
039687
039688
039689
039690
039691
039692
039693
039694
039695
039696
039697
039698
039699
039700
039701
039702
039703
039704
039705
039706
039707
039708
07850P
07851P
07852P
07853P
07854P
07855P
07856P
07857P
07858P
07859P
07860P
07861P
07862P
07863P
07864P
07865P
07866P
039709
039710
039711
039712
039713
039714
039715
039716
039717
039718
039719
039720
039721
039722
039723
039724
039725
039726
039727
039728
039729
039730
039731
039732
039733
039734
039735
039736
039737
039738
039739
039740
039741
039742
039743
039744
039745
039746
039747
07867P
07868P
07869P
07870P
07871P
07872P
07873P
07874P
039748
039749
039750
039751
039752
039753
039754
039755
039756
039757
039758
039759
039760
039761
039762
039763
039764
039765
039766
039767
039768
039769
039770
039771
039772
039773
039774
039775
039776
039777
039778
039779
039780
039781
039782
039783
039784
039785
039786
039787
039788
039789
039790
039791
039792
039793
039794
039795
039796
039797
039798
039799
039800
039801
039802
039803
039804
07875P
07876P
07877P
07878P
07879P
07880P
07881P
07882P
07883P
07884P
07885P
07886P
07887P
07888P
07889P
07890P
07891P
07892P
07893P
07894P
07895P
07896P
07897P
07898P
039805
039806
039807
039808
039809
039810
039811
039812
039813
039814
039815
039816
039817
039818
039819
039820
039821
039822
039823
039824
039825
039826
039827
039828
039829
039830
039831
039832
039833
039834
07899P
07900P
07901P
07902P
07903P
07904P
07905P
039835
039836
039837
039838
039839
039840
039841
039842
039843
039844
039845
039846
039847
039848
039849
039850
039851
039852
039853
039854
039855
039856
039857
039858
039859
039860
039861
039862
039863
039864
039865
039866
039867
039868
07906P
07907P
07908P
07909P
07910P
07911P
07912P
07913P
07914P
07915P
07916P
039869
039870
039871
039872
039873
039874
039875
039876
039877
039878
039879
039880
039881
039882
039883
039884
039885
039886
039887
039888
039889
039890
039891
039892
039893
039894
039895
039896
039897
039898
039899
039900
039901
039902
039903
039904
07917P
07918P
07919P
07920P
07921P
07922P
07923P
039905
039906
039907
039908
039909
039910
039911
039912
039913
039914
039915
039916
039917
039918
039919
039920
039921
039922
039923
039924
039925
039926
039927
039928
039929
039930
039931
039932
039933
039934
039935
039936
039937
039938
039939
039940
039941
039942
039943
039944
039945
039946
039947
039948
039949
039950
039951
039952
039953
039954
039955
039956
039957
039958
039959
039960
039961
039962
039963
039964
039965
07924P
07925P
07926P
07927P
07928P
07930P
07931P
07932P
07933P
07934P
07935P
07936P
07937P
039966
039967
039968
039969
039970
039971
039972
039973
039974
039975
039976
039977
039978
039979
039980
039981
039982
039983
039984
039985
039986
039987
039988
039989
039990
039991
039992
039993
039994
039995
039996
039997
039998
039999
040000
040001
040002
040003
040004
040005
040006
040007
040008
040009
040010
040011
040012
040013
040014
07938P
07939P
07940P
07941P
07942P
07943P
07944P
07945P
07946P
07947P
07948P
07949P
07950P
07951P
07952P
07953P
07954P
07955P
07956P
07957P
040015
040016
040017
040018
040019
040020
040021
040022
040023
040024
040025
040026
040027
040028
040029
040030
040031
040032
040033
040034
040035
040036
040037
040038
040039
040040
040041
040042
040043
040044
040045
040046
040047
040048
040049
040050
040051
040052
040053
040054
040055
040056
040057
040058
040059
040060
040061
040062
040063
040064
040065
040066
040067
040068
040069
040070
040071
07958P
07959P
07960P
07961P
07962P
07963P
07964P
07965P
07966P
07967P
07968P
07969P
07970P
07971P
07972P
07973P
07974P
07975P
07976P
07977P
07978P
07979P
07980P
07981P
07982P
07983P
040072
040073
040074
040075
040076
040077
040078
040079
040080
040081
040082
040083
040084
040085
040086
040087
040088
040089
040090
040091
07984P
07985P
07986P
07987P
07988P
07989P
07990P
07991P
07992P
040092
040093
040094
040095
040096
040097
040098
040099
040100
040101
040102
040103
040104
040105
040106
040107
040108
040109
040110
040111
040112
040113
040114
040115
040116
040117
040118
040119
040120
040121
040122
07993P
07994P
07995P
07996P
07997P
07998P
07999P
08000P
08001P
08002P
08003P
08004P
08005P
08006P
040123
040124
040125
040126
040127
040128
040129
040130
040131
040132
040133
040134
040135
040136
040137
040138
040139
040140
040141
040142
040143
040144
040145
040146
040147
040148
040149
040150
040151
040152
040153
040154
040155
040156
040157
040158
040159
040160
040161
040162
040163
040164
040165
040166
040167
040168
040169
040170
040171
040172
040173
040174
040175
040176
040177
040178
08007P
08008P
08009P
08010P
08011P
08012P
08013P
08014P
08015P
08016P
08017P
08018P
08019P
08020P
08021P
08022P
040179
040180
040181
040182
040183
040184
040185
040186
040187
040188
040189
040190
040191
040192
040193
040194
040195
040196
040197
040198
040199
040200
040201
040202
040203
040204
040205
040206
040207
040208
040209
040210
040211
040212
040213
040214
040215
040216
040217
040218
040219
040220
040221
040222
040223
040224
040225
040226
040227
040228
040229
040230
040231
040232
040233
040234
040235
040236
040237
040238
040239
040240
040241
040242
040243
040244
040245
040246
040247
040248
040249
040250
040251
040252
040253
040254
040255
040256
040257
040258
040259
040260
040261
040262
040263
040264
040265
040266
08023P
08024P
08025P
08026P
08027P
08028P
08029P
08030P
08031P
08032P
08033P
08034P
08035P
08036P
08037P
040267
040268
040269
040270
040271
040272
040273
040274
040275
040276
040277
040278
040279
040280
040281
040282
040283
040284
040285
040286
040287
040288
040289
040290
040291
040292
040293
040294
040295
040296
040297
040298
040299
040300
040301
040302
040303
040304
040305
040306
040307
040308
040309
040310
040311
040312
040313
040314
08038P
08039P
08040P
08041P
08042P
08043P
08044P
08045P
08046P
08047P
08048P
08049P
040315
040316
040317
040318
040319
040320
040321
040322
040323
040324
040325
040326
040327
040328
040329
040330
040331
040332
040333
040334
040335
040336
040337
040338
040339
040340
040341
040342
040343
040344
08050P
08051P
08052P
08053P
08054P
08055P
08056P
08057P
040345
040346
040347
040348
040349
040350
040351
040352
040353
040354
040355
040356
040357
040358
040359
040360
040361
040362
040363
040364
040365
040366
040367
040368
040369
040370
040371
040372
040373
040374
040375
040376
040377
040378
040379
040380
040381
040382
040383
040384
040385
040386
040387
040388
040389
040390
040391
040392
040393
040394
040395
08058P
08059P
08060P
08061P
08062P
08063P
08064P
08065P
08066P
08067P
08068P
08069P
08070P
08071P
08072P
040396
040397
040398
040399
040400
040401
040402
040403
040404
040405
040406
040407
040408
040409
040410
040411
040412
040413
040414
040415
040416
040417
040418
040419
040420
040421
040422
040423
040424
040425
040426
040427
040428
040429
040430
040431
040432
040433
040434
040435
040436
040437
08073P
08074P
08075P
08076P
08077P
08078P
08079P
08080P
08081P
08082P
08083P
08084P
08085P
08086P
08087P
08088P
08089P
08090P
08091P
08092P
08093P
040438
040439
040440
040441
040442
040443
040444
040445
040446
040447
040448
040449
040450
040451
040452
040453
040454
040455
040456
040457
040458
040459
040460
040461
040462
040463
040464
040465
040466
040467
040468
040469
040470
040471
040472
040473
040474
040475
040476
040477
040478
08094P
08095P
08096P
08097P
08098P
08099P
08100P
08101P
08102P
08103P
08104P
08105P
08106P
08107P
08108P
08109P
040479
040480
040481
040482
040483
040484
040485
040486
040487
040488
040489
040490
040491
040492
040493
040494
040495
040496
040497
040498
040499
040500
040501
040502
040503
040504
040505
040506
040507
040508
040509
040510
040511
040512
040513
040514
040515
040516
040517
040518
040519
040520
040521
040522
040523
040524
040525
040526
040527
040528
040529
040530
040531
040532
040533
040534
08110P
08111P
08112P
08113P
08114P
08115P
08116P
08117P
08118P
08119P
08120P
08121P
08122P
08123P
08124P
08125P
08126P
08127P
040535
040536
040537
040538
040539
040540
040541
040542
040543
040544
040545
040546
040547
040548
040549
040550
040551
040552
040553
040554
040555
040556
040557
040558
040559
040560
040561
040562
040563
040564
040565
040566
040567
040568
040569
040570
040571
040572
040573
040574
040575
040576
040577
040578
040579
040580
040581
040582
040583
08128P
08129P
08130P
08131P
08132P
08133P
08134P
08135P
08136P
08137P
08138P
08139P
08140P
08141P
08142P
08143P
08144P
08145P
08146P
08147P
08148P
08149P
08150P
08151P
08152P
08153P
08154P
040584
040585
040586
040587
040588
040589
040590
040591
040592
040593
040594
040595
040596
040597
040598
040599
040600
040601
040602
040603
040604
040605
040606
040607
040608
040609
040610
040611
040612
040613
040614
040615
040616
040617
040618
040619
040620
040621
040622
040623
040624
040625
040626
040627
040628
040629
08155P
08156P
08157P
08158P
08159P
08160P
08161P
08162P
08163P
08164P
08165P
040630
040631
040632
040633
040634
040635
040636
040637
040638
040639
040640
040641
040642
040643
040644
040645
040646
040647
040648
040649
040650
040651
040652
040653
040654
040655
040656
040657
040658
040659
040660
040661
040662
040663
040664
040665
040666
040667
040668
040669
040670
040671
040672
08166P
08167P
08168P
08169P
08170P
08171P
08172P
08173P
08174P
08175P
08176P
08177P
08178P
08179P
08180P
040673
040674
040675
040676
040677
040678
040679
040680
040681
040682
040683
040684
040685
040686
040687
040688
040689
040690
040691
040692
040693
040694
040695
040696
040697
040698
040699
040700
040701
040702
040703
040704
040705
040706
040707
040708
040709
040710
040711
040712
040713
040714
040715
040716
040717
040718
040719
040720
040721
040722
040723
040724
040725
040726
040727
040728
040729
040730
040731
040732
040733
040734
040735
040736
040737
040738
040739
040740
08181P
08182P
08183P
08184P
08185P
08186P
08187P
08188P
08189P
08190P
08191P
08192P
08193P
08194P
08195P
08196P
040741
040742
040743
040744
040745
040746
040747
040748
040749
040750
040751
040752
040753
040754
040755
040756
040757
040758
040759
040760
040761
040762
040763
040764
040765
040766
040767
040768
040769
040770
040771
040772
040773
040774
040775
040776
08197P
08198P
08199P
08200P
08201P
08202P
08203P
08204P
08205P
08206P
08207P
08208P
08209P
08210P
040777
040778
040779
040780
040781
040782
040783
040784
040785
040786
040787
040788
040789
040790
040791
040792
040793
040794
040795
040796
040797
040798
040799
040800
040801
040802
040803
040804
040805
040806
040807
040808
040809
040810
040811
040812
08211P
08212P
08213P
08214P
08215P
08216P
08217P
08218P
08219P
08220P
040813
040814
040815
040816
040817
040818
040819
040820
040821
040822
040823
040824
040825
040826
040827
040828
040829
040830
040831
040832
040833
040834
040835
040836
040837
040838
040839
040840
040841
040842
040843
040844
040845
040846
040847
040848
040849
040850
040851
040852
040853
040854
040855
040856
040857
08221P
08222P
08223P
08224P
040858
040859
040860
040861
040862
040863
040864
040865
040866
040867
040868
040869
040870
040871
040872
040873
040874
040875
040876
040877
040878
040879
040880
040881
040882
040883
040884
040885
040886
040887
040888
040889
040890
040891
040892
040893
040894
040895
040896
040897
040898
040899
040900
040901
040902
040903
040904
040905
08225P
08226P
08227P
08228P
08229P
08230P
08231P
08232P
08233P
08234P
08235P
08236P
040906
040907
040908
040909
040910
040911
040912
040913
040914
040915
040916
040917
040918
040919
040920
040921
040922
040923
040924
040925
040926
040927
040928
040929
040930
040931
040932
08237P
08238P
08239P
08240P
08241P
08242P
08243P
08244P
08245P
08246P
08247P
08248P
040933
040934
040935
040936
040937
040938
040939
040940
040941
040942
040943
040944
040945
040946
040947
040948
040949
040950
040951
040952
040953
040954
040955
040956
040957
040958
040959
040960
040961
08249P
08250P
08251P
08252P
08253P
08254P
08255P
08256P
040962
040963
040964
040965
040966
040967
040968
040969
040970
040971
040972
040973
040974
040975
040976
040977
040978
040979
040980
040981
040982
040983
040984
040985
040986
040987
040988
040989
08257P
08258P
08259P
040990
040991
040992
040993
040994
040995
040996
040997
040998
040999
041000
041001
041002
041003
041004
041005
041006
041007
041008
041009
041010
041011
041012
041013
041014
041015
041016
041017
041018
041019
041020
041021
041022
041023
041024
041025
041026
041027
041028
041029
041030
041031
041032
041033
041034
041035
041036
041037
041038
041039
041040
041041
041042
041043
041044
08260P
08261P
08262P
08263P
08264P
08265P
08266P
08267P
08268P
08269P
08270P
08271P
08272P
08273P
08274P
08275P
08276P
08277P
08278P
041045
041046
041047
041048
041049
041050
041051
041052
041053
041054
041055
041056
041057
041058
041059
041060
041061
041062
041063
041064
041065
041066
041067
041068
041069
041070
041071
041072
041073
041074
041075
041076
041077
041078
041079
041080
041081
041082
08279P
08280P
08281P
08282P
08283P
041083
041084
041085
041086
041087
041088
041089
041090
041091
041092
041093
041094
041095
041096
041097
041098
041099
041100
041101
041102
041103
041104
041105
041106
041107
041108
041109
041110
041111
041112
041113
041114
041115
041116
041117
041118
041119
041120
041121
041122
041123
041124
041125
041126
041127
041128
041129
041130
041131
08284P
08285P
08286P
08287P
08288P
08289P
08290P
08291P
08292P
08293P
08294P
08295P
08296P
041132
041133
041134
041135
041136
041137
041138
041139
041140
041141
041142
041143
041144
041145
041146
041147
041148
041149
041150
041151
041152
041153
041154
041155
041156
08297P
08298P
08299P
08300P
041157
041158
041159
041160
041161
041162
041163
041164
041165
041166
041167
041168
041169
041170
041171
041172
041173
041174
041175
041176
041177
041178
041179
041180
041181
041182
041183
041184
041185
041186
041187
041188
041189
041190
041191
041192
041193
041194
041195
041196
041197
041198
041199
041200
041201
08301P
08302P
08303P
08304P
08305P
08306P
08307P
08308P
08309P
08310P
08311P
08312P
08313P
08314P
041202
041203
041204
041205
041206
041207
041208
041209
041210
041211
041212
041213
041214
041215
041216
041217
041218
041219
041220
041221
041222
041223
041224
041225
041226
041227
041228
041229
041230
041231
041232
041233
041234
041235
041236
041237
041238
041239
041240
041241
041242
041243
041244
041245
08315P
08316P
08317P
08318P
08319P
08320P
08321P
08322P
041246
041247
041248
041249
041250
041251
041252
041253
041254
041255
041256
041257
041258
041259
041260
041261
041262
041263
041264
041265
041266
041267
041268
041269
041270
041271
041272
041273
041274
08323P
08324P
08325P
08326P
08327P
08328P
08329P
08330P
08331P
08332P
08333P
08334P
041275
041276
041277
041278
041279
041280
041281
041282
041283
041284
041285
041286
041287
041288
041289
041290
041291
041292
041293
041294
041295
041296
041297
041298
041299
041300
041301
041302
041303
041304
041305
041306
041307
041308
041309
041310
041311
041312
041313
041314
041315
041316
041317
041318
041319
041320
041321
041322
041323
041324
08335P
08336P
08337P
08338P
08339P
08340P
08341P
08342P
08343P
08344P
08345P
08346P
08347P
08348P
08349P
08350P
08351P
08352P
08353P
041325
041326
041327
041328
041329
041330
041331
041332
041333
041334
041335
041336
041337
041338
041339
041340
041341
041342
041343
041344
041345
08354P
08355P
08356P
08357P
08358P
08359P
08360P
08361P
08362P
08363P
08364P
08365P
08366P
08367P
08368P
08369P
041346
041347
041348
041349
041350
041351
041352
041353
041354
041355
041356
041357
041358
041359
041360
041361
041362
041363
041364
041365
041366
041367
041368
041369
041370
041371
041372
041373
041374
041375
041376
041377
041378
041379
041380
041381
041382
041383
041384
041385
041386
041387
041388
041389
041390
041391
041392
041393
041394
041395
041396
041397
041398
041399
041400
041401
041402
041403
041404
041405
041406
08370P
08371P
08372P
08373P
08374P
08375P
08376P
08377P
08378P
08379P
08380P
08381P
08382P
08383P
08384P
08385P
08386P
08387P
08388P
08389P
08390P
08391P
08392P
08393P
08394P
08395P
08396P
08397P
08398P
041407
041408
041409
041410
041411
041412
041413
041414
041415
041416
041417
041418
041419
041420
041421
041422
041423
041424
041425
041426
041427
041428
041429
041430
041431
041432
041433
041434
041435
041436
041437
041438
041439
041440
041441
041442
041443
041444
041445
041446
041447
041448
041449
041450
041451
041452
041453
041454
041455
041456
041457
08399P
08401P
08402P
08403P
08404P
08405P
08406P
08407P
08408P
08409P
08410P
08411P
08412P
08413P
08414P
08416P
08417P
041458
041459
041460
041461
041462
041463
041464
041465
041466
041467
041468
041469
041470
041471
041472
041473
041474
041475
041476
041477
041478
041479
041480
041481
041482
041483
041484
041485
041486
041487
041488
041489
041490
041491
041492
041493
041494
041495
041496
041497
041498
041499
041500
041501
041502
041503
041504
041505
041506
041507
041508
041509
041510
041511
041512
041513
041514
041515
041516
041517
041518
08418P
08419P
08420P
08421P
08422P
08423P
08424P
08425P
08426P
08427P
08428P
08429P
08430P
08431P
08432P
08433P
08434P
08435P
08436P
08437P
08438P
041519
041520
041521
041522
041523
041524
041525
041526
041527
041528
041529
041530
041531
041532
041533
041534
041535
041536
041537
041538
041539
041540
041541
041542
041543
041544
041545
041546
041547
041548
041549
041550
041551
041552
041553
041554
08439P
08440P
08441P
08442P
08443P
08444P
08445P
08446P
08447P
08448P
08449P
08450P
08451P
08452P
041555
041556
041557
041558
041559
041560
041561
041562
041563
041564
041565
041566
041567
041568
041569
041570
041571
041572
041573
041574
041575
041576
041577
041578
041579
041580
041581
041582
041583
041584
041585
041586
041587
041588
041589
041590
041591
041592
041593
041594
041595
041596
041597
041598
041599
041600
041601
041602
041603
041604
041605
041606
041607
041608
041609
041610
041611
041612
041613
041614
041615
08453P
08454P
08455P
08456P
08457P
08458P
08459P
08460P
08461P
08462P
08463P
08464P
08465P
08466P
08467P
08468P
041616
041617
041618
041619
041620
041621
041622
041623
041624
041625
041626
041627
041628
041629
041630
041631
041632
041633
041634
041635
041636
041637
041638
041639
041640
041641
041642
041643
041644
041645
041646
041647
041648
041649
041650
041651
041652
041653
041654
041655
041656
041657
041658
08469P
08470P
08471P
08472P
08473P
08474P
08475P
08476P
08477P
08478P
08479P
041659
041660
041661
041662
041663
041664
041665
041666
041667
041668
041669
041670
041671
041672
041673
041674
041675
041676
041677
041678
041679
041680
041681
041682
041683
041684
041685
041686
041687
041688
041689
041690
041691
041692
041693
041694
041695
041696
041697
041698
041699
041700
041701
041702
041703
041704
041705
041706
041707
041708
041709
041710
08480P
08481P
08482P
08483P
08484P
08486P
08487P
08488P
08489P
08490P
08491P
08492P
041711
041712
041713
041714
041715
041716
041717
041718
041719
041720
041721
041722
041723
041724
041725
041726
041727
041728
041729
041730
041731
041732
041733
041734
041735
041736
041737
041738
041739
041740
041741
041742
041743
041744
041745
041746
041747
041748
041749
041750
041751
041752
041753
08493P
08494P
08495P
08496P
08497P
08498P
08499P
08500P
08501P
08502P
08503P
08504P
08505P
08506P
08507P
08508P
041754
041755
041756
041757
041758
041759
041760
041761
041762
041763
041764
041765
041766
041767
041768
041769
041770
041771
041772
041773
041774
041775
041776
041777
041778
041779
041780
041781
041782
041783
041784
041785
041786
041787
041788
041789
041790
041791
041792
08509P
08510P
08511P
08512P
08513P
08514P
08515P
08516P
08517P
08518P
08519P
08520P
041793
041794
041795
041796
041797
041798
041799
041800
041801
041802
041803
041804
041805
041806
041807
041808
041809
041810
041811
041812
041813
041814
041815
041816
041817
041818
041819
041820
041821
041822
041823
041824
041825
041826
041827
041828
041829
041830
041831
041832
041833
041834
041835
041836
041837
041838
041839
041840
041841
041842
041843
041844
041845
041846
041847
041848
08521P
08522P
08523P
08524P
08525P
08526P
08527P
08528P
08529P
08530P
08531P
08532P
08533P
08534P
041849
041850
041851
041852
041853
041854
041855
041856
041857
041858
041859
041860
041861
041862
041863
041864
041865
041866
041867
041868
041869
041870
041871
041872
041873
041874
041875
041876
041877
041878
041879
041880
041881
041882
041883
041884
041885
041886
041887
041888
041889
041890
041891
041892
041893
041894
08535P
08536P
08537P
08538P
08539P
08540P
08541P
08542P
08543P
08544P
08545P
08546P
08547P
041895
041896
041897
041898
041899
041900
041901
041902
041903
041904
041905
041906
041907
041908
041909
041910
041911
041912
041913
041914
041915
041916
041917
041918
041919
041920
041921
041922
041923
041924
041925
041926
041927
041928
041929
041930
041931
041932
041933
041934
041935
041936
041937
041938
041939
041940
041941
041942
041943
041944
041945
041946
041947
041948
041949
041950
041951
041952
041953
041954
041955
041956
041957
041958
041959
041960
041961
041962
041963
041964
041965
041966
08548P
08549P
08550P
08551P
08552P
08553P
08554P
08555P
08556P
08557P
08558P
08559P
08560P
08561P
08562P
08563P
08564P
041967
041968
041969
041970
041971
041972
041973
041974
041975
041976
041977
041978
041979
041980
041981
041982
041983
041984
041985
041986
041987
041988
041989
041990
041991
041992
041993
041994
041995
041996
041997
041998
041999
042000
042001
042002
042003
042004
042005
042006
042007
042008
042009
042010
042011
042012
042013
042014
042015
042016
042017
042018
042019
042020
042021
042022
042023
042024
042025
042026
042027
042028
042029
042030
042031
042032
08565P
08566P
08567P
08568P
08569P
08570P
08571P
08572P
08573P
08574P
08575P
08576P
08577P
08578P
08579P
08580P
08581P
08582P
08583P
08584P
08585P
042033
042034
042035
042036
042037
042038
042039
042040
042041
042042
042043
042044
042045
042046
042047
042048
042049
042050
042051
042052
042053
042054
042055
042056
042057
042058
042059
042060
042061
042062
042063
042064
042065
042066
042067
042068
042069
042070
042071
042072
042073
042074
042075
042076
042077
042078
042079
042080
042081
042082
042083
042084
042085
042086
042087
042088
042089
042090
042091
042092
042093
042094
042095
042096
042097
042098
042099
042100
042101
042102
042103
042104
042105
042106
08586P
08587P
08588P
08589P
08590P
08591P
08592P
08593P
08594P
08595P
08596P
08597P
08598P
042107
042108
042109
042110
042111
042112
042113
042114
042115
042116
042117
042118
042119
042120
042121
042122
042123
042124
042125
042126
042127
042128
042129
042130
042131
042132
042133
042134
042135
042136
042137
042138
042139
042140
042141
042142
042143
042144
042145
042146
042147
042148
042149
042150
042151
042152
042153
042154
042155
042156
042157
042158
042159
042160
042161
042162
042163
042164
042165
042166
042167
042168
042169
042170
042171
042172
042173
042174
042175
042176
042177
042178
042179
042180
042181
042182
042183
042184
042185
042186
042187
042188
042189
042190
042191
042192
042193
042194
042195
042196
042197
042198
042199
042200
042201
042202
042203
042204
042205
042206
042207
042208
042209
042210
042211
042212
042213
042214
042215
042216
042217
042218
042219
042220
042221
042222
042223
042224
042225
042226
042227
042228
042229
042230
042231
042232
042233
042234
042235
042236
042237
042238
042239
042240
042241
042242
042243
042244
042245
042246
042247
042248
042249
042250
042251
042252
042253
042254
042255
042256
042257
042258
08599P
08600P
08601P
08602P
08603P
08604P
08605P
08606P
08607P
08608P
08609P
08610P
08611P
08612P
042259
042260
042261
042262
042263
042264
042265
042266
042267
042268
042269
042270
042271
042272
042273
042274
042275
042276
042277
042278
042279
042280
042281
042282
042283
042284
042285
042286
042287
042288
042289
042290
042291
042292
042293
042294
042295
042296
042297
042298
042299
042300
042301
042302
042303
042304
042305
042306
042307
042308
042309
042310
042311
042312
042313
042314
042315
042316
042317
042318
042319
042320
08613P
08615P
08616P
08617P
08618P
08619P
08620P
08621P
08622P
08623P
08624P
08625P
08626P
08627P
08628P
08629P
08630P
08631P
08632P
08633P
08634P
08635P
042321
042322
042323
042324
042325
042326
042327
042328
042329
042330
042331
042332
042333
042334
042335
042336
042337
042338
042339
042340
042341
042342
042343
042344
042345
042346
042347
042348
042349
042350
042351
042352
042353
042354
042355
042356
042357
042358
042359
042360
042361
042362
042363
042364
042365
042366
042367
042368
042369
042370
042371
042372
042373
042374
042375
042376
042377
042378
042379
042380
042381
042382
042383
042384
042385
042386
042387
042388
042389
042390
042391
042392
042393
042394
042395
042396
042397
042398
042399
042400
042401
08636P
08637P
08638P
08639P
08640P
08641P
08642P
08643P
08644P
08645P
08646P
08647P
08648P
08649P
08650P
08651P
08652P
08653P
08654P
08655P
08656P
08657P
08658P
08659P
08660P
08661P
08662P
08663P
08664P
08665P
08666P
042402
042403
042404
042405
042406
042407
042408
042409
042410
042411
042412
042413
042414
042415
042416
042417
042418
042419
042420
042421
042422
042423
042424
042425
042426
042427
042428
042429
042430
042431
042432
042433
042434
042435
042436
042437
042438
042439
042440
042441
042442
042443
042444
042445
042446
042447
042448
042449
042450
042451
042452
042453
042454
042455
042456
042457
042458
042459
042460
042461
042462
042463
042464
042465
042466
042467
042468
042469
042470
042471
042472
042473
042474
042475
042476
042477
042478
042479
042480
042481
042482
042483
042484
042485
042486
042487
042488
042489
042490
042491
042492
08667P
08668P
08669P
08670P
08671P
08672P
08673P
08674P
08675P
08676P
08677P
08678P
08679P
08680P
08681P
08682P
08683P
08684P
08685P
08686P
08687P
08688P
08689P
08690P
08691P
08692P
08693P
08694P
08695P
08696P
08697P
08698P
08699P
08700P
08701P
08702P
08703P
08704P
08705P
08706P
08707P
08708P
08709P
08710P
08711P
08712P
08713P
08714P
08715P
042493
042494
042495
042496
042497
042498
042499
042500
042501
042502
042503
042504
042505
042506
042507
042508
042509
042510
042511
042512
042513
042514
042515
042516
042517
042518
042519
042520
042521
042522
042523
042524
042525
042526
042527
042528
042529
042530
042531
042532
042533
042534
042535
042536
042537
042538
042539
042540
042541
042542
042543
042544
042545
042546
042547
042548
042549
042550
042551
042552
042553
042554
042555
042556
042557
042558
042559
042560
042561
042562
042563
042564
042565
042566
042567
042568
042569
042570
042571
042572
042573
042574
042575
042576
042577
042578
042579
08716P
08717P
08718P
08719P
08720P
08721P
08722P
08723P
08724P
08725P
08726P
08727P
08728P
08729P
08730P
08731P
08732P
08733P
08734P
08735P
08736P
08737P
08738P
08739P
08740P
08741P
042580
042581
042582
042583
042584
042585
042586
042587
042588
042589
042590
042591
042592
042593
042594
042595
042596
042597
042598
042599
042600
042601
042602
042603
042604
042605
042606
042607
042608
042609
042610
042611
042612
042613
042614
042615
042616
042617
042618
042619
042620
042621
042622
042623
042624
042625
042626
042627
042628
042629
042630
042631
042632
042633
042634
042635
042636
042637
042638
042639
042640
042641
042642
08742P
08743P
08744P
08745P
08746P
08747P
08748P
08749P
08750P
08751P
08752P
08753P
08754P
08755P
042643
042644
042645
042646
042647
042648
042649
042650
042651
042652
042653
042654
042655
042656
042657
042658
042659
042660
042661
042662
042663
042664
042665
042666
042667
042668
042669
042670
042671
042672
042673
042674
042675
042676
042677
042678
042679
042680
042681
042682
042683
042684
042685
042686
042687
042688
042689
042690
042691
042692
042693
042694
042695
042696
042697
042698
042699
042700
042701
08756P
08757P
08758P
08759P
08760P
08761P
08762P
08763P
08764P
08765P
08766P
08767P
042702
042703
042704
042705
042706
042707
042708
042709
042710
042711
042712
042713
042714
042715
042716
042717
042718
042719
042720
042721
042722
042723
042724
042725
042726
042727
042728
042729
042730
042731
042732
042733
042734
042735
042736
042737
042738
042739
042740
042741
042742
042743
042744
042745
042746
042747
042748
042749
042750
042751
042752
042753
042754
042755
042756
042757
042758
042759
042760
042761
042762
042763
042764
042765
042766
042767
042768
042769
042770
042771
042772
042773
08768P
08769P
08770P
08771P
08772P
08773P
08774P
08775P
08776P
08777P
08778P
08779P
08780P
08781P
08782P
08783P
08784P
08786P
08787P
08788P
042774
042775
042776
042777
042778
042779
042780
042781
042782
042783
042784
042785
042786
042787
042788
042789
042790
042791
042792
042793
042794
042795
042796
042797
042798
042799
042800
042801
042802
042803
042804
042805
042806
042807
042808
042809
042810
042811
042812
042813
042814
042815
042816
042817
042818
042819
042820
042821
042822
042823
042824
042825
042826
042827
042828
08789P
08790P
08791P
08792P
08793P
08794P
08795P
08796P
08797P
08798P
08799P
08800P
08801P
08802P
08803P
08804P
08805P
08806P
08807P
08808P
042829
042830
042831
042832
042833
042834
042835
042836
042837
042838
042839
042840
042841
042842
042843
042844
042845
042846
042847
042848
042849
042850
042851
042852
042853
042854
042855
042856
042857
042858
042859
042860
042861
042862
042863
042864
042865
042866
042867
042868
042869
042870
042871
042872
042873
042874
042875
042876
042877
042878
042879
042880
042881
042882
042883
042884
042885
042886
042887
042888
042889
042890
042891
042892
042893
042894
08809P
08810P
08811P
08812P
08813P
08814P
08815P
08816P
08817P
08818P
08819P
08820P
08821P
08822P
08823P
08824P
08825P
08826P
08827P
08828P
08829P
08830P
08831P
08832P
08833P
08834P
08835P
08836P
08837P
08838P
08839P
08840P
08841P
08842P
08843P
042895
042896
042897
042898
042899
042900
042901
042902
042903
042904
042905
042906
042907
042908
042909
042910
042911
042912
042913
042914
042915
042916
042917
042918
042919
042920
042921
042922
042923
042924
042925
042926
042927
042928
042929
042930
042931
042932
042933
042934
042935
042936
042937
042938
042939
042940
042941
042942
042943
042944
042945
042946
042947
042948
042949
042950
042951
042952
042953
042954
042955
042956
08844P
08845P
08846P
08847P
08848P
08849P
08850P
08851P
08852P
08853P
08854P
08857P
08858P
08859P
08860P
08861P
08862P
08863P
08865P
08866P
08867P
08868P
042957
042958
042959
042960
042961
042962
042963
042964
042965
042966
042967
042968
042969
042970
042971
042972
042973
042974
042975
042976
042977
042978
042979
042980
042981
042982
042983
042984
042985
042986
042987
042988
042989
042990
042991
042992
042993
042994
042995
042996
042997
042998
042999
043000
043001
043002
043003
043004
043005
043006
043007
043008
08869P
08870P
08871P
08872P
08873P
08874P
08875P
08876P
08877P
08878P
08879P
043009
043010
043011
043012
043013
043014
043015
043016
043017
043018
043019
043020
043021
043022
043023
043024
043025
043026
043027
043028
043029
043030
043031
043032
043033
043034
043035
043036
043037
043038
043039
043040
043041
043042
043043
043044
043045
043046
043047
043048
043049
043050
043051
043052
043053
043054
043055
043056
043057
043058
043059
043060
043061
043062
043063
043064
043065
043066
043067
043068
043069
043070
043071
043072
043073
043074
043075
043076
043077
043078
08880P
08882P
08883P
08884P
08885P
08886P
08887P
08888P
08889P
08890P
08891P
08892P
08893P
08894P
08895P
08896P
08897P
08898P
08899P
08900P
08901P
08902P
08903P
08904P
08905P
08906P
08907P
08908P
08909P
08910P
08911P
08912P
08913P
043079
043080
043081
043082
043083
043084
043085
043086
043087
043088
043089
043090
043091
043092
043093
043094
043095
043096
043097
043098
043099
043100
043101
043102
043103
043104
043105
043106
043107
043108
043109
043110
043111
043112
043113
043114
043115
043116
043117
043118
043119
043120
043121
043122
043123
043124
043125
043126
043127
043128
043129
043130
043131
043132
043133
043134
043135
043136
043137
043138
043139
043140
043141
043142
043143
043144
043145
043146
043147
043148
043149
043150
043151
043152
043153
043154
08914P
08915P
08916P
08917P
08918P
08919P
08920P
08921P
08922P
08923P
08924P
08925P
08926P
08927P
08928P
08929P
08930P
08931P
08932P
08933P
08934P
08935P
08936P
08937P
08938P
043155
043156
043157
043158
043159
043160
043161
043162
043163
043164
043165
043166
043167
043168
043169
043170
043171
043172
043173
043174
043175
043176
043177
043178
043179
043180
043181
043182
043183
043184
043185
043186
043187
043188
043189
043190
043191
043192
043193
043194
043195
043196
043197
043198
043199
043200
043201
08939P
08940P
08941P
08942P
08943P
08945P
08946P
08947P
08948P
08949P
08950P
08951P
08952P
08953P
08954P
08955P
08956P
043202
043203
043204
043205
043206
043207
043208
043209
043210
043211
043212
043213
043214
043215
043216
043217
043218
043219
043220
043221
043222
043223
043224
043225
043226
043227
043228
043229
043230
043231
043232
043233
043234
043235
043236
043237
08957P
08958P
08959P
08960P
08961P
08962P
08963P
08964P
08965P
08966P
08967P
043238
043239
043240
043241
043242
043243
043244
043245
043246
043247
043248
043249
043250
043251
043252
043253
043254
043255
043256
043257
043258
043259
043260
043261
043262
043263
043264
043265
043266
043267
043268
043269
043270
043271
043272
08968P
08969P
08970P
08971P
08972P
08974P
08975P
08976P
08977P
08978P
08979P
08980P
08981P
08982P
08983P
043273
043274
043275
043276
043277
043278
043279
043280
043281
043282
043283
043284
043285
043286
043287
043288
043289
043290
043291
043292
043293
043294
043295
043296
043297
043298
043299
043300
043301
043302
043303
043304
043305
043306
043307
043308
043309
043310
043311
043312
043313
043314
043315
043316
043317
043318
043319
043320
043321
043322
043323
043324
043325
043326
043327
043328
043329
043330
043331
043332
043333
043334
043335
043336
043337
043338
043339
043340
043341
043342
043343
043344
043345
043346
043347
043348
043349
043350
043351
043352
043353
043354
043355
043356
043357
043358
043359
043360
043361
03001P
03002P
08984P
08985P
08986P
08987P
08988P
08989P
08990P
08991P
08992P
08993P
08994P
08995P
08996P
08997P
08998P
08999P
043362
043363
043364
043365
043366
043367
043368
043369
043370
043371
043372
043373
043374
043375
043376
043377
043378
043379
043380
043381
043382
043383
043384
043385
043386
043387
043388
043389
043390
043391
043392
043393
043394
043395
043396
043397
043398
043399
043400
043401
03003P
03004P
03005P
03007P
043402
043403
043404
043405
043406
043407
043408
043409
043410
043411
043412
043413
043414
043415
043416
043417
043418
043419
043420
043421
043422
043423
043424
043425
043426
043427
03008P
03009P
03010P
03011P
03012P
043428
043429
043430
043431
043432
043433
043434
043435
043436
043437
043438
043439
043440
043441
043442
043443
043444
043445
043446
043447
043448
043449
043450
043451
043452
043453
043454
043455
043456
043457
043458
043459
043460
043461
043462
043463
043464
043465
043466
043467
043468
043469
043470
043471
043472
043473
043474
043475
043476
043477
043478
043479
043480
043481
043482
043483
03013P
03014P
03015P
03016P
03017P
03018P
03019P
03020P
03021P
043484
043485
043486
043487
043488
043489
043490
043491
043492
043493
043494
043495
043496
043497
043498
043499
043500
043501
043502
043503
043504
043505
043506
043507
043508
043509
043510
043511
043512
03022P
03023P
03024P
03025P
03026P
03027P
03028P
03029P
043513
043514
043515
043516
043517
043518
043519
043520
043521
043522
043523
043524
043525
043526
043527
043528
043529
043530
043531
03030P
03031P
03032P
043532
043533
043534
043535
043536
043537
043538
043539
043540
043541
043542
043543
043544
043545
043546
043547
043548
043549
043550
043551
043552
043553
043554
043555
043556
043557
043558
043559
043560
043561
043562
043563
043564
043565
043566
043567
043568
043569
043570
043571
043572
043573
043574
043575
043576
043577
043578
043579
043580
043581
043582
043583
043584
043585
043586
043587
043588
043589
043590
043591
043592
043593
043594
043595
043596
043597
043598
043599
043600
043601
043602
043603
043604
043605
043606
03033P
03034P
03035P
03037P
03038P
03039P
03040P
03041P
03042P
03043P
03044P
03045P
03046P
03047P
03048P
03049P
03050P
03051P
03052P
03053P
03055P
03056P
03057P
03058P
03060P
03061P
03062P
03063P
03064P
043607
043608
043609
043610
043611
043612
043613
043614
043615
043616
043617
043618
043619
043620
043621
043622
043623
043624
043625
043626
043627
043628
043629
043630
043631
043632
043633
043634
043635
043636
043637
043638
043639
043640
043641
043642
043643
043644
043645
043646
043647
043648
043649
043650
043651
043652
043653
043654
043655
043656
043657
043658
043659
043660
043661
043662
043663
043664
043665
043666
043667
043668
043669
043670
043671
043672
043673
043674
043675
043676
043677
043678
043679
043680
043681
043682
043683
043684
043685
043686
043687
043688
043689
043690
043691
043692
043693
043694
043695
043696
043697
043698
043699
043700
043701
043702
043703
043704
043705
043706
043707
043708
043709
043710
043711
043712
043713
043714
043715
043716
043717
043718
043719
043720
043721
043722
043723
043724
043725
043726
043727
043728
043729
043730
043731
043732
043733
043734
043735
043736
043737
043738
043739
043740
043741
043742
043743
043744
043745
043746
043747
043748
043749
043750
043751
043752
03066P
03067P
03068P
03069P
03070P
03071P
03072P
03073P
03074P
03075P
03076P
03077P
03078P
03079P
03080P
03081P
03082P
03083P
03084P
03085P
03086P
03087P
03088P
03089P
03090P
03091P
03092P
03093P
03094P
03095P
03097P
03098P
03099P
03100P
03101P
03102P
03103P
03104P
03105P
03106P
03107P
03108P
03109P
03110P
03111P
03112P
03114P
03115P
03116P
03117P
03118P
03119P
03120P
043753
043754
043755
043756
043757
043758
043759
043760
043761
043762
043763
043764
043765
043766
043767
043768
043769
043770
043771
043772
043773
043774
043775
043776
043777
043778
043779
043780
043781
043782
043783
043784
043785
043786
043787
043788
043789
043790
043791
043792
043793
043794
043795
043796
043797
043798
043799
043800
043801
043802
043803
043804
043805
043806
043807
043808
043809
043810
043811
03121P
03122P
03123P
03124P
03125P
03126P
03127P
03128P
03129P
03130P
03132P
03133P
03134P
03135P
03136P
03137P
03138P
043812
043813
043814
043815
043816
043817
043818
043819
043820
043821
043822
043823
043824
043825
043826
043827
043828
043829
043830
043831
043832
043833
043834
043835
043836
043837
043838
043839
043840
043841
043842
043843
043844
043845
043846
043847
043848
043849
043850
043851
043852
043853
043854
043855
043856
043857
043858
043859
043860
043861
043862
043863
043864
043865
043866
043867
043868
043869
043870
043871
043872
043873
043874
043875
043876
043877
043878
043879
03139P
03140P
03141P
03142P
03143P
03144P
03145P
03146P
03147P
03148P
03149P
03150P
03151P
043880
043881
043882
043883
043884
043885
043886
043887
043888
043889
043890
043891
043892
043893
043894
043895
043896
043897
043898
043899
043900
043901
043902
043903
043904
043905
043906
043907
043908
043909
043910
043911
043912
043913
043914
043915
043916
043917
043918
043919
043920
043921
043922
043923
043924
043925
043926
03152P
03153P
03154P
03155P
03156P
03157P
03158P
03159P
03160P
03161P
03162P
03163P
03164P
03165P
03166P
03167P
03168P
03169P
03170P
03171P
03172P
03173P
03174P
043927
043928
043929
043930
043931
043932
043933
043934
043935
043936
043937
043938
043939
043940
043941
043942
043943
043944
043945
043946
043947
043948
043949
043950
043951
043952
043953
043954
043955
043956
043957
043958
043959
043960
043961
043962
043963
043964
043965
043966
043967
043968
043969
043970
043971
043972
043973
043974
043975
043976
043977
043978
043979
043980
043981
043982
043983
043984
043985
043986
043987
043988
043989
043990
043991
043992
043993
043994
043995
043996
043997
043998
043999
044000
03175P
03176P
03177P
03178P
03179P
03180P
03181P
03182P
03183P
03184P
03185P
03186P
03187P
03188P
03189P
03190P
044001
044002
044003
044004
044005
044006
044007
044008
044009
044010
044011
044012
044013
044014
044015
044016
044017
044018
044019
044020
044021
044022
044023
044024
044025
044026
044027
044028
044029
044030
044031
044032
044033
044034
044035
044036
044037
044038
044039
044040
044041
044042
03191P
03192P
03193P
03194P
03195P
03196P
03197P
03198P
03199P
03200P
03201P
03202P
044043
044044
044045
044046
044047
044048
044049
044050
044051
044052
044053
044054
044055
044056
044057
044058
044059
044060
044061
044062
044063
044064
044065
044066
044067
044068
044069
044070
044071
044072
044073
044074
044075
044076
044077
044078
044079
044080
044081
044082
044083
044084
03203P
03204P
03205P
03206P
03207P
03208P
03209P
03210P
03211P
03213P
03214P
03215P
03216P
03217P
03218P
03219P
03220P
03045F
03046F
044085
044086
044087
044088
044089
044090
044091
044092
044093
044094
044095
044096
044097
044098
044099
044100
044101
044102
044103
044104
044105
044106
044107
044108
044109
044110
044111
044112
044113
044114
044115
044116
044117
044118
044119
044120
044121
044122
044123
044124
044125
044126
044127
044128
044129
044130
044131
044132
044133
044134
044135
044136
044137
044138
044139
044140
044141
044142
03221P
03222P
03223P
03224P
03226P
03227P
03228P
03229P
03230P
03231P
03232P
044143
044144
044145
044146
044147
044148
044149
044150
044151
044152
044153
044154
044155
044156
044157
044158
044159
044160
044161
044162
044163
044164
044165
044166
044167
044168
044169
044170
044171
044172
044173
044174
044175
044176
044177
044178
044179
044180
044181
044182
044183
044184
044185
044186
044187
044188
044189
044190
044191
044192
044193
044194
044195
044196
03233P
03234P
03235P
03236P
03237P
03238P
03239P
03240P
03241P
03242P
03243P
03244P
03245P
03246P
044197
044198
044199
044200
044201
044202
044203
044204
044205
044206
044207
044208
044209
044210
044211
044212
044213
044214
044215
044216
044217
044218
044219
044220
044221
044222
044223
044224
044225
044226
044227
044228
044229
044230
044231
044232
044233
044234
044235
044236
044237
044238
044239
044240
044241
044242
044243
044244
044245
044246
044247
044248
044249
044250
044251
044252
044253
044254
044255
044256
044257
044258
044259
044260
044261
044262
044263
044264
044265
044266
044267
044268
044269
044270
044271
044272
044273
044274
044275
044276
044277
044278
044279
03247P
03248P
03249P
03250P
03251P
03252P
03253P
03254P
03255P
03256P
03257P
03258P
03259P
03260P
03261P
03262P
03263P
03264P
03265P
03266P
03267P
044280
044281
044282
044283
044284
044285
044286
044287
044288
044289
044290
044291
044292
044293
044294
044295
044296
044297
044298
044299
044300
044301
044302
044303
044304
044305
044306
044307
044308
044309
044310
044311
044312
044313
044314
044315
044316
044317
044318
044319
044320
044321
044322
044323
044324
044325
044326
044327
044328
044329
044330
044331
044332
044333
044334
044335
044336
044337
044338
044339
044340
044341
044342
044343
044344
044345
044346
044347
044348
044349
044350
044351
044352
044353
044354
044355
044356
044357
044358
044359
044360
044361
044362
044363
044364
03268P
03270P
03271P
03272P
03273P
03274P
03275P
03276P
03277P
03278P
03279P
03280P
03281P
03282P
03283P
03284P
044365
044366
044367
044368
044369
044370
044371
044372
044373
044374
044375
044376
044377
044378
044379
044380
044381
044382
044383
044384
044385
044386
044387
044388
044389
044390
044391
044392
044393
044394
044395
044396
044397
044398
044399
044400
044401
044402
044403
044404
044405
044406
044407
044408
044409
044410
044411
044412
044413
044414
044415
044416
044417
044418
044419
044420
044421
044422
044423
044424
044425
044426
044427
044428
044429
044430
044431
044432
044433
044434
044435
044436
044437
044438
044439
044440
044441
044442
044443
044444
044445
044446
044447
044448
044449
044450
044451
044452
044453
044454
044455
044456
044457
044458
044459
044460
044461
044462
044463
044464
03285P
03286P
03287P
03288P
03289P
03290P
03291P
03292P
03293P
03294P
03295P
03296P
03297P
03298P
03299P
03300P
03301P
03302P
03303P
03304P
03305P
03306P
03307P
03308P
03309P
03310P
03311P
044465
044466
044467
044468
044469
044470
044471
044472
044473
044474
044475
044476
044477
044478
044479
044480
044481
044482
044483
044484
044485
044486
044487
044488
044489
044490
044491
044492
044493
044494
044495
044496
044497
044498
044499
044500
044501
044502
044503
044504
044505
044506
044507
044508
044509
044510
044511
044512
044513
044514
044515
044516
044517
044518
044519
044520
044521
044522
044523
044524
044525
044526
044527
044528
044529
044530
044531
03312P
03313P
03314P
03315P
03316P
03317P
03318P
03319P
03320P
03322P
03323P
03324P
03325P
03326P
03327P
03328P
03329P
03330P
03331P
044532
044533
044534
044535
044536
044537
044538
044539
044540
044541
044542
044543
044544
044545
044546
044547
044548
044549
044550
044551
044552
044553
044554
044555
044556
044557
044558
044559
044560
044561
044562
044563
044564
044565
044566
044567
044568
044569
044570
044571
044572
044573
044574
044575
044576
044577
044578
044579
044580
044581
044582
044583
044584
044585
044586
044587
044588
044589
03332P
03333P
03334P
03335P
03336P
03337P
03338P
03339P
03340P
03341P
03342P
03343P
03344P
03345P
03346P
044590
044591
044592
044593
044594
044595
044596
044597
044598
044599
044600
044601
044602
044603
044604
044605
044606
044607
044608
044609
044610
044611
044612
044613
044614
044615
044616
044617
044618
044619
044620
044621
044622
044623
044624
044625
044626
044627
044628
044629
044630
044631
044632
044633
044634
044635
044636
044637
044638
044639
044640
044641
03347P
03348P
03352P
03353P
03354P
03355P
03356P
03357P
03358P
03359P
03360P
044642
044643
044644
044645
044646
044647
044648
044649
044650
044651
044652
044653
044654
044655
044656
044657
044658
044659
044660
044661
044662
044663
044664
044665
044666
044667
044668
044669
044670
044671
044672
044673
044674
044675
044676
044677
044678
044679
044680
044681
044682
044683
044684
044685
044686
044687
044688
044689
044690
044691
044692
044693
044694
044695
044696
044697
044698
044699
044700
044701
044702
044703
044704
044705
044706
044707
044708
044709
044710
044711
044712
044713
044714
044715
044716
044717
044718
044719
03361P
03363P
03364P
03365P
03366P
03367P
03368P
03369P
03370P
03371P
03372P
03373P
03374P
03375P
03376P
03377P
03378P
03379P
03380P
03381P
044720
044721
044722
044723
044724
044725
044726
044727
044728
044729
044730
044731
044732
044733
044734
044735
044736
044737
044738
044739
044740
044741
044742
044743
044744
044745
044746
044747
044748
044749
044750
044751
044752
044753
044754
044755
044756
044757
044758
044759
044760
044761
044762
044763
044764
044765
044766
044767
044768
044769
044770
03385P
03386P
03387P
03388P
03389P
03390P
03391P
03392P
03393P
03395P
044771
044772
044773
044774
044775
044776
044777
044778
044779
044780
044781
044782
044783
044784
044785
044786
044787
044788
044789
044790
044791
044792
044793
044794
044795
044796
044797
044798
044799
044800
044801
044802
044803
044804
044805
044806
044807
044808
044809
044810
044811
044812
044813
044814
044815
044816
044817
044818
044819
044820
044821
044822
044823
044824
044825
044826
044827
044828
044829
044830
044831
044832
044833
044834
044835
044836
03396P
03397P
03398P
03399P
03400P
03401P
03402P
03403P
03404P
03405P
03406P
03407P
03408P
03409P
03410P
03411P
03412P
03413P
03414P
03415P
03416P
03417P
03418P
03419P
03420P
03421P
03422P
03423P
044837
044838
044839
044840
044841
044842
044843
044844
044845
044846
044847
044848
044849
044850
044851
044852
044853
044854
044855
044856
044857
044858
044859
044860
044861
044862
044863
044864
044865
044866
044867
044868
044869
044870
044871
044872
044873
044874
044875
03424P
03425P
03426P
03427P
03428P
03429P
03430P
03431P
03432P
03433P
03435P
03436P
044876
044877
044878
044879
044880
044881
044882
044883
044884
044885
044886
044887
044888
044889
044890
044891
044892
044893
044894
044895
044896
044897
044898
044899
044900
044901
044902
044903
044904
044905
044906
044907
044908
03437P
03438P
03439P
03440P
03441P
03442P
03443P
03444P
03445P
03447P
03448P
03449P
03450P
03451P
03452P
03453P
044909
044910
044911
044912
044913
044914
044915
044916
044917
044918
044919
044920
044921
044922
044923
044924
044925
044926
044927
044928
044929
044930
044931
044932
044933
044934
044935
044936
044937
044938
044939
044940
044941
044942
044943
044944
044945
044946
044947
044948
044949
044950
044951
044952
044953
044954
044955
044956
044957
044958
044959
044960
044961
044962
044963
044964
044965
044966
044967
044968
044969
044970
044971
044972
044973
044974
044975
044976
044977
044978
044979
044980
044981
044982
044983
03456P
03457P
03458P
03459P
03460P
03461P
03462P
03463P
03464P
03465P
03466P
03467P
03468P
03469P
03470P
03471P
03472P
03474P
03475P
03477P
03478P
03479P
03480P
03481P
03482P
03483P
03485P
03486P
03487P
03488P
03489P
03491P
03492P
03493P
03494P
03495P
03496P
03497P
03498P
03499P
03500P
03501P
03502P
03503P
03504P
044984
044985
044986
044987
044988
044989
044990
044991
044992
044993
044994
044995
044996
044997
044998
044999
045000
045001
045002
045003
045004
045005
045006
045007
045008
045009
045010
045011
045012
045013
045014
045015
045016
045017
045018
045019
045020
045021
045022
045023
045024
045025
045026
045027
03505P
03506P
03507P
03508P
03509P
03510P
03511P
03512P
03514P
03515P
03516P
03517P
03518P
03521P
03522P
03523P
03524P
03525P
03526P
03527P
045028
045029
045030
045031
045032
045033
045034
045035
045036
045037
045038
045039
045040
045041
045042
045043
045044
045045
045046
045047
045048
045049
045050
045051
045052
045053
045054
045055
045056
045057
045058
045059
045060
045061
045062
045063
045064
045065
045066
045067
045068
045069
045070
045071
045072
045073
045074
045075
045076
045077
045078
03528P
03529P
03530P
03531P
03532P
03533P
03534P
03535P
03536P
03537P
03538P
03539P
03540P
03541P
03542P
045079
045080
045081
045082
045083
045084
045085
045086
045087
045088
045089
045090
045091
045092
045093
045094
045095
045096
045097
045098
045099
045100
045101
045102
045103
045104
045105
045106
045107
045108
045109
045110
045111
045112
045113
045114
045115
045116
045117
045118
045119
045120
045121
045122
045123
045124
045125
045126
045127
045128
045129
045130
045131
045132
045133
045134
045135
045136
045137
045138
045139
045140
045141
045142
045143
045144
045145
045146
045147
045148
045149
045150
03543P
03545P
03546P
03547P
03548P
03549P
03550P
03551P
03553P
03554P
03555P
03556P
03557P
03558P
03559P
03560P
03561P
03562P
03563P
03564P
03565P
045151
045152
045153
045154
045155
045156
045157
045158
045159
045160
045161
045162
045163
045164
045165
045166
045167
045168
045169
045170
045171
045172
045173
045174
045175
045176
045177
045178
045179
045180
045181
045182
045183
045184
045185
045186
045187
045188
045189
045190
045191
045192
045193
045194
045195
03566P
03567P
03569P
03570P
03572P
03573P
03574P
03575P
03577P
03578P
03579P
03580P
03581P
045196
045197
045198
045199
045200
045201
045202
045203
045204
045205
045206
045207
045208
045209
045210
045211
045212
045213
045214
045215
045216
045217
045218
045219
045220
045221
045222
045223
045224
045225
045226
045227
045228
045229
045230
045231
045232
045233
045234
045235
045236
045237
045238
045239
045240
045241
045242
045243
045244
045245
045246
045247
045248
045249
045250
045251
045252
045253
045254
045255
045256
045257
045258
045259
045260
045261
03582P
03583P
03584P
03585P
03586P
03587P
03588P
03589P
03595P
03596P
045262
045263
045264
045265
045270
045271
045272
045273
045274
045275
045276
045277
045278
045279
045280
045281
045282
045283
045284
045285
045286
045287
045288
045289
045290
045291
045292
045293
045294
045295
045296
03597P
03598P
03599P
03600P
03601P
03603P
03604P
03605P
03606P
03607P
03608P
03609P
03610P
03611P
03614P
03615P
03616P
045266
045267
045268
045269
045297
045298
045299
045300
045301
045302
045303
045304
045305
045306
045307
045308
045309
045310
045311
045312
045313
045314
045315
045316
045317
045318
045319
045320
045321
045322
045323
045324
045325
045326
045327
045328
045329
045330
045331
045332
045333
045334
045335
045336
045337
045338
045339
045340
045341
045342
03619P
03620P
03621P
03622P
03624P
03626P
03627P
03628P
03629P
03630P
03631P
045343
045344
045345
045346
045347
045348
045349
045350
045351
045352
045353
045354
045355
045356
045357
045358
045359
045360
045361
045362
045363
045364
045365
045366
045367
045368
045369
045370
045371
045372
045373
045374
045375
045376
045377
03632P
03633P
03634P
03635P
03636P
03637P
03638P
03639P
03641P
045378
045379
045380
045381
045382
045383
045384
045385
045386
045387
045388
045389
045390
045391
045392
045393
045394
045395
045396
045397
045398
045399
045400
045401
045402
045403
045404
045405
045406
045407
045408
045409
045410
045411
045412
045413
045414
045415
045416
045417
045418
045419
045420
045421
045422
045423
045424
045425
045426
045427
045428
045429
045430
045431
045432
045433
045434
045435
045436
045437
045438
03643P
03644P
03645P
03646P
03647P
03648P
03649P
03650P
03651P
03652P
03653P
03654P
045439
045440
045441
045442
045443
045444
045445
045446
045447
045448
045449
045450
045451
045452
045453
045454
045455
045456
045457
045458
045459
045460
045461
045462
045463
045464
045465
045466
045467
045468
045469
045470
045471
045472
045473
045474
045475
045476
045477
045478
045479
045480
045481
045482
045483
045484
045485
045486
045487
045488
045489
045490
045491
045492
045493
045494
045495
045496
045497
045498
045499
045500
045501
045502
045503
045504
045505
045506
045507
045508
045509
045510
045511
045512
045513
045514
03655P
03656P
03657P
03658P
03659P
03660P
03661P
03662P
03663P
03664P
03665P
03670P
03671P
03672P
03674P
03675P
03676P
03677P
03678P
03679P
03680P
03682P
045515
045516
045517
045518
045519
045520
045522
045523
045524
045525
045526
045527
045528
045529
045530
045531
045532
045533
045534
045535
045536
045537
045538
045539
045540
045541
045542
045543
045544
045545
045546
045547
045548
045549
045550
045551
045552
045553
045554
045555
045556
045557
045558
045559
045560
045561
045562
045563
045564
045565
045566
045567
045568
045569
045570
045571
045572
045573
045574
045575
045576
045577
045578
045579
045580
045581
045582
045583
045584
045585
045586
045587
045588
045589
045590
045591
045592
045593
045594
03683P
03684P
03685P
03686P
03687P
03688P
03689P
03690P
03691P
03692P
03693P
045521
045595
045596
045597
045598
045599
045600
045601
045602
045603
045604
045605
045606
045607
045608
045609
045610
045611
045612
045613
045614
045615
045616
045617
045618
045619
045620
045621
045622
045623
045624
045625
045626
045627
045628
045629
045630
045631
045632
045633
045634
045635
045636
045637
045638
045639
045640
045641
045642
045643
045644
045645
03694P
03698P
03699P
045646
045647
045648
045649
045650
045651
045652
045653
045654
045655
045656
045657
045658
045659
045660
045661
045662
045663
045664
045665
045666
045667
045668
045669
045670
045671
045672
045673
045674
045675
045676
045677
045678
045679
045680
045681
045682
045683
045684
045685
045686
045687
045688
045689
045690
045691
045692
045693
045694
045695
045696
045697
045698
045699
045700
045701
045702
045703
045704
045705
045706
045707
045708
045709
045710
045711
045712
045713
045714
045715
03700P
03701P
03703P
03704P
03705P
03706P
03707P
03708P
03709P
03710P
03711P
03712P
03713P
03714P
045716
045717
045718
045719
045720
045721
045722
045723
045724
045725
045726
045727
045728
045729
045730
045731
045732
045733
045734
045735
045736
045737
045738
045739
045740
045741
045742
045743
045744
045745
045746
045747
045748
045749
045750
045751
045752
045753
045754
045755
03715P
03716P
03717P
03718P
03719P
03720P
03721P
03722P
03723P
03724P
03725P
03726P
03727P
03728P
03729P
03730P
03731P
03732P
03733P
03734P
03735P
03736P
03737P
045756
045757
045758
045759
045760
045761
045762
045763
045764
045765
045766
045767
045768
045769
045770
045771
045772
045773
045774
045775
045776
045777
045778
045779
045780
045781
045782
045783
045784
045785
045786
045787
045788
045789
045790
045791
045792
045793
045794
045795
045796
045797
045798
045799
045800
045801
045802
045803
045804
045805
045806
045807
045808
045809
045810
045811
045812
045813
045814
045815
045816
045817
045818
045819
045820
045821
045822
045823
045824
045825
045826
045827
03738P
03739P
03740P
03741P
03742P
03743P
03744P
03745P
03746P
03747P
03748P
03749P
03750P
03751P
03752P
03753P
03754P
03757P
03760P
03761P
03762P
03763P
045828
045829
045830
045831
045832
045833
045834
045835
045836
045837
045838
045839
045840
045841
045842
045843
045844
045845
045846
045847
045848
045849
045850
045851
045852
045853
045854
045855
045856
045857
045858
045859
045860
045861
045862
045863
045864
045865
045866
045867
045868
045869
045870
045871
045872
045873
045874
045875
045876
045877
045878
045879
045880
045881
045882
045883
045884
045885
045886
045887
045888
045889
03764P
03765P
03767P
03768P
03769P
03770P
03771P
03772P
03773P
03774P
03775P
03776P
03777P
03778P
03779P
03780P
03781P
03782P
045890
045891
045892
045893
045894
045895
045896
045897
045898
045899
045900
045901
045902
045903
045904
045905
045906
045907
045908
045909
045910
045911
045912
045913
045914
045915
045916
045917
045918
045919
045920
045921
045922
045923
045924
045925
045926
045927
045928
045929
045930
045931
045932
045933
045934
03784P
03786P
03787P
03788P
03789P
03790P
03791P
03792P
03793P
03794P
03795P
03796P
03797P
03798P
045935
045936
045937
045938
045939
045940
045941
045942
045943
045944
045945
045946
045947
045948
045949
045950
045951
045952
045953
045954
045955
045956
045957
045958
045959
045960
045961
045962
045963
045964
045965
045966
045967
045968
045969
045970
045971
045972
045973
045974
045975
045976
045977
045978
045979
045980
045981
045982
045983
045984
045985
045986
045987
045988
045989
045990
045991
045992
045993
045994
045995
045996
045997
045998
045999
03799P
03800P
03801P
03802P
03803P
03804P
03805P
03806P
03808P
03809P
03810P
03811P
03812P
03813P
03815P
03817P
03818P
03819P
03820P
03821P
03822P
03823P
03824P
046000
046001
046002
046003
046004
046005
046006
046007
046008
046009
046010
046011
046012
046013
046014
046015
046016
046017
046018
046019
046020
046021
046022
046023
046024
046025
046026
046027
046028
046029
046030
046031
046032
046033
046034
046035
046036
046037
046038
046039
046040
046041
046042
046043
046044
046045
046046
046047
046048
046049
046050
046051
046052
046053
046054
046055
046056
046057
046058
046059
046060
046061
046062
046063
046064
046065
046066
046067
046068
046069
046070
046071
046072
046073
046074
046075
03825P
03826P
03827P
03828P
03829P
03830P
03831P
03832P
03835P
03836P
03837P
03838P
03839P
03842P
03843P
03844P
046076
046077
046078
046079
046080
046081
046082
046083
046084
046085
046086
046087
046088
046089
046090
046091
046092
046093
046094
046095
046096
046097
046098
046099
046100
046101
046102
046103
046104
046105
046106
046107
046108
046109
046110
046111
046112
046113
046114
046115
046116
046117
046118
046119
046120
046121
046122
046123
046124
046125
046126
046127
046128
046129
046130
046131
046132
046133
046134
046135
046136
046137
046138
046139
046140
046141
046142
046143
046144
046145
046146
046147
046148
046149
046150
046151
046152
046153
046154
046155
046156
046157
046158
046159
046160
046161
046162
046163
046164
046165
046166
046167
046168
046169
046170
046171
046172
046173
046174
046175
046176
046177
046178
046179
046180
046181
046182
046183
046184
046185
046186
046187
046188
046189
046190
046191
046192
046193
046194
046195
046196
046197
046198
046199
046200
046201
046202
046203
046204
046205
046206
046207
046208
046209
046210
046211
046212
046213
046214
046215
046216
046217
046218
046219
046220
046221
046222
046223
046224
046225
046226
046227
046228
046229
046230
046231
046232
046233
046234
046235
046236
046237
046238
046239
046240
046241
046242
046243
046244
046245
046246
046247
046248
046249
046250
046251
046252
046253
046254
046255
046256
046257
046258
046259
046260
046261
046262
046263
046264
046265
046266
046267
046268
046269
046270
046271
046272
046273
046274
046275
046276
046277
046278
046279
046280
046281
046282
046283
046284
046285
046286
046287
046288
046289
046290
046291
046292
046293
046294
046295
046296
046297
046298
046299
046300
046301
046302
046303
046304
046305
046306
046307
046308
046309
046310
046311
046312
046313
046314
046315
046316
046317
046318
046319
046320
046321
046322
046323
046324
046325
046326
046327
046328
046329
046330
046331
046332
046333
046334
046335
046336
046337
046338
046339
046340
046341
046342
046343
046344
046345
046346
046347
046348
046349
046350
046351
046352
046353
046354
046355
046356
046357
046358
046359
046360
046361
046362
046363
046364
046365
046366
046367
046368
046369
046370
046371
046372
046373
046374
046375
046376
046377
046378
046379
046380
046381
046382
046383
046384
046385
046386
046387
046388
046389
046390
046391
046392
046393
046394
046395
046396
046397
046398
046399
046400
046401
046402
046403
046404
046405
046406
046407
046408
046409
046410
046411
046412
046413
046414
046415
046416
046417
046418
046419
046420
046421
046422
046423
046424
046425
046426
046427
046428
046429
046430
046431
046432
046433
046434
046435
046436
046437
046438
046439
046440
046441
046442
046443
046444
046445
046446
046447
046448
046449
046450
046451
046452
046453
046454
046455
046456
046457
046458
046459
046460
046461
046462
046463
046464
046465
046466
046467
046468
046469
046470
046471
046472
046473
046474
046475
046476
046477
046478
046479
046480
046481
046482
046483
046484
046485
046486
046487
046488
046489
046490
046491
046492
046493
046494
046495
046496
046497
046498
046499
046500
046501
046502
046503
046504
046505
046506
046507
046508
046509
046510
046511
046512
046513
046514
046515
046516
046517
046518
046519
046520
046521
046522
046523
046524
046525
046526
046527
046528
046529
046530
046531
046532
046533
046534
046535
046536
046537
046538
046539
046540
046541
046542
046543
046544
046545
046546
046547
046548
046549
046550
046551
046552
046553
046554
046555
046556
046557
046558
046559
046560
046561
046562
046563
046564
046565
046566
046567
046568
046569
046570
046571
046572
046573
046574
046575
046576
046577
046578
046579
046580
046581
046582
046583
046584
046585
046586
046587
046588
046589
046590
046591
046592
046593
046594
046595
046596
046597
046598
046599
046600
046601
046602
046603
046604
046605
046606
046607
046608
046609
046610
046611
046612
046613
046614
046615
046616
046617
046618
046619
046620
046621
046622
046623
046624
046625
046626
046627
046628
046629
046630
046631
046632
046633
046634
046635
046636
046637
046638
046639
046640
046641
046642
046643
046644
046645
046646
046647
046648
046649
046650
046651
046652
046653
046654
046655
046656
046657
046658
046659
046660
046661
046662
046663
046664
046665
046666
046667
046668
046669
046670
046671
046672
046673
046674
046675
046676
046677
046678
046679
046680
046681
046682
046683
046684
046685
046686
046687
046688
046689
046690
046691
046692
046693
046694
046695
046696
046697
046698
046699
046700
046701
046702
046703
046704
046705
046706
046707
046708
046709
046710
046711
046712
046713
046714
046715
046716
046717
046718
046719
046720
046721
046722
046723
046724
046725
046726
046727
046728
046729
046730
046731
046732
046733
046734
046735
046736
046737
046738
046739
046740
046741
046742
046743
046744
046745
046746
046747
046748
046749
046750
046751
046752
046753
046754
046755
046756
046757
046758
046759
046760
046761
046762
046763
046764
046765
046766
046767
046768
046769
046770
046771
046772
046773
046774
046775
046776
046777
046778
046779
046780
046781
046782
046783
046784
046785
046786
046787
046788
046789
046790
046791
046792
046793
046794
046795
046796
046797
046798
046799
046800
046801
046802
046803
046804
046805
046806
046807
046808
046809
046810
046811
046812
046813
046814
046815
046816
046817
046818
046819
046820
046821
046822
046823
046824
046825
046826
046827
046828
046829
046830
046831
046832
046833
046834
046835
046836
046837
046838
046839
046840
046841
046842
046843
046844
046845
046846
046847
046848
046849
046850
046851
046852
046853
046854
046855
046856
046857
046858
046859
046860
046861
046862
046863
046864
046865
046866
046867
046868
046869
046870
046871
046872
046873
046874
046875
046876
046877
046878
046879
046880
046881
046882
046883
046884
046885
046886
046887
046888
046889
046890
046891
046892
046893
046894
046895
046896
046897
046898
046899
046900
046901
046902
046903
046904
046905
046906
046907
046908
046909
046910
046911
046912
046913
046914
046915
046916
046917
046918
046919
046920
046921
046922
046923
046924
046925
046926
046927
046928
046929
046930
046931
046932
046933
046934
046935
046936
046937
046938
046939
046940
046941
046942
046943
046944
046945
046946
046947
046948
046949
046950
046951
046952
046953
046954
046955
046956
046957
046958
046959
046960
046961
046962
046963
046964
046965
046966
046967
046968
046969
046970
046971
046972
046973
046974
046975
046976
046977
046978
046979
046980
046981
046982
046983
046984
046985
046986
046987
046988
046989
046990
046991
046992
046993
046994
046995
046996
046997
046998
046999
047000
047001
047002
047003
047004
047005
047006
047007
047008
047009
047010
047011
047012
047013
047014
047015
047016
047017
047018
047019
047020
047021
047022
047023
047024
047025
047026
047027
047028
047029
047030
047031
047032
047033
047034
047035
047036
047037
047038
047039
047040
047041
047042
047043
047044
047045
047046
047047
047048
047049
047050
047051
047052
047053
047054
047055
047056
047057
047058
047059
047060
047061
047062
047063
047064
047065
047066
047067
047068
047069
047070
047071
047072
047073
047074
047075
047076
047077
047078
047079
047080
047081
047082
047083
047084
047085
047086
047087
047088
047089
047090
047091
047092
047093
047094
047095
047096
047097
047098
047099
047100
047101
047102
047103
047104
047105
047106
047107
047108
047109
047110
047111
047112
047113
047114
047115
047116
047117
047118
047119
047120
047121
047122
047123
047124
047125
047126
047127
047128
047129
047130
047131
047132
047133
047134
047135
047136
047137
047138
047139
047140
047141
047142
047143
047144
047145
047146
047147
047148
047149
047150
047151
047152
047153
047154
047155
047156
047157
047158
047159
047160
047161
047162
047163
047164
047165
047166
047167
047168
047169
047170
047171
047172
047173
047174
047175
047176
047177
047178
047179
047180
047181
047182
047183
047184
047185
047186
047187
047188
047189
047190
047191
047192
047193
047194
047195
047196
047197
047198
047199
047200
047201
047202
047203
047204
047205
047206
047207
047208
047209
047210
047211
047212
047213
047214
047215
047216
047217
047218
047219
047220
047221
047222
047223
047224
047225
047226
047227
047228
047229
047230
047231
047232
047233
047234
047235
047236
047237
047238
047239
047240
047241
047242
047243
047244
047245
047246
047247
047248
047249
047250
047251
047252
047253
047254
047255
047256
047257
047258
047259
047260
047261
047262
047263
047264
047265
047266
047267
047268
047269
047270
047271
047272
047273
047274
047275
047276
047277
047278
047279
047280
047281
047282
047283
047284
047285
047286
047287
047288
047289
047290
047291
047292
047293
047294
047295
047296
047297
047298
047299
047300
047301
047302
047303
047304
047305
047306
047307
047308
047309
047310
047311
047312
047313
047314
047315
047316
047317
047318
047319
047320
047321
047322
047323
047324
047325
047326
047327
047328
047329
047330
047331
047332
047333
047334
047335
047336
047337
047338
047339
047340
047341
047342
047343
047344
047345
047346
047347
047348
047349
047350
047351
047352
047353
047354
047355
047356
047357
047358
047359
047360
047361
047362
047363
047364
047365
047366
047367
047368
047369
047370
047371
047372
047373
047374
047375
047376
047377
047378
047379
047380
047381
047382
047383
047384
047385
047386
047387
047388
047389
047390
047391
047392
047393
047394
047395
047396
047397
047398
047399
047400
047401
047402
047403
047404
047405
047406
047407
047408
047409
047410
047411
047412
047413
047414
047415
047416
047417
047418
047419
047420
047421
047422
047423
047424
047425
047426
047427
047428
047429
047430
047431
047432
047433
047434
047435
047436
047437
047438
047439
047440
047441
047442
047443
047444
047445
047446
047447
047448
047449
047450
047451
047452
047453
047454
047455
047456
047457
047458
047459
047460
047461
047462
047463
047464
047465
047466
047467
047468
047469
047470
047471
047472
047473
047474
047475
047476
047477
047478
047479
047480
047481
047482
047483
047484
047485
047486
047487
047488
047489
047490
047491
047492
047493
047494
047495
047496
047497
047498
047499
047500
047501
047502
047503
047504
047505
047506
047507
047508
047509
047510
047511
047512
047513
047514
047515
047516
047517
047518
047519
047520
047521
047522
047523
047524
047525
047526
047527
047528
047529
047530
047531
047532
047533
047534
047535
047536
047537
047538
047539
047540
047541
047542
047543
047544
047545
047546
047547
047548
047549
047550
047551
047552
047553
047554
047555
047556
047557
047558
047559
047560
047561
047562
047563
047564
047565
047566
047567
047568
047569
047570
047571
047572
047573
047574
047575
047576
047577
047578
047579
047580
047581
047582
047583
047584
047585
047586
047587
047588
047589
047590
047591
047592
047593
047594
047595
047596
047597
047598
047599
047600
047601
047602
047603
047604
047605
047606
047607
047608
047609
047610
047611
047612
047613
047614
047615
047616
047617
047618
047619
047620
047621
047622
047623
047624
047625
047626
047627
047628
047629
047630
047631
047632
047633
047634
047635
047636
047637
047638
047639
047640
047641
047642
047643
047644
047645
047646
047647
047648
047649
047650
047651
047652
047653
047654
047655
047656
047657
047658
047659
047660
047661
047662
047663
047664
047665
047666
047667
047668
047669
047670
047671
047672
047673
047674
047675
047676
047677
047678
047679
047680
047681
047682
047683
047684
047685
047686
047687
047688
047689
047690
047691
047692
047693
047694
047695
047696
047697
047698
047699
047700
047701
047702
047703
047704
047705
047706
047707
047708
047709
047710
047711
047712
047713
047714
047715
047716
047717
047718
047719
047720
047721
047722
047723
047724
047725
047726
047727
047728
047729
047730
047731
047732
047733
047734
047735
047736
047737
047738
047739
047740
047741
047742
047743
047744
047745
047746
047747
047748
047749
047750
047751
047752
047753
047754
047755
047756
047757
047758
047759
047760
047761
047762
047763
047764
047765
047766
047767
047768
047769
047770
047771
047772
047773
047774
047775
047776
047777
047778
047779
047780
047781
047782
047783
047784
047785
047786
047787
047788
047789
047790
047791
047792
047793
047794
047795
047796
047797
047798
047799
047800
047801
047802
047803
047804
047805
047806
047807
047808
047809
047810
047811
047812
047813
047814
047815
047816
047817
047818
047819
047820
047821
047822
047823
047824
047825
047826
047827
047828
047829
047830
047831
047832
047833
047834
047835
047836
047837
047838
047839
047840
047841
047842
047843
047844
047845
047846
047847
047848
047849
047850
047851
047852
047853
047854
047855
047856
047857
047858
047859
047860
047861
047862
047863
047864
047865
047866
047867
047868
047869
047870
047871
047872
047873
047874
047875
047876
047877
047878
047879
047880
047881
047882
047883
047884
047885
047886
047887
047888
047889
047890
047891
047892
047893
047894
047895
047896
047897
047898
047899
047900
047901
047902
047903
047904
047905
047906
047907
047908
047909
047910
047911
047912
047913
047914
047915
047916
047917
047918
047919
047920
047921
047922
047923
047924
047925
047926
047927
047928
047929
047930
047931
047932
047933
047934
047935
047936
047937
047938
047939
047940
047941
047942
047943
047944
047945
047946
047947
047948
047949
047950
047951
047952
047953
047954
047955
047956
047957
047958
047959
047960
047961
047962
047963
047964
047965
047966
047967
047968
047969
047970
047971
047972
047973
047974
047975
047976
047977
047978
047979
047980
047981
047982
047983
047984
047985
047986
047987
047988
047989
047990
047991
047992
047993
047994
047995
047996
047997
047998
047999
048000
048001
048002
048003
048004
048005
048006
048007
048008
048009
048010
048011
048012
048013
048014
048015
048016
048017
048018
048019
048020
048021
048022
048023
048024
048025
048026
048027
048028
048029
048030
048031
048032
048033
048034
048035
048036
048037
048038
048039
048040
048041
048042
048043
048044
048045
048046
048047
048048
048049
048050
048051
048052
048053
048054
048055
048056
048057
048058
048059
048060
048061
048062
048063
048064
048065
048066
048067
048068
048069
048070
048071
048072
048073
048074
048075
048076
048077
048078
048079
048080
048081
048082
048083
048084
048085
048086
048087
048088
048089
048090
048091
048092
048093
048094
048095
048096
048097
048098
048099
048100
048101
048102
048103
048104
048105
048106
048107
048108
048109
048110
048111
048112
048113
048114
048115
048116
048117
048118
048119
048120
048121
048122
048123
048124
048125
048126
048127
048128
048129
048130
048131
048132
048133
048134
048135
048136
048137
048138
048139
048140
048141
048142
048143
048144
048145
048146
048147
048148
048149
048150
048151
048152
048153
048154
048155
048156
048157
048158
048159
048160
048161
048162
048163
048164
048165
048166
048167
048168
048169
048170
048171
048172
048173
048174
048175
048176
048177
048178
048179
048180
048181
048182
048183
048184
048185
048186
048187
048188
048189
048190
048191
048192
048193
048194
048195
048196
048197
048198
048199
048200
048201
048202
048203
048204
048205
048206
048207
048208
048209
048210
048211
048212
048213
048214
048215
048216
048217
048218
048219
048220
048221
048222
048223
048224
048225
048226
048227
048228
048229
048230
048231
048232
048233
048234
048235
048236
048237
048238
048239
048240
048241
048242
048243
048244
048245
048246
048247
048248
048249
048250
048251
048252
048253
048254
048255
048256
048257
048258
048259
048260
048261
048262
048263
048264
048265
048266
048267
048268
048269
048270
048271
048272
048273
048274
048275
048276
048277
048278
048279
048280
048281
048282
048283
048284
048285
048286
048287
048288
048289
048290
048291
048292
048293
048294
048295
048296
048297
048298
048299
048300
048301
048302
048303
048304
048305
048306
048307
048308
048309
048310
048311
048312
048313
048314
048315
048316
048317
048318
048319
048320
048321
048322
048323
048324
048325
048326
048327
048328
048329
048330
048331
048332
048333
048334
048335
048336
048337
048338
048339
048340
048341
048342
048343
048344
048345
048346
048347
048348
048349
048350
048351
048352
048353
048354
048355
048356
048357
048358
048359
048360
048361
048362
048363
048364
048365
048366
048367
048368
048369
048370
048371
048372
048373
048374
048375
048376
048377
048378
048379
048380
048381
048382
048383
048384
048385
048386
048387
048388
048389
048390
048391
048392
048393
048394
048395
048396
048397
048398
048399
048400
048401
048402
048403
048404
048405
048406
048407
048408
048409
048410
048411
048412
048413
048414
048415
048416
048417
048418
048419
048420
048421
048422
048423
048424
048425
048426
048427
048428
048429
048430
048431
048432
048433
048434
048435
048436
048437
048438
048439
048440
048441
048442
048443
048444
048445
048446
048447
048448
048449
048450
048451
048452
048453
048454
048455
048456
048457
048458
048459
048460
048461
048462
048463
048464
048465
048466
048467
048468
048469
048470
048471
048472
048473
048474
048475
048476
048477
048478
048479
048480
048481
048482
048483
048484
048485
048486
048487
048488
048489
048490
048491
048492
048493
048494
048495
048496
048497
048498
048499
048500
048501
048502
048503
048504
048505
048506
048507
048508
048509
048510
048511
048512
048513
048514
048515
048516
048517
048518
048519
048520
048521
048522
048523
048524
048525
048526
048527
048528
048529
048530
048531
048532
048533
048534
048535
048536
048537
048538
048539
048540
048541
048542
048543
048544
048545
048546
048547
048548
048549
048550
048551
048552
048553
048554
048555
048556
048557
048558
048559
048560
048561
048562
048563
048564
048565
048566
048567
048568
048569
048570
048571
048572
048573
048574
048575
048576
048577
048578
048579
048580
048581
048582
048583
048584
048585
048586
048587
048588
048589
048590
048591
048592
048593
048594
048595
048596
048597
048598
048599
048600
048601
048602
048603
048604
048605
048606
048607
048608
048609
048610
048611
048612
048613
048614
048615
048616
048617
048618
048619
048620
048621
048622
048623
048624
048625
048626
048627
048628
048629
048630
048631
048632
048633
048634
048635
048636
048637
048638
048639
048640
048641
048642
048643
048644
048645
048646
048647
048648
048649
048650
048651
048652
048653
048654
048655
048656
048657
048658
048659
048660
048661
048662
048663
048664
048665
048666
048667
048668
048669
048670
048671
048672
048673
048674
048675
048676
048677
048678
048679
048680
048681
048682
048683
048684
048685
048686
048687
048688
048689
048690
048691
048692
048693
048694
048695
048696
048697
048698
048699
048700
048701
048702
048703
048704
048705
048706
048707
048708
048709
048710
048711
048712
048713
048714
048715
048716
048717
048718
048719
048720
048721
048722
048723
048724
048725
048726
048727
048728
048729
048730
048731
048732
048733
048734
048735
048736
048737
048738
048739
048740
048741
048742
048743
048744
048745
048746
048747
048748
048749
048750
048751
048752
048753
048754
048755
048756
048757
048758
048759
048760
048761
048762
048763
048764
048765
048766
048767
048768
048769
048770
048771
048772
048773
048774
048775
048776
048777
048778
048779
048780
048781
048782
048783
048784
048785
048786
048787
048788
048789
048790
048791
048792
048793
048794
048795
048796
048797
048798
048799
048800
048801
048802
048803
048804
048805
048806
048807
048808
048809
048810
048811
048812
048813
048814
048815
048816
048817
048818
048819
048820
048821
048822
048823
048824
048825
048826
048827
048828
048829
048830
048831
048832
048833
048834
048835
048836
048837
048838
048839
048840
048841
048842
048843
048844
048845
048846
048847
048848
048849
048850
048851
048852
048853
048854
048855
048856
048857
048858
048859
048860
048861
048862
048863
048864
048865
048866
048867
048868
048869
048870
048871
048872
048873
048874
048875
048876
048877
048878
048879
048880
048881
048882
048883
048884
048885
048886
048887
048888
048889
048890
048891
048892
048893
048894
048895
048896
048897
048898
048899
048900
048901
048902
048903
048904
048905
048906
048907
048908
048909
048910
048911
048912
048913
048914
048915
048916
048917
048918
048919
048920
048921
048922
048923
048924
048925
048926
048927
048928
048929
048930
048931
048932
048933
048934
048935
048936
048937
048938
048939
048940
048941
048942
048943
048944
048945
048946
048947
048948
048949
048950
048951
048952
048953
048954
048955
048956
048957
048958
048959
048960
048961
048962
048963
048964
048965
048966
048967
048968
048969
048970
048971
048972
048973
048974
048975
048976
048977
048978
048979
048980
048981
048982
048983
048984
048985
048986
048987
048988
048989
048990
048991
048992
048993
048994
048995
048996
048997
048998
048999
049000
049001
049002
049003
049004
049005
049006
049007
049008
049009
049010
049011
049012
049013
049014
049015
049016
049017
049018
049019
049020
049021
049022
049023
049024
049025
049026
049027
049028
049029
049030
049031
049032
049033
049034
049035
049036
049037
049038
049039
049040
049041
049042
049043
049044
049045
049046
049047
049048
049049
049050
049051
049052
049053
049054
049055
049056
049057
049058
049059
049060
049061
049062
049063
049064
049065
049066
049067
049068
049069
049070
049071
049072
049073
049074
049075
049076
049077
049078
049079
049080
049081
049082
049083
049084
049085
049086
049087
049088
049089
049090
03047F
049091
049092
049093
049094
049095
049096
049097
049098
049099
049100
049101
049102
049103
049104
049105
049106
049107
049108
049109
049110
049111
049112
049113
049114
049115
049116
049117
049118
049119
049120
049121
049122
049123
049124
049125
049126
049127
049128
049129
049130
049131
049132
049133
049134
049135
049136
049137
049138
049139
049140
049141
049142
049143
049144
049145
049146
049147
049148
049149
049150
049151
049152
049153
049154
049155
049156
049157
049158
049159
049160
049161
049162
049163
049164
049165
049166
049167
049168
049169
049170
049171
049172
049173
049174
049175
049176
049177
049178
049179
049180
049181
049182
049183
049184
049185
049186
049187
049188
049189
049190
049191
049192
049193
049194
049195
049196
049197
049198
049199
049200
049201
049202
049203
049204
049205
049206
049207
049208
049209
049210
049211
049212
049213
049214
049215
049216
049217
049218
049219
049220
049221
049222
049223
049224
049225
049226
049227
049228
049229
049230
049231
049232
049233
049234
049235
049236
049237
049238
049239
049240
049241
049242
049243
049244
049245
049246
049247
049248
049249
049250
049251
049252
049253
049254
049255
049256
049257
049258
049259
049260
049261
049262
049263
049264
049265
049266
049267
049268
049269
049270
049271
049272
049273
049274
049275
049276
049277
049278
049279
049280
049281
049282
049283
049284
049285
049286
049287
049288
049289
049290
049291
049292
049293
049294
049295
049296
049297
049298
049299
049300
049301
049302
049303
049304
049305
049306
049307
049308
049309
049310
049311
049312
049313
049314
049315
049316
049317
049318
049319
049320
049321
049322
049323
049324
049325
049326
049327
049328
049329
049330
049331
049332
049333
049334
049335
049336
049337
049338
049339
049340
049341
049342
049343
049344
049345
049346
049347
049348
049349
049350
049351
049352
049353
049354
049355
049356
049357
049358
049359
049360
049361
049362
049363
049364
049365
049366
049367
049368
049369
049370
049371
049372
049373
049374
049375
049376
049377
049378
049379
049380
049381
049382
049383
049384
049385
049386
049387
049388
049389
049390
049391
049392
049393
049394
049395
049396
049397
049398
049399
049400
049401
049402
049403
049404
049405
049406
049407
049408
049409
049410
049411
049412
049413
049414
049415
049416
049417
049418
049419
049420
049421
049422
049423
049424
049425
049426
049427
049428
049429
049430
049431
049432
049433
049434
049435
049436
049437
049438
049439
049440
049441
049442
049443
049444
049445
049446
049447
049448
049449
049450
049451
049452
049453
049454
049455
049456
049457
049458
049459
049460
049461
049462
049463
049464
049465
049466
049467
049468
049469
049470
049471
049472
049473
049474
049475
049476
049477
049478
049479
049480
049481
049482
049483
049484
049485
049486
049487
049488
049489
049490
049491
049492
049493
049494
049495
049496
049497
049498
049499
049500
049501
049502
049503
049504
049505
049506
049507
049508
049509
049510
049511
049512
049513
049514
049515
049516
049517
049518
049519
049520
049521
049522
049523
049524
049525
049526
049527
049528
049529
049530
049531
049532
049533
049534
049535
049536
049537
049538
049539
049540
049541
049542
049543
049544
049545
049546
049547
049548
049549
049550
049551
049552
049553
049554
049555
049556
049557
049558
049559
049560
049561
049562
049563
049564
049565
049566
049567
049568
049569
049570
049571
049572
049573
049574
049575
049576
049577
049578
049579
049580
049581
049582
049583
049584
049585
049586
049587
049588
049589
049590
049591
049592
049593
049594
049595
049596
049597
049598
049599
049600
049601
049602
049603
049604
049605
049606
049607
049608
049609
049610
049611
049612
049613
049614
049615
049616
049617
049618
049619
049620
049621
049622
049623
049624
049625
049626
049627
049628
049629
049630
049631
049632
049633
049634
049635
049636
049637
049638
049639
049640
049641
049642
049643
049644
049645
049646
049647
049648
049649
049650
049651
049652
049653
049654
049655
049656
049657
049658
049659
049660
049661
049662
049663
049664
049665
049666
049667
049668
049669
049670
049671
049672
049673
049674
049675
049676
049677
049678
049679
049680
049681
049682
049683
049684
049685
049686
049687
049688
049689
049690
049691
049692
049693
049694
049695
049696
049697
049698
049699
049700
049701
049702
049703
049704
049705
049706
049707
049708
049709
049710
049711
049712
049713
049714
049715
049716
049717
049718
049719
049720
049721
049722
049723
049724
049725
049726
049727
049728
049729
049730
049731
049732
049733
049734
049735
049736
049737
049738
049739
049740
049741
049742
049743
049744
049745
049746
049747
049748
049749
049750
049751
049752
049753
049754
049755
049756
049757
049758
049759
049760
049761
049762
049763
049764
049765
049766
049767
049768
049769
049770
049771
049772
049773
049774
049775
049776
049777
049778
049779
049780
049781
049782
049783
049784
049785
049786
049787
049788
049789
049790
049791
049792
049793
049794
049795
049796
049797
049798
049799
049800
049801
049802
049803
049804
049805
049806
049807
049808
049809
049810
049811
049812
049813
049814
049815
049816
049817
049818
049819
049820
049821
049822
049823
049824
049825
049826
049827
049828
049829
049830
049831
049832
049833
049834
049835
049836
049837
049838
049839
049840
049841
049842
049843
049844
049845
049846
049847
049848
049849
049850
049851
049852
049853
049854
049855
049856
049857
049858
049859
049860
049861
049862
049863
049864
049865
049866
049867
049868
049869
049870
049871
049872
049873
049874
049875
049876
049877
049878
049879
049880
049881
049882
049883
049884
049885
049886
049887
049888
049889
049890
049891
049892
049893
049894
049895
049896
049897
049898
049899
049900
049901
049902
049903
049904
049905
049906
049907
049908
049909
049910
049911
049912
049913
049914
049915
049916
049917
049918
049919
049920
049921
049922
049923
049924
049925
049926
049927
049928
049929
049930
049931
049932
049933
049934
049935
049936
049937
049938
049939
049940
049941
049942
049943
049944
049945
049946
049947
049948
049949
049950
049951
049952
049953
049954
049955
049956
049957
049958
049959
049960
049961
049962
049963
049964
049965
049966
049967
049968
049969
049970
049971
049972
049973
049974
049975
049976
049977
049978
049979
049980
049981
049982
049983
049984
049985
049986
049987
049988
049989
049990
049991
049992
049993
049994
049995
049996
049997
049998
049999
050000
050001
050002
050003
050004
050005
050006
050007
050008
050009
050010
050011
050012
050013
050014
050015
050016
050017
050018
050019
050020
050021
050022
050023
050024
050025
050026
050027
050028
050029
050030
050031
050032
050033
050034
050035
050036
050037
050038
050039
050040
050041
050042
050043
050044
050045
050046
050047
050048
050049
050050
050051
050052
050053
050054
050055
050056
050057
050058
050059
050060
050061
050062
050063
050064
050065
050066
050067
050068
050069
050070
050071
050072
050073
050074
050075
050076
050077
050078
050079
050080
050081
050082
050083
050084
050085
050086
050087
050088
050089
050090
050091
050092
050093
050094
050095
050096
050097
050098
050099
050100
050101
050102
050103
050104
050105
050106
050107
050108
050109
050110
050111
050112
050113
050114
050115
050116
050117
050118
050119
050120
050121
050122
050123
050124
050125
050126
050127
050128
050129
050130
050131
050132
050133
050134
050135
050136
050137
050138
050139
050140
050141
050142
050143
050144
050145
050146
050147
050148
050149
050150
050151
050152
050153
050154
050155
050156
050157
050158
050159
050160
050161
050162
050163
050164
050165
050166
050167
050168
050169
050170
050171
050172
050173
050174
050175
050176
050177
050178
050179
050180
050181
050182
050183
050184
050185
050186
050187
050188
050189
050190
050191
050192
050193
050194
050195
050196
050197
050198
050199
050200
050201
050202
050203
050204
050205
050206
050207
050208
050209
050210
050211
050212
050213
050214
050215
050216
050217
050218
050219
050220
050221
050222
050223
050224
050225
050226
050227
050228
050229
050230
050231
050232
050233
050234
050235
050236
050237
050238
050239
050240
050241
050242
050243
050244
050245
050246
050247
050248
050249
050250
050251
050252
050253
050254
050255
050256
050257
050258
050259
050260
050261
050262
050263
050264
050265
050266
050267
050268
050269
050270
050271
050272
050273
050274
050275
050276
050277
050278
050279
050280
050281
050282
050283
050284
050285
050286
050287
050288
050289
050290
050291
050292
050293
050294
050295
050296
050297
050298
050299
050300
050301
050302
050303
050304
050305
050306
050307
050308
050309
050310
050311
050312
050313
050314
050315
050316
050317
050318
050319
050320
050321
050322
050323
050324
050325
050326
050327
050328
050329
050330
050331
050332
050333
050334
050335
050336
050337
050338
050339
050340
050341
050342
050343
050344
050345
050346
050347
050348
050349
050350
050351
050352
050353
050354
050355
050356
050357
050358
050359
050360
050361
050362
050363
050364
050365
050366
050367
050368
050369
050370
050371
050372
050373
050374
050375
050376
050377
050378
050379
050380
050381
050382
050383
050384
050385
050386
050387
050388
050389
050390
050391
050392
050393
050394
050395
050396
050397
050398
050399
050400
050401
050402
050403
050404
050405
050406
050407
050408
050409
050410
050411
050412
050413
050414
050415
050416
050417
050418
050419
050420
050421
050422
050423
050424
050425
050426
050427
050428
050429
050430
050431
050432
050433
050434
050435
050436
050437
050438
050439
050440
050441
050442
050443
050444
050445
050446
050447
050448
050449
050450
050451
050452
050453
050454
050455
050456
050457
050458
050459
050460
050461
050462
050463
050464
050465
050466
050467
050468
050469
050470
050471
050472
050473
050474
050475
050476
050477
050478
050479
050480
050481
050482
050483
050484
050485
050486
050487
050488
050489
050490
050491
050492
050493
050494
050495
050496
050497
050498
050499
050500
050501
050502
050503
050504
050505
050506
050507
050508
050509
050510
050511
050512
050513
050514
050515
050516
050517
050518
050519
050520
050521
050522
050523
050524
050525
050526
050527
050528
050529
050530
050531
050532
050533
050534
050535
050536
050537
050538
050539
050540
050541
050542
050543
050544
050545
050546
050547
050548
050549
050550
050551
050552
050553
050554
050555
050556
050557
050558
050559
050560
050561
050562
050563
050564
050565
050566
050567
050568
050569
050570
050571
050572
050573
050574
050575
050576
050577
050578
050579
050580
050581
050582
050583
050584
050585
050586
050587
050588
050589
050590
050591
050592
050593
050594
050595
050596
050597
050598
050599
050600
050601
050602
050603
050604
050605
050606
050607
050608
050609
050610
050611
050612
050613
050614
050615
050616
050617
050618
050619
050620
050621
050622
050623
050624
050625
050626
050627
050628
050629
050630
050631
050632
050633
050634
050635
050636
050637
050638
050639
050640
050641
050642
050643
050644
050645
050646
050647
050648
050649
050650
050651
050652
050653
050654
050655
050656
050657
050658
050659
050660
050661
050662
050663
050664
050665
050666
050667
050668
050669
050670
050671
050672
050673
050674
050675
050676
050677
050678
050679
050680
050681
050682
050683
050684
050685
050686
050687
050688
050689
050690
050691
050692
050693
050694
050695
050696
050697
050698
050699
050700
050701
050702
050703
050704
050705
050706
050707
050708
050709
050710
050711
050712
050713
050714
050715
050716
050717
050718
050719
050720
050721
050722
050723
050724
050725
050726
050727
050728
050729
050730
050731
050732
050733
050734
050735
050736
050737
050738
050739
050740
050741
050742
050743
050744
050745
050746
050747
050748
050749
050750
050751
050752
050753
050754
050755
050756
050757
050758
050759
050760
050761
050762
050763
050764
050765
050766
050767
050768
050769
050770
050771
050772
050773
050774
050775
050776
050777
050778
050779
050780
050781
050782
050783
050784
050785
050786
050787
050788
050789
050790
050791
050792
050793
050794
050795
050796
050797
050798
050799
050800
050801
050802
050803
050804
050805
050806
050807
050808
050809
050810
050811
050812
050813
050814
050815
050816
050817
050818
050819
050820
050821
050822
050823
050824
050825
050826
050827
050828
050829
050830
050831
050832
050833
050834
050835
050836
050837
050838
050839
050840
050841
050842
050843
050844
050845
050846
050847
050848
050849
050850
050851
050852
050853
050854
050855
050856
050857
050858
050859
050860
050861
050862
050863
050864
050865
050866
050867
050868
050869
050870
050871
050872
050873
050874
050875
050876
050877
050878
050879
050880
050881
050882
050883
050884
050885
050886
050887
050888
050889
050890
050891
050892
050893
050894
050895
050896
050897
050898
050899
050900
050901
050902
050903
050904
050905
050906
050907
050908
050909
050910
050911
050912
050913
050914
050915
050916
050917
050918
050919
050920
050921
050922
050923
050924
050925
050926
050927
050928
050929
050930
050931
050932
050933
050934
050935
050936
050937
050938
050939
050940
050941
050942
050943
050944
050945
050946
050947
050948
050949
050950
050951
050952
050953
050954
050955
050956
050957
050958
050959
050960
050961
050962
050963
050964
050965
050966
050967
050968
050969
050970
050971
050972
050973
050974
050975
050976
050977
050978
050979
050980
050981
050982
050983
050984
050985
050986
050987
050988
050989
050990
050991
050992
050993
050994
050995
050996
050997
050998
050999
051000
051001
051002
051003
051004
051005
051006
051007
051008
051009
051010
051011
051012
051013
051014
051015
051016
051017
051018
051019
051020
051021
051022
051023
051024
051025
051026
051027
051028
051029
051030
051031
051032
051033
051034
051035
051036
051037
051038
051039
051040
051041
051042
051043
051044
051045
051046
051047
051048
051049
051050
051051
051052
051053
051054
051055
051056
051057
051058
051059
051060
051061
051062
051063
051064
051065
051066
051067
051068
051069
051070
051071
051072
051073
051074
051075
051076
051077
051078
051079
051080
051081
051082
051083
051084
051085
051086
051087
051088
051089
051090
051091
051092
051093
051094
051095
051096
051097
051098
051099
051100
051101
051102
051103
051104
051105
051106
051107
051108
051109
051110
051111
051112
051113
051114
051115
051116
051117
051118
051119
051120
051121
051122
051123
051124
051125
051126
051127
051128
051129
051130
051131
051132
051133
051134
051135
051136
051137
051138
051139
051140
051141
051142
051143
051144
051145
051146
051147
051148
051149
051150
051151
051152
051153
051154
051155
051156
051157
051158
051159
051160
051161
051162
051163
051164
051165
051166
051167
051168
051169
051170
051171
051172
051173
051174
051175
051176
051177
051178
051179
051180
051181
051182
051183
051184
051185
051186
051187
051188
051189
051190
051191
051192
051193
051194
051195
051196
051197
051198
051199
051200
051201
051202
051203
051204
051205
051206
051207
051208
051209
051210
051211
051212
051213
051214
051215
051216
051217
051218
051219
051220
051221
051222
051223
051224
051225
051226
051227
051228
051229
051230
051231
051232
051233
051234
051235
051236
051237
051238
051239
051240
051241
051242
051243
051244
051245
051246
051247
051248
051249
051250
051251
051252
051253
051254
051255
051256
051257
051258
051259
051260
051261
051262
051263
051264
051265
051266
051267
051268
051269
051270
051271
051272
051273
051274
051275
051276
051277
051278
051279
051280
051281
051282
051283
051284
051285
051286
051287
051288
051289
051290
051291
051292
051293
051294
051295
051296
051297
051298
051299
051300
051301
051302
051303
051304
051305
051306
051307
051308
051309
051310
051311
051312
051313
051314
051315
051316
051317
051318
051319
051320
051321
051322
051323
051324
051325
051326
051327
051328
051329
051330
051331
051332
051333
051334
051335
051336
051337
051338
051339
051340
051341
051342
051343
051344
051345
051346
051347
051348
051349
051350
051351
051352
051353
051354
051355
051356
051357
051358
051359
051360
051361
051362
051363
051364
051365
051366
051367
051368
051369
051370
051371
051372
051373
051374
051375
051376
051377
051378
051379
051380
051381
051382
051383
051384
051385
051386
051387
051388
051389
051390
051391
051392
051393
051394
051395
051396
051397
051398
051399
051400
051401
051402
051403
051404
051405
051406
051407
051408
051409
051410
051411
051412
051413
051414
051415
051416
051417
051418
051419
051420
051421
051422
051423
051424
051425
051426
051427
051428
051429
051430
051431
051432
051433
051434
051435
051436
051437
051438
051439
051440
051441
051442
051443
051444
051445
051446
051447
051448
051449
051450
051451
051452
051453
051454
051455
051456
051457
051458
051459
051460
051461
051462
051463
051464
051465
051466
051467
051468
051469
051470
051471
051472
051473
051474
051475
051476
051477
051478
051479
051480
051481
051482
051483
051484
051485
051486
051487
051488
051489
051490
051491
051492
051493
051494
051495
051496
051497
051498
051499
051500
051501
051502
051503
051504
051505
051506
051507
051508
051509
051510
051511
051512
051513
051514
051515
051516
051517
051518
051519
051520
051521
051522
051523
051524
051525
051526
051527
051528
051529
051530
051531
051532
051533
051534
051535
051536
051537
051538
051539
051540
051541
051542
051543
051544
051545
051546
051547
051548
051549
051550
051551
051552
051553
051554
051555
051556
051557
051558
051559
051560
051561
051562
051563
051564
051565
051566
051567
051568
051569
051570
051571
051572
051573
051574
051575
051576
051577
051578
051579
051580
051581
051582
051583
051584
051585
051586
051587
051588
051589
051590
051591
051592
051593
051594
051595
051596
051597
051598
051599
051600
051601
051602
051603
051604
051605
051606
051607
051608
051609
051610
051611
051612
051613
051614
051615
051616
051617
051618
051619
051620
051621
051622
051623
051624
051625
051626
051627
051628
051629
051630
051631
051632
051633
051634
051635
051636
051637
051638
051639
051640
051641
051642
051643
051644
051645
051646
051647
051648
051649
051650
051651
051652
051653
051654
051655
051656
051657
051658
051659
051660
051661
051662
051663
051664
051665
051666
051667
051668
051669
051670
051671
051672
051673
051674
051675
051676
051677
051678
051679
051680
051681
051682
051683
051684
051685
051686
051687
051688
051689
051690
051691
051692
051693
051694
051695
051696
051697
051698
051699
051700
051701
051702
051703
051704
051705
051706
051707
051708
051709
051710
051711
051712
051713
051714
051715
051716
051717
051718
051719
051720
051721
051722
051723
051724
051725
051726
051727
051728
051729
051730
051731
051732
051733
051734
051735
051736
051737
051738
051739
051740
051741
051742
051743
051744
051745
051746
051747
051748
051749
051750
051751
051752
051753
051754
051755
051756
051757
051758
051759
051760
051761
051762
051763
051764
051765
051766
051767
051768
051769
051770
051771
051772
051773
051774
051775
051776
051777
051778
051779
051780
051781
051782
051783
051784
051785
051786
051787
051788
051789
051790
051791
051792
051793
051794
051795
051796
051797
051798
051799
051800
051801
051802
051803
051804
051805
051806
051807
051808
051809
051810
051811
051812
051813
051814
051815
051816
051817
051818
051819
051820
051821
051822
051823
051824
051825
051826
051827
051828
051829
051830
051831
051832
051833
051834
051835
051836
051837
051838
051839
051840
051841
051842
051843
051844
051845
051846
051847
051848
051849
051850
051851
051852
051853
051854
051855
051856
051857
051858
051859
051860
051861
051862
051863
051864
051865
051866
051867
051868
051869
051870
051871
051872
051873
051874
051875
051876
051877
051878
051879
051880
051881
051882
051883
051884
051885
051886
051887
051888
051889
051890
051891
051892
051893
051894
051895
051896
051897
051898
051899
051900
051901
051902
051903
051904
051905
051906
051907
051908
051909
051910
051911
051912
051913
051914
051915
051916
051917
051918
051919
051920
051921
051922
051923
051924
051925
051926
051927
051928
051929
051930
051931
051932
051933
051934
051935
051936
051937
051938
051939
051940
051941
051942
051943
051944
051945
051946
051947
051948
051949
051950
051951
051952
051953
051954
051955
051956
051957
051958
051959
051960
051961
051962
051963
051964
051965
051966
051967
051968
051969
051970
051971
051972
051973
051974
051975
051976
051977
051978
051979
051980
051981
051982
051983
051984
051985
051986
051987
051988
051989
051990
051991
051992
051993
051994
051995
051996
051997
051998
051999
052000
052001
052002
052003
052004
052005
052006
052007
052008
052009
052010
052011
052012
052013
052014
052015
052016
052017
052018
052019
052020
052021
052022
052023
052024
052025
052026
052027
052028
052029
052030
052031
052032
052033
052034
052035
052036
052037
052038
052039
052040
052041
052042
052043
052044
052045
052046
052047
052048
052049
052050
052051
052052
052053
052054
052055
052056
052057
052058
052059
052060
052061
052062
052063
052064
052065
052066
052067
052068
052069
052070
052071
052072
052073
052074
052075
052076
052077
052078
052079
052080
052081
052082
052083
052084
052085
052086
052087
052088
052089
052090
052091
052092
052093
052094
052095
052096
052097
052098
052099
052100
052101
052102
052103
052104
052105
052106
052107
052108
052109
052110
052111
052112
052113
052114
052115
052116
052117
052118
052119
052120
052121
052122
052123
052124
052125
052126
052127
052128
052129
052130
052131
052132
052133
052134
052135
052136
052137
052138
052139
052140
052141
052142
052143
052144
052145
052146
052147
052148
052149
052150
052151
052152
052153
052154
052155
052156
052157
052158
052159
052160
052161
052162
052163
052164
052165
052166
052167
052168
052169
052170
052171
052172
052173
052174
052175
052176
052177
052178
052179
052180
052181
052182
052183
052184
052185
052186
052187
052188
052189
052190
052191
052192
052193
052194
052195
052196
052197
052198
052199
052200
052201
052202
052203
052204
052205
052206
052207
052208
052209
052210
052211
052212
052213
052214
052215
052216
052217
052218
052219
052220
052221
052222
052223
052224
052225
052226
052227
052228
052229
052230
052231
052232
052233
052234
052235
052236
052237
052238
052239
052240
052241
052242
052243
052244
052245
052246
052247
052248
052249
052250
052251
052252
052253
052254
052255
052256
052257
052258
052259
052260
052261
052262
052263
052264
052265
052266
052267
052268
052269
052270
052271
052272
052273
052274
052275
052276
052277
052278
052279
052280
052281
052282
052283
052284
052285
052286
052287
052288
052289
052290
052291
052292
052293
052294
052295
052296
052297
052298
052299
052300
052301
052302
052303
052304
052305
052306
052307
052308
052309
052310
052311
052312
052313
052314
052315
052316
052317
052318
052319
052320
052321
052322
052323
052324
052325
052326
052327
052328
052329
052330
052331
052332
052333
052334
052335
052336
052337
052338
052339
052340
052341
052342
052343
052344
052345
052346
052347
052348
052349
052350
052351
052352
052353
052354
052355
052356
052357
052358
052359
052360
052361
052362
052363
052365
052366
052367
052368
052369
052370
052371
052372
052373
052374
052375
052376
052377
052378
052379
052380
052381
052382
052383
052384
052385
052386
052387
052388
052389
052390
052391
052392
052393
052394
052395
052396
052397
052398
052399
052400
052401
052402
052403
052404
052405
052406
052407
052408
052409
052410
052411
052412
052413
052414
052415
052416
052417
052418
052419
052420
052421
052364
052422
052423
052424
052425
052426
052427
052428
052429
052430
052431
052432
052433
052434
052435
052436
052437
052438
052439
052440
052441
052442
052443
052444
052445
052446
052447
052448
052449
052450
052451
052452
052453
052454
052455
052456
052457
052458
052459
052460
052461
052462
052463
052464
052465
052466
052467
052468
052469
052470
052471
052472
052473
052474
052475
052476
052477
052478
052479
052480
052481
052482
052483
052484
052485
052486
052487
052488
052489
052490
052491
052492
052493
052494
052495
052496
052497
052498
052499
052500
052501
052502
052503
052504
052505
052506
052507
052508
052509
052510
052511
052512
052513
052514
052515
052516
052517
052518
052519
052520
052521
052522
052523
052524
052525
052526
052527
052528
052529
052530
052531
052532
052533
052534
052535
052536
052537
052538
052539
052540
052541
052542
052543
052544
052545
052546
052547
052548
052549
052550
052551
052552
052553
052554
052555
052556
052557
052558
052559
052560
052561
052562
052563
052564
052565
052566
052567
052568
052569
052570
052571
052572
052573
052574
052575
052576
052577
052578
052579
052580
052581
052582
052583
052584
052585
052586
052587
052588
052589
052590
052591
052592
052593
052594
052595
052596
052597
052598
052599
052600
052601
052602
052603
052604
052605
052606
052607
052608
052609
052610
052611
052612
052613
052614
052615
052616
052617
052618
052619
052620
052621
052622
052623
052624
052625
052626
052627
052628
052629
052630
052631
052632
052633
052634
052635
052636
052637
052638
052639
052640
052641
052642
052643
052644
052645
052646
052647
052648
052649
052650
052651
052652
052653
052654
052655
052656
052657
052658
052659
052660
052661
052662
052663
052664
052665
052666
052667
052668
052669
052670
052671
052672
052673
052674
052675
052676
052677
052678
052679
052680
052681
052682
052683
052684
052685
052686
052687
052688
052689
052690
052691
052692
052693
052694
052695
052696
052697
052698
052699
052700
052701
052702
052703
052704
052705
052706
052707
052708
052709
052710
052711
052712
052713
052714
052715
052716
052717
052718
052719
052720
052721
052722
052723
052724
052725
052726
052727
052728
052729
052730
052731
052732
052733
052734
052735
052736
052737
052738
052739
052740
052741
052742
052743
052744
052745
052746
052747
052748
052749
052750
052751
052752
052753
052754
052755
052756
052757
052758
052759
052760
052761
052762
052763
052764
052765
052766
052767
052768
052769
052770
052771
052772
052773
052774
052775
052776
052777
052778
052779
052780
052781
052782
052783
052784
052785
052786
052787
052788
052789
052790
052791
052792
052793
052794
052795
052796
052797
052798
052799
052800
052801
052802
052803
052804
052805
052806
052807
052808
052809
052810
052811
052812
052813
052814
052815
052816
052817
052818
052819
052820
052821
052822
052823
052824
052825
052826
052827
052828
052829
052830
052831
052832
052833
052834
052835
052836
052837
052838
052839
052840
052841
052842
052843
052844
052845
052846
052847
052848
052849
052850
052851
052852
052853
052854
052855
052856
052857
052858
052859
052860
052861
052862
052863
052864
052865
052866
052867
052868
052869
052870
052871
052872
052873
052874
052875
052876
052877
052878
052879
052880
052881
052882
052883
052884
052885
052886
052887
052888
052889
052890
052891
052892
052893
052894
052895
052896
052897
052898
052899
052900
052901
052902
052903
052904
052905
052906
052907
052908
052909
052910
052911
052912
052913
052914
052915
052916
052917
052918
052919
052920
052921
052922
052923
052924
052925
052926
052927
052928
052929
052930
052931
052932
052933
052934
052935
052936
052937
052938
052939
052940
052941
052942
052943
052944
052945
052946
052947
052948
052949
052950
052951
052952
052953
052954
052955
052956
052957
052958
052959
052960
052961
052962
052963
052964
052965
052966
052967
052968
052969
052970
052971
052972
052973
052974
052975
052976
052977
052978
052979
052980
052981
052982
052983
052984
052985
052986
052987
052988
052989
052990
052991
052992
052993
052994
052995
052996
052997
052998
052999
053000
053001
053002
053003
053004
053005
053006
053007
053008
053009
053010
053011
053012
053013
053014
053015
053016
053017
053018
053019
053020
053021
053022
053023
053024
053025
053026
053027
053028
053029
053030
053031
053032
053033
053034
053035
053036
053037
053038
053039
053040
053041
053042
053043
053044
053045
053046
053047
053048
053049
053050
053051
053052
053053
053054
053055
053056
053057
053058
053059
053060
053061
053062
053063
053064
053065
053066
053067
053068
053069
053070
053071
053072
053073
053074
053075
053076
053077
053078
053079
053080
053081
053082
053083
053084
053085
053086
053087
053088
053089
053090
053091
053092
053093
053094
053095
053096
053097
053098
053099
053100
053101
053102
053103
053104
053105
053106
053107
053108
053109
053110
053111
053112
053113
053114
053115
053116
053117
053118
053119
053120
053121
053122
053123
053124
053125
053126
053127
053128
053129
053130
053131
053132
053133
053134
053135
053136
053137
053138
053139
053140
053141
053142
053143
053144
053145
053146
053147
053148
053149
053150
053151
053152
053153
053154
053155
053156
053157
053158
053159
053160
053161
053162
053163
053164
053165
053166
053167
053168
053169
053170
053171
053172
053173
053174
053175
053176
053177
053178
053179
053180
053181
053182
053183
053184
053185
053186
053187
053188
053189
053190
053191
053192
053193
053194
053195
053196
053197
053198
053199
053200
053201
053202
053203
053204
053205
053206
053207
053208
053209
053210
053211
053212
053213
053214
053215
053216
053217
053218
053219
053220
053221
053222
053223
053224
053225
053226
053227
053228
053229
053230
053231
053232
053233
053234
053235
053236
053237
053238
053239
053240
053241
053242
053243
053244
053245
053246
053247
053248
053249
053250
053251
053252
053253
053254
053255
053256
053257
053258
053259
053260
053261
053262
053263
053264
053265
053266
053267
053268
053269
053270
053271
053272
053273
053274
053275
053276
053277
053278
053279
053280
053281
053282
053283
053284
053285
053286
053287
053288
053289
053290
053291
053292
053293
053294
053295
053296
053297
053298
053299
053300
053301
053302
053303
053304
053305
053306
053307
053308
053309
053310
053311
053312
053313
053314
053315
053316
053317
053318
053319
053320
053321
053322
053323
053324
053325
053326
053327
053328
053329
053330
053331
053332
053333
053334
053335
053336
053337
053338
053339
053340
053341
053342
053343
053344
053345
053346
053347
053348
053349
053350
053351
053352
053353
053354
053355
053356
053357
053358
053359
053360
053361
053362
053363
053364
053365
053366
053367
053368
053369
053370
053371
053372
053373
053374
053375
053376
053377
053378
053379
053380
053381
053382
053383
053384
053385
053386
053387
053388
053389
053390
053391
053392
053393
053394
053395
053396
053397
053398
053399
053400
053401
053402
053403
053404
053405
053406
053407
053408
053409
053410
053411
053412
053413
053414
053415
053416
053417
053418
053419
053420
053421
053422
053423
053424
053425
053426
053427
053428
053429
053430
053431
053432
053433
053434
053435
053436
053437
053438
053439
053440
053441
053442
053443
053444
053445
053446
053447
053448
053449
053450
053451
053452
053453
053454
053455
053456
053457
053458
053459
053460
053461
053462
053463
053464
053465
053466
053467
053468
053469
053470
053471
053472
053473
053474
053475
053476
053477
053478
053479
053480
053481
053482
053483
053484
053485
053486
053487
053488
053489
053490
053491
053492
053493
053494
053495
053496
053497
053498
053499
053500
053501
053502
053503
053504
053505
053506
053507
053508
053509
053510
053511
053512
053513
053514
053515
053516
053517
053518
053519
053520
053521
053522
053523
053524
053525
053526
053527
053528
053529
053530
053531
053532
053533
053534
053535
053536
053537
053538
053539
053540
053541
053542
053543
053544
053545
053546
053547
053548
053549
053550
053551
053552
053553
053554
053555
053556
053557
053558
053559
053560
053561
053562
053563
053564
053565
053566
053567
053568
053569
053570
053571
053572
053573
053574
053575
053576
053577
053578
053579
053580
053581
053582
053583
053584
053585
053586
053587
053588
053589
053590
053591
053592
053593
053594
053595
053596
053597
053598
053599
053600
053601
053602
053603
053604
053605
053606
053607
053608
053609
053610
053611
053612
053613
053614
053615
053616
053617
053618
053619
053620
053621
053622
053623
053624
053625
053626
053627
053628
053629
053630
053631
053632
053633
053634
053635
053636
053637
053638
053639
053640
053641
053642
053643
053644
053645
053646
053647
053648
053649
053650
053651
053652
053653
053654
053655
053656
053657
053658
053659
053660
053661
053662
053663
053664
053665
053666
053667
053668
053669
053670
053671
053672
053673
053674
053675
053676
053677
053678
053679
053680
053681
053682
053683
053684
053685
053686
053687
053688
053689
053690
053691
053692
053693
053694
053695
053696
053697
053698
053699
053700
053701
053702
053703
053704
053705
053706
053707
053708
053709
053710
053711
053712
053713
053714
053715
053716
053717
053718
053719
053720
053721
053722
053723
053724
053725
053726
053727
053728
053729
053730
053731
053732
053733
053734
053735
053736
053737
053738
053739
053740
053741
053742
053743
053744
053745
053746
053747
053748
053749
053750
053751
053752
053753
053754
053755
053756
053757
053758
053759
053760
053761
053762
053763
053764
053765
053766
053767
053768
053769
053770
053771
053772
053773
053774
053775
053776
053777
053778
053779
053780
053781
053782
053783
053784
053785
053786
053787
053788
053789
053790
053791
053792
053793
053794
053795
053796
053797
053798
053799
053800
053801
053802
053803
053804
053805
053806
053807
053808
053809
053810
053811
053812
053813
053814
053815
053816
053817
053818
053819
053820
053821
053822
053823
053824
053825
053826
053827
053828
053829
053830
053831
053832
053833
053834
053835
053836
053837
053838
053839
053840
053841
053842
053843
053844
053845
053846
053847
053848
053849
053850
053851
053852
053853
053854
053855
053856
053857
053858
053859
053860
053861
053862
053863
053864
053865
053866
053867
053868
053869
053870
053871
053872
053873
053874
053875
053876
053877
053878
053879
053880
053881
053882
053883
053884
053885
053886
053887
053888
053889
053890
053891
053892
053893
053894
053895
053896
053897
053898
053899
053900
053901
053902
053903
053904
053905
053906
053907
053908
053909
053910
053911
053912
053913
053914
053915
053916
053917
053918
053919
053920
053921
053922
053923
053924
053925
053926
053927
053928
053929
053930
053931
053932
053933
053934
053935
053936
053937
053938
053939
053940
053941
053942
053943
053944
053945
053946
053947
053948
053949
053950
053951
053952
053953
053954
053955
053956
053957
053958
053959
053960
053961
053962
053963
053964
053965
053966
053967
053968
053969
053970
053971
053972
053973
053974
053975
053976
053977
053978
053979
053980
053981
053982
053983
053984
053985
053986
053987
053988
053989
053990
053991
053992
053993
053994
053995
053996
053997
053998
053999
054000
054001
054002
054003
054004
054005
054006
054007
054008
054009
054010
054011
054012
054013
054014
054015
054016
054017
054018
054019
054020
054021
054022
054023
054024
054025
054026
054027
054028
054029
054030
054031
054032
054033
054034
054035
054036
054037
054038
054039
054040
054041
054042
054043
054044
054045
054046
054047
054048
054049
054050
054051
054052
054053
054054
054055
054056
054057
054058
054059
054060
054061
054062
054063
054064
054065
054066
054067
054068
054069
054070
054071
054072
054073
054074
054075
054076
054077
054078
054079
054080
054081
054082
054083
054084
054085
054086
054087
054088
054089
054090
054091
054092
054093
054094
054095
054096
054097
054098
054099
054100
054101
054102
054103
054104
054105
054106
054107
054108
054109
054110
054111
054112
054113
054114
054115
054116
054117
054118
054119
054120
054121
054122
054123
054124
054125
054126
054127
054128
054129
054130
054131
054132
054133
054134
054135
054136
054137
054138
054139
054140
054141
054142
054143
054144
054145
054146
054147
054148
054149
054150
054151
054152
054153
054154
054155
054156
054157
054158
054159
054160
054161
054162
054163
054164
054165
054166
054167
054168
054169
054170
054171
054172
054173
054174
054175
054176
054177
054178
054179
054180
054181
054182
054183
054184
054185
054186
054187
054188
054189
054190
054191
054192
054193
054194
054195
054196
054197
054198
054199
054200
054201
054202
054203
054204
054205
054206
054207
054208
054209
054210
054211
054212
054213
054214
054215
054216
054217
054218
054219
054220
054221
054222
054223
054224
054225
054226
054227
054228
054229
054230
054231
054232
054233
054234
054235
054236
054237
054238
054239
054240
054241
054242
054243
054244
054245
054246
054247
054248
054249
054250
054251
054252
054253
054254
054255
054256
054257
054258
054259
054260
054261
054262
054263
054264
054265
054266
054267
054268
054269
054270
054271
054272
054273
054274
054275
054276
054277
054278
054279
054280
054281
054282
054283
054284
054285
054286
054287
054288
054289
054290
054291
054292
054293
054294
054295
054296
054297
054298
054299
054300
054301
054302
054303
054304
054305
054306
054307
054308
054309
054310
054311
054312
054313
054314
054315
054316
054317
054318
054319
054320
054321
054322
054323
054324
054325
054326
054327
054328
054329
054330
054331
054332
054333
054334
054335
054336
054337
054338
054339
054340
054341
054342
054343
054344
054345
054346
054347
054348
054349
054350
054351
054352
054353
054354
054355
054356
054357
054358
054359
054360
054361
054362
054363
054364
054365
054366
054367
054368
054369
054370
054371
054372
054373
054374
054375
054376
054377
054378
054379
054380
054381
054382
054383
054384
054385
054386
054387
054388
054389
054390
054391
054392
054393
054394
054395
054396
054397
054398
054399
054400
054401
054402
054403
054404
054405
054406
054407
054408
054409
054410
054411
054412
054413
054414
054415
054416
054417
054418
054419
054420
054421
054422
054423
054424
054425
054426
054427
054428
054429
054430
054431
054432
054433
054434
054435
054436
054437
054438
054439
054440
054441
054442
054443
054444
054445
054446
054447
054448
054449
054450
054451
054452
054453
054454
054455
054456
054457
054458
054459
054460
054461
054462
054463
054464
054465
054466
054467
054468
054469
054470
054471
054472
054473
054474
054475
054476
054477
054478
054479
054480
054481
054482
054483
054484
054485
054486
054487
054488
054489
054490
054491
054492
054493
054494
054495
054496
054497
054498
054499
054500
054501
054502
054503
054504
054505
054506
054507
054508
054509
054510
054511
054512
054513
054514
054515
054516
054517
054518
054519
054520
054521
054522
054523
054524
054525
054526
054527
054528
054529
054530
054531
054532
054533
054534
054535
054536
054537
054538
054539
054540
054541
054542
054543
054544
054545
054546
054547
054548
054549
054550
054551
054552
054553
054554
054555
054556
054557
054558
054559
054560
054561
054562
054563
054564
054565
054566
054567
054568
054569
054570
054571
054572
054573
054574
054575
054576
054577
054578
054579
054580
054581
054582
054583
054584
054585
054586
054587
054588
054589
054590
054591
054592
054593
054594
054595
054596
054597
054598
054599
054600
054601
054602
054603
054604
054605
054606
054607
054608
054609
054610
054611
054612
054613
054614
054615
054616
054617
054618
054619
054620
054621
054622
054623
054624
054625
054626
054627
054628
054629
054630
054631
054632
054633
054634
054635
054636
054637
054638
054639
054640
054641
054642
054643
054644
054645
054646
054647
054648
054649
054650
054651
054652
054653
054654
054655
054656
054657
054658
054659
054660
054661
054662
054663
054664
054665
054666
054667
054668
054669
054670
054671
054672
054673
054674
054675
054676
054677
054678
054679
054680
054681
054682
054683
054684
054685
054686
054687
054688
054689
054690
054691
054692
054693
054694
054695
054696
054697
054698
054699
054700
054701
054702
054703
054704
054705
054706
054707
054708
054709
054710
054711
054712
054713
054714
054715
054716
054717
054718
054719
054720
054721
054722
054723
054724
054725
054726
054727
054728
054729
054730
054731
054732
054733
054734
054735
054736
054737
054738
054739
054740
054741
054742
054743
054744
054745
054746
054747
054748
054749
054750
054751
054752
054753
054754
054755
054756
054757
054758
054759
054760
054761
054762
054763
054764
054765
054766
054767
054768
054769
054770
054771
054772
054773
054774
054775
054776
054777
054778
054779
054780
054781
054782
054783
054784
054785
054786
054787
054788
054789
054790
054791
054792
054793
054794
054795
054796
054797
054798
054799
054800
054801
054802
054803
054804
054805
054806
054807
054808
054809
054810
054811
054812
054813
054814
054815
054816
054817
054818
054819
054820
054821
054822
054823
054824
054825
054826
054827
054828
054829
054830
054831
054832
054833
054834
054835
054836
054837
054838
054839
054840
054841
054842
054843
054844
054845
054846
054847
054848
054849
054850
054851
054852
054853
054854
054855
054856
054857
054858
054859
054860
054861
054862
054863
054864
054865
054866
054867
054868
054869
054870
054871
054872
054873
054874
054875
054876
054877
054878
054879
054880
054881
054882
054883
054884
054885
054886
054887
054888
054889
054890
054891
054892
054893
054894
054895
054896
054897
054898
054899
054900
054901
054902
054903
054904
054905
054906
054907
054908
054909
054910
054911
054912
054913
054914
054915
054916
054917
054918
054919
054920
054921
054922
054923
054924
054925
054926
054927
054928
054929
054930
054931
054932
054933
054934
054935
054936
054937
054938
054939
054940
054941
054942
054943
054944
054945
054946
054947
054948
054949
054950
054951
054952
054953
054954
054955
054956
054957
054958
054959
054960
054961
054962
054963
054964
054965
054966
054967
054968
054969
054970
054971
054972
054973
054974
054975
054976
054977
054978
054979
054980
054981
054982
054983
054984
054985
054986
054987
054988
054989
054990
054991
054992
054993
054994
054995
054996
054997
054998
054999
055000
055001
055002
055003
055004
055005
055006
055007
055008
055009
055010
055011
055012
055013
055014
055015
055016
055017
055018
055019
055020
055021
055022
055023
055024
055025
055026
055027
055028
055029
055030
055031
055032
055033
055034
055035
055036
055037
055038
055039
055040
055041
055042
055043
055044
055045
055046
055047
055048
055049
055050
055051
055052
055053
055054
055055
055056
055057
055058
055059
055060
055061
055062
055063
055064
055065
055066
055067
055068
055069
055070
055071
055072
055073
055074
055075
055076
055077
055078
055079
055080
055081
055082
055083
055084
055085
055086
055087
055088
055089
055090
055091
055092
055093
055094
055095
055096
055097
055098
055099
055100
055101
055102
055103
055104
055105
055106
055107
055108
055109
055110
055111
055112
055113
055114
055115
055116
055117
055118
055119
055120
055121
055122
055123
055124
055125
055126
055127
055128
055129
055130
055131
055132
055133
055134
055135
055136
055137
055138
055139
055140
055141
055142
055143
055144
055145
055146
055147
055148
055149
055150
055151
055152
055153
055154
055155
055156
055157
055158
055159
055160
055161
055162
055163
055164
055165
055166
055167
055168
055169
055170
055171
055172
055173
055174
055175
055176
055177
055178
055179
055180
055181
055182
055183
055184
055185
055186
055187
055188
055189
055190
055191
055192
055193
055194
055195
055196
055197
055198
055199
055200
055201
055202
055203
055204
055205
055206
055207
055208
055209
055210
055211
055212
055213
055214
055215
055216
055217
055218
055219
055220
055221
055222
055223
055224
055225
055226
055227
055228
055229
055230
055231
055232
055233
055234
055235
055236
055237
055238
055239
055240
055241
055242
055243
055244
055245
055246
055247
055248
055249
055250
055251
055252
055253
055254
055255
055256
055257
055258
055259
055260
055261
055262
055263
055264
055265
055266
055267
055268
055269
055270
055271
055272
055273
055274
055275
055276
055277
055278
055279
055280
055281
055282
055283
055284
055285
055286
055287
055288
055289
055290
055291
055292
055293
055294
055295
055296
055297
055298
055299
055300
055301
055302
055303
055304
055305
055306
055307
055308
055309
055310
055311
055312
055313
055314
055315
055316
055317
055318
055319
055320
055321
055322
055323
055324
055325
055326
055327
055328
055329
055330
055331
055332
055333
055334
055335
055336
055337
055338
055339
055340
055341
055342
055343
055344
055345
055346
055347
055348
055349
055350
055351
055352
055353
055354
055355
055356
055357
055358
055359
055360
055361
055362
055363
055364
055365
055366
055367
055368
055369
055370
055371
055372
055373
055374
055375
055376
055377
055378
055379
055380
055381
055382
055383
055384
055385
055386
055387
055388
055389
055390
055391
055392
055393
055394
055395
055396
055397
055398
055399
055400
055401
055402
055403
055404
055405
055406
055407
055408
055409
055410
055411
055412
055413
055414
055415
055416
055417
055418
055419
055420
055421
055422
055423
055424
055425
055426
055427
055428
055429
055430
055431
055432
055433
055434
055435
055436
055437
055438
055439
055440
055441
055442
055443
055444
055445
055446
055447
055448
055449
055450
055451
055452
055453
055454
055455
055456
055457
055458
055459
055460
055461
055462
055463
055464
055465
055466
055467
055468
055469
055470
055471
055472
055473
055474
055475
055476
055477
055478
055479
055480
055481
055482
055483
055484
055485
055486
055487
055488
055489
055490
055491
055492
055493
055494
055495
055496
055497
055498
055499
055500
055501
055502
055503
055504
055505
055506
055507
055508
055509
055510
055511
055512
055513
055514
055515
055516
055517
055518
055519
055520
055521
055522
055523
055524
055525
055526
055527
055528
055529
055530
055531
055532
055533
055534
055535
055536
055537
055538
055539
055540
055541
055542
055543
055544
055545
055546
055547
055548
055549
055550
055551
055552
055553
055554
055555
055556
055557
055558
055559
055560
055561
055562
055563
055564
055565
055566
055567
055568
055569
055570
055571
055572
055573
055574
055575
055576
055577
055578
055579
055580
055581
055582
055583
055584
055585
055586
055587
055588
055589
055590
055591
055592
055593
055594
055595
055596
055597
055598
055599
055600
055601
055602
055603
055604
055605
055606
055607
055608
055609
055610
055611
055612
055613
055614
055615
055616
055617
055618
055619
055620
055621
055622
055623
055624
055625
055626
055627
055628
055629
055630
055631
055632
055633
055634
055635
055636
055637
055638
055639
055640
055641
055642
055643
055644
055645
055646
055647
055648
055649
055650
055651
055652
055653
055654
055655
055656
055657
055658
055659
055660
055661
055662
055663
055664
055665
055666
055667
055668
055669
055670
055671
055672
055673
055674
055675
055676
055677
055678
055679
055680
055681
055682
055683
055684
055685
055686
055687
055688
055689
055690
055691
055692
055693
055694
055695
055696
055697
055698
055699
055700
055701
055702
055703
055704
055705
055706
055707
055708
055709
055710
055711
055712
055713
055714
055715
055716
055717
055718
055719
055720
055721
055722
055723
055724
055725
055726
055727
055728
055729
055730
055731
055732
055733
055734
055735
055736
055737
055738
055739
055740
055741
055742
055743
055744
055745
055746
055747
055748
055749
055750
055751
055752
055753
055754
055755
055756
055757
055758
055759
055760
055761
055762
055763
055764
055765
055766
055767
055768
055769
055770
055771
055772
055773
055774
055775
055776
055777
055778
055779
055780
055781
055782
055783
055784
055785
055786
055787
055788
055789
055790
055791
055792
055793
055794
055795
055796
055797
055798
055799
055800
055801
055802
055803
055804
055805
055806
055807
055808
055809
055810
055811
055812
055813
055814
055815
055816
055817
055818
055819
055820
055821
055822
055823
055824
055825
055826
055827
055828
055829
055830
055831
055832
055833
055834
055835
055836
055837
055838
055839
055840
055841
055842
055843
055844
055845
055846
055847
055848
055849
055850
055851
055852
055853
055854
055855
055856
055857
055858
055859
055860
055861
055862
055863
055864
055865
055866
055867
055868
055869
055870
055871
055872
055873
055874
055875
055876
055877
055878
055879
055880
055881
055882
055883
055884
055885
055886
055887
055888
055889
055890
055891
055892
055893
055894
055895
055896
055897
055898
055899
055900
055901
055902
055903
055904
055905
055906
055907
055908
055909
055910
055911
055912
055913
055914
055915
055916
055917
055918
055919
055920
055921
055922
055923
055924
055925
055926
055927
055928
055929
055930
055931
055932
055933
055934
055935
055936
055937
055938
055939
055940
055941
055942
055943
055944
055945
055946
055947
055948
055949
055950
055951
055952
055953
055954
055955
055956
055957
055958
055959
055960
055961
055962
055963
055964
055965
055966
055967
055968
055969
055970
055971
055972
055973
055974
055975
055976
055977
055978
055979
055980
055981
055982
055983
055984
055985
055986
055987
055988
055989
055990
055991
055992
055993
055994
055995
055996
055997
055998
055999
056000
056001
056002
056003
056004
056005
056006
056007
056008
056009
056010
056011
056012
056013
056014
056015
056016
056017
056018
056019
056020
056021
056022
056023
056024
056025
056026
056027
056028
056029
056030
056031
056032
056033
056034
056035
056036
056037
056038
056039
056040
056041
056042
056043
056044
056045
056046
056047
056048
056049
056050
056051
056052
056053
056054
056055
056056
056057
056058
056059
056060
056061
056062
056063
056064
056065
056066
056067
056068
056069
056070
056071
056072
056073
056074
056075
056076
056077
056078
056079
056080
056081
056082
056083
056084
056085
056086
056087
056088
056089
056090
056091
056092
056093
056094
056095
056096
056097
056098
056099
056100
056101
056102
056103
056104
056105
056106
056107
056108
056109
056110
056111
056112
056113
056114
056115
056116
056117
056118
056119
056120
056121
056122
056123
056124
056125
056126
056127
056128
056129
056130
056131
056132
056133
056134
056135
056136
056137
056138
056139
056140
056141
056142
056143
056144
056145
056146
056147
056148
056149
056150
056151
056152
056153
056154
056155
056156
056157
056158
056159
056160
056161
056162
056163
056164
056165
056166
056167
056168
056169
056170
056171
056172
056173
056174
056175
056176
056177
056178
056179
056180
056181
056182
056183
056184
056185
056186
056187
056188
056189
056190
056191
056192
056193
056194
056195
056196
056197
056198
056199
056200
056201
056202
056203
056204
056205
056206
056207
056208
056209
056210
056211
056212
056213
056214
056215
056216
056217
056218
056219
056220
056221
056222
056223
056224
056225
056226
056227
056228
056229
056230
056231
056232
056235
056236
056237
056238
056239
056240
056241
056242
056243
056244
056245
056246
056247
056248
056249
056250
056251
056252
056253
056254
056255
056256
056257
056258
056259
056260
056261
056262
056263
056264
056265
056266
056267
056268
056269
056233
056234
056270
056271
056272
056273
056274
056275
056276
056277
056278
056279
056280
056281
056282
056283
056284
056285
056286
056287
056288
056289
056290
056291
056292
056293
056294
056295
056296
056297
056298
056299
056300
056301
056302
056303
056304
056305
056306
056307
056308
056309
056310
056311
056312
056313
056314
056315
056316
056317
056318
056319
056320
056321
056322
056323
056324
056325
056326
056327
056328
056329
056330
056331
056332
056333
056334
056335
056336
056337
056338
056339
056340
056341
056342
056343
056344
056345
056346
056347
056348
056349
056350
056351
056352
056353
056354
056355
056356
056357
056358
056359
056360
056361
056362
056363
056364
056365
056366
056367
056368
056369
056370
056371
056372
056373
056374
056375
056376
056377
056378
056379
056380
056381
056382
056383
056384
056385
056386
056387
056388
056389
056390
056391
056392
056393
056394
056395
056396
056397
056398
056399
056400
056401
056402
056403
056404
056405
056406
056407
056408
056409
056410
056411
056412
056413
056414
056415
056416
056417
056418
056419
056420
056421
056422
056423
056424
056425
056426
056427
056428
056429
056430
056431
056432
056433
056434
056435
056436
056437
056438
056439
056440
056441
056442
056443
056444
056445
056446
056447
056448
056449
056450
056451
056452
056453
056454
056455
056456
056457
056458
056459
056460
056461
056462
056463
056464
056465
056466
056467
056468
056469
056470
056471
056472
056473
056474
056475
056476
056477
056478
056479
056480
056481
056482
056483
056484
056485
056486
056487
056488
056489
056490
056491
056492
056493
056494
056495
056496
056497
056498
056499
056500
056501
056502
056503
056504
056505
056506
056507
056508
056509
056510
056511
056512
056513
056514
056515
056516
056517
056518
056519
056520
056521
056522
056523
056524
056525
056526
056527
056528
056529
056530
056531
056532
056533
056534
056535
056536
056537
056538
056539
056540
056541
056542
056543
056544
056545
056546
056547
056548
056549
056550
056551
056552
056553
056554
056555
056556
056557
056558
056559
056560
056561
056562
056563
056564
056565
056566
056567
056568
056569
056570
056571
056572
056573
056574
056575
056576
056577
056578
056579
056580
056581
056582
056583
056584
056585
056586
056587
056588
056589
056590
056591
056592
056593
056594
056595
056596
056597
056598
056599
056600
056601
056602
056603
056604
056605
056606
056607
056608
056609
056610
056611
056612
056613
056614
056615
056616
056617
056618
056619
056620
056621
056622
056623
056624
056625
056626
056627
056628
056629
056630
056631
056632
056633
056634
056635
056636
056637
056638
056639
056640
056641
056642
056643
056644
056645
056646
056647
056648
056649
056650
056651
056652
056653
056654
056655
056656
056657
056658
056659
056660
056661
056662
056663
056664
056665
056666
056667
056668
056669
056670
056671
056672
056673
056674
056675
056676
056677
056678
056679
056680
056681
056682
056683
056684
056685
056686
056687
056688
056689
056690
056691
056692
056693
056694
056695
056696
056697
056698
056699
056700
056701
056702
056703
056704
056705
056706
056707
056708
056709
056710
056711
056712
056713
056714
056715
056716
056717
056718
056719
056720
056721
056722
056723
056724
056725
056726
056727
056728
056729
056730
056731
056732
056733
056734
056735
056736
056737
056738
056739
056740
056741
056742
056743
056744
056745
056746
056747
056748
056749
056750
056751
056752
056753
056754
056755
056756
056757
056758
056759
056760
056761
056762
056763
056764
056765
056766
056767
056768
056769
056770
056771
056772
056773
056774
056775
056776
056777
056778
056779
056780
056781
056782
056783
056784
056785
056786
056787
056788
056789
056790
056791
056792
056793
056794
056795
056796
056797
056798
056799
056800
056801
056802
056803
056804
056805
056806
056807
056808
056809
056810
056811
056812
056813
056814
056815
056816
056817
056818
056819
056820
056821
056822
056823
056824
056825
056826
056827
056828
056829
056830
056831
056832
056833
056834
056835
056836
056837
056838
056839
056840
056841
056842
056843
056844
056845
056846
056847
056848
056849
056850
056851
056852
056853
056854
056855
056856
056857
056858
056859
056860
056861
056862
056863
056864
056865
056866
056867
056868
056869
056870
056871
056872
056873
056874
056875
056876
056877
056878
056879
056880
056881
056882
056883
056884
056885
056886
056887
056888
056889
056890
056891
056892
056893
056894
056895
056896
056897
056898
056899
056900
056901
056902
056903
056904
056905
056906
056907
056908
056909
056910
056911
056912
056913
056914
056915
056916
056917
056918
056919
056920
056921
056922
056923
056924
056925
056926
056927
056928
056929
056930
056931
056932
056933
056934
056935
056936
056937
056938
056939
056940
056941
056942
056943
056944
056945
056946
056947
056948
056949
056950
056951
056952
056953
056954
056955
056956
056957
056958
056959
056960
056961
056962
056963
056964
056965
056966
056967
056968
056969
056970
056971
056972
056973
056974
056975
056976
056977
056978
056979
056980
056981
056982
056983
056984
056985
056986
056987
056988
056989
056990
056991
056992
056993
056994
056995
056996
056997
056998
056999
057000
057001
057002
057003
057004
057005
057006
057007
057008
057009
057010
057011
057012
057013
057014
057015
057016
057017
057018
057019
057020
057021
057022
057023
057024
057025
057026
057027
057028
057029
057030
057031
057032
057033
057034
057035
057036
057037
057038
057039
057040
057041
057042
057043
057044
057045
057046
057047
057048
057049
057050
057051
057052
057053
057054
057055
057056
057057
057058
057059
057060
057061
057062
057063
057064
057065
057066
057067
057068
057069
057070
057071
057072
057073
057074
057075
057076
057077
057078
057079
057080
057081
057082
057083
057084
057085
057086
057087
057088
057089
057090
057091
057092
057093
057094
057095
057096
057097
057098
057099
057100
057101
057102
057103
057104
057105
057106
057107
057108
057109
057110
057111
057112
057113
057114
057115
057116
057117
057118
057119
057120
057121
057122
057123
057124
057125
057126
057127
057128
057129
057130
057131
057132
057133
057134
057135
057136
057137
057138
057139
057140
057141
057142
057143
057144
057145
057146
057147
057148
057149
057150
057151
057152
057153
057154
057155
057156
057157
057158
057159
057160
057161
057162
057163
057164
057165
057166
057167
057168
057169
057170
057171
057172
057173
057174
057175
057176
057177
057178
057179
057180
057181
057182
057183
057184
057185
057186
057187
057188
057189
057190
057191
057192
057193
057194
057195
057196
057197
057198
057199
057200
057201
057202
057203
057204
057205
057206
057207
057208
057209
057210
057211
057212
057213
057214
057215
057216
057217
057218
057219
057220
057221
057222
057223
057224
057225
057226
057227
057228
057229
057230
057231
057232
057233
057234
057235
057236
057237
057238
057239
057240
057241
057242
057243
057244
057245
057246
057247
057248
057249
057250
057251
057252
057253
057254
057255
057256
057257
057258
057259
057260
057261
057262
057263
057264
057265
057266
057267
057268
057269
057270
057271
057272
057273
057274
057275
057276
057277
057278
057279
057280
057281
057282
057283
057284
057285
057286
057287
057288
057289
057290
057291
057292
057293
057294
057295
057296
057297
057298
057299
057300
057301
057302
057303
057304
057305
057306
057307
057308
057309
057310
057311
057312
057313
057314
057315
057316
057317
057318
057319
057320
057321
057322
057323
057324
057325
057326
057327
057328
057329
057330
057331
057332
057333
057334
057335
057336
057337
057338
057339
057340
057341
057342
057343
057344
057345
057346
057347
057348
057349
057350
057351
057352
057353
057354
057355
057356
057357
057358
057359
057360
057361
057362
057363
057364
057365
057366
057367
057368
057369
057370
057371
057372
057373
057374
057375
057376
057377
057378
057379
057380
057381
057382
057383
057384
057385
057386
057387
057388
057389
057390
057391
057392
057393
057394
057395
057396
057397
057398
057399
057400
057401
057402
057405
057406
057407
057408
057409
057410
057411
057412
057413
057414
057415
057416
057417
057418
057419
057420
057421
057422
057423
057424
057425
057426
057403
057404
057427
057428
057429
057430
057431
057432
057433
057434
057435
057436
057437
057438
057439
057440
057441
057442
057443
057444
057445
057446
057447
057448
057449
057450
057451
057452
057453
057454
057455
057456
057457
057458
057459
057460
057461
057462
057463
057464
057465
057466
057467
057468
057469
057470
057471
057472
057473
057474
057475
057476
057477
057478
057479
057480
057481
057482
057483
057484
057485
057486
057487
057488
057489
057490
057491
057492
057493
057494
057495
057496
057497
057498
057499
057500
057501
057502
057503
057504
057505
057506
057507
057508
057509
057510
057511
057512
057513
057514
057515
057516
057517
057518
057519
057520
057521
057522
057523
057524
057525
057526
057527
057528
057529
057530
057531
057532
057533
057534
057535
057536
057537
057538
057539
057540
057541
057542
057543
057544
057545
057546
057547
057548
057549
057550
057551
057552
057553
057554
057555
057556
057557
057558
057559
057560
057561
057562
057563
057564
057565
057566
057567
057568
057569
057570
057571
057572
057573
057574
057575
057576
057577
057578
057579
057580
057581
057582
057583
057584
057585
057586
057587
057588
057589
057590
057591
057592
057593
057594
057595
057596
057597
057598
057599
057600
057601
057602
057603
057604
057605
057606
057607
057608
057609
057610
057611
057612
057613
057614
057615
057616
057617
057618
057619
057620
057621
057622
057623
057624
057625
057626
057627
057628
057629
057630
057631
057632
057633
057634
057635
057636
057637
057638
057639
057640
057641
057642
057643
057644
057645
057646
057647
057648
057649
057650
057651
057652
057653
057654
057655
057656
057657
057658
057659
057660
057661
057662
057663
057664
057665
057666
057667
057668
057669
057670
057671
057672
057673
057674
057675
057676
057677
057678
057679
057680
057681
057682
057683
057684
057685
057686
057687
057688
057689
057690
057691
057692
057693
057694
057695
057696
057697
057698
057699
057700
057701
057702
057703
057704
057705
057706
057707
057708
057709
057710
057711
057712
057713
057714
057715
057716
057717
057718
057719
057720
057721
057722
057723
057724
057725
057726
057727
057728
057729
057730
057731
057732
057733
057734
057735
057736
057737
057738
057739
057740
057741
057742
057743
057744
057745
057746
057747
057748
057749
057750
057751
057752
057753
057754
057755
057756
057757
057758
057759
057760
057761
057762
057763
057764
057765
057766
057767
057768
057769
057770
057771
057772
057773
057774
057775
057776
057777
057778
057779
057780
057781
057782
057783
057784
057785
057786
057787
057788
057789
057790
057791
057792
057793
057794
057795
057796
057797
057798
057799
057800
057801
057802
057803
057804
057805
057806
057807
057808
057809
057810
057811
057812
057813
057814
057815
057816
057817
057818
057819
057820
057821
057822
057823
057824
057825
057826
057827
057828
057829
057830
057831
057832
057833
057834
057835
057836
057837
057838
057839
057840
057841
057842
057843
057844
057845
057846
057847
057848
057849
057850
057851
057852
057853
057854
057855
057856
057857
057858
057859
057860
057861
057862
057863
057864
057865
057866
057867
057868
057869
057870
057871
057872
057873
057874
057875
057876
057877
057878
057879
057880
057881
057882
057883
057884
057885
057886
057887
057888
057889
057890
057891
057892
057893
057894
057895
057896
057897
057898
057899
057900
057901
057902
057903
057904
057905
057906
057907
057908
057909
057910
057911
057912
057913
057914
057915
057916
057917
057918
057919
057920
057921
057922
057923
057924
057925
057926
057927
057928
057929
057930
057931
057932
057933
057934
057935
057936
057937
057938
057939
057940
057941
057942
057943
057944
057945
057946
057947
057948
057949
057950
057951
057952
057953
057954
057955
057956
057957
057958
057959
057960
057961
057962
057963
057964
057965
057966
057967
057968
057969
057970
057971
057972
057973
057974
057975
057976
057977
057978
057979
057980
057981
057982
057983
057984
057985
057986
057987
057988
057989
057990
057991
057992
057993
057994
057995
057996
057997
057998
057999
058000
058001
058002
058003
058004
058005
058006
058007
058008
058009
058010
058011
058012
058013
058014
058015
058016
058017
058018
058019
058020
058021
058022
058023
058024
058025
058026
058027
058028
058029
058030
058031
058032
058033
058034
058035
058036
058037
058038
058039
058040
058041
058042
058043
058044
058045
058046
058047
058048
058049
058050
058051
058052
058053
058054
058055
058056
058057
058058
058059
058060
058061
058062
058063
058064
058065
058066
058067
058068
058069
058070
058071
058072
058073
058074
058075
058076
058077
058078
058079
058080
058081
058082
058083
058084
058085
058086
058087
058088
058089
058090
058091
058092
058093
058094
058095
058096
058097
058098
058099
058100
058101
058102
058103
058104
058105
058106
058107
058108
058109
058110
058111
058112
058113
058114
058115
058116
058117
058118
058119
058120
058121
058122
058123
058124
058125
058126
058127
058128
058129
058130
058131
058132
058133
058134
058135
058136
058137
058138
058139
058140
058141
058142
058143
058144
058145
058146
058147
058148
058149
058150
058151
058152
058153
058154
058155
058156
058157
058158
058159
058160
058161
058162
058163
058164
058165
058166
058167
058168
058169
058170
058171
058172
058173
058174
058175
058176
058177
058178
058179
058180
058181
058182
058183
058184
058185
058186
058187
058188
058189
058190
058191
058192
058193
058194
058195
058196
058197
058198
058199
058200
058201
058202
058203
058204
058205
058206
058207
058208
058209
058210
058211
058212
058213
058214
058215
058216
058217
058218
058219
058220
058221
058222
058223
058224
058225
058226
058227
058228
058229
058230
058231
058232
058233
058234
058235
058236
058237
058238
058239
058240
058241
058242
058243
058244
058245
058246
058247
058248
058249
058250
058251
058252
058253
058254
058255
058256
058257
058258
058259
058260
058261
058262
058263
058264
058265
058266
058267
058268
058269
058270
058271
058272
058273
058274
058275
058276
058277
058278
058279
058280
058281
058282
058283
058284
058285
058286
058287
058288
058289
058290
058291
058292
058293
058294
058295
058296
058297
058298
058299
058300
058301
058302
058303
058304
058305
058306
058307
058308
058309
058310
058311
058312
058313
058314
058315
058316
058317
058318
058319
058320
058321
058322
058323
058324
058325
058326
058327
058328
058329
058330
058331
058332
058333
058334
058335
058336
058337
058338
058339
058340
058341
058342
058343
058344
058345
058346
058347
058348
058349
058350
058351
058352
058353
058354
058355
058356
058357
058358
058359
058360
058361
058362
058363
058364
058365
058366
058367
058368
058369
058370
058371
058372
058373
058374
058375
058376
058377
058378
058379
058380
058381
058382
058383
058384
058385
058386
058387
058388
058389
058390
058391
058392
058393
058394
058395
058396
058397
058398
058399
058400
058401
058402
058403
058404
058405
058406
058407
058408
058409
058410
058411
058412
058413
058414
058415
058416
058417
058418
058419
058420
058421
058422
058423
058424
058425
058426
058427
058428
058429
058430
058431
058432
058433
058434
058435
058436
058437
058438
058439
058440
058441
058442
058443
058444
058445
058446
058447
058448
058449
058450
058451
058452
058453
058454
058455
058456
058457
058458
058459
058460
058461
058462
058463
058464
058465
058466
058467
058468
058469
058470
058471
058472
058473
058474
058475
058476
058477
058478
058479
058480
058481
058482
058483
058484
058485
058486
058487
058488
058489
058490
058491
058492
058493
058494
058495
058496
058497
058498
058499
058500
058501
058502
058503
058504
058505
058506
058507
058508
058509
058510
058511
058512
058513
058514
058515
058516
058517
058518
058519
058520
058521
058522
058523
058524
058525
058526
058527
058528
058529
058530
058531
058532
058533
058534
058535
058536
058537
058538
058539
058540
058541
058542
058543
058544
058545
058546
058547
058548
058549
058550
058551
058552
058553
058554
058555
058556
058557
058558
058559
058560
058561
058562
058563
058564
058565
058566
058567
058568
058569
058570
058571
058572
058573
058574
058575
058576
058577
058578
058579
058580
058581
058582
058583
058584
058585
058586
058587
058588
058589
058590
058591
058592
058593
058594
058595
058596
058597
058598
058599
058600
058601
058602
058603
058604
058605
058606
058607
058608
058609
058610
058611
058612
058613
058614
058615
058616
058617
058618
058619
058620
058621
058622
058623
058624
058625
058626
058627
058628
058629
058630
058631
058632
058633
058634
058635
058636
058637
058638
058639
058640
058641
058642
058643
058644
058645
058646
058647
058648
058649
058650
058651
058652
058653
058654
058655
058656
058657
058658
058659
058660
058661
058662
058663
058664
058665
058666
058667
058668
058669
058670
058671
058672
058673
058674
058675
058676
058677
058678
058679
058680
058681
058682
058683
058684
058685
058686
058687
058688
058689
058690
058691
058692
058693
058694
058695
058696
058697
058698
058699
058700
058701
058702
058703
058704
058705
058706
058707
058708
058709
058710
058711
058712
058713
058714
058715
058716
058717
058718
058719
058720
058721
058722
058723
058724
058725
058726
058727
058728
058729
058730
058731
058732
058733
058734
058735
058736
058737
058738
058739
058740
058741
058742
058743
058744
058745
058746
058747
058748
058749
058750
058751
058752
058753
058754
058755
058756
058757
058758
058759
058760
058761
058762
058763
058764
058765
058766
058767
058768
058769
058770
058771
058772
058773
058774
058775
058776
058777
058778
058779
058780
058781
058782
058783
058784
058785
058786
058787
058788
058789
058790
058791
058792
058793
058794
058795
058796
058797
058798
058799
058800
058801
058802
058803
058804
058805
058806
058807
058808
058809
058810
058811
058812
058813
058814
058815
058816
058817
058818
058819
058820
058821
058822
058823
058824
058825
058826
058827
058828
058829
058830
058831
058832
058833
058834
058835
058836
058837
058838
058839
058840
058841
058842
058843
058844
058845
058846
058847
058848
058849
058850
058851
058852
058853
058854
058855
058856
058857
058858
058859
058860
058861
058862
058863
058864
058865
058866
058867
058868
058869
058870
058871
058872
058873
058874
058875
058876
058877
058878
058879
058880
058881
058882
058883
058884
058885
058886
058887
058888
058889
058890
058891
058892
058893
058894
058895
058896
058897
058898
058899
058900
058901
058902
058903
058904
058905
058906
058907
058908
058909
058910
058911
058912
058913
058914
058915
058916
058917
058918
058919
058920
058921
058922
058923
058924
058925
058926
058927
058928
058929
058930
058931
058932
058933
058934
058935
058936
058937
058938
058939
058940
058941
058942
058943
058944
058945
058946
058947
058948
058949
058950
058951
058952
058953
058954
058955
058956
058957
058958
058959
058960
058961
058962
058963
058964
058965
058966
058967
058968
058969
058970
058971
058972
058973
058974
058975
058976
058977
058978
058979
058980
058981
058982
058983
058984
058985
058986
058987
058988
058989
058990
058991
058992
058993
058994
058995
058996
058997
058998
058999
059000
059001
059002
059003
059004
059005
059006
059007
059008
059009
059010
059011
059012
059013
059014
059015
059016
059017
059018
059019
059020
059021
059022
059023
059024
059025
059026
059027
059028
059029
059030
059031
059032
059033
059034
059035
059036
059037
059038
059039
059040
059041
059042
059043
059044
059045
059046
059047
059048
059049
059050
059051
059052
059053
059054
059055
059056
059057
059058
059059
059060
059061
059062
059063
059064
059065
059066
059067
059068
059069
059070
059071
059072
059073
059074
059075
059076
059077
059078
059079
059080
059081
059082
059083
059084
059085
059086
059087
059088
059089
059090
059091
059092
059093
059094
059095
059096
059097
059098
059099
059100
059101
059102
059103
059104
059105
059106
059107
059108
059109
059110
059111
059112
059113
059114
059115
059116
059117
059118
059119
059120
059121
059122
059123
059124
059125
059126
059127
059128
059129
059130
059131
059132
059133
059134
059135
059136
059137
059138
059139
059140
059141
059142
059143
059144
059145
059146
059147
059148
059149
059150
059151
059152
059153
059154
059155
059156
059157
059158
059159
059160
059161
059162
059163
059164
059165
059166
059167
059168
059169
059170
059171
059172
059173
059174
059175
059176
059177
059178
059179
059180
059181
059182
059183
059184
059185
059186
059187
059188
059189
059190
059191
059192
059193
059194
059195
059196
059197
059198
059199
059200
059201
059202
059203
059204
059205
059206
059207
059208
059209
059210
059211
059212
059213
059214
059215
059216
059217
059218
059219
059220
059221
059222
059223
059224
059225
059226
059227
059228
059229
059230
059231
059232
059233
059234
059235
059236
059237
059238
059239
059240
059241
059242
059243
059244
059245
059246
059247
059248
059249
059250
059251
059252
059253
059254
059255
059256
059257
059258
059259
059260
059261
059262
059263
059264
059265
059266
059267
059268
059269
059270
059271
059272
059273
059274
059275
059276
059277
059278
059279
059280
059281
059282
059283
059284
059285
059286
059287
059288
059289
059290
059291
059292
059293
059294
059295
059296
059297
059298
059299
059300
059301
059302
059303
059304
059305
059306
059307
059308
059309
059310
059311
059312
059313
059314
059315
059316
059317
059318
059319
059320
059321
059322
059323
059324
059325
059326
059327
059328
059329
059330
059331
059332
059333
059334
059335
059336
059337
059338
059339
059340
059341
059342
059343
059344
059345
059346
059347
059348
059349
059350
059351
059352
059353
059354
059355
059356
059357
059358
059359
059360
059361
059362
059363
059364
059365
059366
059367
059368
059369
059370
059371
059372
059373
059374
059375
059376
059377
059378
059379
059380
059381
059382
059383
059384
059385
059386
059387
059388
059389
059390
059391
059392
059393
059394
059395
059396
059397
059398
059399
059400
059401
059402
059403
059404
059405
059406
059407
059408
059409
059410
059411
059412
059413
059414
059415
059416
059417
059418
059419
059420
059421
059422
059423
059424
059425
059426
059427
059428
059429
059430
059431
059432
059433
059434
059435
059436
059437
059438
059439
059440
059441
059442
059443
059444
059445
059446
059447
059448
059449
059450
059451
059452
059453
059454
059455
059456
059457
059458
059459
059460
059461
059462
059463
059464
059465
059466
059467
059468
059469
059470
059471
059472
059473
059474
059475
059476
059477
059478
059479
059480
059481
059482
059483
059484
059485
059486
059487
059488
059489
059490
059491
059492
059493
059494
059495
059496
059497
059498
059499
059500
059501
059502
059503
059504
059505
059506
059507
059508
059509
059510
059511
059512
059513
059514
059515
059516
059517
059518
059519
059520
059521
059522
059523
059524
059525
059526
059527
059528
059529
059530
059531
059532
059533
059534
059535
059536
059537
059538
059539
059540
059541
059542
059543
059544
059545
059546
059547
059548
059549
059550
059551
059552
059553
059554
059555
059556
059557
059558
059559
059560
059561
059562
059563
059564
059565
059566
059567
059568
059569
059570
059571
059572
059573
059574
059575
059576
059577
059578
059579
059580
059581
059582
059583
059584
059585
059586
059587
059588
059589
059590
059591
059592
059593
059594
059595
059596
059597
059598
059599
059600
059601
059602
059603
059604
059605
059606
059607
059608
059609
059610
059611
059612
059613
059614
059615
059616
059617
059618
059619
059620
059621
059622
059623
059624
059625
059626
059627
059628
059629
059630
059631
059632
059633
059634
059635
059636
059637
059638
059639
059640
059641
059642
059643
059644
059645
059646
059647
059648
059649
059650
059651
059652
059653
059654
059655
059656
059657
059658
059659
059660
059661
059662
059663
059664
059665
059666
059667
059668
059669
059670
059671
059672
059673
059674
059675
059676
059677
059678
059679
059680
059681
059682
059683
059684
059685
059686
059687
059688
059689
059690
059691
059692
059693
059694
059695
059696
059697
059698
059699
059700
059701
059702
059703
059704
059705
059706
059707
059708
059709
059710
059711
059712
059713
059714
059715
059716
059717
059718
059719
059720
059721
059722
059723
059724
059725
059726
059727
059728
059729
059730
059731
059732
059733
059734
059735
059736
059737
059738
059739
059740
059741
059742
059743
059744
059745
059746
059747
059748
059749
059750
059751
059752
059753
059754
059755
059756
059757
059758
059759
059760
059761
059762
059763
059764
059765
059766
059767
059768
059769
059770
059771
059772
059773
059774
059775
059776
059777
059778
059779
059780
059781
059782
059783
059784
059785
059786
059787
059788
059789
059790
059791
059792
059793
059794
059795
059796
059797
059798
059799
059800
059801
059802
059803
059804
059805
059806
059807
059808
059809
059810
059811
059812
059813
059814
059815
059816
059817
059818
059819
059820
059821
059822
059823
059824
059825
059826
059827
059828
059829
059830
059831
059832
059833
059834
059835
059836
059837
059838
059839
059840
059841
059842
059843
059844
059845
059846
059847
059848
059849
059850
059851
059852
059853
059854
059855
059856
059857
059858
059859
059860
059861
059862
059863
059864
059865
059866
059867
059868
059869
059870
059871
059872
059873
059874
059875
059876
059877
059878
059879
059880
059881
059882
059883
059884
059885
059886
059887
059888
059889
059890
059891
059892
059893
059894
059895
059896
059897
059898
059899
059900
059901
059902
059903
059904
059905
059906
059907
059908
059909
059910
059911
059912
059913
059914
059915
059916
059917
059918
059919
059920
059921
059922
059923
059924
059925
059926
059927
059928
059929
059930
059931
059932
059933
059934
059935
059936
059937
059938
059939
059940
059941
059942
059943
059944
059945
059946
059947
059948
059949
059950
059951
059952
059953
059954
059955
059956
059957
059958
059959
059960
059961
059962
059963
059964
059965
059966
059967
059968
059969
059970
059971
059972
059973
059974
059975
059976
059977
059978
059979
059980
059981
059982
059983
059984
059985
059986
059987
059988
059989
059990
059991
059992
059993
059994
059995
059996
059997
059998
059999
060000
060001
060002
060003
060004
060005
060006
060007
060008
060009
060010
060011
060012
060013
060014
060015
060016
060017
060018
060019
060020
060021
060022
060023
060024
060025
060026
060027
060028
060029
060030
060031
060032
060033
060034
060035
060036
060037
060038
060039
060040
060041
060042
060043
060044
060045
060046
060047
060048
060049
060050
060051
060052
060053
060054
060055
060056
060057
060058
060059
060060
060061
060062
060063
060064
060065
060066
060067
060068
060069
060070
060071
060072
060073
060074
060075
060076
060077
060078
060079
060080
060081
060082
060083
060084
060085
060086
060087
060088
060089
060090
060091
060092
060093
060094
060095
060096
060097
060098
060099
060100
060101
060102
060103
060104
060105
060106
060107
060108
060109
060110
060111
060112
060113
060114
060115
060116
060117
060118
060119
060120
060121
060122
060123
060124
060125
060126
060127
060128
060129
060130
060131
060132
060133
060134
060135
060136
060137
03212P
060138
060139
060140
060141
060142
060143
060144
060145
060146
060147
060148
060149
060150
060151
060152
060153
060154
060155
060156
060157
060158
060159
060160
060161
060162
060163
060164
060165
060166
060167
060168
060169
060170
060171
060172
060173
060174
060175
060176
060177
060178
060179
060180
060181
060182
060183
060184
060185
060186
060187
060188
060189
060190
060191
060192
060193
060194
060195
060196
060197
060198
060199
060200
060201
060202
060203
060204
060205
060206
060207
060208
060209
060210
060211
060212
060213
060214
060215
060216
060217
060218
060219
060220
060221
060222
060223
060224
060225
060226
060227
060228
060229
060230
060231
060232
060233
060234
060235
060236
060237
060238
060239
060240
060241
060242
060243
060244
060245
060246
060247
060248
060249
060250
060251
060252
060253
060254
060255
060256
060257
060258
060259
060260
060261
060262
060263
060264
060265
060266
060267
060268
060269
060270
060271
060272
060273
060274
060275
060276
060277
060278
060279
060280
060281
060282
060283
060284
060285
060286
060287
060288
060289
060290
060291
060292
060293
060294
060295
060296
060297
060298
060299
060300
060301
060302
060303
060304
060305
060306
060307
060308
060309
060310
060311
060312
060313
060314
060315
060316
060317
060318
060319
060320
060321
060322
060323
060324
060325
060326
060327
060328
060329
060330
060331
060332
060333
060334
060335
060336
060337
060338
060339
060340
060341
060342
060343
060344
060345
060346
060347
060348
060349
060350
060351
060352
060353
060354
060355
060356
060357
060358
060359
060360
060361
060362
060363
060364
060365
060366
060367
060368
060369
060370
060371
060372
060373
060374
060375
060376
060377
060378
060379
060380
060381
060382
060383
060384
060385
060386
060387
060388
060389
060390
060391
060392
060393
060394
060395
060396
060397
060398
060399
060400
060401
060402
060403
060404
060405
060406
060407
060408
060409
060410
060411
060412
060413
060414
060415
060416
060417
060418
060419
060420
060421
060422
060423
060424
060425
060426
060427
060428
060429
060430
060431
060432
060433
060434
060435
060436
060437
060438
060439
060440
060441
060442
060443
060444
060445
060446
060447
060448
060449
060450
060451
060452
060453
060454
060455
060456
060457
060458
060459
060460
060461
060462
060463
060464
060465
060466
060467
060468
060469
060470
060471
060472
060473
060474
060475
060476
060477
060478
060479
060480
060481
060482
060483
060484
060485
060486
060487
060488
060489
060490
060491
060492
060493
060494
060495
060496
060497
060498
060499
060500
060501
060502
060503
060504
060505
060506
060507
060508
060509
060510
060511
060512
060513
060514
060515
060516
060517
060518
060519
060520
060521
060522
060523
060524
060525
060526
060527
060528
060529
060530
060531
060532
060533
060534
060535
060536
060537
060538
060539
060540
060541
060542
060543
060544
060545
060546
060547
060548
060549
060550
060551
060552
060553
060554
060555
060556
060557
060558
060559
060560
060561
060562
060563
060564
060565
060566
060567
060568
060569
060570
060571
060572
060573
060574
060575
060576
060577
060578
060579
060580
060581
060582
060583
060584
060585
060586
060587
060588
060589
060590
060591
060592
060593
060594
060595
060596
060597
060598
060599
060600
060601
060602
060603
060604
060605
060606
060607
060608
060609
060610
060611
060612
060613
060614
060615
060616
060617
060618
060619
060620
060621
060622
060623
060624
060625
060626
060627
060628
060629
060630
060631
060632
060633
060634
060635
060636
060637
060638
060639
060640
060641
060642
060643
060644
060645
060646
060647
060648
060649
060650
060651
060652
060653
060654
060655
060656
060657
060658
060659
060660
060661
060662
060663
060664
060665
060666
060667
060668
060669
060670
060671
060672
060673
060674
060675
060676
060677
060678
060679
060680
060681
060682
060683
060684
060685
060686
060687
060688
060689
060690
060691
060692
060693
060694
060695
060696
060697
060698
060699
060700
060701
060702
060703
060704
060705
060706
060707
060708
060709
060710
060711
060712
060713
060714
060715
060716
060717
060718
060719
060720
060721
060722
060723
060724
060725
060726
060727
060728
060729
060730
060731
060732
060733
060734
060735
060736
060737
060738
060739
060740
060741
060742
060743
060744
060745
060746
060747
060748
060749
060750
060751
060752
060753
060754
060755
060756
060757
060758
060759
060760
060761
060762
060763
060764
060765
060766
060767
060768
060769
060770
060771
060772
060773
060774
060775
060776
060777
060778
060779
060780
060781
060782
060783
060784
060785
060786
060787
060788
060789
060790
060791
060792
060793
060794
060795
060796
060797
060798
060799
060800
060801
060802
060803
060804
060805
060806
060807
060808
060809
060810
060811
060812
060813
060814
060815
060816
060817
060818
060819
060820
060821
060822
060823
060824
060825
060826
060827
060828
060829
060830
060831
060832
060833
060834
060835
060836
060837
060838
060839
060840
060841
060842
060843
060844
060845
060846
060847
060848
060849
060850
060851
060852
060853
060854
060855
060856
060857
060858
060859
060860
060861
060862
060863
060864
060865
060866
060867
060868
060869
060870
060871
060872
060873
060874
060875
060876
060877
060878
060879
060880
060881
060882
060883
060884
060885
060886
060887
060888
060889
060890
060891
060892
060893
060894
060895
060896
060897
060898
060899
060900
060901
060902
060903
060904
060905
060906
060907
060908
060909
060910
060911
060912
060913
060914
060915
060916
060917
060918
060919
060920
060921
060922
060923
060924
060925
060926
060927
060928
060929
060930
060931
060932
060933
060934
060935
060936
060937
060938
060939
060940
060941
060942
060943
060944
060945
060946
060947
060948
060949
060950
060951
060952
060953
060954
060955
060956
060957
060958
060959
060960
060961
060962
060963
060964
060965
060966
060967
060968
060969
060970
060971
060972
060973
060974
060975
060976
060977
060978
060979
060980
060981
060982
060983
060984
060985
060986
060987
060988
060989
060990
060991
060992
060993
060994
060995
060996
060997
060998
060999
061000
061001
061002
061003
061004
061005
061006
061007
061008
061009
061010
061011
061012
061013
061014
061015
061016
061017
061018
061019
061020
061021
061022
061023
061024
061025
061026
061027
061028
061029
061030
061031
061032
061033
061034
061035
061036
061037
061038
061039
061040
061041
061042
061043
061044
061045
061046
061047
061048
061049
061050
061051
061052
061053
061054
061055
061056
061057
061058
061059
061060
061061
061062
061063
061064
061065
061066
061067
061068
061069
061070
061071
061072
061073
061074
061075
061076
061077
061078
061079
061080
061081
061082
061083
061084
061085
061086
061087
061088
061089
061090
061091
061092
061093
061094
061095
061096
061097
061098
061099
061100
061101
061102
061103
061104
061105
061106
061107
061108
061109
061110
061111
061112
061113
061114
061115
061116
061117
061118
061119
061120
061121
061122
061123
061124
061125
061126
061127
061128
061129
061130
061131
061132
061133
061134
061135
061136
061137
061138
061139
061140
061141
061142
061143
061144
061145
061146
061147
061148
061149
061150
061151
061152
061153
061154
061155
061156
061157
061158
061159
061160
061161
061162
061163
061164
061165
061166
061167
061168
061169
061170
061171
061172
061173
061174
061175
061176
061177
061178
061179
061180
061181
061182
061183
061184
061185
061186
061187
061188
061189
061190
061191
061192
061193
061194
061195
061196
061197
061198
061199
061200
061201
061202
061203
061204
061205
061206
061207
061208
061209
061210
061211
061212
061213
061214
061215
061216
061217
061218
061219
061220
061221
061222
061223
061224
061225
061226
061227
061228
061229
061230
061231
061232
061233
061234
061235
061236
061237
061238
061239
061240
061241
061242
061243
061244
061245
061246
061247
061248
061249
061250
061251
061252
061253
061254
061255
061256
061257
061258
061259
061260
061261
061262
061263
061264
061265
061266
061267
061268
061269
061270
061271
061272
061273
061274
061275
061276
061277
061278
061279
061280
061281
061282
061283
061284
061285
061286
061287
061288
061289
061290
061291
061292
061293
061294
061295
061296
061297
061298
061299
061300
061301
061302
061303
061304
061305
061306
061307
061308
061309
061310
061311
061312
061313
061314
061315
061316
061317
061318
061319
061320
061321
061322
061323
061324
061325
061326
061327
061328
061329
061330
061331
061332
061333
061334
061335
061336
061337
061338
061339
061340
061341
061342
061343
061344
061345
061346
061347
061348
061349
061350
061351
061352
061353
061354
061355
061356
061357
061358
061359
061360
061361
061362
061363
061364
061365
061366
061367
061368
061369
061370
061371
061372
061373
061374
061375
061376
061377
061378
061379
061380
061381
061382
061383
061384
061385
061386
061387
061388
061389
061390
061391
061392
061393
061394
061395
061396
061397
061398
061399
061400
061401
061402
061403
061404
061405
061406
061407
061408
061409
061410
061411
061412
061413
061414
061415
061427
061428
061429
061430
061431
061432
061433
061434
061435
061436
061437
061438
061416
061417
061418
061419
061420
061421
061422
061423
061424
061425
061426
061439
061440
061441
061442
061443
061444
061445
061446
061447
061448
061449
061450
061451
061452
061453
061454
061455
061456
061457
061458
061459
061460
061461
061462
061463
061464
061465
061466
061467
061468
061469
061470
061471
061472
061473
061474
061475
061476
061477
061478
061479
061480
061481
061482
061483
061484
061485
061486
061487
061488
061489
061490
061491
061492
061493
061494
061495
061496
061497
061498
061499
061500
061501
061502
061503
061504
061505
061506
061507
061508
061509
061510
061511
061512
061513
061514
061515
061516
061517
061518
061519
061520
061521
061522
061523
061524
061525
061526
061527
061528
061529
061530
061531
061532
061533
061534
061535
061536
061537
061538
061539
061540
061541
061542
061543
061544
061545
061546
061547
061548
061549
061550
061551
061552
061553
061554
061555
061556
061557
061558
061559
061560
061561
061562
061563
061564
061565
061566
061567
061568
061569
061570
061571
061572
061573
061574
061575
061576
061577
061578
061579
061580
061581
061582
061583
061584
061585
061586
061587
061588
061589
061590
061591
061592
061593
061594
061595
061596
061597
061598
061599
061600
061601
061602
061603
061604
061605
061606
061607
061608
061609
061610
061611
061612
061613
061614
061615
061616
061617
061618
061619
061620
061621
061622
061623
061624
061625
061626
061627
061628
061629
061630
061631
061632
061633
061634
061635
061636
061637
061638
061639
061640
061641
061642
061643
061644
061645
061646
061647
061648
061649
061650
061651
061652
061653
061654
061655
061656
061657
061658
061659
061660
061661
061662
061663
061664
061665
061666
061667
061668
061669
061670
061671
061672
061673
061674
061675
061676
061677
061678
061679
061680
061681
061682
061683
061684
061685
061686
061687
061688
061689
061690
061691
061692
061693
061694
061695
061696
061697
061698
061699
061700
061701
061702
061703
061704
061705
061706
061707
061708
061709
061710
061711
061712
061713
061714
061715
061716
061717
061718
061719
061720
061721
061722
061723
061724
061725
061726
061727
061728
061729
061730
061731
061732
061733
061734
061735
061736
061737
061738
061739
061740
061741
061742
061743
061744
061745
061746
061747
061748
061749
061750
061751
061752
061753
061754
061755
061756
061757
061758
061759
061760
061761
061762
061763
061764
061765
061766
061767
061768
061769
061770
061771
061772
061773
061774
061775
061776
061777
061778
061779
061780
061781
061782
061783
061784
061785
061786
061787
061788
061789
061790
061791
061792
061793
061794
061795
061796
061797
061798
061799
061800
061801
061802
061803
061804
061805
061806
061807
061808
061809
061810
061811
061812
061813
061814
061815
061816
061817
061818
061819
061820
061821
061822
061823
061824
061825
061826
061827
061828
061829
061830
061831
061832
061833
061834
061835
061836
061837
061838
061839
061840
061841
061842
061843
061844
061845
061846
061847
061848
061849
061850
061851
061852
061853
061854
061855
061856
061857
061858
061859
061860
061861
061862
061863
061864
061865
061866
061867
061868
061869
061870
061871
061872
061873
061874
061875
061876
061877
061878
061879
061880
061881
061882
061883
061884
061885
061886
061887
061888
061889
061890
061891
061892
061893
061894
061895
061896
061897
061898
061899
061900
061901
061902
061903
061904
061905
061906
061907
061908
061909
061910
061911
061912
061913
061914
061915
061916
061917
061918
061919
061920
061921
061922
061923
061924
061925
061926
061927
061928
061929
061930
061931
061932
061933
061934
061935
061936
061937
061938
061939
061940
061941
061942
061943
061944
061945
061946
061947
061948
061949
061950
061951
061952
061953
061954
061955
061956
061957
061958
061959
061960
061961
061962
061963
061964
061965
061966
061967
061968
061969
061970
061971
061972
061973
061974
061975
061976
061977
061978
061979
061980
061981
061982
061983
061984
061985
061986
061987
061988
061989
061990
061991
061992
061993
061994
061995
061996
061997
061998
061999
062000
062001
062002
062003
062004
062005
062006
062007
062008
062009
062010
062011
062012
062013
062014
062015
062016
062017
062018
062019
062020
062021
062022
062023
062024
062025
062026
062027
062028
062029
062030
062031
062032
062033
062034
062035
062036
062037
062038
062039
062040
062041
062042
062043
062044
062045
062046
062047
062048
062049
062050
062051
062052
062053
062054
062055
062056
062057
062058
062059
062060
062061
062062
062063
062064
062065
062066
062067
062068
062069
062070
062071
062072
062073
062074
062075
062076
062077
062078
062079
062080
062081
062082
062083
062084
062085
062086
062087
062088
062089
062090
062091
062092
062093
062094
062095
062096
062097
062098
062099
062100
062101
062102
062103
062104
062105
062106
062107
062108
062109
062110
062111
062112
062113
062114
062115
062116
062117
062118
062119
062120
062121
062122
062123
062124
062125
062126
062127
062128
062129
062130
062131
062132
062133
062134
062135
062136
062137
062138
062139
062140
062141
062142
062143
062144
062145
062146
062147
062148
062149
062150
062151
062152
062153
062154
062155
062156
062157
062158
062159
062160
062161
062162
062163
062164
062165
062166
062167
062168
062169
062170
062171
062172
062173
062174
062175
062176
062177
062178
062179
062180
062181
062182
062183
062184
062185
062186
062187
062188
062189
062190
062191
062192
062193
062194
062195
062196
062197
062198
062199
062200
062201
062202
062203
062204
062205
062206
062207
062208
062209
062210
062211
062212
062213
062214
062215
062216
062217
062218
062219
062220
062221
062222
062223
062224
062225
062226
062227
062228
062229
062230
062231
062232
062233
062234
062235
062236
062237
062238
062239
062240
062241
062242
062243
062244
062245
062246
062247
062248
062249
062250
062251
062252
062253
062254
062255
062256
062257
062258
062259
062260
062261
062262
062263
062264
062265
062266
062267
062268
062269
062270
062271
062272
062273
062274
062275
062276
062277
062278
062279
062280
062281
062282
062283
062284
062285
062286
062287
062288
062289
062290
062291
062292
062293
062294
062295
062296
062297
062298
062299
062300
062301
062302
062303
062304
062305
062306
062307
062308
062309
062310
062311
062312
062313
062314
062315
062316
062317
062318
062319
062320
062321
062322
062323
062324
062325
062326
062327
062328
062329
062330
062331
062332
062333
062334
062335
062336
062337
062338
062339
062340
062341
062342
062343
062344
062345
062346
062347
062348
062349
062350
062351
062352
062353
062354
062355
062356
062357
062358
062359
062360
062361
062362
062363
062364
062365
062366
062367
062368
062369
062370
062371
062372
062373
062374
062375
062376
062377
062378
062379
062380
062381
062382
062383
062384
062385
062386
062387
062388
062389
062390
062391
062392
062393
062394
062395
062396
062397
062398
062399
062400
062401
062402
062403
062404
062405
062406
062407
062408
062409
062410
062411
062412
062413
062414
062415
062416
062417
062418
062419
062420
062421
062422
062423
062424
062425
062426
062427
062428
062429
062430
062431
062432
062433
062434
062435
062436
062437
062438
062439
062440
062441
062442
062443
062444
062445
062446
062447
062448
062449
062450
062451
062452
062453
062454
062455
062456
062457
062458
062459
062460
062461
062462
062463
062464
062465
062466
062467
062468
062469
062470
062471
062472
062473
062474
062475
062476
062477
062478
062479
062480
062481
062482
062483
062484
062485
062486
062487
062488
062489
062490
062491
062492
062493
062494
062495
062496
062497
062498
062499
062500
062501
062502
062503
062504
062505
062506
062507
062508
062509
062510
062511
062512
062513
062514
062515
062516
062517
062518
062519
062520
062521
062522
062523
062524
062525
062526
062527
062528
062529
062530
062531
062532
062533
062534
062535
062536
062537
062538
062539
062540
062541
062542
062543
062544
062545
062546
062547
062548
062549
062550
062551
062552
062553
062554
062555
062556
062557
062558
062559
062560
062561
062562
062563
062564
062565
062566
062567
062568
062569
062570
062571
062572
062573
062574
062575
062576
062577
062578
062579
062580
062581
062582
062583
062584
062585
062586
062587
062588
062589
062590
062591
062592
062593
062594
062595
062596
062597
062598
062599
062600
062601
062602
062603
062604
062605
062606
062607
062608
062609
062610
062611
062612
062613
062614
062615
062616
062617
062618
062619
062620
062621
062622
062623
062624
062625
062626
062627
062628
062629
062630
062631
062632
062633
062634
062635
062636
062637
062638
062639
062640
062641
062642
062643
062644
062645
062646
062647
062648
062649
062650
062651
062652
062653
062654
062655
062656
062657
062658
062659
062660
062661
062662
062663
062664
062665
062666
062667
062668
062669
062670
062671
062672
062673
062674
062675
062676
062677
062678
062679
062680
062681
062682
062683
062684
062685
062686
062687
062688
062689
062690
062691
062692
062693
062694
062695
062696
062697
062698
062699
062700
062701
062702
062703
062704
062705
062706
062707
062708
062709
062710
062711
062712
062713
062714
062715
062716
062717
062718
062719
062720
062721
062722
062723
062724
062725
062726
062727
062728
062729
062730
062731
062732
062733
062734
062735
062736
062737
062738
062739
062740
062741
062742
062743
062744
062745
062746
062747
062748
062749
062750
062751
062752
062753
062754
062755
062756
062757
062758
062759
062760
062761
062762
062763
062764
062765
062766
062767
062768
062769
062770
062771
062772
062773
062774
062775
062776
062777
062778
062779
062780
062781
062782
062783
062784
062785
062786
062787
062788
062789
062790
062791
062792
062793
062794
062795
062796
062797
062798
062799
062800
062801
062802
062803
062804
062805
062806
062807
062808
062809
062810
062811
062812
062813
062814
062815
062816
062817
062818
062819
062820
062821
062822
062823
062824
062825
062826
062827
062828
062829
062830
062831
062832
062833
062834
062835
062836
062837
062838
062839
062840
062841
062842
062843
062844
062845
062846
062847
062848
062849
062850
062851
062852
062853
062854
062855
062856
062857
062858
062859
062860
062861
062862
062863
062864
062865
062866
062867
062868
062869
062870
062871
062872
062873
062874
062875
062876
062877
062878
062879
062880
062881
062882
062883
062884
062885
062886
062887
062888
062889
062890
062891
062892
062893
062894
062895
062896
062897
062898
062899
062900
062901
062902
062903
062904
062905
062906
062907
062908
062909
062910
062911
062912
062913
062914
062915
062916
062917
062918
062919
062920
062921
062922
062923
062924
062925
062926
062927
062928
062929
062930
062931
062932
062933
062934
062935
062936
062937
062938
062939
062940
062941
062942
062943
062944
062945
062946
062947
062948
062949
062950
062951
062952
062953
062954
062955
062956
062957
062958
062959
062960
062961
062962
062963
062964
062965
062966
062967
062968
062969
062970
062971
062972
062973
062974
062975
062976
062977
062978
062979
062980
062981
062982
062983
062984
062985
062986
062987
062988
062989
062990
062991
062992
062993
062994
062995
062996
062997
062998
062999
063000
063001
063002
063003
063004
063005
063006
063007
063008
063009
063010
063011
063012
063013
063014
063015
063016
063017
063018
063019
063020
063021
063022
063023
063024
063025
063026
063027
063028
063029
063030
063031
063032
063033
063034
063035
063036
063037
063038
063039
063040
063041
063042
063043
063044
063045
063046
063047
063048
063049
063050
063051
063052
063053
063054
063055
063056
063057
063058
063059
063060
063061
063062
063063
063064
063065
063066
063067
063068
063069
063070
063071
063072
063073
063074
063075
063076
063077
063078
063079
063080
063081
063082
063083
063084
063085
063086
063087
063088
063089
063090
063091
063092
063093
063094
063095
063096
063097
063098
063099
063100
063101
063102
063103
063104
063105
063106
063107
063108
063109
063110
063111
063112
063113
063114
063115
063116
063117
063118
063119
063120
063121
063122
063123
063124
063125
063126
063127
063128
063129
063130
063131
063132
063133
063134
063135
063136
063137
063138
063139
063140
063141
063142
063143
063144
063145
063146
063147
063148
063149
063150
063151
063152
063153
063154
063155
063156
063157
063158
063159
063160
063161
063162
063163
063164
063165
063166
063167
063168
063169
063170
063171
063172
063173
063174
063175
063176
063177
063178
063179
063180
063181
063182
063183
063184
063185
063186
063187
063188
063189
063190
063191
063192
063193
063194
063195
063196
063197
063198
063199
063200
063201
063202
063203
063204
063205
063206
063207
063208
063209
063210
063211
063212
063213
063214
063215
063216
063217
063218
063219
063220
063221
063222
063223
063224
063225
063226
063227
063228
063229
063230
063231
063232
063233
063234
063235
063236
063237
063238
063239
063240
063241
063242
063243
063244
063245
063246
063247
063248
063249
063250
063251
063252
063253
063254
063255
063256
063257
063258
063259
063260
063261
063262
063263
063264
063265
063266
063267
063268
063269
063270
063271
063272
063273
063274
063275
063276
063277
063278
063279
063280
063281
063282
063283
063284
063285
063286
063287
063288
063289
063290
063291
063292
063293
063294
063295
063296
063297
063298
063299
063300
063301
063302
063303
063304
063305
063306
063307
063308
063309
063310
063311
063312
063313
063314
063315
063316
063317
063318
063319
063320
063321
063322
063323
063324
063325
063326
063327
063328
063329
063330
063331
063332
063333
063334
063335
063336
063337
063338
063339
063340
063341
063342
063343
063344
063345
063346
063347
063348
063349
063350
063351
063352
063353
063354
063355
063356
063357
063358
063359
063360
063361
063362
063363
063364
063365
063366
063367
063368
063369
063370
063371
063372
063373
063374
063375
063376
063377
063378
063379
063380
063381
063382
063383
063384
063385
063386
063387
063388
063389
063390
063391
063392
063393
063394
063395
063396
063397
063398
063399
063400
063401
063402
063403
063404
063405
063406
063407
063408
063409
063410
063411
063412
063413
063414
063415
063416
063417
063418
063419
063420
063421
063422
063423
063424
063425
063426
063427
063428
063429
063430
063431
063432
063433
063434
063435
063436
063437
063438
063439
063440
063441
063442
063443
063444
063445
063446
063447
063448
063449
063450
063451
063452
063453
063454
063455
063456
063457
063458
063459
063460
063461
063462
063463
063464
063465
063466
063467
063468
063469
063470
063471
063472
063473
063474
063475
063476
063477
063478
063479
063480
063481
063482
063483
063484
063485
063486
063487
063488
063489
063490
063491
063492
063493
063494
063495
063496
063497
063498
063499
063500
063501
063502
063503
063504
063505
063506
063507
063508
063509
063510
063511
063512
063513
063514
063515
063516
063517
063518
063519
063520
063521
063522
063523
063524
063525
063526
063527
063528
063529
063530
063531
063532
063533
063534
063535
063536
063537
063538
063539
063540
063541
063542
063543
063544
063545
063546
063547
063548
063549
063550
063551
063552
063553
063554
063555
063556
063557
063558
063559
063560
063561
063562
063563
063564
063565
063566
063567
063568
063569
063570
063571
063572
063573
063574
063575
063576
063577
063578
063579
063580
063581
063582
063583
063584
063585
063586
063587
063588
063589
063590
063591
063592
063593
063594
063595
063596
063597
063598
063599
063600
063601
063602
063603
063604
063605
063606
063607
063608
063609
063610
063611
063612
063613
063614
063615
063616
063617
063618
063619
063620
063621
063622
063623
063624
063625
063626
063627
063628
063629
063630
063631
063632
063633
063634
063635
063636
063637
063638
063639
063640
063641
063642
063643
063644
063645
063646
063647
063648
063649
063650
063651
063652
063653
063654
063655
063656
063657
063658
063659
063660
063661
063662
063663
063664
063665
063666
063667
063668
063669
063670
063671
063672
063673
063674
063675
063676
063677
063678
063679
063680
063681
063682
063683
063684
063685
063686
063687
063688
063689
063690
063691
063692
063693
063694
063695
063696
063697
063698
063699
063700
063701
063702
063703
063704
063705
063706
063707
063708
063709
063710
063711
063712
063713
063714
063715
063716
063717
063718
063719
063720
063721
063722
063723
063724
063725
063726
063727
063728
063729
063730
063731
063732
063733
063734
063735
063736
063737
063738
063739
063740
063741
063742
063743
063744
063745
063746
063747
063748
063749
063750
063751
063752
063753
063754
063755
063756
063757
063758
063759
063760
063761
063762
063763
063764
063765
063766
063767
063768
063769
063770
063771
063772
063773
063774
063775
063776
063777
063778
063779
063780
063781
063782
063783
063784
063785
063786
063787
063788
063789
063790
063791
063792
063793
063794
063795
063796
063797
063798
063799
063800
063801
063802
063803
063804
063805
063806
063807
063808
063809
063810
063811
063812
063813
063814
063815
063816
063817
063818
063819
063820
063821
063822
063823
063824
063825
063826
063827
063828
063829
063830
063831
063832
063833
063834
063835
063836
063837
063838
063839
063840
063841
063842
063843
063844
063845
063846
063847
063848
063849
063850
063851
063852
063853
063854
063855
063856
063857
063858
063859
063860
063861
063862
063863
063864
063865
063866
063867
063868
063869
063870
063871
063872
063873
063874
063875
063876
063877
063878
063879
063880
063881
063882
063883
063884
063885
063886
063887
063888
063889
063890
063891
063892
063893
063894
063895
063896
063897
063898
063899
063900
063901
063902
063903
063904
063905
063906
063907
063908
063909
063910
063911
063912
063913
063914
063915
063916
063917
063918
063919
063920
063921
063922
063923
063924
063925
063926
063927
063928
063929
063930
063931
063932
063933
063934
063935
063936
063937
063938
063939
063940
063941
063942
063943
063944
063945
063946
063947
063948
063949
063950
063951
063952
063953
063954
063955
063956
063957
063958
063959
063960
063961
063962
063963
063964
063965
063966
063967
063968
063969
063970
063971
063972
063973
063974
063975
063976
063977
063978
063979
063980
063981
063982
063983
063984
063985
063986
063987
063988
063989
063990
063991
063992
063993
063994
063995
063996
063997
063998
063999
064000
064001
064002
064003
064004
064005
064006
064007
064008
064009
064010
064011
064012
064013
064014
064015
064016
064017
064018
064019
064020
064021
064022
064023
064024
064025
064026
064027
064028
064029
064030
064031
064032
064033
064034
064035
064036
064037
064038
064039
064040
064041
064042
064043
064044
064045
064046
064047
064048
064049
064050
064051
064052
064053
064054
064055
064056
064057
064058
064059
064060
064061
064062
064063
064064
064065
064066
064067
064068
064069
064070
064071
064072
064073
064074
064075
064076
064077
064078
064079
064080
064081
064082
064083
064084
064085
064086
064087
064088
064089
064090
064091
064092
064093
064094
064095
064096
064097
064098
064099
064100
064101
064102
064103
064104
064105
064106
064107
064108
064109
064110
064111
064112
064113
064114
064115
064116
064117
064118
064119
064120
064121
064122
064123
064124
064125
064126
064127
064128
064129
064130
064131
064132
064133
064134
064135
064136
064137
064138
064139
064140
064141
064142
064143
064144
064145
064146
064147
064148
064149
064150
064151
064152
064153
064154
064155
064156
064157
064158
064159
064160
064161
064162
064163
064164
064165
064166
064167
064168
064169
064170
064171
064172
064173
064174
064175
064176
064177
064178
064179
064180
064181
064182
064183
064184
064185
064186
064187
064188
064189
064190
064191
064192
064193
064194
064195
064196
064197
064198
064199
064200
064201
064202
064203
064204
064205
064206
064207
064208
064209
064210
064211
064212
064213
064214
064215
064216
064217
064218
064219
064220
064221
064222
064223
064224
064225
064226
064227
064228
064229
064230
064231
064232
064233
064234
064235
064236
064237
064238
064239
064240
064241
064242
064243
064244
064245
064246
064247
064248
064249
064250
064251
064252
064253
064254
064255
064256
064257
064258
064259
064260
064261
064262
064263
064264
064265
064266
064267
064268
064269
064270
064271
064272
064273
064274
064275
064276
064277
064278
064279
064280
064281
064282
064283
064284
064285
064286
064287
064288
064289
064290
064291
064292
064293
064294
064295
064296
064297
064298
064299
064300
064301
064302
064303
064304
064305
064306
064307
064308
064309
064310
064311
064312
064313
064314
064315
064316
064317
064318
064319
064320
064321
064322
064323
064324
064325
064326
064327
064328
064329
064330
064331
064332
064333
064334
064335
064336
064337
064338
064339
064340
064341
064342
064343
064344
064345
064346
064347
064348
064349
064350
064351
064352
064353
064354
064355
064356
064357
064358
064359
064360
064361
064362
064363
064364
064365
064366
064367
064368
064369
064370
064371
064372
064373
064374
064375
064376
064377
064378
064379
064380
064381
064382
064383
064384
064385
064386
064387
064388
064389
064390
064391
064392
064393
064394
064395
064396
064397
064398
064399
064400
064401
064402
064403
064404
064405
064406
064407
064408
064409
064410
064411
064412
064413
064414
064415
064416
064417
064418
064419
064420
064421
064422
064423
064424
064425
064426
064427
064428
064429
064430
064431
064432
064433
064434
064435
064436
064437
064438
064439
064440
064441
064442
064443
064444
064445
064446
064447
064448
064449
064450
064451
064452
064453
064454
064455
064456
064457
064458
064459
064460
064461
064462
064463
064464
064465
064466
064467
064468
064469
064470
064471
064472
064473
064474
064475
064476
064477
064478
064479
064480
064481
064482
064483
064484
064485
064486
064487
064488
064489
064490
064491
064492
064493
064494
064495
064496
064497
064498
064499
064500
064501
064502
064503
064504
064505
064506
064507
064508
064509
064510
064511
064512
064513
064514
064515
064516
064517
064518
064519
064520
064521
064522
064523
064524
064525
064526
064527
064528
064529
064530
064531
064532
064533
064534
064535
064536
064537
064538
064539
064540
064541
064542
064543
064544
064545
064546
064547
064548
064549
064550
064551
064552
064553
064554
064555
064556
064557
064558
064559
064560
064561
064562
064563
064564
064565
064566
064567
064568
064569
064570
064571
064572
064573
064574
064575
064576
064577
064578
064579
064580
064581
064582
064583
064584
064585
064586
064587
064588
064589
064590
064591
064592
064593
064594
064595
064596
064597
064598
064599
064600
064601
064602
064603
064604
064605
064606
064607
064608
064609
064610
064611
064612
064613
064614
064615
064616
064617
064618
064619
064620
064621
064622
064623
064624
064625
064626
064627
064628
064629
064630
064631
064632
064633
064634
064635
064636
064637
064638
064639
064640
064641
064642
064643
064644
064645
064646
064647
064648
064649
064650
064651
064652
064653
064654
064655
064656
064657
064658
064659
064660
064661
064662
064663
064664
064665
064666
064667
064668
064669
064670
064671
064672
064673
064674
064675
064676
064677
064678
064679
064680
064681
064682
064683
064684
064685
064686
064687
064688
064689
064690
064691
064692
064693
064694
064695
064696
064697
064698
064699
064700
064701
064702
064703
064704
064705
064706
064707
064708
064709
064710
064711
064712
064713
064714
064715
064716
064717
064718
064719
064720
064721
064722
064723
064724
064725
064726
064727
064728
064729
064730
064731
064732
064733
064734
064735
064736
064737
064738
064739
064740
064741
064742
064743
064744
064745
064746
064747
064748
064749
064750
064751
064752
064753
064754
064755
064756
064757
064758
064759
064760
064761
064762
064763
064764
064765
064766
064767
064768
064769
064770
064771
064772
064773
064774
064775
064776
064777
064778
064779
064780
064781
064782
064783
064784
064785
064786
064787
064788
064789
064790
064791
064792
064793
064794
064795
064796
064797
064798
064799
064800
064801
064802
064803
064804
064805
064806
064807
064808
064809
064810
064811
064812
064813
064814
064815
064816
064817
064818
064819
064820
064821
064822
064823
064824
064825
064826
064827
064828
064829
064830
064831
064832
064833
064834
064835
064836
064837
064838
064839
064840
064841
064842
064843
064844
064845
064846
064847
064848
064849
064850
064851
064852
064853
064854
064855
064856
064857
064858
064859
064860
064861
064862
064863
064864
064865
064866
064867
064868
064869
064870
064871
064872
064873
064874
064875
064876
064877
064878
064879
064880
064881
064882
064883
064884
064885
064886
064887
064888
064889
064890
064891
064892
064893
064894
064895
064896
064897
064898
064899
064900
064901
064902
064903
064904
064905
064906
064907
064908
064909
064910
064911
064912
064913
064914
064915
064916
064917
064918
064919
064920
064921
064922
064923
064924
064925
064926
064927
064928
064929
064930
064931
064932
064933
064934
064935
064936
064937
064938
064939
064940
064941
064942
064943
064944
064945
064946
064947
064948
064949
064950
064951
064952
064953
064954
064955
064956
064957
064958
064959
064960
064961
064962
064963
064964
064965
064966
064967
064968
064969
064970
064971
064972
064973
064974
064975
064976
064977
064978
064979
064980
064981
064982
064983
064984
064985
064986
064987
064988
064989
064990
064991
064992
064993
064994
064995
064996
064997
064998
064999
065000
065001
065002
065003
065004
065005
065006
065007
065008
065009
065010
065011
065012
065013
065014
065015
065016
065017
065018
065019
065020
065021
065022
065023
065024
065025
065026
065027
065028
065029
065030
065031
065032
065033
065034
065035
065036
065037
065038
065039
065040
065041
065042
065043
065044
065045
065046
065047
065048
065049
065050
065051
065052
065053
065054
065055
065056
065057
065058
065059
065060
065061
065062
065063
065064
065065
065066
065067
065068
065069
065070
065071
065072
065073
065074
065075
065076
065077
065078
065079
065080
065081
065082
065083
065084
065085
065086
065087
065088
065089
065090
065091
065092
065093
065094
065095
065096
065097
065098
065099
065100
065101
065102
065103
065104
065105
065106
065107
065108
065109
065110
065111
065112
065113
065114
065115
065116
065117
065118
065119
065120
065121
065122
065123
065124
065125
065126
065127
065128
065129
065130
065131
065132
065133
065134
065135
065136
065137
065138
065139
065140
065141
065142
065143
065144
065145
065146
065147
065148
065149
065150
065151
065152
065153
065154
065155
065156
065157
065158
065159
065160
065161
065162
065163
065164
065165
065166
065167
065168
065169
065170
065171
065172
065173
065174
065175
065176
065177
065178
065179
065180
065181
065182
065183
065184
065185
065186
065187
065188
065189
065190
065191
065192
065193
065194
065195
065196
065197
065198
065199
065200
065201
065202
065203
065204
065205
065206
065207
065208
065209
065210
065211
065212
065213
065214
065215
065216
065217
065218
065219
065220
065221
065222
065223
065224
065225
065226
065227
065228
065229
065230
065231
065232
065233
065234
065235
065236
065237
065238
065239
065240
065241
065242
065243
065244
065245
065246
065247
065248
065249
065250
065251
065252
065253
065254
065255
065256
065257
065258
065259
065260
065261
065262
065263
065264
065265
065266
065267
065268
065269
065270
065271
065272
065273
065274
065275
065276
065277
065278
065279
065280
065281
065282
065283
065284
065285
065286
065287
065288
065289
065290
065291
065292
065293
065294
065295
065296
065297
065298
065299
065300
065301
065302
065303
065304
065305
065306
065307
065308
065309
065310
065311
065312
065313
065314
065315
065316
065317
065318
065319
065320
065321
065322
065323
065324
065325
065326
065327
065328
065329
065330
065331
065332
065333
065334
065335
065336
065337
065338
065339
065340
065341
065342
065343
065344
065345
065346
065347
065348
065349
065350
065351
065352
065353
065354
065355
065356
065357
065358
065359
065360
065361
065362
065363
065364
065365
065366
065367
065368
065369
065370
065371
065372
065373
065374
065375
065376
065377
065378
065379
065380
065381
065382
065383
065384
065385
065386
065387
065388
065389
065390
065391
065392
065393
065394
065395
065396
065397
065398
065399
065400
065401
065402
065403
065404
065405
065406
065407
065408
065409
065410
065411
065412
065413
065414
065415
065416
065417
065418
065419
065420
065421
065422
065423
065424
065425
065426
065427
065428
065429
065430
065431
065432
065433
065434
065435
065436
065437
065438
065439
065440
065441
065442
065443
065444
065445
065446
065447
065448
065449
065450
065451
065452
065453
065454
065455
065456
065457
065458
065459
065460
065461
065462
065463
065464
065465
065466
065467
065468
065469
065470
065471
065472
065473
065474
065475
065476
065477
065478
065479
065480
065481
065482
065483
065484
065485
065486
065487
065488
065489
065490
065491
065492
065493
065494
065495
065496
065497
065498
065499
065500
065501
065502
065503
065504
065505
065506
065507
065508
065509
065510
065511
065512
065513
065514
065515
065516
065517
065518
065519
065520
065521
065522
065523
065524
065525
065526
065527
065528
065529
065530
065531
065532
065533
065534
065535
065536
065537
065538
065539
065540
065541
065542
065543
065544
065545
065546
065547
065548
065549
065550
065551
065552
065553
065554
065555
065556
065557
065558
065559
065560
065561
065562
065563
065564
065565
065566
065567
065568
065569
065570
065571
065572
065573
065574
065575
065576
065577
065578
065579
065580
065581
065582
065583
065584
065585
065586
065587
065588
065589
065590
065591
065592
065593
065594
065595
065596
065597
065598
065599
065600
065601
065602
065603
065604
065605
065606
065607
065608
065609
065610
065611
065612
065613
065614
065615
065616
065617
065618
065619
065620
065621
065622
065623
065626
065627
065628
065629
065630
065631
065632
065633
065634
065635
065636
065637
065638
065639
065640
065641
065642
065643
065644
065645
065646
065647
065648
065649
065650
065651
065652
065653
065654
065655
065656
065657
065658
065659
065660
065661
065662
065663
065664
065665
065666
065667
065668
065669
065670
065671
065672
065673
065674
065675
065676
065677
065678
065679
065624
065625
065680
065681
065682
065683
065684
065685
065686
065687
065688
065689
065690
065691
065692
065693
065694
065695
065696
065697
065698
065699
065700
065701
065702
065703
065704
065705
065706
065707
065708
065709
065710
065711
065712
065713
065714
065715
065716
065717
065718
065719
065720
065721
065722
065723
065724
065725
065726
065727
065728
065729
065730
065731
065732
065733
065734
065735
065736
065737
065738
065739
065740
065741
065742
065743
065744
065745
065746
065747
065748
065749
065750
065751
065752
065753
065754
065755
065756
065757
065758
065759
065760
065761
065762
065763
065764
065765
065766
065767
065768
065769
065770
065771
065772
065773
065774
065775
065776
065777
065778
065779
065780
065781
065782
065783
065784
065785
065786
065787
065788
065789
065790
065791
065792
065793
065794
065795
065796
065797
065798
065799
065800
065801
065802
065803
065804
065805
065806
065807
065808
065809
065810
065811
065812
065813
065814
065815
065816
065817
065818
065819
065820
065821
065822
065823
065824
065825
065826
065827
065828
065829
065830
065831
065832
065833
065834
065835
065836
065837
065838
065839
065840
065841
065842
065843
065844
065852
065853
065854
065855
065856
065857
065858
065859
065860
065861
065862
065863
065864
065865
065866
065867
065868
065869
065870
065871
065872
065873
065874
065875
065876
065877
065878
065879
065880
065881
065882
065883
065884
065885
065886
065887
065888
065889
065890
065891
065892
065893
065894
065895
065896
065897
065898
065899
065900
065901
065902
065903
065904
065905
065906
065907
065908
065909
065910
065911
065912
065913
065914
065845
065846
065847
065848
065849
065850
065851
065915
065916
065917
065918
065919
065920
065921
065922
065923
065924
065925
065926
065927
065928
065929
065930
065931
065932
065933
065934
065935
065936
065937
065938
065939
065940
065941
065942
065943
065944
065945
065946
065947
065948
065949
065950
065951
065952
065953
065954
065955
065956
065957
065958
065959
065960
065961
065962
065963
065964
065965
065966
065967
065968
065969
065970
065971
065972
065973
065974
065975
065976
065977
065978
065979
065980
065981
065982
065983
065984
065985
065986
065987
065988
065989
065990
065991
065992
065993
065994
065995
065996
065997
065998
065999
066000
066001
066002
066003
066004
066005
066006
066007
066008
066009
066010
066011
066012
066013
066014
066015
066016
066017
066018
066019
066020
066021
066022
066023
066024
066025
066026
066027
066028
066029
066030
066031
066032
066033
066034
066035
066036
066037
066038
066039
066040
066041
066042
066043
066044
066045
066046
066047
066048
066049
066050
066051
066052
066053
066054
066055
066056
066057
066058
066059
066060
066061
066062
066063
066064
066065
066066
066067
066068
066069
066070
066071
066072
066073
066074
066075
066076
066077
066078
066079
066080
066081
066082
066083
066084
066085
066086
066087
066088
066089
066090
066091
066092
066093
066094
066095
066096
066097
066098
066099
066100
066101
066102
066103
066104
066105
066106
066107
066108
066109
066110
066111
066112
066113
066114
066115
066116
066117
066118
066119
066120
066121
066122
066123
066124
066125
066126
066127
066128
066129
066130
066131
066132
066133
066134
066135
066136
066137
066138
066139
066140
066141
066142
066143
066144
066145
066146
066147
066148
066149
066150
066151
066152
066153
066154
066155
066156
066157
066158
066159
066160
066161
066162
066163
066164
066165
066166
066167
066168
066169
066170
066171
066172
066173
066174
066175
066176
066177
066178
066179
066180
066181
066182
066183
066184
066185
066186
066187
066188
066189
066190
066191
066192
066193
066194
066195
066196
066197
066198
066199
066200
066201
066202
066203
066204
066205
066206
066207
066208
066209
066210
066211
066212
066213
066214
066215
066216
066217
066218
066219
066220
066221
066222
066223
066224
066225
066226
066227
066228
066229
066230
066231
066232
066233
066234
066235
066236
066237
066238
066239
066240
066241
066242
066243
066244
066245
066246
066247
066248
066249
066250
066251
066252
066253
066254
066255
066256
066257
066258
066259
066260
066261
066262
066263
066264
066265
066266
066267
066268
066269
066270
066271
066272
066273
066274
066275
066276
066277
066278
066279
066280
066281
066282
066283
066284
066285
066286
066287
066288
066289
066290
066291
066292
066293
066294
066295
066296
066297
066298
066299
066300
066301
066302
066303
066304
066305
066306
066307
066308
066309
066310
066311
066312
066313
066314
066315
066316
066317
066318
066319
066320
066321
066322
066323
066324
066325
066326
066327
066328
066329
066330
066331
066332
066333
066334
066335
066336
066337
066338
066339
066340
066341
066342
066343
066344
066345
066346
066347
066348
066349
066350
066351
066352
066353
066354
066355
066356
066357
066358
066359
066360
066361
066362
066363
066364
066365
066366
066367
066368
066369
066370
066371
066372
066373
066374
066375
066376
066377
066378
066379
066380
066381
066382
066383
066384
066385
066386
066387
066388
066389
066390
066391
066392
066393
066394
066395
066396
066397
066398
066399
066400
066401
066402
066403
066404
066405
066406
066407
066408
066409
066410
066411
066412
066413
066414
066415
066416
066417
066418
066419
066420
066421
066422
066423
066424
066425
066426
066427
066428
066429
066430
066431
066432
066433
066434
066435
066436
066437
066438
066439
066440
066441
066442
066443
066444
066445
066446
066447
066448
066449
066450
066451
066452
066453
066454
066455
066456
066457
066458
066459
066460
066461
066462
066463
066464
066465
066466
066467
066468
066469
066470
066471
066472
066473
066474
066475
066476
066477
066478
066479
066480
066481
066482
066483
066484
066485
066486
066487
066488
066489
066490
066491
066492
066493
066494
066495
066496
066497
066498
066499
066500
066501
066502
066503
066504
066505
066506
066507
066508
066509
066510
066511
066512
066513
066514
066515
066516
066517
066518
066519
066520
066521
066522
066523
066524
066525
066526
066527
066528
066529
066530
066531
066532
066533
066534
066535
066536
066537
066538
066539
066540
066541
066542
066543
066544
066545
066546
066547
066548
066549
066550
066551
066552
066553
066554
066555
066556
066557
066558
066559
066560
066561
066562
066563
066564
066565
066566
066567
066568
066569
066570
066571
066572
066573
066574
066575
066576
066577
066578
066579
066580
066581
066582
066583
066584
066585
066586
066587
066588
066589
066590
066591
066592
066593
066594
066595
066596
066597
066598
066599
066600
066601
066602
066603
066604
066605
066606
066607
066608
066609
066610
066611
066612
066613
066614
066615
066616
066617
066618
066619
066620
066621
066622
066623
066624
066625
066626
066627
066628
066629
066630
066631
066632
066633
066634
066635
066636
066637
066638
066639
066640
066641
066642
066643
066644
066645
066646
066647
066648
066649
066650
066651
066652
066653
066654
066655
066656
066657
066658
066659
066660
066661
066662
066663
066664
066665
066666
066667
066668
066669
066670
066671
066672
066673
066674
066675
066676
066677
066678
066679
066680
066681
066682
066683
066684
066685
066686
066687
066688
066689
066690
066691
066692
066693
066694
066695
066696
066697
066698
066699
066700
066701
066702
066703
066704
066705
066706
066707
066708
066709
066710
066711
066712
066713
066714
066715
066716
066717
066718
066719
066720
066721
066722
066723
066724
066725
066726
066727
066728
066729
066730
066731
066732
066733
066734
066735
066736
066737
066738
066739
066740
066741
066742
066743
066744
066745
066746
066747
066748
066749
066750
066751
066752
066753
066754
066755
066756
066757
066758
066759
066760
066761
066762
066763
066764
066765
066766
066767
066768
066769
066770
066771
066772
066773
066774
066775
066776
066777
066778
066779
066780
066781
066782
066783
066784
066785
066786
066787
066788
066789
066790
066791
066792
066793
066794
066795
066796
066797
066798
066799
066800
066801
066802
066803
066804
066805
066806
066807
066808
066809
066810
066811
066812
066813
066814
066815
066816
066817
066818
066819
066820
066821
066822
066823
066824
066825
066826
066827
066828
066829
066830
066831
066832
066833
066834
066835
066836
066837
066838
066839
066840
066841
066842
066843
066844
066845
066846
066847
066848
066849
066850
066851
066852
066853
066854
066855
066856
066857
066858
066859
066860
066861
066862
066863
066864
066865
066866
066867
066868
066869
066870
066871
066872
066873
066874
066875
066876
066877
066878
066879
066880
066881
066882
066883
066884
066885
066886
066887
066888
066889
066890
066891
066892
066893
066894
066895
066896
066897
066898
066899
066900
066901
066902
066903
066904
066905
066906
066907
066908
066909
066910
066911
066912
066913
066914
066915
066916
066917
066918
066919
066920
066921
066922
066923
066924
066925
066926
066927
066928
066929
066930
066931
066932
066933
066934
066935
066936
066937
066938
066939
066940
066941
066942
066943
066944
066945
066946
066947
066948
066949
066950
066951
066952
066953
066954
066955
066956
066957
066958
066959
066960
066961
066962
066963
066964
066965
066966
066967
066968
066969
066970
066971
066972
066973
066974
066975
066976
066977
066978
066979
066980
066981
066982
066983
066984
066985
066986
066987
066988
066989
066990
066991
066992
066993
066994
066995
066996
066997
066998
066999
067000
067001
067002
067003
067004
067005
067006
067007
067008
067009
067010
067011
067012
067013
067014
067015
067016
067017
067018
067019
067020
067021
067022
067023
067024
067025
067026
067027
067028
067029
067030
067031
067032
067033
067034
067035
067036
067037
067038
067039
067040
067041
067042
067043
067044
067045
067046
067047
067048
067049
067050
067051
067052
067053
067054
067055
067056
067057
067058
067059
067060
067061
067062
067063
067064
067065
067066
067067
067068
067069
067070
067071
067072
067073
067074
067075
067076
067077
067078
067079
067080
067081
067082
067083
067084
067085
067086
067087
067088
067089
067090
067091
067092
067093
067094
067095
067096
067097
067098
067099
067100
067101
067102
067103
067104
067105
067106
067107
067108
067109
067110
067111
067112
067113
067114
067115
067116
067117
067118
067119
067120
067121
067122
067123
067124
067125
067126
067127
067128
067129
067130
067131
067132
067133
067134
067135
067136
067137
067138
067139
067140
067141
067142
067143
067144
067145
067146
067147
067148
067149
067150
067151
067152
067153
067154
067155
067156
067157
067158
067159
067160
067161
067162
067163
067164
067165
067166
067167
067168
067169
067170
067171
067172
067173
067174
067175
067176
067177
067178
067179
067180
067181
067182
067183
067184
067185
067186
067187
067188
067189
067190
067191
067192
067193
067194
067195
067196
067197
067198
067199
067200
067201
067202
067203
067204
067205
067206
067207
067208
067209
067210
067211
067212
067213
067214
067215
067216
067217
067218
067219
067220
067221
067222
067223
067224
067225
067226
067227
067228
067229
067230
067231
067232
067233
067234
067235
067236
067237
067238
067239
067240
067241
067242
067243
067244
067245
067246
067247
067248
067249
067250
067251
067252
067253
067254
067255
067256
067257
067258
067259
067260
067261
067262
067263
067264
067265
067266
067267
067268
067269
067270
067271
067272
067273
067274
067275
067276
067277
067278
067279
067280
067281
067282
067283
067284
067285
067286
067287
067288
067289
067290
067291
067292
067293
067294
067295
067296
067297
067298
067299
067300
067301
067302
067303
067304
067305
067306
067307
067308
067309
067310
067311
067312
067313
067314
067315
067316
067317
067318
067319
067320
067321
067322
067323
067324
067325
067326
067327
067328
067329
067330
067331
067332
067333
067334
067335
067336
067337
067338
067339
067340
067341
067342
067343
067344
067345
067346
067347
067348
067349
067350
067351
067352
067353
067354
067355
067356
067357
067358
067359
067360
067361
067362
067363
067364
067365
067366
067367
067368
067369
067370
067371
067372
067373
067374
067375
067376
067377
067378
067379
067380
067381
067382
067383
067384
067385
067386
067387
067388
067389
067390
067391
067392
067393
067394
067395
067396
067397
067398
067399
067400
067401
067402
067403
067404
067405
067406
067407
067408
067409
067410
067411
067412
067413
067414
067415
067416
067417
067418
067419
067420
067421
067422
067423
067424
067425
067426
067427
067428
067429
067430
067431
067432
067433
067434
067435
067436
067437
067438
067439
067440
067441
067442
067443
067444
067445
067446
067447
067448
067449
067450
067451
067452
067453
067454
067455
067456
067457
067458
067459
067460
067461
067462
067463
067464
067465
067466
067467
067468
067469
067470
067471
067472
067473
067474
067475
067476
067477
067478
067479
067480
067481
067482
067483
067484
067485
067486
067487
067488
067489
067490
067491
067492
067493
067494
067495
067496
067497
067498
067499
067500
067501
067502
067503
067504
067505
067506
067507
067508
067509
067510
067511
067512
067513
067514
067515
067516
067517
067518
067519
067520
067521
067522
067523
067524
067525
067526
067527
067528
067529
067530
067531
067532
067533
067534
067535
067536
067537
067538
067539
067540
067541
067542
067543
067544
067545
067546
067547
067548
067549
067550
067551
067552
067553
067554
067555
067556
067557
067558
067559
067560
067561
067562
067563
067564
067565
067566
067567
067568
067569
067570
067571
067572
067573
067574
067575
067576
067577
067578
067579
067580
067581
067582
067583
067584
067585
067586
067587
067588
067589
067590
067591
067592
067593
067594
067595
067596
067597
067598
067599
067600
067601
067602
067603
067604
067605
067606
067607
067608
067609
067610
067611
067612
067613
067614
067615
067616
067617
067618
067619
067620
067621
067622
067623
067624
067625
067626
067627
067628
067629
067630
067631
067632
067633
067634
067635
067636
067637
067638
067639
067640
067641
067642
067643
067644
067645
067646
067647
067648
067649
067650
067651
067652
067653
067654
067655
067656
067657
067658
067659
067660
067661
067662
067663
067664
067665
067666
067667
067668
067669
067670
067671
067672
067673
067674
067675
067676
067677
067678
067679
067680
067681
067682
067683
067684
067685
067686
067687
067688
067689
067690
067691
067692
067693
067694
067695
067696
067697
067698
067699
067700
067701
067702
067703
067704
067705
067706
067707
067708
067709
067710
067711
067712
067713
067714
067715
067716
067717
067718
067719
067720
067721
067722
067723
067724
067725
067726
067727
067728
067729
067730
067731
067732
067733
067734
067735
067736
067737
067738
067739
067740
067741
067742
067743
067744
067745
067746
067747
067748
067749
067750
067751
067752
067753
067754
067755
067756
067757
067758
067759
067760
067761
067762
067763
067764
067765
067766
067767
067768
067769
067770
067771
067772
067773
067774
067775
067776
067777
067778
067779
067780
067781
067782
067783
067784
067785
067786
067787
067788
067789
067790
067791
067792
067793
067794
067795
067796
067797
067798
067799
067800
067801
067802
067803
067804
067805
067806
067807
067808
067809
067810
067811
067812
067813
067814
067815
067816
067817
067818
067819
067820
067821
067822
067823
067824
067825
067826
067827
067828
067829
067830
067831
067832
067833
067834
067835
067836
067837
067838
067839
067840
067841
067842
067843
067844
067845
067846
067847
067848
067849
067850
067851
067852
067853
067854
067855
067856
067857
067858
067859
067860
067861
067862
067863
067864
067865
067866
067867
067868
067869
067870
067871
067872
067873
067874
067875
067876
067877
067878
067879
067880
067881
067882
067883
067884
067885
067886
067887
067888
067889
067890
067891
067892
067893
067894
067895
067896
067897
067898
067899
067900
067901
067902
067903
067904
067905
067906
067907
067908
067909
067910
067911
067912
067913
067914
067915
067916
067917
067918
067919
067920
067921
067922
067923
067924
067925
067926
067927
067928
067929
067930
067931
067932
067933
067934
067935
067936
067937
067938
067939
067940
067941
067942
067943
067944
067945
067946
067947
067948
067949
067950
067951
067952
067953
067954
067955
067956
067957
067958
067959
067960
067961
067962
067963
067964
067965
067966
067967
067968
067969
067970
067971
067972
067973
067974
067975
067976
067977
067978
067979
067980
067981
067982
067983
067984
067985
067986
067987
067988
067989
067990
067991
067992
067993
067994
067995
067996
067997
067998
067999
068000
068001
068002
068003
068004
068005
068006
068007
068008
068009
068010
068011
068012
068013
068014
068015
068016
068017
068018
068019
068020
068021
068022
068023
068024
068025
068026
068027
068028
068029
068030
068031
068032
068033
068034
068035
068036
068037
068038
068039
068040
068041
068042
068043
068044
068045
068046
068047
068048
068049
068050
068051
068052
068053
068054
068055
068056
068057
068058
068059
068060
068061
068062
068063
068064
068065
068066
068067
068068
068069
068070
068071
068072
068073
068074
068075
068076
068077
068078
068079
068080
068081
068082
068083
068084
068085
068086
068087
068088
068089
068090
068091
068092
068093
068094
068095
068096
068097
068098
068099
068100
068101
068102
068103
068104
068105
068106
068107
068108
068109
068110
068111
068112
068113
068114
068115
068116
068117
068118
068119
068120
068121
068122
068123
068124
068125
068126
068127
068128
068129
068130
068131
068132
068133
068134
068135
068136
068137
068138
068139
068140
068141
068142
068143
068144
068145
068146
068147
068148
068149
068150
068151
068152
068153
068154
068155
068156
068157
068158
068159
068160
068161
068162
068163
068164
068165
068166
068167
068168
068169
068170
068171
068172
068173
068174
068175
068176
068177
068178
068179
068180
068181
068182
068183
068184
068185
068186
068187
068188
068189
068190
068191
068192
068193
068194
068195
068196
068197
068198
068199
068200
068201
068202
068203
068204
068205
068206
068207
068208
068209
068210
068211
068212
068213
068214
068215
068216
068217
068218
068219
068220
068221
068222
068223
068224
068225
068226
068227
068228
068229
068230
068231
068232
068233
068234
068235
068236
068237
068238
068239
068240
068241
068242
068243
068244
068245
068246
068247
068248
068249
068250
068251
068252
068253
068254
068255
068256
068257
068258
068259
068260
068261
068262
068263
068264
068265
068266
068267
068268
068269
068270
068271
068272
068273
068274
068275
068276
068277
068278
068279
068280
068281
068282
068283
068284
068285
068286
068287
068288
068289
068290
068291
068292
068293
068294
068295
068296
068297
068298
068299
068300
068301
068302
068303
068304
068305
068306
068307
068308
068309
068310
068311
068312
068313
068314
068315
068316
068317
068318
068319
068320
068321
068322
068323
068324
068325
068326
068327
068328
068329
068330
068331
068332
068333
068334
068335
068336
068337
068338
068339
068340
068341
068342
068343
068344
068345
068346
068347
068348
068349
068350
068351
068352
068353
068354
068355
068356
068357
068358
068359
068360
068361
068362
068363
068364
068365
068366
068367
068368
068369
068370
068371
068372
068373
068374
068375
068376
068377
068378
068379
068380
068381
068382
068383
068384
068385
068386
068387
068388
068389
068390
068391
068392
068393
068394
068395
068396
068397
068398
068399
068400
068401
068402
068403
068404
068405
068406
068407
068408
068409
068410
068411
068412
068413
068414
068415
068416
068417
068418
068419
068420
068421
068422
068423
068424
068425
068426
068427
068428
068429
068430
068431
068432
068433
068434
068435
068436
068437
068438
068439
068440
068441
068442
068443
068444
068445
068446
068447
068448
068449
068450
068451
068452
068453
068454
068455
068456
068457
068458
068459
068460
068461
068462
068463
068464
068465
068466
068467
068468
068469
068470
068471
068472
068473
068474
068475
068476
068477
068478
068479
068480
068481
068482
068483
068484
068485
068486
068487
068488
068489
068490
068491
068492
068493
068494
068495
068496
068497
068498
068499
068500
068501
068502
068503
068504
068505
068506
068507
068508
068509
068510
068511
068512
068513
068514
068515
068516
068517
068518
068519
068520
068521
068522
068523
068524
068525
068526
068527
068528
068529
068530
068531
068532
068533
068534
068535
068536
068537
068538
068539
068540
068541
068542
068543
068544
068545
068546
068547
068548
068549
068550
068551
068552
068553
068554
068555
068556
068557
068558
068559
068560
068561
068562
068563
068564
068565
068566
068567
068568
068569
068570
068571
068572
068573
068574
068575
068576
068577
068578
068579
068580
068581
068582
068583
068584
068585
068586
068587
068588
068589
068590
068591
068592
068593
068594
068595
068596
068597
068598
068599
068600
068601
068602
068603
068604
068605
068606
068607
068608
068609
068610
068611
068612
068613
068614
068615
068616
068617
068618
068619
068620
068621
068622
068623
068624
068625
068626
068627
068628
068629
068630
068631
068632
068633
068634
068635
068636
068637
068638
068639
068640
068641
068642
068643
068644
068645
068646
068647
068648
068649
068650
068651
068652
068653
068654
068655
068656
068657
068658
068659
068660
068661
068662
068663
068664
068665
068666
068667
068668
068669
068670
068671
068672
068673
068674
068675
068676
068677
068678
068679
068680
068681
068682
068683
068684
068685
068686
068687
068688
068689
068690
068691
068692
068693
068694
068695
068696
068697
068698
068699
068700
068701
068702
068703
068704
068705
068706
068707
068708
068709
068710
068711
068712
068713
068714
068715
068716
068717
068718
068719
068720
068721
068722
068723
068724
068725
068726
068727
068728
068729
068730
068731
068732
068733
068734
068735
068736
068737
068738
068739
068740
068741
068742
068743
068744
068745
068746
068747
068748
068749
068750
068751
068752
068753
068754
068755
068756
068757
068758
068759
068760
068761
068762
068763
068764
068765
068766
068767
068768
068769
068770
068771
068772
068773
068774
068775
068776
068777
068778
068779
068780
068781
068782
068783
068784
068785
068786
068787
068788
068789
068790
068791
068792
068793
068794
068795
068796
068797
068798
068799
068800
068801
068802
068803
068804
068805
068806
068807
068808
068809
068810
068811
068812
068813
068814
068815
068816
068817
068818
068819
068820
068821
068822
068823
068824
068825
068826
068827
068828
068829
068830
068831
068832
068833
068834
068835
068836
068837
068838
068839
068840
068841
068842
068843
068844
068845
068846
068847
068848
068849
068850
068851
068852
068853
068854
068855
068856
068857
068858
068859
068860
068861
068862
068863
068864
068865
068866
068867
068868
068869
068870
068871
068872
068873
