date,stock_id,shares_issued,foreign_held,foreign_ratio
20200302,1101,5465619204.0,1581955097.0,28.94
20200302,1102,3361447198.0,911617524.0,27.11
20200302,1103,774780548.0,39977661.0,5.15
20200302,1104,653609192.0,79165334.0,12.11
20200302,1108,404738049.0,6249730.0,1.54
20200302,1109,341957868.0,11778861.0,3.44
20200302,1110,572000797.0,43946466.0,7.68
20200302,1201,506062914.0,53711946.0,10.61
20200302,1203,240000000.0,5290769.0,2.2
20200302,1210,827339086.0,145189046.0,17.54
20200302,1213,56622627.0,42642.0,0.07
20200302,1215,267990998.0,111625756.0,41.65
20200302,1216,5682015421.0,2963873899.0,52.16
20200302,1217,494513336.0,40835256.0,8.25
20200302,1218,499999038.0,12025797.0,2.4
20200302,1219,322013887.0,11459702.0,3.55
20200302,1220,177077944.0,16381673.0,9.25
20200302,1225,218703051.0,1740906.0,0.79
20200302,1227,915089591.0,210855721.0,23.04
20200302,1229,1104739841.0,151667485.0,13.72
20200302,1231,174595395.0,4055890.0,2.32
20200302,1232,159974915.0,2094421.0,1.3
20200302,1233,90591948.0,4747802.0,5.24
20200302,1234,401871094.0,17536511.0,4.36
20200302,1235,98955436.0,67637.0,0.06
20200302,1236,108342510.0,79329.0,0.07
20200302,1256,33842160.0,1638777.0,4.84
20200302,1301,6365740781.0,2385466467.0,37.47
20200302,1303,7930821589.0,2405048798.0,30.32
20200302,1304,1188763500.0,411304531.0,34.59
20200302,1305,527029927.0,85400412.0,16.2
20200302,1307,397818126.0,46301752.0,11.63
20200302,1308,554382745.0,34799424.0,6.27
20200302,1309,334204892.0,13967279.0,4.17
20200302,1310,527869764.0,103890781.0,19.68
20200302,1312,906620328.0,238275130.0,26.28
20200302,1313,1332347607.0,152005443.0,11.4
20200302,1314,3284850130.0,566650359.0,17.25
20200302,1315,198000000.0,2808649.0,1.41
20200302,1316,179541221.0,1777031.0,0.98
20200302,1319,591477068.0,116463484.0,19.69
20200302,1321,227228268.0,5977995.0,2.63
20200302,1323,91274554.0,3043165.0,3.33
20200302,1324,75121882.0,318214.0,0.42
20200302,1325,85281198.0,493363.0,0.57
20200302,1326,5861186291.0,2146417057.0,36.62
20200302,1337,268954729.0,70519827.0,26.21
20200302,1338,83840000.0,12302510.0,14.67
20200302,1339,74138875.0,1262038.0,1.7
20200302,1340,152922855.0,47174455.0,30.84
20200302,1341,49400000.0,42911950.0,86.86
20200302,1402,5352875227.0,1049915644.0,19.61
20200302,1409,1618409291.0,256915725.0,15.87
20200302,1410,63000000.0,10179456.0,16.15
20200302,1413,132112454.0,371175.0,0.28
20200302,1414,220000000.0,2615669.0,1.18
20200302,1416,185342168.0,26594289.0,14.34
20200302,1417,189941840.0,5200484.0,2.73
20200302,1418,56834309.0,344219.0,0.6
20200302,1419,300041280.0,6685141.0,2.22
20200302,1423,138400000.0,2519830.0,1.82
20200302,1432,167937642.0,119917.0,0.07
20200302,1434,1684664637.0,282072388.0,16.74
20200302,1435,139780080.0,225879.0,0.16
20200302,1436,95634000.0,274722.0,0.28
20200302,1437,203371284.0,11458065.0,5.63
20200302,1438,102411518.0,107044.0,0.1
20200302,1439,92000000.0,934935.0,1.01
20200302,1440,1656815857.0,121077074.0,7.3
20200302,1441,100800000.0,1408719.0,1.39
20200302,1442,302117481.0,8842757.0,2.92
20200302,1443,135343011.0,108758.0,0.08
20200302,1444,957302942.0,91627816.0,9.57
20200302,1445,132667034.0,1943715.0,1.46
20200302,1446,137709513.0,1577237.0,1.14
20200302,1447,914487242.0,69033634.0,7.54
20200302,1449,120000000.0,771535.0,0.64
20200302,1451,198000000.0,20615512.0,10.41
20200302,1452,132641400.0,5664732.0,4.27
20200302,1453,98642138.0,105880.0,0.1
20200302,1454,134309848.0,572472.0,0.42
20200302,1455,611763380.0,18696883.0,3.05
20200302,1456,93720000.0,147224.0,0.15
20200302,1457,301647640.0,8841110.0,2.93
20200302,1459,358628907.0,8053150.0,2.24
20200302,1460,509834182.0,23603481.0,4.62
20200302,1463,173268381.0,5680824.0,3.27
20200302,1464,384565652.0,7317676.0,1.9
20200302,1465,103607267.0,320735.0,0.3
20200302,1466,111157320.0,119264.0,0.1
20200302,1467,233624667.0,45135206.0,19.31
20200302,1468,160405244.0,2949115.0,1.83
20200302,1470,85767000.0,57084.0,0.06
20200302,1471,150414536.0,113970.0,0.07
20200302,1472,45672722.0,28667.0,0.06
20200302,1473,147153534.0,15401754.0,10.46
20200302,1474,129896969.0,200888.0,0.15
20200302,1475,16016749.0,11039.0,0.06
20200302,1476,274367111.0,101273969.0,36.91
20200302,1477,219856581.0,34363672.0,15.63
20200302,1503,520972223.0,166013115.0,31.86
20200302,1504,1967692886.0,811699221.0,41.25
20200302,1506,122855501.0,540365.0,0.43
20200302,1507,410820000.0,187092978.0,45.54
20200302,1512,220002494.0,18166048.0,8.25
20200302,1513,420000000.0,56055562.0,13.34
20200302,1514,207099023.0,24946851.0,12.04
20200302,1515,181473500.0,18684717.0,10.29
20200302,1516,33350889.0,258368.0,0.77
20200302,1517,227825007.0,5906321.0,2.59
20200302,1519,261058548.0,18471608.0,7.07
20200302,1521,76230000.0,25750764.0,33.78
20200302,1522,312897881.0,21126589.0,6.75
20200302,1524,179685207.0,222726.0,0.12
20200302,1525,73400135.0,54878.0,0.07
20200302,1526,60000000.0,679638.0,1.13
20200302,1527,138570640.0,13949726.0,10.06
20200302,1528,199331000.0,2490467.0,1.24
20200302,1529,95967982.0,281354.0,0.29
20200302,1530,96594171.0,686681.0,0.71
20200302,1531,185008080.0,18912386.0,10.22
20200302,1532,385252112.0,47281126.0,12.27
20200302,1533,98547486.0,6648588.0,6.74
20200302,1535,123742552.0,524004.0,0.42
20200302,1536,254956513.0,35040837.0,13.74
20200302,1537,81785394.0,19303625.0,23.6
20200302,1538,56135851.0,138355.0,0.24
20200302,1539,65370000.0,64034.0,0.09
20200302,1540,85473612.0,274352.0,0.32
20200302,1541,78800000.0,7703312.0,9.77
20200302,1558,60535631.0,7423116.0,12.26
20200302,1560,141000000.0,21636584.0,15.34
20200302,1568,103086559.0,1903113.0,1.84
20200302,1582,123724171.0,39500007.0,31.92
20200302,1583,110400372.0,101986.0,0.09
20200302,1587,67356618.0,13500742.0,20.04
20200302,1589,105617519.0,12589951.0,11.92
20200302,1590,189024998.0,130114433.0,68.83
20200302,1592,110978250.0,42815412.0,38.58
20200302,1598,115100887.0,823784.0,0.71
20200302,1603,191688000.0,3563859.0,1.85
20200302,1604,387200000.0,48817047.0,12.6
20200302,1605,3326000258.0,775706647.0,23.32
20200302,1608,632773506.0,21133907.0,3.33
20200302,1609,595068022.0,64101726.0,10.77
20200302,1611,358595268.0,42268941.0,11.78
20200302,1612,316080063.0,34136981.0,10.8
20200302,1614,269113406.0,5537013.0,2.05
20200302,1615,111861784.0,152650.0,0.13
20200302,1616,194148515.0,152127.0,0.07
20200302,1617,144233235.0,30664329.0,21.26
20200302,1618,240864684.0,2891787.0,1.2
20200302,1626,136850637.0,67253138.0,49.14
20200302,1701,298081080.0,30626156.0,10.27
20200302,1702,294132962.0,49184663.0,16.72
20200302,1707,136286373.0,27275989.0,20.01
20200302,1708,211520260.0,17531436.0,8.28
20200302,1709,477016272.0,18252688.0,3.82
20200302,1710,885703029.0,83321120.0,9.4
20200302,1711,547752226.0,46956709.0,8.57
20200302,1712,420492585.0,51966908.0,12.35
20200302,1713,150951700.0,7310674.0,4.84
20200302,1714,1016824808.0,189336528.0,18.62
20200302,1717,1240279455.0,168941703.0,13.62
20200302,1718,1621367217.0,171026850.0,10.54
20200302,1720,178696089.0,3542793.0,1.98
20200302,1721,222347344.0,6007121.0,2.7
20200302,1722,980000000.0,140324378.0,14.31
20200302,1723,236904480.0,33068149.0,13.95
20200302,1724,127813900.0,7696934.0,6.02
20200302,1725,181829978.0,305027.0,0.16
20200302,1726,162000000.0,24034727.0,14.83
20200302,1727,110250000.0,1147598.0,1.04
20200302,1730,63233851.0,4147281.0,6.55
20200302,1731,132915244.0,681790.0,0.51
20200302,1732,42443957.0,158646.0,0.37
20200302,1733,99986192.0,2966146.0,2.96
20200302,1734,167722022.0,5632757.0,3.35
20200302,1735,99388000.0,49910241.0,50.21
20200302,1736,303616617.0,13730548.0,4.52
20200302,1737,200000000.0,18890379.0,9.44
20200302,1760,76739013.0,1350958.0,1.76
20200302,1762,77560000.0,2439279.0,3.14
20200302,1773,150000000.0,4020597.0,2.68
20200302,1776,69986099.0,54001.0,0.07
20200302,1783,77375000.0,13298606.0,17.18
20200302,1786,58100000.0,486072.0,0.83
20200302,1789,790739222.0,32562012.0,4.11
20200302,1795,243113964.0,165507627.0,68.07
20200302,1802,2908060800.0,208405591.0,7.16
20200302,1805,100265400.0,122805.0,0.12
20200302,1806,433782078.0,53637314.0,12.36
20200302,1808,308330531.0,14339851.0,4.65
20200302,1809,167041937.0,5604786.0,3.35
20200302,1810,369853610.0,13076506.0,3.53
20200302,1817,72600000.0,1146000.0,1.57
20200302,1902,402000550.0,28016367.0,6.96
20200302,1903,260039121.0,38814115.0,14.92
20200302,1904,1108274522.0,135690946.0,12.24
20200302,1905,1102835316.0,48427594.0,4.39
20200302,1906,151000000.0,1521509.0,1.0
20200302,1907,1660371495.0,305594027.0,18.4
20200302,1909,1217685727.0,179807363.0,14.76
20200302,2002,15734860997.0,3162189689.0,20.09
20200302,2006,1004060608.0,126868744.0,12.63
20200302,2007,530651613.0,303965.0,0.05
20200302,2008,200852293.0,14402407.0,7.17
20200302,2009,359622165.0,23751265.0,6.6
20200302,2010,647655390.0,29583564.0,4.56
20200302,2012,287774000.0,7036540.0,2.44
20200302,2013,200000000.0,14688962.0,7.34
20200302,2014,1435544446.0,68075310.0,4.74
20200302,2015,581599424.0,58959782.0,10.13
20200302,2017,341867462.0,8360428.0,2.44
20200302,2020,222526100.0,5767869.0,2.59
20200302,2022,479751976.0,14690352.0,3.06
20200302,2023,1913327518.0,129444930.0,6.76
20200302,2024,97500000.0,148093.0,0.15
20200302,2025,281167262.0,119066.0,0.04
20200302,2027,1233790052.0,298608601.0,24.2
20200302,2028,325714800.0,321958.0,0.09
20200302,2029,321180000.0,225677081.0,70.26
20200302,2030,286526027.0,14703668.0,5.13
20200302,2031,310687699.0,31256658.0,10.06
20200302,2032,130521545.0,185736.0,0.14
20200302,2033,80694536.0,101139.0,0.12
20200302,2034,407130743.0,50017861.0,12.28
20200302,2038,181264522.0,380670.0,0.21
20200302,2049,309578886.0,124122668.0,40.09
20200302,2059,95297072.0,24438002.0,25.64
20200302,2062,163014152.0,16723128.0,10.25
20200302,2069,156386836.0,651307.0,0.41
20200302,2101,833934904.0,73361131.0,8.79
20200302,2102,473329207.0,40120645.0,8.47
20200302,2103,825709978.0,288050982.0,34.88
20200302,2104,984733625.0,116222053.0,11.8
20200302,2105,3241415536.0,443787942.0,13.69
20200302,2106,874430000.0,47633706.0,5.44
20200302,2107,350000000.0,36399821.0,10.39
20200302,2108,492416659.0,48544313.0,9.85
20200302,2109,332349134.0,49846320.0,14.99
20200302,2114,70901552.0,1329907.0,1.87
20200302,2115,86063215.0,39666789.0,46.09
20200302,2201,1572919909.0,102580084.0,6.52
20200302,2204,553620342.0,164859538.0,29.77
20200302,2206,853595604.0,87557153.0,10.25
20200302,2207,546179184.0,131499818.0,24.07
20200302,2208,472991749.0,15400344.0,3.25
20200302,2227,300000000.0,122896626.0,40.96
20200302,2228,75780281.0,7479573.0,9.87
20200302,2231,122821241.0,12499562.0,10.17
20200302,2233,60288089.0,5487033.0,9.1
20200302,2236,44826766.0,33316473.0,74.32
20200302,2239,118007000.0,89834639.0,76.12
20200302,2243,45718529.0,19621127.0,42.91
20200302,2301,2350867032.0,1327685583.0,56.47
20200302,2302,166302881.0,6503363.0,3.91
20200302,2303,11724318715.0,6057121569.0,51.66
20200302,2305,205660827.0,10026708.0,4.87
20200302,2308,2597543329.0,1739734311.0,66.97
20200302,2312,1452081211.0,254112398.0,17.49
20200302,2313,1191820589.0,357696188.0,30.01
20200302,2314,228028320.0,2599388.0,1.13
20200302,2316,203045040.0,39146712.0,19.27
20200302,2317,13862990609.0,6471284513.0,46.68
20200302,2321,315332590.0,167111.0,0.05
20200302,2323,1158881200.0,90350741.0,7.79
20200302,2324,4407146625.0,2170214408.0,49.24
20200302,2327,427121695.0,211197807.0,49.44
20200302,2328,518346282.0,92528357.0,17.85
20200302,2329,557328533.0,170206809.0,30.53
20200302,2330,25930380458.0,19995226107.0,77.11
20200302,2331,557402968.0,89689474.0,16.09
20200302,2332,651996166.0,95902376.0,14.7
20200302,2337,1839927014.0,409176191.0,22.23
20200302,2338,252713611.0,3975467.0,1.57
20200302,2340,378622846.0,75601961.0,19.96
20200302,2342,156342161.0,7445438.0,4.76
20200302,2344,3980000193.0,911758561.0,22.9
20200302,2345,557726397.0,319425036.0,57.27
20200302,2347,1667946968.0,602696741.0,36.13
20200302,2348,85600000.0,1952904.0,2.28
20200302,2349,1284157900.0,163509977.0,12.73
20200302,2351,182140249.0,23426398.0,12.86
20200302,2352,1966781958.0,415187048.0,21.1
20200302,2353,3074933828.0,867398592.0,28.2
20200302,2354,1414485192.0,401186524.0,28.36
20200302,2355,397495420.0,116028743.0,29.18
20200302,2356,3587475066.0,999634811.0,27.86
20200302,2357,742760280.0,467568966.0,62.95
20200302,2358,94616172.0,275112.0,0.29
20200302,2359,171471052.0,7382519.0,4.3
20200302,2360,419092587.0,266851291.0,63.67
20200302,2362,669763000.0,88341734.0,13.18
20200302,2363,554062477.0,32726866.0,5.9
20200302,2364,198939797.0,30043266.0,15.1
20200302,2365,234538496.0,13944942.0,5.94
20200302,2367,619407175.0,134289086.0,21.68
20200302,2368,546487841.0,41299453.0,7.55
20200302,2369,380102344.0,60291913.0,15.86
20200302,2371,2339536685.0,932412546.0,39.85
20200302,2373,236202518.0,4584202.0,1.94
20200302,2374,282362812.0,25281951.0,8.95
20200302,2375,194063097.0,3952964.0,2.03
20200302,2376,635688886.0,197299954.0,31.03
20200302,2377,844856199.0,303483971.0,35.92
20200302,2379,508095464.0,321976047.0,63.36
20200302,2380,162444084.0,3042533.0,1.87
20200302,2382,3862627432.0,1049484953.0,27.17
20200302,2383,319708064.0,117198479.0,36.65
20200302,2385,734497521.0,403772416.0,54.97
20200302,2387,196297952.0,16511075.0,8.41
20200302,2388,493303441.0,53131666.0,10.77
20200302,2390,214021602.0,4190325.0,1.95
20200302,2392,512326940.0,71318101.0,13.92
20200302,2393,443056236.0,163628429.0,36.93
20200302,2395,699075510.0,289558669.0,41.42
20200302,2397,114688857.0,24661938.0,21.5
20200302,2399,178100000.0,30177283.0,16.94
20200302,2401,591994919.0,71120202.0,12.01
20200302,2402,307536533.0,42374723.0,13.77
20200302,2404,190586698.0,56815817.0,29.81
20200302,2405,343427303.0,21044651.0,6.12
20200302,2406,205905689.0,18260461.0,8.86
20200302,2408,3053504894.0,693717425.0,22.71
20200302,2409,9624245115.0,3129178443.0,32.51
20200302,2412,7757446545.0,1266770317.0,16.32
20200302,2413,127359200.0,593115.0,0.46
20200302,2414,161735846.0,9981087.0,6.17
20200302,2415,80000000.0,1261951.0,1.57
20200302,2417,192892330.0,7514430.0,3.89
20200302,2419,328986229.0,39619964.0,12.04
20200302,2420,152648688.0,6486474.0,4.24
20200302,2421,250929732.0,71855704.0,28.63
20200302,2423,145047289.0,2661432.0,1.83
20200302,2424,30000000.0,75154.0,0.25
20200302,2425,101498831.0,26949943.0,26.55
20200302,2426,300622252.0,23127643.0,7.69
20200302,2427,184314463.0,3691289.0,2.0
20200302,2428,128112726.0,19786394.0,15.44
20200302,2429,36736200.0,1280997.0,3.48
20200302,2430,166468825.0,6147090.0,3.69
20200302,2431,110927014.0,1429990.0,1.28
20200302,2433,144496011.0,1556704.0,1.07
20200302,2434,70602126.0,801806.0,1.13
20200302,2436,178014441.0,13969029.0,7.84
20200302,2438,95215940.0,49374.0,0.05
20200302,2439,207879134.0,40923337.0,19.68
20200302,2440,139117271.0,135394.0,0.09
20200302,2441,568845921.0,89588099.0,15.74
20200302,2442,267234372.0,8911550.0,3.33
20200302,2443,145687000.0,224195.0,0.15
20200302,2444,105557573.0,2018563.0,1.91
20200302,2448,1088701410.0,182007186.0,16.71
20200302,2449,1222745065.0,543671969.0,44.46
20200302,2450,258252657.0,14049636.0,5.44
20200302,2451,430761675.0,74037321.0,17.18
20200302,2453,100000000.0,1262804.0,1.26
20200302,2454,1589981632.0,986036751.0,62.01
20200302,2455,184905918.0,39044618.0,21.11
20200302,2456,243254748.0,42271772.0,17.37
20200302,2457,337688416.0,25334695.0,7.5
20200302,2458,303880392.0,102239035.0,33.64
20200302,2459,105900615.0,18890635.0,17.83
20200302,2460,169200000.0,1540103.0,0.91
20200302,2461,159324631.0,5738431.0,3.6
20200302,2462,142484596.0,1356712.0,0.95
20200302,2464,195531226.0,17584255.0,8.99
20200302,2465,53587301.0,290927.0,0.54
20200302,2466,156334226.0,18899291.0,12.08
20200302,2467,149205548.0,12820974.0,8.59
20200302,2468,69961249.0,77995.0,0.11
20200302,2471,47253890.0,644916.0,1.36
20200302,2472,129219822.0,3946986.0,3.05
20200302,2474,770391069.0,506324933.0,65.72
20200302,2476,184968298.0,18729143.0,10.12
20200302,2477,198216555.0,44901739.0,22.65
20200302,2478,145248989.0,9782363.0,6.73
20200302,2480,106360291.0,8801386.0,8.27
20200302,2481,332814927.0,37674858.0,11.32
20200302,2482,62072549.0,347301.0,0.55
20200302,2483,110618807.0,199242.0,0.18
20200302,2484,159421022.0,9979976.0,6.26
20200302,2485,317689037.0,19888914.0,6.26
20200302,2486,201958579.0,7208741.0,3.56
20200302,2488,79999433.0,2755631.0,3.44
20200302,2489,809362045.0,105117382.0,12.98
20200302,2491,82008000.0,6410676.0,7.81
20200302,2492,485800000.0,122595823.0,25.23
20200302,2493,114437390.0,8336922.0,7.28
20200302,2495,276290738.0,48415083.0,17.52
20200302,2496,17459400.0,8628869.0,49.42
20200302,2497,118798463.0,1749483.0,1.47
20200302,2498,818808635.0,130733861.0,15.96
20200302,2499,461172003.0,38673238.0,8.38
20200302,2501,1159561059.0,110316217.0,9.51
20200302,2504,1385000335.0,155218956.0,11.2
20200302,2505,696582479.0,30937174.0,4.44
20200302,2506,387000000.0,13305991.0,3.43
20200302,2509,204136846.0,3140604.0,1.53
20200302,2511,1623326147.0,142344618.0,8.76
20200302,2514,404729278.0,22564470.0,5.57
20200302,2515,1530899822.0,156553801.0,10.22
20200302,2516,226278457.0,6313701.0,2.79
20200302,2520,503791000.0,105794265.0,20.99
20200302,2524,384846372.0,8885260.0,2.3
20200302,2527,270306000.0,78404922.0,29.0
20200302,2528,277085409.0,429491.0,0.15
20200302,2530,270752466.0,3206115.0,1.18
20200302,2534,592784962.0,70033374.0,11.81
20200302,2535,290743386.0,29033226.0,9.98
20200302,2536,332808652.0,60669655.0,18.22
20200302,2537,300557795.0,6954782.0,2.31
20200302,2538,438448764.0,58764212.0,13.4
20200302,2539,461314374.0,513105.0,0.11
20200302,2540,146600000.0,148004.0,0.1
20200302,2542,1166628752.0,222202701.0,19.04
20200302,2543,241983788.0,306506.0,0.12
20200302,2545,327734808.0,13074067.0,3.98
20200302,2546,106035660.0,3723988.0,3.51
20200302,2547,912307649.0,204654854.0,22.43
20200302,2548,276812726.0,85812902.0,31.0
20200302,2597,135000000.0,1168171.0,0.86
20200302,2601,630883150.0,76782706.0,12.17
20200302,2603,4812973786.0,1155051983.0,23.99
20200302,2605,585353297.0,194309774.0,33.19
20200302,2606,845055712.0,79031002.0,9.35
20200302,2607,1067141094.0,76378279.0,7.15
20200302,2608,467000498.0,43573523.0,9.33
20200302,2609,2601335728.0,139360228.0,5.35
20200302,2610,5420984650.0,830946262.0,15.32
20200302,2611,175994247.0,231920.0,0.13
20200302,2612,197484593.0,4853744.0,2.45
20200302,2613,148423458.0,111643.0,0.07
20200302,2614,556789889.0,12618704.0,2.26
20200302,2615,2218297466.0,930369462.0,41.94
20200302,2616,137281827.0,4755589.0,3.46
20200302,2617,417294487.0,15023835.0,3.6
20200302,2618,4853569490.0,1374629804.0,28.32
20200302,2630,120120000.0,72000.0,0.05
20200302,2633,5628293058.0,807523970.0,14.34
20200302,2634,941867101.0,24045570.0,2.55
20200302,2636,117157402.0,17285077.0,14.75
20200302,2637,688655903.0,54189684.0,7.86
20200302,2642,95467000.0,5070332.0,5.31
20200302,2701,449967838.0,2076326.0,0.46
20200302,2702,110485538.0,40846363.0,36.96
20200302,2704,366923343.0,32052145.0,8.73
20200302,2705,186536630.0,5763557.0,3.08
20200302,2706,499998346.0,12997990.0,2.59
20200302,2707,126745769.0,19156024.0,15.11
20200302,2712,105000000.0,80592.0,0.07
20200302,2722,111522961.0,126380.0,0.11
20200302,2723,180000000.0,98001300.0,54.44
20200302,2727,76987883.0,8153282.0,10.59
20200302,2731,70000000.0,2437896.0,3.48
20200302,2739,111526000.0,2291800.0,2.05
20200302,2748,65637000.0,467847.0,0.71
20200302,2801,9985311160.0,1514650474.0,15.16
20200302,2809,1131234265.0,193042553.0,17.06
20200302,2812,3708834898.0,517003865.0,13.93
20200302,2816,212960000.0,12085821.0,5.67
20200302,2820,1342960000.0,107329424.0,7.99
20200302,2823,4463582304.0,1148515470.0,25.73
20200302,2832,362200400.0,12030718.0,3.32
20200302,2834,7131984244.0,1695574497.0,23.77
20200302,2836,1080916486.0,82388726.0,7.62
20200302,2838,2884455292.0,93617173.0,3.24
20200302,2841,760943600.0,81313784.0,10.68
20200302,2845,3355819407.0,430196125.0,12.81
20200302,2849,1957910050.0,1154666914.0,58.97
20200302,2850,315963300.0,28109004.0,8.89
20200302,2851,590388750.0,13950017.0,2.36
20200302,2852,301163784.0,12391846.0,4.11
20200302,2855,1372390028.0,151198968.0,11.01
20200302,2867,2371971471.0,174428203.0,7.35
20200302,2880,12172740178.0,2484965655.0,20.41
20200302,2881,10233603995.0,2794538292.0,27.3
20200302,2882,13169210128.0,2971558805.0,22.56
20200302,2883,14965982132.0,3915137554.0,26.16
20200302,2884,11619500000.0,5077550215.0,43.69
20200302,2885,11670611456.0,4656233580.0,39.89
20200302,2886,13599823983.0,3592219488.0,26.41
20200302,2887,10656061370.0,2987677168.0,28.03
20200302,2888,12600394063.0,2844409555.0,22.57
20200302,2889,2848064596.0,364153528.0,12.78
20200302,2890,11281054106.0,3573000019.0,31.67
20200302,2891,19496989569.0,8104517486.0,41.56
20200302,2892,12461942795.0,3395412163.0,27.24
20200302,2897,2413006301.0,30790066.0,1.27
20200302,2901,73043283.0,42994.0,0.05
20200302,2903,1416940589.0,214738463.0,15.15
20200302,2904,69034432.0,66652.0,0.09
20200302,2905,826682688.0,58815423.0,7.11
20200302,2906,209111093.0,3868522.0,1.84
20200302,2908,509887558.0,40877961.0,8.01
20200302,2910,208725000.0,322000.0,0.15
20200302,2911,188941775.0,33213867.0,17.57
20200302,2912,1039622255.0,424303124.0,40.81
20200302,2913,790000000.0,91202554.0,11.54
20200302,2915,564860594.0,104740017.0,18.54
20200302,2923,1740296982.0,1727738274.0,99.27
20200302,2929,94955292.0,47597460.0,50.12
20200302,2936,76555696.0,67935696.0,88.74
20200302,2939,47222665.0,35250893.0,74.64
20200302,3002,102000000.0,239372.0,0.23
20200302,3003,155654890.0,10914386.0,7.01
20200302,3004,52647155.0,418071.0,0.79
20200302,3005,579520150.0,197017251.0,33.99
20200302,3006,285758925.0,44207524.0,15.47
20200302,3008,134140197.0,71075741.0,52.98
20200302,3010,231390138.0,55729457.0,24.08
20200302,3011,112719251.0,164048.0,0.14
20200302,3013,159435018.0,3222158.0,2.02
20200302,3014,161080124.0,35685773.0,22.15
20200302,3015,192261950.0,22230055.0,11.56
20200302,3016,274401315.0,4327055.0,1.57
20200302,3017,353310157.0,127366497.0,36.04
20200302,3018,73512132.0,1871491.0,2.54
20200302,3019,281083901.0,35543429.0,12.64
20200302,3021,95813467.0,2401516.0,2.5
20200302,3022,177289790.0,36733752.0,20.71
20200302,3023,229078860.0,115357756.0,50.35
20200302,3024,277157496.0,4592140.0,1.65
20200302,3025,70920550.0,1582059.0,2.23
20200302,3026,157990779.0,19014205.0,12.03
20200302,3027,98856311.0,187199.0,0.18
20200302,3028,213824864.0,10964615.0,5.12
20200302,3029,124009212.0,3456382.0,2.78
20200302,3030,236216000.0,55013604.0,23.28
20200302,3031,186674224.0,5956937.0,3.19
20200302,3032,113285626.0,2258015.0,1.99
20200302,3033,367751242.0,17591471.0,4.78
20200302,3034,608511469.0,375368088.0,61.68
20200302,3035,248550313.0,59242076.0,23.83
20200302,3036,588121760.0,142880711.0,24.29
20200302,3037,1504732333.0,491498052.0,32.66
20200302,3038,162407603.0,6803365.0,4.18
20200302,3040,63000000.0,10702598.0,16.98
20200302,3041,192539746.0,15398255.0,7.99
20200302,3042,309757040.0,114646990.0,37.01
20200302,3043,194878166.0,2460666.0,1.26
20200302,3044,525605898.0,319200295.0,60.72
20200302,3045,3442720069.0,680124914.0,19.75
20200302,3046,71448013.0,724701.0,1.01
20200302,3047,186491633.0,7638547.0,4.09
20200302,3048,222572540.0,27237242.0,12.23
20200302,3049,806948529.0,66518335.0,8.24
20200302,3050,145984450.0,7879083.0,5.39
20200302,3051,325332396.0,273232.0,0.08
20200302,3052,228713554.0,5506014.0,2.4
20200302,3054,87848033.0,199261.0,0.22
20200302,3055,102441918.0,2760424.0,2.69
20200302,3056,209215308.0,21063643.0,10.06
20200302,3057,161409213.0,7922531.0,4.9
20200302,3058,164937351.0,4707487.0,2.85
20200302,3059,275361325.0,35368942.0,12.84
20200302,3060,139361590.0,10998534.0,7.89
20200302,3062,328605418.0,44789964.0,13.63
20200302,3090,178657150.0,20752470.0,11.61
20200302,3094,84655089.0,1900644.0,2.24
20200302,3130,33190700.0,13708919.0,41.3
20200302,3149,206393604.0,3778085.0,1.83
20200302,3164,88911864.0,748305.0,0.84
20200302,3167,80134116.0,1429490.0,1.78
20200302,3189,451073835.0,81242110.0,18.01
20200302,3209,172915577.0,3839482.0,2.22
20200302,3229,93515881.0,1565777.0,1.67
20200302,3231,2840612050.0,1628605536.0,57.33
20200302,3257,69380277.0,312835.0,0.45
20200302,3266,352314309.0,17743199.0,5.03
20200302,3296,98224450.0,1933054.0,1.96
20200302,3305,118265271.0,3391144.0,2.86
20200302,3308,98569663.0,111319.0,0.11
20200302,3311,60000000.0,669964.0,1.11
20200302,3312,118032122.0,9929120.0,8.41
20200302,3321,126218519.0,531491.0,0.42
20200302,3338,86481985.0,1485294.0,1.71
20200302,3346,75784000.0,3532347.0,4.66
20200302,3356,89871303.0,1370093.0,1.52
20200302,3376,178988346.0,52388799.0,29.26
20200302,3380,542727260.0,37252373.0,6.86
20200302,3383,70000000.0,12087788.0,17.26
20200302,3406,110890463.0,30253175.0,27.28
20200302,3413,82687500.0,15438793.0,18.67
20200302,3416,72181447.0,1663113.0,2.3
20200302,3419,120480417.0,7534468.0,6.25
20200302,3432,66586000.0,3329907.0,5.0
20200302,3437,144548000.0,15391650.0,10.64
20200302,3443,134011911.0,23606230.0,17.61
20200302,3450,145681382.0,18715550.0,12.84
20200302,3454,87033910.0,6728034.0,7.73
20200302,3481,9711071977.0,2850155405.0,29.34
20200302,3494,179450634.0,8092371.0,4.5
20200302,3501,118257927.0,4043862.0,3.41
20200302,3504,114059785.0,1765172.0,1.54
20200302,3515,120647229.0,7025636.0,5.82
20200302,3518,80752230.0,7491562.0,9.27
20200302,3528,65597216.0,5657002.0,8.62
20200302,3530,78025900.0,36572050.0,46.87
20200302,3532,387848300.0,190532381.0,49.12
20200302,3533,103477900.0,25202385.0,24.35
20200302,3535,79052356.0,2071218.0,2.62
20200302,3536,106800000.0,223564.0,0.2
20200302,3545,299416416.0,76697365.0,25.61
20200302,3550,85000000.0,643002.0,0.75
20200302,3557,72300415.0,25091441.0,34.7
20200302,3563,42608234.0,8974796.0,21.06
20200302,3576,2665577382.0,256337849.0,9.61
20200302,3583,81139000.0,6849998.0,8.44
20200302,3588,46882200.0,2314567.0,4.93
20200302,3591,125001379.0,6282207.0,5.02
20200302,3593,83042416.0,45930.0,0.05
20200302,3596,208535090.0,21553549.0,10.33
20200302,3605,122395884.0,11130005.0,9.09
20200302,3607,121662239.0,9073426.0,7.45
20200302,3617,80951000.0,3108694.0,3.84
20200302,3622,151327600.0,4062223.0,2.68
20200302,3645,129420494.0,6226870.0,4.81
20200302,3653,120484239.0,8702608.0,7.22
20200302,3661,60186610.0,26186541.0,43.5
20200302,3665,130517407.0,57407086.0,43.98
20200302,3669,92919950.0,2106568.0,2.26
20200302,3673,406663759.0,166754207.0,41.0
20200302,3679,62296229.0,8678130.0,13.93
20200302,3682,3817196399.0,152700536.0,4.0
20200302,3686,113513643.0,2431524.0,2.14
20200302,3694,150495808.0,1056156.0,0.7
20200302,3698,519386380.0,126795056.0,24.41
20200302,3701,190344554.0,6311144.0,3.31
20200302,3702,1679056833.0,545523032.0,32.48
20200302,3703,823215980.0,175025085.0,21.26
20200302,3704,441177355.0,44086874.0,9.99
20200302,3705,266422983.0,35103744.0,13.17
20200302,3706,1077282847.0,233623948.0,21.68
20200302,3708,93504604.0,14008094.0,14.98
20200302,3711,4323358382.0,3307442991.0,76.5
20200302,3712,246242146.0,2523897.0,1.02
20200302,4104,141148970.0,9708460.0,6.87
20200302,4106,100911557.0,1233366.0,1.22
20200302,4108,163616379.0,743964.0,0.45
20200302,4119,79485310.0,16658617.0,20.95
20200302,4133,60553594.0,9570858.0,15.8
20200302,4137,79492350.0,51748940.0,65.09
20200302,4141,171144968.0,118960220.0,69.5
20200302,4142,362352752.0,12417227.0,3.42
20200302,4144,77139000.0,42011609.0,54.46
20200302,4148,64034001.0,46259001.0,72.24
20200302,4155,78621079.0,204312.0,0.25
20200302,4164,140386871.0,38121614.0,27.15
20200302,4190,60914700.0,38059449.0,62.47
20200302,4306,571834173.0,35398283.0,6.19
20200302,4414,903434949.0,186089154.0,20.59
20200302,4426,161079476.0,13407823.0,8.32
20200302,4438,103375292.0,5586954.0,5.4
20200302,4439,31500000.0,20357000.0,64.62
20200302,4526,254826461.0,19769805.0,7.75
20200302,4532,504915105.0,55452444.0,10.98
20200302,4536,90820000.0,12147107.0,13.37
20200302,4540,96678000.0,2162001.0,2.23
20200302,4545,77000000.0,26703132.0,34.67
20200302,4551,81934000.0,41843859.0,51.07
20200302,4552,116000000.0,59031630.0,50.88
20200302,4555,66880000.0,4388000.0,6.56
20200302,4557,39808000.0,16095329.0,40.43
20200302,4560,67666195.0,55736849.0,82.37
20200302,4562,67546000.0,1008018.0,1.49
20200302,4564,177786553.0,4855936.0,2.73
20200302,4566,66656000.0,2560000.0,3.84
20200302,4571,47600000.0,34016228.0,71.46
20200302,4572,35800000.0,52000.0,0.14
20200302,4576,117908241.0,2001202.0,1.69
20200302,4720,88576709.0,2565124.0,2.89
20200302,4722,100009159.0,3337156.0,3.33
20200302,4725,291975000.0,2756827.0,0.94
20200302,4737,59500794.0,18762501.0,31.53
20200302,4739,93029269.0,3601044.0,3.87
20200302,4746,99012550.0,5058164.0,5.1
20200302,4755,90706000.0,29098532.0,32.08
20200302,4763,51076700.0,37690696.0,73.79
20200302,4764,76788615.0,28583285.0,37.22
20200302,4766,120570780.0,13357751.0,11.07
20200302,4807,38470000.0,27954601.0,72.66
20200302,4904,3258500810.0,697280200.0,21.39
20200302,4906,356883496.0,32742043.0,9.17
20200302,4912,47472069.0,16903985.0,35.6
20200302,4915,448580824.0,259559514.0,57.86
20200302,4916,83451568.0,1597465.0,1.91
20200302,4919,287554400.0,13614007.0,4.73
20200302,4927,184752016.0,19668608.0,10.64
20200302,4930,134300000.0,7141690.0,5.31
20200302,4934,200000000.0,6164562.0,3.08
20200302,4935,130937091.0,38743396.0,29.58
20200302,4938,2611091856.0,1171181710.0,44.85
20200302,4942,142367613.0,28067700.0,19.71
20200302,4943,135975732.0,52389047.0,38.52
20200302,4952,108815816.0,2183079.0,2.0
20200302,4956,100408236.0,7925907.0,7.89
20200302,4958,902229887.0,736906808.0,81.67
20200302,4960,665728500.0,83332907.0,12.51
20200302,4961,165687462.0,1708355.0,1.03
20200302,4967,68257489.0,9660778.0,14.15
20200302,4968,60376078.0,13150307.0,21.78
20200302,4976,117182000.0,1320455.0,1.12
20200302,4977,66640551.0,24212923.0,36.33
20200302,4989,153085000.0,1376205.0,0.89
20200302,4994,110639000.0,2203009.0,1.99
20200302,4999,74417200.0,6890665.0,9.25
20200302,5007,294940154.0,10947994.0,3.71
20200302,5203,83709300.0,19414377.0,23.19
20200302,5215,54337500.0,17090713.0,31.45
20200302,5225,61504000.0,36213753.0,58.88
20200302,5234,102715911.0,9387918.0,9.13
20200302,5243,168528915.0,112954414.0,67.02
20200302,5258,89542579.0,2969516.0,3.31
20200302,5264,420456991.0,273974239.0,65.16
20200302,5269,60037861.0,11752086.0,19.57
20200302,5283,76000425.0,658000.0,0.86
20200302,5284,43664608.0,26689208.0,61.12
20200302,5285,86099463.0,1672814.0,1.94
20200302,5288,65826153.0,42658273.0,64.8
20200302,5305,312456688.0,69442570.0,22.22
20200302,5388,245653767.0,67462144.0,27.46
20200302,5434,181699567.0,57468920.0,31.62
20200302,5469,491441352.0,83996470.0,17.09
20200302,5471,167877062.0,18840349.0,11.22
20200302,5484,68115093.0,356103.0,0.52
20200302,5515,267440105.0,13732621.0,5.13
20200302,5519,198544958.0,5343656.0,2.69
20200302,5521,447527413.0,33128228.0,7.4
20200302,5522,806259241.0,87550500.0,10.85
20200302,5525,244991913.0,5277652.0,2.15
20200302,5531,982474245.0,58936466.0,5.99
20200302,5533,285244944.0,9164049.0,3.21
20200302,5534,290325960.0,55604343.0,19.15
20200302,5538,168000000.0,115261125.0,68.6
20200302,5607,229979100.0,7720990.0,3.35
20200302,5608,279267090.0,22097738.0,7.91
20200302,5706,61294353.0,835890.0,1.36
20200302,5871,1328200030.0,1018215208.0,76.66
20200302,5876,4481603140.0,2608276696.0,58.19
20200302,5880,12945848278.0,2689607195.0,20.77
20200302,5906,30000000.0,5886654.0,19.62
20200302,5907,195531000.0,104801237.0,53.59
20200302,6005,2170908097.0,249253787.0,11.48
20200302,6024,176437584.0,4619940.0,2.61
20200302,6108,159899311.0,12013778.0,7.51
20200302,6112,188357336.0,3717170.0,1.97
20200302,6115,187662154.0,24066791.0,12.82
20200302,6116,3133933851.0,356591464.0,11.37
20200302,6117,88650000.0,2479680.0,2.79
20200302,6120,665555114.0,61225842.0,9.19
20200302,6128,127588740.0,2948986.0,2.31
20200302,6131,101926533.0,125259.0,0.12
20200302,6133,117006294.0,5686871.0,4.86
20200302,6136,115536412.0,5205015.0,4.5
20200302,6139,225540929.0,37714010.0,16.72
20200302,6141,129964450.0,3424739.0,2.63
20200302,6142,268235633.0,7324698.0,2.73
20200302,6152,167738463.0,505336.0,0.3
20200302,6153,544279610.0,72269089.0,13.27
20200302,6155,86667589.0,3020407.0,3.48
20200302,6164,100000239.0,517854.0,0.51
20200302,6165,49682403.0,890013.0,1.79
20200302,6166,217497257.0,37661082.0,17.31
20200302,6168,206069801.0,7431050.0,3.6
20200302,6172,30000000.0,186214.0,0.62
20200302,6176,465027263.0,289406885.0,62.23
20200302,6177,256896748.0,6819042.0,2.65
20200302,6183,150000000.0,1374954.0,0.91
20200302,6184,158230657.0,4285468.0,2.7
20200302,6189,179045194.0,9227647.0,5.15
20200302,6191,515546903.0,43567649.0,8.45
20200302,6192,106839745.0,31872935.0,29.83
20200302,6196,185690424.0,9116291.0,4.9
20200302,6197,122085882.0,12712321.0,10.41
20200302,6201,89200000.0,157834.0,0.17
20200302,6202,226168200.0,67987401.0,30.06
20200302,6205,71839079.0,2073032.0,2.88
20200302,6206,143062324.0,31277525.0,21.86
20200302,6209,163119931.0,2928567.0,1.79
20200302,6213,302957218.0,42407245.0,13.99
20200302,6214,269393304.0,43394862.0,16.1
20200302,6215,82789693.0,4489882.0,5.42
20200302,6216,84345637.0,668123.0,0.79
20200302,6224,80001838.0,14706543.0,18.38
20200302,6225,119076655.0,6441406.0,5.4
20200302,6226,114951789.0,591255.0,0.51
20200302,6230,86343396.0,52170034.0,60.42
20200302,6235,168069106.0,2958142.0,1.76
20200302,6239,779146634.0,586402454.0,75.26
20200302,6243,74976693.0,271846.0,0.36
20200302,6251,281059335.0,41777366.0,14.86
20200302,6257,415772017.0,122670139.0,29.5
20200302,6269,332954895.0,119171078.0,35.79
20200302,6271,165357520.0,40486799.0,24.48
20200302,6277,119471166.0,20027235.0,16.76
20200302,6278,292398353.0,82451317.0,28.19
20200302,6281,99172945.0,2058312.0,2.07
20200302,6282,516621295.0,87969218.0,17.02
20200302,6283,148079143.0,28151717.0,19.01
20200302,6285,390329302.0,66287961.0,16.98
20200302,6288,171128000.0,2117258.0,1.23
20200302,6289,269260452.0,159064.0,0.05
20200302,6405,65800000.0,98686.0,0.14
20200302,6409,83301492.0,54358135.0,65.25
20200302,6412,386715375.0,51837444.0,13.4
20200302,6414,83574472.0,9969619.0,11.92
20200302,6415,91185063.0,84646629.0,92.82
20200302,6416,68035634.0,972050.0,1.42
20200302,6431,45642835.0,7383338.0,16.17
20200302,6442,69300000.0,23265224.0,33.57
20200302,6443,379016730.0,10781906.0,2.84
20200302,6449,84441912.0,1807022.0,2.13
20200302,6451,105446800.0,65078830.0,61.71
20200302,6452,100000000.0,20402659.0,20.4
20200302,6456,339439800.0,155752531.0,45.88
20200302,6464,122694706.0,632214.0,0.51
20200302,6477,94456570.0,768612.0,0.81
20200302,6491,70000000.0,2974763.0,4.24
20200302,6504,72600000.0,2090932.0,2.88
20200302,6505,9525959652.0,721553898.0,7.57
20200302,6525,129047384.0,14573676.0,11.29
20200302,6531,73830423.0,12900388.0,17.47
20200302,6533,42650911.0,1403847.0,3.29
20200302,6541,264052074.0,103647062.0,39.25
20200302,6552,100000000.0,1191363.0,1.19
20200302,6558,86660750.0,4119446.0,4.75
20200302,6573,67499345.0,46172319.0,68.4
20200302,6579,148498468.0,4520000.0,3.04
20200302,6581,111270887.0,435000.0,0.39
20200302,6582,104877141.0,15778095.0,15.04
20200302,6591,26203000.0,7175089.0,27.38
20200302,6592,515000407.0,119411495.0,23.18
20200302,6605,165816397.0,20655775.0,12.45
20200302,6625,37333423.0,21895.0,0.05
20200302,6641,34000000.0,11009603.0,32.38
20200302,6655,75608500.0,196274.0,0.25
20200302,6666,47388000.0,37614602.0,79.37
20200302,6668,68392302.0,18262621.0,26.7
20200302,6669,174510791.0,39768837.0,22.78
20200302,6670,131030000.0,30309596.0,23.13
20200302,6671,60750000.0,38030634.0,62.6
20200302,6672,70654345.0,28239277.0,39.96
20200302,6674,66837681.0,25000.0,0.03
20200302,6698,66389753.0,3796223.0,5.71
20200302,6706,66744935.0,4242573.0,6.35
20200302,6715,57000000.0,4754580.0,8.34
20200302,8011,118620375.0,2755540.0,2.32
20200302,8016,120136876.0,45888312.0,38.19
20200302,8021,142180467.0,20578817.0,14.47
20200302,8028,132408000.0,17535940.0,13.24
20200302,8033,112629775.0,717441.0,0.63
20200302,8039,209119692.0,45446068.0,21.73
20200302,8046,646165487.0,43505639.0,6.73
20200302,8070,63879937.0,8171964.0,12.79
20200302,8072,80000000.0,875270.0,1.09
20200302,8081,86172072.0,13121565.0,15.22
20200302,8101,208088795.0,498966.0,0.23
20200302,8103,81399413.0,7793604.0,9.57
20200302,8104,67630050.0,681404.0,1.0
20200302,8105,441544851.0,259758939.0,58.82
20200302,8110,506381144.0,32774320.0,6.47
20200302,8112,378496473.0,112490967.0,29.72
20200302,8114,106074919.0,4674912.0,4.4
20200302,8131,442222223.0,30466354.0,6.88
20200302,8150,727240126.0,367593273.0,50.54
20200302,8163,280000001.0,50446468.0,18.01
20200302,8201,62366275.0,1710565.0,2.74
20200302,8210,119725950.0,20198690.0,16.87
20200302,8213,271242488.0,77084843.0,28.41
20200302,8215,320674514.0,8450160.0,2.63
20200302,8222,68546750.0,293820.0,0.42
20200302,8249,127055000.0,19676918.0,15.48
20200302,8261,81340493.0,20922081.0,25.72
20200302,8271,100897807.0,19471930.0,19.29
20200302,8341,111500000.0,28355379.0,25.43
20200302,8367,81131938.0,1159473.0,1.42
20200302,8374,112225487.0,3520038.0,3.13
20200302,8404,315178126.0,175733115.0,55.75
20200302,8411,175398185.0,109029792.0,62.16
20200302,8422,108888000.0,29238999.0,26.85
20200302,8427,104261000.0,36930760.0,35.42
20200302,8429,185747151.0,68603126.0,36.93
20200302,8442,49999682.0,37892396.0,75.78
20200302,8443,66800000.0,4413125.0,6.6
20200302,8454,140058500.0,40572744.0,28.96
20200302,8462,69835558.0,1502712.0,2.15
20200302,8463,150000000.0,1107000.0,0.73
20200302,8464,293020200.0,122639824.0,41.85
20200302,8466,66059000.0,40567000.0,61.41
20200302,8467,49534000.0,21936038.0,44.28
20200302,8473,134812297.0,1337711.0,0.99
20200302,8478,90893276.0,51729320.0,56.91
20200302,8480,39270000.0,34280019.0,87.29
20200302,8481,66601866.0,2956000.0,4.43
20200302,8482,111112000.0,98795701.0,88.91
20200302,8488,67500000.0,52351033.0,77.55
20200302,8497,36542810.0,302058.0,0.82
20200302,8499,51286000.0,37829108.0,73.76
20200302,8926,589048595.0,43690828.0,7.41
20200302,8940,67491032.0,5413937.0,8.02
20200302,8996,89384080.0,2485388.0,2.78
20200302,9103,205531500.0,775001.0,0.37
20200302,9105,839284153.0,7070005.0,0.84
20200302,9110,54248500.0,4000.0,0.0
20200302,9136,151204000.0,1842000.0,1.21
20200302,9188,65492000.0,0.0,0.0
20200302,9802,159830923.0,78171428.0,48.9
20200302,9902,98049600.0,544537.0,0.55
20200302,9904,2946787213.0,1730317730.0,58.71
20200302,9905,305000000.0,10390081.0,3.4
20200302,9906,83343981.0,562624.0,0.67
20200302,9907,1579145342.0,218843309.0,13.85
20200302,9908,516358000.0,11410045.0,2.2
20200302,9910,734734249.0,145079275.0,19.74
20200302,9911,221121188.0,50169184.0,22.68
20200302,9912,54350569.0,8612400.0,15.84
20200302,9914,298983800.0,116043157.0,38.81
20200302,9917,451197093.0,192954010.0,42.76
20200302,9918,180537453.0,2338969.0,1.29
20200302,9919,195362750.0,6281489.0,3.21
20200302,9921,375064626.0,186424051.0,49.7
20200302,9924,188452170.0,24706283.0,13.11
20200302,9925,383653075.0,66117655.0,17.23
20200302,9926,179504075.0,357323.0,0.19
20200302,9927,209148167.0,22341053.0,10.68
20200302,9928,150724583.0,0.0,0.0
20200302,9929,168800000.0,13607624.0,8.06
20200302,9930,248540368.0,4996606.0,2.01
20200302,9931,102250512.0,481917.0,0.47
20200302,9933,763273848.0,196879190.0,25.79
20200302,9934,356212962.0,77866012.0,21.85
20200302,9935,169623342.0,9595407.0,5.65
20200302,9937,309043000.0,6063178.0,1.96
20200302,9938,297963902.0,78867939.0,26.46
20200302,9939,292878879.0,78337951.0,26.74
20200302,9940,736846500.0,36202132.0,4.91
20200302,9941,302092125.0,18558746.0,6.14
20200302,9942,83161320.0,3084735.0,3.7
20200302,9943,147317600.0,4408939.0,2.99
20200302,9944,109107100.0,2240160.0,2.05
20200302,9945,1003253999.0,164818469.0,16.42
20200302,9946,300820867.0,28834000.0,9.58
20200302,9955,103208229.0,802492.0,0.77
20200302,9958,209342910.0,8956745.0,4.27
20200303,1101,5465619204.0,1580107985.0,28.9
20200303,1102,3361447198.0,903188500.0,26.86
20200303,1103,774780548.0,39940661.0,5.15
20200303,1104,653609192.0,79139334.0,12.1
20200303,1108,404738049.0,6262730.0,1.54
20200303,1109,341957868.0,11771861.0,3.44
20200303,1110,572000797.0,43946466.0,7.68
20200303,1201,506062914.0,53313172.0,10.53
20200303,1203,240000000.0,5290769.0,2.2
20200303,1210,827339086.0,144758046.0,17.49
20200303,1213,56622627.0,42642.0,0.07
20200303,1215,267990998.0,111591756.0,41.64
20200303,1216,5682015421.0,2959652660.0,52.08
20200303,1217,494513336.0,40952256.0,8.28
20200303,1218,499999038.0,12014797.0,2.4
20200303,1219,322013887.0,11459703.0,3.55
20200303,1220,177077944.0,16380673.0,9.25
20200303,1225,218703051.0,1741906.0,0.79
20200303,1227,915089591.0,211062997.0,23.06
20200303,1229,1104739841.0,151757585.0,13.73
20200303,1231,174595395.0,4058890.0,2.32
20200303,1232,159974915.0,2094421.0,1.3
20200303,1233,90591948.0,4735802.0,5.22
20200303,1234,401871094.0,17530511.0,4.36
20200303,1235,98955436.0,67637.0,0.06
20200303,1236,108342510.0,75329.0,0.06
20200303,1256,33842160.0,1636777.0,4.83
20200303,1301,6365740781.0,2384610723.0,37.46
20200303,1303,7930821589.0,2400894013.0,30.27
20200303,1304,1188763500.0,411597531.0,34.62
20200303,1305,527029927.0,86056412.0,16.32
20200303,1307,397818126.0,46299752.0,11.63
20200303,1308,554382745.0,34768424.0,6.27
20200303,1309,334204892.0,13909279.0,4.16
20200303,1310,527869764.0,103299781.0,19.56
20200303,1312,906620328.0,238088553.0,26.26
20200303,1313,1332347607.0,151707443.0,11.38
20200303,1314,3284850130.0,564232847.0,17.17
20200303,1315,198000000.0,2705649.0,1.36
20200303,1316,179541221.0,1721031.0,0.95
20200303,1319,591477068.0,116629484.0,19.71
20200303,1321,227228268.0,5977995.0,2.63
20200303,1323,91274554.0,3043165.0,3.33
20200303,1324,75121882.0,318215.0,0.42
20200303,1325,85281198.0,517363.0,0.6
20200303,1326,5861186291.0,2142895804.0,36.56
20200303,1337,268954729.0,70505827.0,26.21
20200303,1338,83840000.0,12289510.0,14.65
20200303,1339,74138875.0,1316038.0,1.77
20200303,1340,152922855.0,47171455.0,30.84
20200303,1341,49400000.0,42911950.0,86.86
20200303,1402,5352875227.0,1047946482.0,19.57
20200303,1409,1618409291.0,255742725.0,15.8
20200303,1410,63000000.0,10186456.0,16.16
20200303,1413,132112454.0,374175.0,0.28
20200303,1414,220000000.0,2613669.0,1.18
20200303,1416,185342168.0,26595289.0,14.34
20200303,1417,189941840.0,5205186.0,2.74
20200303,1418,56834309.0,344219.0,0.6
20200303,1419,300041280.0,6685142.0,2.22
20200303,1423,138400000.0,2539830.0,1.83
20200303,1432,167937642.0,119917.0,0.07
20200303,1434,1684664637.0,281818659.0,16.72
20200303,1435,139780080.0,224879.0,0.16
20200303,1436,95634000.0,262722.0,0.27
20200303,1437,203371284.0,11480065.0,5.64
20200303,1438,102411518.0,93044.0,0.09
20200303,1439,92000000.0,1000935.0,1.08
20200303,1440,1656815857.0,121297074.0,7.32
20200303,1441,100800000.0,1404719.0,1.39
20200303,1442,302117481.0,8792757.0,2.91
20200303,1443,135343011.0,108758.0,0.08
20200303,1444,957302942.0,91599816.0,9.56
20200303,1445,132667034.0,1943715.0,1.46
20200303,1446,137709513.0,1571237.0,1.14
20200303,1447,914487242.0,69104634.0,7.55
20200303,1449,120000000.0,772535.0,0.64
20200303,1451,198000000.0,20581512.0,10.39
20200303,1452,132641400.0,5690732.0,4.29
20200303,1453,98642138.0,91880.0,0.09
20200303,1454,134309848.0,571472.0,0.42
20200303,1455,611763380.0,18829883.0,3.07
20200303,1456,93720000.0,148224.0,0.15
20200303,1457,301647640.0,8835110.0,2.92
20200303,1459,358628907.0,8054150.0,2.24
20200303,1460,509834182.0,23580481.0,4.62
20200303,1463,173268381.0,5680824.0,3.27
20200303,1464,384565652.0,7258677.0,1.88
20200303,1465,103607267.0,320735.0,0.3
20200303,1466,111157320.0,120264.0,0.1
20200303,1467,233624667.0,45119206.0,19.31
20200303,1468,160405244.0,2945115.0,1.83
20200303,1470,85767000.0,57084.0,0.06
20200303,1471,150414536.0,113970.0,0.07
20200303,1472,45672722.0,28667.0,0.06
20200303,1473,147153534.0,15741754.0,10.69
20200303,1474,129896969.0,200888.0,0.15
20200303,1475,16016749.0,11039.0,0.06
20200303,1476,274367111.0,101053889.0,36.83
20200303,1477,219856581.0,34350672.0,15.62
20200303,1503,520972223.0,166001116.0,31.86
20200303,1504,1967692886.0,810551221.0,41.19
20200303,1506,122855501.0,540365.0,0.43
20200303,1507,410820000.0,187068978.0,45.53
20200303,1512,220002494.0,18166048.0,8.25
20200303,1513,420000000.0,56139562.0,13.36
20200303,1514,207099023.0,24926851.0,12.03
20200303,1515,181473500.0,19058609.0,10.5
20200303,1516,33350889.0,256368.0,0.76
20200303,1517,227825007.0,5872321.0,2.57
20200303,1519,261058548.0,18597608.0,7.12
20200303,1521,76230000.0,25749764.0,33.77
20200303,1522,312897881.0,21048589.0,6.72
20200303,1524,179685207.0,226726.0,0.12
20200303,1525,73400135.0,54878.0,0.07
20200303,1526,60000000.0,684638.0,1.14
20200303,1527,138570640.0,13887726.0,10.02
20200303,1528,199331000.0,2496467.0,1.25
20200303,1529,95967982.0,279354.0,0.29
20200303,1530,96594171.0,685681.0,0.7
20200303,1531,185008080.0,18853386.0,10.19
20200303,1532,385252112.0,47287126.0,12.27
20200303,1533,98547486.0,6643588.0,6.74
20200303,1535,123742552.0,525004.0,0.42
20200303,1536,254956513.0,34836837.0,13.66
20200303,1537,81785394.0,19307960.0,23.6
20200303,1538,56135851.0,138355.0,0.24
20200303,1539,65370000.0,66034.0,0.1
20200303,1540,85473612.0,273352.0,0.31
20200303,1541,78800000.0,7696312.0,9.76
20200303,1558,60535631.0,7401116.0,12.22
20200303,1560,141000000.0,21551584.0,15.28
20200303,1568,103086559.0,1897113.0,1.84
20200303,1582,123724171.0,39567007.0,31.98
20200303,1583,110400372.0,99986.0,0.09
20200303,1587,67356618.0,13501742.0,20.04
20200303,1589,105617519.0,12490951.0,11.82
20200303,1590,189024998.0,129956288.0,68.75
20200303,1592,110978250.0,42814412.0,38.57
20200303,1598,115100887.0,793784.0,0.68
20200303,1603,191688000.0,3543859.0,1.84
20200303,1604,387200000.0,48698047.0,12.57
20200303,1605,3326000258.0,775515890.0,23.31
20200303,1608,632773506.0,21128907.0,3.33
20200303,1609,595068022.0,63925726.0,10.74
20200303,1611,358595268.0,42449941.0,11.83
20200303,1612,316080063.0,34155981.0,10.8
20200303,1614,269113406.0,5533013.0,2.05
20200303,1615,111861784.0,136650.0,0.12
20200303,1616,194148515.0,152127.0,0.07
20200303,1617,144233235.0,30662329.0,21.25
20200303,1618,240864684.0,2892787.0,1.2
20200303,1626,136850637.0,67233138.0,49.12
20200303,1701,298081080.0,30974156.0,10.39
20200303,1702,294132962.0,49184663.0,16.72
20200303,1707,136286373.0,28047989.0,20.58
20200303,1708,211520260.0,17535236.0,8.29
20200303,1709,477016272.0,18258188.0,3.82
20200303,1710,885703029.0,83249120.0,9.39
20200303,1711,547752226.0,46942709.0,8.57
20200303,1712,420492585.0,52117908.0,12.39
20200303,1713,150951700.0,7311675.0,4.84
20200303,1714,1016824808.0,187712528.0,18.46
20200303,1717,1240279455.0,168915703.0,13.61
20200303,1718,1621367217.0,170852850.0,10.53
20200303,1720,178696089.0,3651793.0,2.04
20200303,1721,222347344.0,6003121.0,2.69
20200303,1722,980000000.0,139788416.0,14.26
20200303,1723,236904480.0,32986149.0,13.92
20200303,1724,127813900.0,7696934.0,6.02
20200303,1725,181829978.0,288027.0,0.15
20200303,1726,162000000.0,24027727.0,14.83
20200303,1727,110250000.0,1149598.0,1.04
20200303,1730,63233851.0,4274281.0,6.75
20200303,1731,132915244.0,655790.0,0.49
20200303,1732,42443957.0,176646.0,0.41
20200303,1733,99986192.0,2979146.0,2.97
20200303,1734,167722022.0,5723757.0,3.41
20200303,1735,99388000.0,49907241.0,50.21
20200303,1736,303616617.0,13505683.0,4.44
20200303,1737,200000000.0,18860379.0,9.43
20200303,1760,76739013.0,1319958.0,1.72
20200303,1762,77560000.0,2519279.0,3.24
20200303,1773,150000000.0,4033597.0,2.68
20200303,1776,69986099.0,54001.0,0.07
20200303,1783,69465000.0,5385606.0,7.75
20200303,1786,58100000.0,551073.0,0.94
20200303,1789,790739222.0,32093012.0,4.05
20200303,1795,243113964.0,166933627.0,68.66
20200303,1802,2908060800.0,208430591.0,7.16
20200303,1805,100265400.0,122805.0,0.12
20200303,1806,433782078.0,53629314.0,12.36
20200303,1808,308330531.0,14322851.0,4.64
20200303,1809,167041937.0,5603786.0,3.35
20200303,1810,369853610.0,13053506.0,3.52
20200303,1817,72600000.0,1158000.0,1.59
20200303,1902,402000550.0,27884368.0,6.93
20200303,1903,260039121.0,38814115.0,14.92
20200303,1904,1108274522.0,140460946.0,12.67
20200303,1905,1102835316.0,48397594.0,4.38
20200303,1906,151000000.0,1550509.0,1.02
20200303,1907,1660371495.0,305903027.0,18.42
20200303,1909,1217685727.0,180803463.0,14.84
20200303,2002,15734860997.0,3160947496.0,20.08
20200303,2006,1004060608.0,127043745.0,12.65
20200303,2007,530651613.0,303965.0,0.05
20200303,2008,200852293.0,14402407.0,7.17
20200303,2009,359622165.0,23750265.0,6.6
20200303,2010,647655390.0,29562564.0,4.56
20200303,2012,287774000.0,7032540.0,2.44
20200303,2013,200000000.0,14718962.0,7.35
20200303,2014,1435544446.0,70363061.0,4.9
20200303,2015,581599424.0,58893782.0,10.12
20200303,2017,341867462.0,8264220.0,2.41
20200303,2020,222526100.0,5769869.0,2.59
20200303,2022,479751976.0,14711352.0,3.06
20200303,2023,1913327518.0,129400900.0,6.76
20200303,2024,97500000.0,149093.0,0.15
20200303,2025,281167262.0,119066.0,0.04
20200303,2027,1233790052.0,298128601.0,24.16
20200303,2028,325714800.0,301958.0,0.09
20200303,2029,321180000.0,225672081.0,70.26
20200303,2030,286526027.0,14664668.0,5.11
20200303,2031,310687699.0,31188658.0,10.03
20200303,2032,130521545.0,187736.0,0.14
20200303,2033,80694536.0,105139.0,0.13
20200303,2034,407130743.0,50069861.0,12.29
20200303,2038,181264522.0,372670.0,0.2
20200303,2049,309578886.0,123733275.0,39.96
20200303,2059,95297072.0,24314002.0,25.51
20200303,2062,163014152.0,16723128.0,10.25
20200303,2069,156386836.0,652307.0,0.41
20200303,2101,833934904.0,73424131.0,8.8
20200303,2102,473329207.0,40133645.0,8.47
20200303,2103,825709978.0,288103982.0,34.89
20200303,2104,984733625.0,116322053.0,11.81
20200303,2105,3241415536.0,443820534.0,13.69
20200303,2106,874430000.0,47595706.0,5.44
20200303,2107,350000000.0,36169821.0,10.33
20200303,2108,492416659.0,48520313.0,9.85
20200303,2109,332349134.0,49738720.0,14.96
20200303,2114,70901552.0,1325907.0,1.87
20200303,2115,86063215.0,39666789.0,46.09
20200303,2201,1572919909.0,102736475.0,6.53
20200303,2204,553620342.0,164896538.0,29.78
20200303,2206,853595604.0,87512153.0,10.25
20200303,2207,546179184.0,131505419.0,24.07
20200303,2208,472991749.0,15431344.0,3.26
20200303,2227,300000000.0,122907626.0,40.96
20200303,2228,75780281.0,7542573.0,9.95
20200303,2231,122821241.0,12551562.0,10.21
20200303,2233,60288089.0,5469033.0,9.07
20200303,2236,44826766.0,33316473.0,74.32
20200303,2239,118007000.0,89838639.0,76.12
20200303,2243,45718529.0,19619127.0,42.91
20200303,2301,2350867032.0,1323561178.0,56.3
20200303,2302,166302881.0,6349656.0,3.81
20200303,2303,11724318715.0,6029943522.0,51.43
20200303,2305,205660827.0,10023708.0,4.87
20200303,2308,2597543329.0,1737576396.0,66.89
20200303,2312,1452081211.0,252970398.0,17.42
20200303,2313,1191820589.0,353884823.0,29.69
20200303,2314,228028320.0,2648388.0,1.16
20200303,2316,203045040.0,39494712.0,19.45
20200303,2317,13862990609.0,6472637571.0,46.69
20200303,2321,315332590.0,167111.0,0.05
20200303,2323,1158881200.0,90435362.0,7.8
20200303,2324,4407146625.0,2168677854.0,49.2
20200303,2327,427121695.0,208736479.0,48.87
20200303,2328,518346282.0,92269357.0,17.8
20200303,2329,557328533.0,170483809.0,30.58
20200303,2330,25930380458.0,19988044541.0,77.08
20200303,2331,557402968.0,89809474.0,16.11
20200303,2332,651996166.0,95596376.0,14.66
20200303,2337,1839927014.0,392277642.0,21.32
20200303,2338,252713611.0,4801467.0,1.89
20200303,2340,378622846.0,75574961.0,19.96
20200303,2342,156342161.0,6714439.0,4.29
20200303,2344,3980000193.0,908839561.0,22.83
20200303,2345,557726397.0,316725195.0,56.78
20200303,2347,1667946968.0,601054383.0,36.03
20200303,2348,85600000.0,1960904.0,2.29
20200303,2349,1284157900.0,163573977.0,12.73
20200303,2351,182140249.0,23430398.0,12.86
20200303,2352,1966781958.0,414574840.0,21.07
20200303,2353,3074933828.0,863882938.0,28.09
20200303,2354,1414485192.0,400211524.0,28.29
20200303,2355,397495420.0,115857743.0,29.14
20200303,2356,3587475066.0,996799167.0,27.78
20200303,2357,742760280.0,466825050.0,62.85
20200303,2358,94616172.0,243112.0,0.25
20200303,2359,171471052.0,7481519.0,4.36
20200303,2360,419092587.0,266634191.0,63.62
20200303,2362,669763000.0,88298734.0,13.18
20200303,2363,554062477.0,32578866.0,5.87
20200303,2364,198939797.0,30043266.0,15.1
20200303,2365,234538496.0,13953942.0,5.94
20200303,2367,619407175.0,136517169.0,22.03
20200303,2368,546487841.0,47506453.0,8.69
20200303,2369,380102344.0,59441913.0,15.63
20200303,2371,2339536685.0,930866911.0,39.78
20200303,2373,236202518.0,4584202.0,1.94
20200303,2374,282362812.0,25243951.0,8.94
20200303,2375,194063097.0,4221964.0,2.17
20200303,2376,635688886.0,195930954.0,30.82
20200303,2377,844856199.0,300758061.0,35.59
20200303,2379,508095464.0,319338841.0,62.85
20200303,2380,162444084.0,3031533.0,1.86
20200303,2382,3862627432.0,1044157609.0,27.03
20200303,2383,319708064.0,117627632.0,36.79
20200303,2385,734497521.0,403446987.0,54.92
20200303,2387,196297952.0,17222075.0,8.77
20200303,2388,493303441.0,53199666.0,10.78
20200303,2390,214021602.0,4131325.0,1.93
20200303,2392,512326940.0,71144167.0,13.88
20200303,2393,443056236.0,162591429.0,36.69
20200303,2395,699075510.0,289582984.0,41.42
20200303,2397,114688857.0,24659938.0,21.5
20200303,2399,178100000.0,30366283.0,17.05
20200303,2401,591994919.0,71255202.0,12.03
20200303,2402,307536533.0,42390723.0,13.78
20200303,2404,190586698.0,57763785.0,30.3
20200303,2405,343427303.0,21059651.0,6.13
20200303,2406,205905689.0,17727461.0,8.6
20200303,2408,3053504894.0,689580052.0,22.58
20200303,2409,9624245115.0,3107001280.0,32.28
20200303,2412,7757446545.0,1264225000.0,16.29
20200303,2413,127359200.0,587115.0,0.46
20200303,2414,161735846.0,10003087.0,6.18
20200303,2415,80000000.0,1260951.0,1.57
20200303,2417,192892330.0,7396430.0,3.83
20200303,2419,328986229.0,39836964.0,12.1
20200303,2420,152648688.0,6424474.0,4.2
20200303,2421,250929732.0,72696704.0,28.97
20200303,2423,145047289.0,2680432.0,1.84
20200303,2424,30000000.0,69154.0,0.23
20200303,2425,101498831.0,26982687.0,26.58
20200303,2426,300622252.0,23111643.0,7.68
20200303,2427,184314463.0,3692289.0,2.0
20200303,2428,128112726.0,19826394.0,15.47
20200303,2429,36736200.0,1375997.0,3.74
20200303,2430,166468825.0,6146090.0,3.69
20200303,2431,110927014.0,1437990.0,1.29
20200303,2433,144496011.0,1556704.0,1.07
20200303,2434,70602126.0,801806.0,1.13
20200303,2436,178009961.0,14185029.0,7.96
20200303,2438,95215940.0,49374.0,0.05
20200303,2439,207879134.0,41186337.0,19.81
20200303,2440,139117271.0,119394.0,0.08
20200303,2441,568845921.0,89318099.0,15.7
20200303,2442,267234372.0,8915550.0,3.33
20200303,2443,145687000.0,216195.0,0.14
20200303,2444,105557573.0,2009563.0,1.9
20200303,2448,1088701410.0,178516186.0,16.39
20200303,2449,1222745065.0,542674014.0,44.38
20200303,2450,258252657.0,13011636.0,5.03
20200303,2451,430761675.0,74478161.0,17.28
20200303,2453,100000000.0,1262804.0,1.26
20200303,2454,1589981632.0,984517599.0,61.92
20200303,2455,184905918.0,38876143.0,21.02
20200303,2456,243254748.0,42173285.0,17.33
20200303,2457,337688416.0,25290695.0,7.48
20200303,2458,303880392.0,102500035.0,33.73
20200303,2459,105900615.0,18845635.0,17.79
20200303,2460,169200000.0,1540103.0,0.91
20200303,2461,159324631.0,5933431.0,3.72
20200303,2462,142484596.0,1351712.0,0.94
20200303,2464,195531226.0,17525255.0,8.96
20200303,2465,53587301.0,285927.0,0.53
20200303,2466,156334226.0,18908291.0,12.09
20200303,2467,149205548.0,12723974.0,8.52
20200303,2468,69961249.0,59995.0,0.08
20200303,2471,47253890.0,663916.0,1.4
20200303,2472,129219822.0,4024986.0,3.11
20200303,2474,770391069.0,504943667.0,65.54
20200303,2476,184968298.0,18712143.0,10.11
20200303,2477,198216555.0,44891674.0,22.64
20200303,2478,145248989.0,8848363.0,6.09
20200303,2480,106360291.0,9243386.0,8.69
20200303,2481,332814927.0,38210858.0,11.48
20200303,2482,62072549.0,347301.0,0.55
20200303,2483,110618807.0,199242.0,0.18
20200303,2484,159421022.0,9983976.0,6.26
20200303,2485,317689037.0,20073914.0,6.31
20200303,2486,201958579.0,7228741.0,3.57
20200303,2488,79999433.0,2792631.0,3.49
20200303,2489,809362045.0,104695382.0,12.93
20200303,2491,82008000.0,6410676.0,7.81
20200303,2492,485800000.0,120938329.0,24.89
20200303,2493,114437390.0,8322922.0,7.27
20200303,2495,276290738.0,48406083.0,17.51
20200303,2496,17459400.0,8619869.0,49.37
20200303,2497,118798463.0,1749483.0,1.47
20200303,2498,818808635.0,134052361.0,16.37
20200303,2499,461172003.0,38876238.0,8.42
20200303,2501,1159561059.0,110276217.0,9.51
20200303,2504,1385000335.0,155418956.0,11.22
20200303,2505,696582479.0,30881174.0,4.43
20200303,2506,387000000.0,13305991.0,3.43
20200303,2509,204136846.0,3140604.0,1.53
20200303,2511,1623326147.0,142265618.0,8.76
20200303,2514,404729278.0,22530870.0,5.56
20200303,2515,1530899822.0,156237801.0,10.2
20200303,2516,226278457.0,6155701.0,2.72
20200303,2520,503791000.0,105755470.0,20.99
20200303,2524,384846372.0,8826260.0,2.29
20200303,2527,270306000.0,78390922.0,29.0
20200303,2528,277085409.0,420491.0,0.15
20200303,2530,270752466.0,3210115.0,1.18
20200303,2534,592784962.0,70066374.0,11.81
20200303,2535,290743386.0,29450226.0,10.12
20200303,2536,332808652.0,60436655.0,18.15
20200303,2537,300557795.0,6527782.0,2.17
20200303,2538,438448764.0,58731212.0,13.39
20200303,2539,461314374.0,501105.0,0.1
20200303,2540,146600000.0,148004.0,0.1
20200303,2542,1166628752.0,221734701.0,19.0
20200303,2543,241983788.0,305506.0,0.12
20200303,2545,327734808.0,13093067.0,3.99
20200303,2546,106035660.0,3725988.0,3.51
20200303,2547,912307649.0,204700854.0,22.43
20200303,2548,276812726.0,85691902.0,30.95
20200303,2597,135000000.0,1166171.0,0.86
20200303,2601,630883150.0,76899706.0,12.18
20200303,2603,4812973786.0,1155037523.0,23.99
20200303,2605,585353297.0,194220774.0,33.18
20200303,2606,845055712.0,78691002.0,9.31
20200303,2607,1067141094.0,76251279.0,7.14
20200303,2608,467000498.0,43494523.0,9.31
20200303,2609,2601335728.0,139306228.0,5.35
20200303,2610,5420984650.0,826484020.0,15.24
20200303,2611,175994247.0,232920.0,0.13
20200303,2612,197484593.0,4810744.0,2.43
20200303,2613,148423458.0,110643.0,0.07
20200303,2614,556789889.0,12723704.0,2.28
20200303,2615,2218297466.0,930114829.0,41.92
20200303,2616,137281827.0,4716589.0,3.43
20200303,2617,417294487.0,14982835.0,3.59
20200303,2618,4853569490.0,1370447623.0,28.23
20200303,2630,120120000.0,72000.0,0.05
20200303,2633,5628293058.0,805567057.0,14.31
20200303,2634,941867101.0,23836570.0,2.53
20200303,2636,117157402.0,17222077.0,14.69
20200303,2637,688655903.0,54061901.0,7.85
20200303,2642,95467000.0,4997332.0,5.23
20200303,2701,449967838.0,1978326.0,0.43
20200303,2702,110485538.0,40853363.0,36.97
20200303,2704,366923343.0,32024145.0,8.72
20200303,2705,186536630.0,5749559.0,3.08
20200303,2706,499998346.0,12996990.0,2.59
20200303,2707,126745769.0,19118024.0,15.08
20200303,2712,105000000.0,80592.0,0.07
20200303,2722,111522961.0,126380.0,0.11
20200303,2723,180000000.0,97694300.0,54.27
20200303,2727,76987883.0,8140282.0,10.57
20200303,2731,70000000.0,2427896.0,3.46
20200303,2739,111526000.0,2291800.0,2.05
20200303,2748,65637000.0,440847.0,0.67
20200303,2801,9985311160.0,1507030175.0,15.09
20200303,2809,1131234265.0,192503553.0,17.01
20200303,2812,3708834898.0,517334865.0,13.94
20200303,2816,212960000.0,12073821.0,5.66
20200303,2820,1342960000.0,107257424.0,7.98
20200303,2823,4463582304.0,1144137393.0,25.63
20200303,2832,362200400.0,12019718.0,3.31
20200303,2834,7131984244.0,1694261156.0,23.75
20200303,2836,1080916486.0,82244726.0,7.6
20200303,2838,2884455292.0,93002173.0,3.22
20200303,2841,760943600.0,81243784.0,10.67
20200303,2845,3355819407.0,430221125.0,12.82
20200303,2849,1957910050.0,1154666914.0,58.97
20200303,2850,315963300.0,28076004.0,8.88
20200303,2851,590388750.0,13942017.0,2.36
20200303,2852,301163784.0,12388846.0,4.11
20200303,2855,1372390028.0,150976968.0,11.0
20200303,2867,2371971471.0,173523203.0,7.31
20200303,2880,12172740178.0,2482057598.0,20.39
20200303,2881,10233603995.0,2788722914.0,27.25
20200303,2882,13169210128.0,2963730994.0,22.5
20200303,2883,14965982132.0,3907833413.0,26.11
20200303,2884,11619500000.0,5068081084.0,43.61
20200303,2885,11670611456.0,4655643469.0,39.89
20200303,2886,13599823983.0,3584698520.0,26.35
20200303,2887,10656061370.0,2986503483.0,28.02
20200303,2888,12600394063.0,2823828771.0,22.41
20200303,2889,2848064596.0,364295528.0,12.79
20200303,2890,11281054106.0,3572301973.0,31.66
20200303,2891,19496989569.0,8091172679.0,41.49
20200303,2892,12461942795.0,3391468038.0,27.21
20200303,2897,2413006301.0,30672066.0,1.27
20200303,2901,73043283.0,41994.0,0.05
20200303,2903,1416940589.0,214557434.0,15.14
20200303,2904,69034432.0,65652.0,0.09
20200303,2905,826682688.0,58623423.0,7.09
20200303,2906,209111093.0,3867522.0,1.84
20200303,2908,509887558.0,40771961.0,7.99
20200303,2910,208725000.0,321000.0,0.15
20200303,2911,188941775.0,33213867.0,17.57
20200303,2912,1039622255.0,423204278.0,40.7
20200303,2913,790000000.0,91077554.0,11.52
20200303,2915,564860594.0,104115810.0,18.43
20200303,2923,1740296982.0,1727718274.0,99.27
20200303,2929,94955292.0,47480460.0,50.0
20200303,2936,76555696.0,67933696.0,88.73
20200303,2939,47222665.0,35213893.0,74.56
20200303,3002,102000000.0,237372.0,0.23
20200303,3003,155654890.0,10905386.0,7.0
20200303,3004,52647155.0,429072.0,0.81
20200303,3005,579520150.0,196534251.0,33.91
20200303,3006,285758925.0,44554524.0,15.59
20200303,3008,134140197.0,71257474.0,53.12
20200303,3010,231390138.0,55684457.0,24.06
20200303,3011,112719251.0,164048.0,0.14
20200303,3013,159435018.0,3232158.0,2.02
20200303,3014,161080124.0,36133773.0,22.43
20200303,3015,192261950.0,22196055.0,11.54
20200303,3016,274401315.0,3314055.0,1.2
20200303,3017,353310157.0,126485297.0,35.8
20200303,3018,73512132.0,1831491.0,2.49
20200303,3019,281083901.0,36064429.0,12.83
20200303,3021,95813467.0,2402516.0,2.5
20200303,3022,177289790.0,36732752.0,20.71
20200303,3023,229078860.0,115507106.0,50.42
20200303,3024,277157496.0,4475140.0,1.61
20200303,3025,70920550.0,1573059.0,2.21
20200303,3026,157990779.0,18258830.0,11.55
20200303,3027,98856311.0,186199.0,0.18
20200303,3028,213824864.0,10970615.0,5.13
20200303,3029,124009212.0,3459382.0,2.78
20200303,3030,236216000.0,55227604.0,23.38
20200303,3031,186674224.0,5969937.0,3.19
20200303,3032,113285626.0,2291015.0,2.02
20200303,3033,367751242.0,17558471.0,4.77
20200303,3034,608511469.0,375309470.0,61.67
20200303,3035,248550313.0,58763076.0,23.64
20200303,3036,588121760.0,142669711.0,24.25
20200303,3037,1504732333.0,503158794.0,33.43
20200303,3038,162407603.0,6982365.0,4.29
20200303,3040,63000000.0,10701598.0,16.98
20200303,3041,192539746.0,15745075.0,8.17
20200303,3042,309757040.0,108030490.0,34.87
20200303,3043,194878166.0,2460666.0,1.26
20200303,3044,525605898.0,319685760.0,60.82
20200303,3045,3442720069.0,678134998.0,19.69
20200303,3046,71448013.0,725702.0,1.01
20200303,3047,186491633.0,7757547.0,4.15
20200303,3048,222572540.0,27270242.0,12.25
20200303,3049,806948529.0,68356335.0,8.47
20200303,3050,145984450.0,7904083.0,5.41
20200303,3051,325332396.0,273232.0,0.08
20200303,3052,228713554.0,5620014.0,2.45
20200303,3054,87848033.0,195261.0,0.22
20200303,3055,102441918.0,2737424.0,2.67
20200303,3056,209215308.0,20746643.0,9.91
20200303,3057,161409213.0,7902531.0,4.89
20200303,3058,164937351.0,4672488.0,2.83
20200303,3059,275361325.0,35278942.0,12.81
20200303,3060,139361590.0,11152534.0,8.0
20200303,3062,328605418.0,44762964.0,13.62
20200303,3090,178657150.0,20355470.0,11.39
20200303,3094,84655089.0,1810644.0,2.13
20200303,3130,33190700.0,13706919.0,41.29
20200303,3149,206393604.0,3766085.0,1.82
20200303,3164,88911864.0,740305.0,0.83
20200303,3167,80134116.0,1428490.0,1.78
20200303,3189,451039005.0,80080536.0,17.75
20200303,3209,172915577.0,3846482.0,2.22
20200303,3229,93515881.0,1565777.0,1.67
20200303,3231,2840612050.0,1628779409.0,57.33
20200303,3257,69380277.0,310835.0,0.44
20200303,3266,352314309.0,17738199.0,5.03
20200303,3296,98224450.0,1934054.0,1.96
20200303,3305,118265271.0,3391144.0,2.86
20200303,3308,98569663.0,110319.0,0.11
20200303,3311,60000000.0,670964.0,1.11
20200303,3312,118032122.0,9967120.0,8.44
20200303,3321,126218519.0,527491.0,0.41
20200303,3338,86481985.0,1416284.0,1.63
20200303,3346,75784000.0,3533347.0,4.66
20200303,3356,89871303.0,1422093.0,1.58
20200303,3376,178988346.0,51277800.0,28.64
20200303,3380,542727260.0,37433530.0,6.89
20200303,3383,70000000.0,12087788.0,17.26
20200303,3406,110890463.0,30104175.0,27.14
20200303,3413,82687500.0,15093793.0,18.25
20200303,3416,72181447.0,1669113.0,2.31
20200303,3419,120480417.0,7590468.0,6.3
20200303,3432,66586000.0,3329907.0,5.0
20200303,3437,144548000.0,15353650.0,10.62
20200303,3443,134011911.0,23709230.0,17.69
20200303,3450,145681382.0,18244551.0,12.52
20200303,3454,87033910.0,6689034.0,7.68
20200303,3481,9711071977.0,2823087918.0,29.07
20200303,3494,179450634.0,8089372.0,4.5
20200303,3501,118257927.0,4017862.0,3.39
20200303,3504,114059785.0,1953172.0,1.71
20200303,3515,120647229.0,6945636.0,5.75
20200303,3518,80752230.0,7422563.0,9.19
20200303,3528,65597216.0,5657002.0,8.62
20200303,3530,78025900.0,36335050.0,46.56
20200303,3532,387848300.0,190243381.0,49.05
20200303,3533,103477900.0,24691351.0,23.86
20200303,3535,79052356.0,2260218.0,2.85
20200303,3536,106800000.0,223564.0,0.2
20200303,3545,299416416.0,77408366.0,25.85
20200303,3550,85000000.0,647002.0,0.76
20200303,3557,72300415.0,25054441.0,34.65
20200303,3563,42608234.0,8984796.0,21.08
20200303,3576,2665577382.0,256029850.0,9.6
20200303,3583,81139000.0,6866998.0,8.46
20200303,3588,46882200.0,2317568.0,4.94
20200303,3591,125001379.0,6279207.0,5.02
20200303,3593,83042416.0,45931.0,0.05
20200303,3596,208535090.0,21712249.0,10.41
20200303,3605,122395884.0,11124006.0,9.08
20200303,3607,121662239.0,9074427.0,7.45
20200303,3617,80951000.0,3088694.0,3.81
20200303,3622,151327600.0,4064223.0,2.68
20200303,3645,129420494.0,6389871.0,4.93
20200303,3653,120484239.0,8082618.0,6.7
20200303,3661,60186610.0,27203541.0,45.19
20200303,3665,130517407.0,56694086.0,43.43
20200303,3669,92919950.0,2030568.0,2.18
20200303,3673,406663759.0,167285277.0,41.13
20200303,3679,62296229.0,8694130.0,13.95
20200303,3682,3817196399.0,152491537.0,3.99
20200303,3686,113513643.0,2431525.0,2.14
20200303,3694,150495808.0,1056156.0,0.7
20200303,3698,519386380.0,126457056.0,24.34
20200303,3701,190344554.0,6307144.0,3.31
20200303,3702,1679056833.0,544242033.0,32.41
20200303,3703,823215980.0,174949085.0,21.25
20200303,3704,441177355.0,44368874.0,10.05
20200303,3705,266422983.0,35150744.0,13.19
20200303,3706,1077282847.0,230231349.0,21.37
20200303,3708,93504604.0,14003095.0,14.97
20200303,3711,4323358382.0,3303894614.0,76.41
20200303,3712,246242146.0,2598345.0,1.05
20200303,4104,141148970.0,9708461.0,6.87
20200303,4106,100911557.0,1228366.0,1.21
20200303,4108,163616379.0,756965.0,0.46
20200303,4119,79485310.0,16910617.0,21.27
20200303,4133,60553594.0,9563858.0,15.79
20200303,4137,79492350.0,51692940.0,65.02
20200303,4141,171144968.0,118860220.0,69.45
20200303,4142,362352752.0,12593228.0,3.47
20200303,4144,77139000.0,42005609.0,54.45
20200303,4148,64034001.0,46267001.0,72.25
20200303,4155,78621079.0,552312.0,0.7
20200303,4164,140386871.0,38180614.0,27.19
20200303,4190,60914700.0,38218449.0,62.74
20200303,4306,571834173.0,35397283.0,6.19
20200303,4414,903434949.0,186032154.0,20.59
20200303,4426,161079476.0,13179823.0,8.18
20200303,4438,103375292.0,5586954.0,5.4
20200303,4439,31500000.0,20357000.0,64.62
20200303,4526,254826461.0,19769805.0,7.75
20200303,4532,504915105.0,55458444.0,10.98
20200303,4536,90820000.0,12131107.0,13.35
20200303,4540,96678000.0,2311001.0,2.39
20200303,4545,77000000.0,26760132.0,34.75
20200303,4551,81934000.0,41867859.0,51.09
20200303,4552,116000000.0,59010630.0,50.87
20200303,4555,66880000.0,4388000.0,6.56
20200303,4557,39808000.0,16095330.0,40.43
20200303,4560,67666195.0,55745849.0,82.38
20200303,4562,67546000.0,1006018.0,1.48
20200303,4564,177786553.0,4868936.0,2.73
20200303,4566,66656000.0,2575000.0,3.86
20200303,4571,47600000.0,34016228.0,71.46
20200303,4572,35800000.0,53000.0,0.14
20200303,4576,117908241.0,2001202.0,1.69
20200303,4720,88576709.0,2591124.0,2.92
20200303,4722,100009159.0,3340156.0,3.33
20200303,4725,291975000.0,2761827.0,0.94
20200303,4737,59500794.0,18767501.0,31.54
20200303,4739,93029269.0,3575044.0,3.84
20200303,4746,99012550.0,4988314.0,5.03
20200303,4755,90706000.0,29095532.0,32.07
20200303,4763,51076700.0,37725696.0,73.86
20200303,4764,76788615.0,28583285.0,37.22
20200303,4766,120570780.0,13285751.0,11.01
20200303,4807,38470000.0,27954601.0,72.66
20200303,4904,3258500810.0,696879783.0,21.38
20200303,4906,356883496.0,33172044.0,9.29
20200303,4912,47472069.0,16898985.0,35.59
20200303,4915,448580824.0,258894142.0,57.71
20200303,4916,83451568.0,1591466.0,1.9
20200303,4919,287554400.0,13595007.0,4.72
20200303,4927,184752016.0,19545551.0,10.57
20200303,4930,134300000.0,7140690.0,5.31
20200303,4934,200000000.0,4952563.0,2.47
20200303,4935,130937091.0,38585396.0,29.46
20200303,4938,2611091856.0,1163920908.0,44.57
20200303,4942,142367613.0,28009700.0,19.67
20200303,4943,135975732.0,52438047.0,38.56
20200303,4952,108815816.0,2184079.0,2.0
20200303,4956,100408236.0,7915907.0,7.88
20200303,4958,902229887.0,735741808.0,81.54
20200303,4960,665728500.0,82957908.0,12.46
20200303,4961,165687462.0,1762355.0,1.06
20200303,4967,68257489.0,7990778.0,11.7
20200303,4968,60376078.0,12699307.0,21.03
20200303,4976,117182000.0,1381455.0,1.17
20200303,4977,66640551.0,23989923.0,35.99
20200303,4989,153085000.0,1400205.0,0.91
20200303,4994,110639000.0,2196009.0,1.98
20200303,4999,74417200.0,6895666.0,9.26
20200303,5007,294940154.0,10950994.0,3.71
20200303,5203,83709300.0,19376377.0,23.14
20200303,5215,54337500.0,17115713.0,31.49
20200303,5225,61504000.0,36225753.0,58.89
20200303,5234,102715911.0,9399918.0,9.15
20200303,5243,168528915.0,112925414.0,67.0
20200303,5258,89542579.0,3004516.0,3.35
20200303,5264,420456991.0,273989239.0,65.16
20200303,5269,60037861.0,11699086.0,19.48
20200303,5283,76000425.0,662000.0,0.87
20200303,5284,43664608.0,26692208.0,61.13
20200303,5285,86099463.0,1738814.0,2.01
20200303,5288,65826153.0,42665273.0,64.81
20200303,5305,312456688.0,69393570.0,22.2
20200303,5388,245653767.0,66812462.0,27.19
20200303,5434,181699567.0,57455900.0,31.62
20200303,5469,491441352.0,83093470.0,16.9
20200303,5471,167877062.0,18896349.0,11.25
20200303,5484,68115093.0,356104.0,0.52
20200303,5515,267440105.0,13732621.0,5.13
20200303,5519,198544958.0,5234656.0,2.63
20200303,5521,447527413.0,33107229.0,7.39
20200303,5522,806259241.0,87494500.0,10.85
20200303,5525,244991913.0,5321652.0,2.17
20200303,5531,982474245.0,58913466.0,5.99
20200303,5533,285244944.0,9158049.0,3.21
20200303,5534,290325960.0,55278343.0,19.04
20200303,5538,168000000.0,115261125.0,68.6
20200303,5607,229979100.0,7654990.0,3.32
20200303,5608,279267090.0,22090739.0,7.91
20200303,5706,61294353.0,822890.0,1.34
20200303,5871,1328200030.0,1016302937.0,76.51
20200303,5876,4481603140.0,2607461538.0,58.18
20200303,5880,12945848278.0,2683843927.0,20.73
20200303,5906,30000000.0,5888654.0,19.62
20200303,5907,195531000.0,104772237.0,53.58
20200303,6005,2170908097.0,249198788.0,11.47
20200303,6024,176437584.0,4700940.0,2.66
20200303,6108,159899311.0,12021779.0,7.51
20200303,6112,188357336.0,3722171.0,1.97
20200303,6115,187662154.0,24110791.0,12.84
20200303,6116,3133933851.0,357049465.0,11.39
20200303,6117,88650000.0,2478680.0,2.79
20200303,6120,665555114.0,61051842.0,9.17
20200303,6128,127588740.0,2946986.0,2.3
20200303,6131,101926533.0,125259.0,0.12
20200303,6133,117006294.0,5687871.0,4.86
20200303,6136,115536412.0,5205016.0,4.5
20200303,6139,225540929.0,37625010.0,16.68
20200303,6141,129964450.0,3451739.0,2.65
20200303,6142,268235633.0,7316699.0,2.72
20200303,6152,167738463.0,392337.0,0.23
20200303,6153,544279610.0,74644436.0,13.71
20200303,6155,86667589.0,3003407.0,3.46
20200303,6164,100000239.0,517855.0,0.51
20200303,6165,49682403.0,947013.0,1.9
20200303,6166,217497257.0,36649082.0,16.85
20200303,6168,206069801.0,7436050.0,3.6
20200303,6172,30000000.0,197214.0,0.65
20200303,6176,465027263.0,289707420.0,62.29
20200303,6177,256896748.0,6833042.0,2.65
20200303,6183,150000000.0,1376954.0,0.91
20200303,6184,158230657.0,4300468.0,2.71
20200303,6189,179045194.0,9223648.0,5.15
20200303,6191,515546903.0,43741650.0,8.48
20200303,6192,106839745.0,31813935.0,29.77
20200303,6196,185690424.0,8802291.0,4.74
20200303,6197,122085882.0,12689322.0,10.39
20200303,6201,89200000.0,162834.0,0.18
20200303,6202,226168200.0,67347401.0,29.77
20200303,6205,71839079.0,2055032.0,2.86
20200303,6206,143062324.0,31196525.0,21.8
20200303,6209,163119931.0,2989568.0,1.83
20200303,6213,302957218.0,41922717.0,13.83
20200303,6214,269393304.0,43591863.0,16.18
20200303,6215,82789693.0,4488883.0,5.42
20200303,6216,84345637.0,667124.0,0.79
20200303,6224,80001838.0,14683544.0,18.35
20200303,6225,119076655.0,6441406.0,5.4
20200303,6226,114951789.0,583256.0,0.5
20200303,6230,86343396.0,52326477.0,60.6
20200303,6235,168069106.0,2928143.0,1.74
20200303,6239,779146634.0,585742455.0,75.17
20200303,6243,74976693.0,271847.0,0.36
20200303,6251,281059335.0,43342367.0,15.42
20200303,6257,415772017.0,123609046.0,29.73
20200303,6269,332954895.0,119407079.0,35.86
20200303,6271,165357520.0,40506799.0,24.49
20200303,6277,119471166.0,20026235.0,16.76
20200303,6278,292398353.0,82428152.0,28.19
20200303,6281,99172945.0,2055312.0,2.07
20200303,6282,516621295.0,87630219.0,16.96
20200303,6283,148079143.0,28200717.0,19.04
20200303,6285,390329302.0,65998961.0,16.9
20200303,6288,171128000.0,2113258.0,1.23
20200303,6289,269260452.0,159064.0,0.05
20200303,6405,65800000.0,97686.0,0.14
20200303,6409,83301492.0,54393501.0,65.29
20200303,6412,386715375.0,51348444.0,13.27
20200303,6414,83574472.0,9957619.0,11.91
20200303,6415,91185063.0,84685775.0,92.87
20200303,6416,68035634.0,827050.0,1.21
20200303,6431,45642835.0,7381338.0,16.17
20200303,6442,69300000.0,23265224.0,33.57
20200303,6443,379016730.0,10712906.0,2.82
20200303,6449,84441912.0,1824022.0,2.16
20200303,6451,105446800.0,64932830.0,61.57
20200303,6452,100000000.0,20274659.0,20.27
20200303,6456,339439800.0,155685550.0,45.86
20200303,6464,122694706.0,625214.0,0.5
20200303,6477,94456570.0,748612.0,0.79
20200303,6491,70000000.0,2984763.0,4.26
20200303,6504,72600000.0,2089932.0,2.87
20200303,6505,9525959652.0,721185060.0,7.57
20200303,6525,129047384.0,14574676.0,11.29
20200303,6531,73830423.0,12596388.0,17.06
20200303,6533,42650911.0,1477847.0,3.46
20200303,6541,264052074.0,103508062.0,39.19
20200303,6552,100000000.0,1436363.0,1.43
20200303,6558,86660750.0,4188446.0,4.83
20200303,6573,67499345.0,46172319.0,68.4
20200303,6579,148498468.0,4521000.0,3.04
20200303,6581,111270887.0,436000.0,0.39
20200303,6582,104877141.0,15779095.0,15.04
20200303,6591,26203000.0,7157089.0,27.31
20200303,6592,515000407.0,119531495.0,23.2
20200303,6605,165816397.0,20655775.0,12.45
20200303,6625,37333423.0,21895.0,0.05
20200303,6641,34000000.0,11009603.0,32.38
20200303,6655,75608500.0,196274.0,0.25
20200303,6666,47388000.0,37604602.0,79.35
20200303,6668,68392302.0,18253621.0,26.68
20200303,6669,174510791.0,39406837.0,22.58
20200303,6670,131030000.0,30274446.0,23.1
20200303,6671,60750000.0,38031634.0,62.6
20200303,6672,70654345.0,28405277.0,40.2
20200303,6674,66837681.0,24000.0,0.03
20200303,6698,66389753.0,3802223.0,5.72
20200303,6706,66744935.0,4156537.0,6.22
20200303,6715,57000000.0,4602580.0,8.07
20200303,8011,118620375.0,2747541.0,2.31
20200303,8016,120136876.0,45908312.0,38.21
20200303,8021,142180467.0,20620817.0,14.5
20200303,8028,132408000.0,17612941.0,13.3
20200303,8033,112629775.0,700442.0,0.62
20200303,8039,209119692.0,46805169.0,22.38
20200303,8046,646165487.0,42109182.0,6.51
20200303,8070,63879937.0,8167964.0,12.78
20200303,8072,80000000.0,875270.0,1.09
20200303,8081,86172072.0,13370566.0,15.51
20200303,8101,208088795.0,465966.0,0.22
20200303,8103,81399413.0,7760605.0,9.53
20200303,8104,67630050.0,687404.0,1.01
20200303,8105,441544851.0,259837939.0,58.84
20200303,8110,506381144.0,32687320.0,6.45
20200303,8112,378496473.0,112724968.0,29.78
20200303,8114,106074919.0,4666912.0,4.39
20200303,8131,442222223.0,30321354.0,6.85
20200303,8150,727240126.0,367207203.0,50.49
20200303,8163,280000001.0,50312469.0,17.96
20200303,8201,62366275.0,1711565.0,2.74
20200303,8210,119725950.0,20053690.0,16.74
20200303,8213,271242488.0,76787844.0,28.3
20200303,8215,320674514.0,8612161.0,2.68
20200303,8222,68546750.0,291821.0,0.42
20200303,8249,127055000.0,19628919.0,15.44
20200303,8261,81340493.0,20953082.0,25.75
20200303,8271,100897807.0,19558931.0,19.38
20200303,8341,111500000.0,28316379.0,25.39
20200303,8367,81131938.0,1136473.0,1.4
20200303,8374,112225487.0,3519038.0,3.13
20200303,8404,315178126.0,175715115.0,55.75
20200303,8411,175398185.0,109027792.0,62.16
20200303,8422,108888000.0,29189999.0,26.8
20200303,8427,104261000.0,36929760.0,35.42
20200303,8429,185747151.0,68608126.0,36.93
20200303,8442,49999682.0,37892396.0,75.78
20200303,8443,66800000.0,4413125.0,6.6
20200303,8454,140058500.0,40560064.0,28.95
20200303,8462,69835558.0,1472944.0,2.1
20200303,8463,150000000.0,1008000.0,0.67
20200303,8464,293020200.0,122303824.0,41.73
20200303,8466,66059000.0,40565000.0,61.4
20200303,8467,49534000.0,21935038.0,44.28
20200303,8473,134812297.0,1325711.0,0.98
20200303,8478,90893276.0,51728320.0,56.91
20200303,8480,39270000.0,34277019.0,87.28
20200303,8481,66601866.0,2955000.0,4.43
20200303,8482,111112000.0,98807701.0,88.92
20200303,8488,67500000.0,52350033.0,77.55
20200303,8497,36542810.0,423058.0,1.15
20200303,8499,51286000.0,37839108.0,73.78
20200303,8926,589048595.0,43785828.0,7.43
20200303,8940,67491032.0,5413937.0,8.02
20200303,8996,89384080.0,1879389.0,2.1
20200303,9103,205531500.0,775001.0,0.37
20200303,9105,839284153.0,6408005.0,0.76
20200303,9110,54248500.0,4000.0,0.0
20200303,9136,151204000.0,1841000.0,1.21
20200303,9188,65492000.0,0.0,0.0
20200303,9802,159830923.0,77875428.0,48.72
20200303,9902,98049600.0,543538.0,0.55
20200303,9904,2946787213.0,1728443401.0,58.65
20200303,9905,305000000.0,10390081.0,3.4
20200303,9906,83343981.0,556624.0,0.66
20200303,9907,1579145342.0,218806309.0,13.85
20200303,9908,516358000.0,11392045.0,2.2
20200303,9910,734734249.0,144753324.0,19.7
20200303,9911,221121188.0,49784184.0,22.51
20200303,9912,54350569.0,8618401.0,15.85
20200303,9914,298983800.0,115936158.0,38.77
20200303,9917,451197093.0,192975011.0,42.76
20200303,9918,180537453.0,2338969.0,1.29
20200303,9919,195362750.0,6174490.0,3.16
20200303,9921,375064626.0,186261051.0,49.66
20200303,9924,188452170.0,24543283.0,13.02
20200303,9925,383653075.0,66068655.0,17.22
20200303,9926,179504075.0,357323.0,0.19
20200303,9927,209148167.0,22347053.0,10.68
20200303,9928,150724583.0,0.0,0.0
20200303,9929,168800000.0,13607624.0,8.06
20200303,9930,248540368.0,4987606.0,2.0
20200303,9931,102250512.0,469917.0,0.45
20200303,9933,763273848.0,195294190.0,25.58
20200303,9934,356212962.0,77935012.0,21.87
20200303,9935,169623342.0,9656408.0,5.69
20200303,9937,309043000.0,6063178.0,1.96
20200303,9938,297963902.0,78004939.0,26.17
20200303,9939,292878879.0,78415951.0,26.77
20200303,9940,736846500.0,36208132.0,4.91
20200303,9941,302092125.0,18554098.0,6.14
20200303,9942,83161320.0,3093735.0,3.72
20200303,9943,147317600.0,4403939.0,2.98
20200303,9944,109107100.0,2231160.0,2.04
20200303,9945,1003253999.0,164493215.0,16.39
20200303,9946,300820867.0,28777000.0,9.56
20200303,9955,103208229.0,872492.0,0.84
20200303,9958,209342910.0,7910745.0,3.77
20200304,1101,5465619204.0,1581570119.0,28.93
20200304,1102,3361447198.0,902321052.0,26.84
20200304,1103,774780548.0,39969655.0,5.15
20200304,1104,653609192.0,79188334.0,12.11
20200304,1108,404738049.0,6264730.0,1.54
20200304,1109,341957868.0,11774861.0,3.44
20200304,1110,572000797.0,43958466.0,7.68
20200304,1201,506062914.0,53023172.0,10.47
20200304,1203,240000000.0,5289769.0,2.2
20200304,1210,827339086.0,144570046.0,17.47
20200304,1213,56622627.0,42642.0,0.07
20200304,1215,267990998.0,111572756.0,41.63
20200304,1216,5682015421.0,2959671337.0,52.08
20200304,1217,494513336.0,41246256.0,8.34
20200304,1218,499999038.0,11326797.0,2.26
20200304,1219,322013887.0,11460703.0,3.55
20200304,1220,177077944.0,16383673.0,9.25
20200304,1225,218703051.0,1748906.0,0.79
20200304,1227,915089591.0,211274701.0,23.08
20200304,1229,1104739841.0,151593585.0,13.72
20200304,1231,174595395.0,4064890.0,2.32
20200304,1232,159974915.0,2096421.0,1.31
20200304,1233,90591948.0,4736802.0,5.22
20200304,1234,401871094.0,17538511.0,4.36
20200304,1235,98955436.0,67637.0,0.06
20200304,1236,108342510.0,76329.0,0.07
20200304,1256,33842160.0,1630777.0,4.81
20200304,1301,6365740781.0,2384580032.0,37.45
20200304,1303,7930821589.0,2402301239.0,30.29
20200304,1304,1188763500.0,411628531.0,34.62
20200304,1305,527029927.0,85971412.0,16.31
20200304,1307,397818126.0,46294752.0,11.63
20200304,1308,554382745.0,34785424.0,6.27
20200304,1309,334204892.0,14003279.0,4.19
20200304,1310,527869764.0,102566781.0,19.43
20200304,1312,906620328.0,237817553.0,26.23
20200304,1313,1332347607.0,151661443.0,11.38
20200304,1314,3284850130.0,566321247.0,17.24
20200304,1315,198000000.0,2669649.0,1.34
20200304,1316,179541221.0,1704031.0,0.94
20200304,1319,591477068.0,116436809.0,19.68
20200304,1321,227228268.0,5937995.0,2.61
20200304,1323,91274554.0,3043165.0,3.33
20200304,1324,75121882.0,318215.0,0.42
20200304,1325,85281198.0,419363.0,0.49
20200304,1326,5861186291.0,2143614128.0,36.57
20200304,1337,268954729.0,70502827.0,26.21
20200304,1338,83840000.0,12273510.0,14.63
20200304,1339,74138875.0,1326038.0,1.78
20200304,1340,152922855.0,47172455.0,30.84
20200304,1341,49400000.0,42911950.0,86.86
20200304,1402,5352875227.0,1048908931.0,19.59
20200304,1409,1618409291.0,255396725.0,15.78
20200304,1410,63000000.0,10195456.0,16.18
20200304,1413,132112454.0,374175.0,0.28
20200304,1414,220000000.0,2614669.0,1.18
20200304,1416,185342168.0,26596289.0,14.34
20200304,1417,189941840.0,5186186.0,2.73
20200304,1418,56834309.0,344219.0,0.6
20200304,1419,300041280.0,6684142.0,2.22
20200304,1423,138400000.0,2566830.0,1.85
20200304,1432,167937642.0,118917.0,0.07
20200304,1434,1684664637.0,282014659.0,16.74
20200304,1435,139780080.0,236879.0,0.16
20200304,1436,95634000.0,260722.0,0.27
20200304,1437,203371284.0,11476065.0,5.64
20200304,1438,102411518.0,93044.0,0.09
20200304,1439,92000000.0,1057935.0,1.14
20200304,1440,1656815857.0,121245074.0,7.31
20200304,1441,100800000.0,1402719.0,1.39
20200304,1442,302117481.0,8798757.0,2.91
20200304,1443,135343011.0,108758.0,0.08
20200304,1444,957302942.0,91536816.0,9.56
20200304,1445,132667034.0,1943715.0,1.46
20200304,1446,137709513.0,1565237.0,1.13
20200304,1447,914487242.0,69092634.0,7.55
20200304,1449,120000000.0,859535.0,0.71
20200304,1451,198000000.0,20466512.0,10.33
20200304,1452,132641400.0,5735732.0,4.32
20200304,1453,98642138.0,91880.0,0.09
20200304,1454,134309848.0,571472.0,0.42
20200304,1455,611763380.0,18705883.0,3.05
20200304,1456,93720000.0,141224.0,0.15
20200304,1457,301647640.0,8920110.0,2.95
20200304,1459,358628907.0,8058150.0,2.24
20200304,1460,509834182.0,23648481.0,4.63
20200304,1463,173268381.0,5678824.0,3.27
20200304,1464,384565652.0,7267677.0,1.88
20200304,1465,103607267.0,326735.0,0.31
20200304,1466,111157320.0,120264.0,0.1
20200304,1467,233624667.0,45117206.0,19.31
20200304,1468,160405244.0,2945115.0,1.83
20200304,1470,85767000.0,57084.0,0.06
20200304,1471,150414536.0,113970.0,0.07
20200304,1472,45672722.0,29667.0,0.06
20200304,1473,147153534.0,15634754.0,10.62
20200304,1474,129896969.0,197888.0,0.15
20200304,1475,16016749.0,11039.0,0.06
20200304,1476,274367111.0,101179676.0,36.87
20200304,1477,219856581.0,33680022.0,15.31
20200304,1503,520972223.0,166013116.0,31.86
20200304,1504,1967692886.0,809217221.0,41.12
20200304,1506,122855501.0,540365.0,0.43
20200304,1507,410820000.0,186991978.0,45.51
20200304,1512,220002494.0,18166048.0,8.25
20200304,1513,420000000.0,56092562.0,13.35
20200304,1514,207099023.0,24907851.0,12.02
20200304,1515,181473500.0,19231609.0,10.59
20200304,1516,33350889.0,205368.0,0.61
20200304,1517,227825007.0,5874321.0,2.57
20200304,1519,261058548.0,18803608.0,7.2
20200304,1521,76230000.0,25746764.0,33.77
20200304,1522,312897881.0,21008589.0,6.71
20200304,1524,179685207.0,227726.0,0.12
20200304,1525,73400135.0,54878.0,0.07
20200304,1526,60000000.0,679638.0,1.13
20200304,1527,138570640.0,13781726.0,9.94
20200304,1528,199331000.0,2491467.0,1.24
20200304,1529,95967982.0,277354.0,0.28
20200304,1530,96594171.0,685681.0,0.7
20200304,1531,185008080.0,18815386.0,10.17
20200304,1532,385252112.0,47446126.0,12.31
20200304,1533,98547486.0,6649588.0,6.74
20200304,1535,123742552.0,529004.0,0.42
20200304,1536,254956513.0,33582837.0,13.17
20200304,1537,81785394.0,19296960.0,23.59
20200304,1538,56135851.0,137355.0,0.24
20200304,1539,65370000.0,66034.0,0.1
20200304,1540,85473612.0,272353.0,0.31
20200304,1541,78800000.0,7695312.0,9.76
20200304,1558,60535631.0,7386116.0,12.2
20200304,1560,141000000.0,21400584.0,15.17
20200304,1568,103086559.0,1895113.0,1.83
20200304,1582,123724171.0,39651007.0,32.04
20200304,1583,110400372.0,99986.0,0.09
20200304,1587,67356618.0,13501742.0,20.04
20200304,1589,105617519.0,12455951.0,11.79
20200304,1590,189024998.0,130054943.0,68.8
20200304,1592,110978250.0,42825412.0,38.58
20200304,1598,115100887.0,784784.0,0.68
20200304,1603,191688000.0,3545859.0,1.84
20200304,1604,387200000.0,48561047.0,12.54
20200304,1605,3326000258.0,774229890.0,23.27
20200304,1608,632773506.0,21120907.0,3.33
20200304,1609,595068022.0,63829726.0,10.72
20200304,1611,358595268.0,42481941.0,11.84
20200304,1612,316080063.0,34164981.0,10.8
20200304,1614,269113406.0,5527013.0,2.05
20200304,1615,111861784.0,127650.0,0.11
20200304,1616,194148515.0,153127.0,0.07
20200304,1617,144233235.0,30662329.0,21.25
20200304,1618,240864684.0,2888787.0,1.19
20200304,1626,136850637.0,67115742.0,49.04
20200304,1701,298081080.0,31072156.0,10.42
20200304,1702,294132962.0,49186663.0,16.72
20200304,1707,136286373.0,28223989.0,20.7
20200304,1708,211520260.0,17532236.0,8.28
20200304,1709,477016272.0,18130188.0,3.8
20200304,1710,885703029.0,83590120.0,9.43
20200304,1711,547752226.0,46974552.0,8.57
20200304,1712,420492585.0,52177908.0,12.4
20200304,1713,150951700.0,7316675.0,4.84
20200304,1714,1016824808.0,187382528.0,18.42
20200304,1717,1240279455.0,168865703.0,13.61
20200304,1718,1621367217.0,170581850.0,10.52
20200304,1720,178696089.0,3699793.0,2.07
20200304,1721,222347344.0,6024121.0,2.7
20200304,1722,980000000.0,139149416.0,14.19
20200304,1723,236904480.0,32943149.0,13.9
20200304,1724,127813900.0,7696934.0,6.02
20200304,1725,181829978.0,289027.0,0.15
20200304,1726,162000000.0,24029727.0,14.83
20200304,1727,110250000.0,1149598.0,1.04
20200304,1730,63233851.0,4226281.0,6.68
20200304,1731,132915244.0,849790.0,0.63
20200304,1732,42443957.0,185646.0,0.43
20200304,1733,99986192.0,3029146.0,3.02
20200304,1734,167722022.0,5689757.0,3.39
20200304,1735,99388000.0,49907241.0,50.21
20200304,1736,303616617.0,13172683.0,4.33
20200304,1737,200000000.0,18864379.0,9.43
20200304,1760,76739013.0,1285958.0,1.67
20200304,1762,77560000.0,2828279.0,3.64
20200304,1773,150000000.0,4106597.0,2.73
20200304,1776,69986099.0,54001.0,0.07
20200304,1783,69465000.0,5385606.0,7.75
20200304,1786,58100000.0,393073.0,0.67
20200304,1789,790739222.0,32430012.0,4.1
20200304,1795,243113964.0,167018971.0,68.69
20200304,1802,2908060800.0,208498591.0,7.16
20200304,1805,100265400.0,123805.0,0.12
20200304,1806,433782078.0,53635314.0,12.36
20200304,1808,308330531.0,14431851.0,4.68
20200304,1809,167041937.0,5559786.0,3.32
20200304,1810,369853610.0,13055506.0,3.52
20200304,1817,72600000.0,1152000.0,1.58
20200304,1902,402000550.0,28050368.0,6.97
20200304,1903,260039121.0,38816115.0,14.92
20200304,1904,1108274522.0,140226947.0,12.65
20200304,1905,1102835316.0,48692594.0,4.41
20200304,1906,151000000.0,1469509.0,0.97
20200304,1907,1660371495.0,305935027.0,18.42
20200304,1909,1217685727.0,182091463.0,14.95
20200304,2002,15734860997.0,3167544009.0,20.13
20200304,2006,1004060608.0,128178745.0,12.76
20200304,2007,530651613.0,305965.0,0.05
20200304,2008,200852293.0,14402407.0,7.17
20200304,2009,359622165.0,23755265.0,6.6
20200304,2010,647655390.0,29561564.0,4.56
20200304,2012,287774000.0,7038540.0,2.44
20200304,2013,200000000.0,14703962.0,7.35
20200304,2014,1435544446.0,71539061.0,4.98
20200304,2015,581599424.0,58756782.0,10.1
20200304,2017,341867462.0,8267220.0,2.41
20200304,2020,222526100.0,5769869.0,2.59
20200304,2022,479751976.0,14714352.0,3.06
20200304,2023,1913327518.0,129545900.0,6.77
20200304,2024,97500000.0,150093.0,0.15
20200304,2025,281167262.0,119066.0,0.04
20200304,2027,1233790052.0,294836335.0,23.89
20200304,2028,325714800.0,302958.0,0.09
20200304,2029,321180000.0,225663081.0,70.26
20200304,2030,286526027.0,14649668.0,5.11
20200304,2031,310687699.0,31123658.0,10.01
20200304,2032,130521545.0,186736.0,0.14
20200304,2033,80694536.0,106139.0,0.13
20200304,2034,407130743.0,50205861.0,12.33
20200304,2038,181264522.0,374670.0,0.2
20200304,2049,309578886.0,123303215.0,39.82
20200304,2059,95297072.0,24310002.0,25.5
20200304,2062,163014152.0,16723128.0,10.25
20200304,2069,156386836.0,656307.0,0.41
20200304,2101,833934904.0,73756131.0,8.84
20200304,2102,473329207.0,40362645.0,8.52
20200304,2103,825709978.0,288178982.0,34.9
20200304,2104,984733625.0,115740319.0,11.75
20200304,2105,3241415536.0,444835126.0,13.72
20200304,2106,874430000.0,47625706.0,5.44
20200304,2107,350000000.0,36041821.0,10.29
20200304,2108,492416659.0,48503413.0,9.85
20200304,2109,332349134.0,49688660.0,14.95
20200304,2114,70901552.0,1331907.0,1.87
20200304,2115,86063215.0,39666789.0,46.09
20200304,2201,1572919909.0,102041475.0,6.48
20200304,2204,553620342.0,164937538.0,29.79
20200304,2206,853595604.0,87381153.0,10.23
20200304,2207,546179184.0,131649145.0,24.1
20200304,2208,472991749.0,15354344.0,3.24
20200304,2227,300000000.0,122888626.0,40.96
20200304,2228,75780281.0,7484573.0,9.87
20200304,2231,122821241.0,12512562.0,10.18
20200304,2233,60288089.0,5416033.0,8.98
20200304,2236,44826766.0,33316473.0,74.32
20200304,2239,118007000.0,89829639.0,76.12
20200304,2243,45718529.0,19617127.0,42.9
20200304,2301,2350867032.0,1321400670.0,56.2
20200304,2302,166302881.0,6349656.0,3.81
20200304,2303,11724318715.0,6040051994.0,51.51
20200304,2305,205660827.0,10021708.0,4.87
20200304,2308,2597543329.0,1738284215.0,66.92
20200304,2312,1452081211.0,252922398.0,17.41
20200304,2313,1191820589.0,354689823.0,29.76
20200304,2314,228028320.0,2646388.0,1.16
20200304,2316,203045040.0,38755712.0,19.08
20200304,2317,13862990609.0,6480091190.0,46.74
20200304,2321,315332590.0,167111.0,0.05
20200304,2323,1158881200.0,88414362.0,7.62
20200304,2324,4407146625.0,2166923278.0,49.16
20200304,2327,427121695.0,207028499.0,48.47
20200304,2328,518346282.0,92054357.0,17.75
20200304,2329,557328533.0,170727809.0,30.63
20200304,2330,25930380458.0,19996928850.0,77.11
20200304,2331,557402968.0,89796474.0,16.1
20200304,2332,651996166.0,94976376.0,14.56
20200304,2337,1839927014.0,394375834.0,21.43
20200304,2338,252713611.0,5240467.0,2.07
20200304,2340,378622846.0,75521961.0,19.94
20200304,2342,156342161.0,6837439.0,4.37
20200304,2344,3980000193.0,914759561.0,22.98
20200304,2345,557726397.0,317912195.0,57.0
20200304,2347,1667946968.0,600921383.0,36.02
20200304,2348,85600000.0,2047904.0,2.39
20200304,2349,1284157900.0,163000977.0,12.69
20200304,2351,182140249.0,23442398.0,12.87
20200304,2352,1966781958.0,414224840.0,21.06
20200304,2353,3074933828.0,864448938.0,28.11
20200304,2354,1414485192.0,399895523.0,28.27
20200304,2355,397495420.0,115787743.0,29.12
20200304,2356,3587475066.0,999037167.0,27.84
20200304,2357,742760280.0,466030511.0,62.74
20200304,2358,94616172.0,242112.0,0.25
20200304,2359,171471052.0,7378519.0,4.3
20200304,2360,419092587.0,266703338.0,63.63
20200304,2362,669763000.0,88206734.0,13.16
20200304,2363,554062477.0,32563866.0,5.87
20200304,2364,198939797.0,30043266.0,15.1
20200304,2365,234538496.0,13962942.0,5.95
20200304,2367,619407175.0,136136169.0,21.97
20200304,2368,546487841.0,49198453.0,9.0
20200304,2369,380102344.0,60101913.0,15.81
20200304,2371,2339536685.0,932458911.0,39.85
20200304,2373,236202518.0,4619202.0,1.95
20200304,2374,282362812.0,25238951.0,8.93
20200304,2375,194063097.0,4095964.0,2.11
20200304,2376,635688886.0,193960954.0,30.51
20200304,2377,844856199.0,300820061.0,35.6
20200304,2379,508095464.0,318236324.0,62.63
20200304,2380,162444084.0,3032533.0,1.86
20200304,2382,3862627432.0,1043519015.0,27.01
20200304,2383,319708064.0,117156632.0,36.64
20200304,2385,734497521.0,403614987.0,54.95
20200304,2387,196297952.0,16868075.0,8.59
20200304,2388,493303441.0,53162666.0,10.77
20200304,2390,214021602.0,3885325.0,1.81
20200304,2392,512326940.0,70810167.0,13.82
20200304,2393,443056236.0,162355429.0,36.64
20200304,2395,699075510.0,289667604.0,41.43
20200304,2397,114688857.0,24663938.0,21.5
20200304,2399,178100000.0,30151283.0,16.92
20200304,2401,591994919.0,71272202.0,12.03
20200304,2402,307536533.0,42258723.0,13.74
20200304,2404,190586698.0,57722746.0,30.28
20200304,2405,343427303.0,21045651.0,6.12
20200304,2406,205905689.0,17692461.0,8.59
20200304,2408,3053504894.0,689154791.0,22.56
20200304,2409,9624245115.0,3105554280.0,32.26
20200304,2412,7757446545.0,1264803326.0,16.3
20200304,2413,127359200.0,586115.0,0.46
20200304,2414,161735846.0,10017674.0,6.19
20200304,2415,80000000.0,1260951.0,1.57
20200304,2417,192892330.0,7409430.0,3.84
20200304,2419,328986229.0,39882964.0,12.12
20200304,2420,152648688.0,6332474.0,4.14
20200304,2421,250929732.0,72140704.0,28.74
20200304,2423,145047289.0,2697432.0,1.85
20200304,2424,30000000.0,69154.0,0.23
20200304,2425,101498831.0,27075687.0,26.67
20200304,2426,300622252.0,22963643.0,7.63
20200304,2427,184314463.0,3692289.0,2.0
20200304,2428,128112726.0,19832394.0,15.48
20200304,2429,36736200.0,1355997.0,3.69
20200304,2430,166468825.0,6118090.0,3.67
20200304,2431,110927014.0,1445990.0,1.3
20200304,2433,144496011.0,1558704.0,1.07
20200304,2434,70602126.0,801806.0,1.13
20200304,2436,178009961.0,14141029.0,7.94
20200304,2438,95215940.0,49374.0,0.05
20200304,2439,207879134.0,41193337.0,19.81
20200304,2440,139117271.0,119394.0,0.08
20200304,2441,568845921.0,89307099.0,15.69
20200304,2442,267234372.0,8930550.0,3.34
20200304,2443,145687000.0,216195.0,0.14
20200304,2444,105557573.0,1980563.0,1.87
20200304,2448,1088701410.0,187948186.0,17.26
20200304,2449,1222745065.0,543722193.0,44.46
20200304,2450,258252657.0,13008636.0,5.03
20200304,2451,430761675.0,74319161.0,17.25
20200304,2453,100000000.0,1205804.0,1.2
20200304,2454,1589981632.0,983749798.0,61.87
20200304,2455,184905918.0,38506913.0,20.82
20200304,2456,243254748.0,44122285.0,18.13
20200304,2457,337688416.0,25298695.0,7.49
20200304,2458,303880392.0,102007035.0,33.56
20200304,2459,105900615.0,18839235.0,17.78
20200304,2460,169200000.0,1542103.0,0.91
20200304,2461,159324631.0,5866431.0,3.68
20200304,2462,142484596.0,1352712.0,0.94
20200304,2464,195531226.0,17192255.0,8.79
20200304,2465,53587301.0,281927.0,0.52
20200304,2466,156334226.0,18919291.0,12.1
20200304,2467,149205548.0,12594974.0,8.44
20200304,2468,69961249.0,59995.0,0.08
20200304,2471,47253890.0,666916.0,1.41
20200304,2472,129219822.0,4022986.0,3.11
20200304,2474,770391069.0,505540201.0,65.62
20200304,2476,184968298.0,18685143.0,10.1
20200304,2477,198216555.0,44905674.0,22.65
20200304,2478,145248989.0,8277363.0,5.69
20200304,2480,106360291.0,9263697.0,8.7
20200304,2481,332814927.0,38573858.0,11.59
20200304,2482,62072549.0,348301.0,0.56
20200304,2483,110618807.0,199242.0,0.18
20200304,2484,159421022.0,9745976.0,6.11
20200304,2485,317689037.0,20105914.0,6.32
20200304,2486,201958579.0,7226741.0,3.57
20200304,2488,79999433.0,2845631.0,3.55
20200304,2489,809362045.0,104536382.0,12.91
20200304,2491,82008000.0,6401676.0,7.8
20200304,2492,485800000.0,122543329.0,25.22
20200304,2493,114437390.0,8299922.0,7.25
20200304,2495,276290738.0,48425083.0,17.52
20200304,2496,17459400.0,8611869.0,49.32
20200304,2497,118798463.0,1748483.0,1.47
20200304,2498,818808635.0,134721361.0,16.45
20200304,2499,461172003.0,39055238.0,8.46
20200304,2501,1159561059.0,110203217.0,9.5
20200304,2504,1385000335.0,154581956.0,11.16
20200304,2505,696582479.0,30618174.0,4.39
20200304,2506,387000000.0,13313991.0,3.44
20200304,2509,204136846.0,3142604.0,1.53
20200304,2511,1623326147.0,142093618.0,8.75
20200304,2514,404729278.0,22523870.0,5.56
20200304,2515,1530899822.0,155618801.0,10.16
20200304,2516,226278457.0,6157701.0,2.72
20200304,2520,503791000.0,106362470.0,21.11
20200304,2524,384846372.0,8785260.0,2.28
20200304,2527,270306000.0,78386922.0,28.99
20200304,2528,277085409.0,418491.0,0.15
20200304,2530,270752466.0,3217115.0,1.18
20200304,2534,592784962.0,69899374.0,11.79
20200304,2535,290743386.0,29493226.0,10.14
20200304,2536,332808652.0,60407655.0,18.15
20200304,2537,300557795.0,7136782.0,2.37
20200304,2538,438448764.0,58701212.0,13.38
20200304,2539,461314374.0,500105.0,0.1
20200304,2540,146600000.0,148004.0,0.1
20200304,2542,1166628752.0,222010701.0,19.03
20200304,2543,241983788.0,305506.0,0.12
20200304,2545,327734808.0,13051067.0,3.98
20200304,2546,106035660.0,3736988.0,3.52
20200304,2547,912307649.0,204628854.0,22.42
20200304,2548,276812726.0,85383902.0,30.84
20200304,2597,135000000.0,1162171.0,0.86
20200304,2601,630883150.0,76655706.0,12.15
20200304,2603,4812973786.0,1156706523.0,24.03
20200304,2605,585353297.0,194172774.0,33.17
20200304,2606,845055712.0,78652002.0,9.3
20200304,2607,1067141094.0,76184279.0,7.13
20200304,2608,467000498.0,43390523.0,9.29
20200304,2609,2601335728.0,139686228.0,5.36
20200304,2610,5420984650.0,832170020.0,15.35
20200304,2611,175994247.0,233920.0,0.13
20200304,2612,197484593.0,4855744.0,2.45
20200304,2613,148423458.0,110643.0,0.07
20200304,2614,556789889.0,12370704.0,2.22
20200304,2615,2218297466.0,929645207.0,41.9
20200304,2616,137281827.0,4687589.0,3.41
20200304,2617,417294487.0,14961835.0,3.58
20200304,2618,4853569490.0,1370891623.0,28.24
20200304,2630,120120000.0,72000.0,0.05
20200304,2633,5628293058.0,808756052.0,14.36
20200304,2634,941867101.0,23612570.0,2.5
20200304,2636,117157402.0,17218077.0,14.69
20200304,2637,688655903.0,53798901.0,7.81
20200304,2642,95467000.0,4973332.0,5.2
20200304,2701,449967838.0,1983326.0,0.44
20200304,2702,110485538.0,40848363.0,36.97
20200304,2704,366923343.0,32040145.0,8.73
20200304,2705,186536630.0,5744559.0,3.07
20200304,2706,499998346.0,12996990.0,2.59
20200304,2707,126745769.0,19102024.0,15.07
20200304,2712,105000000.0,80592.0,0.07
20200304,2722,111522961.0,126380.0,0.11
20200304,2723,180000000.0,97522662.0,54.17
20200304,2727,76987883.0,8147282.0,10.58
20200304,2731,70000000.0,2423896.0,3.46
20200304,2739,111526000.0,2293800.0,2.05
20200304,2748,65637000.0,441847.0,0.67
20200304,2801,9985311160.0,1506624163.0,15.08
20200304,2809,1131234265.0,192696711.0,17.03
20200304,2812,3708834898.0,517936827.0,13.96
20200304,2816,212960000.0,12086821.0,5.67
20200304,2820,1342960000.0,107395424.0,7.99
20200304,2823,4463582304.0,1145042371.0,25.65
20200304,2832,362200400.0,12014718.0,3.31
20200304,2834,7131984244.0,1696962114.0,23.79
20200304,2836,1080916486.0,82258726.0,7.61
20200304,2838,2884455292.0,92728173.0,3.21
20200304,2841,760943600.0,81153784.0,10.66
20200304,2845,3355819407.0,430225125.0,12.82
20200304,2849,1957910050.0,1154676914.0,58.97
20200304,2850,315963300.0,28036004.0,8.87
20200304,2851,590388750.0,13946017.0,2.36
20200304,2852,301163784.0,12387846.0,4.11
20200304,2855,1372390028.0,150858968.0,10.99
20200304,2867,2371971471.0,172876203.0,7.28
20200304,2880,12172740178.0,2483902219.0,20.4
20200304,2881,10233603995.0,2788950199.0,27.25
20200304,2882,13169210128.0,2960611327.0,22.48
20200304,2883,14965982132.0,3910712850.0,26.13
20200304,2884,11619500000.0,5072130558.0,43.65
20200304,2885,11670611456.0,4654289478.0,39.88
20200304,2886,13599823983.0,3584213949.0,26.35
20200304,2887,10656061370.0,2988177698.0,28.04
20200304,2888,12600394063.0,2824664270.0,22.41
20200304,2889,2848064596.0,364734528.0,12.8
20200304,2890,11281054106.0,3578770153.0,31.72
20200304,2891,19496989569.0,8095989589.0,41.52
20200304,2892,12461942795.0,3396102287.0,27.25
20200304,2897,2413006301.0,30679066.0,1.27
20200304,2901,73043283.0,41994.0,0.05
20200304,2903,1416940589.0,211824434.0,14.94
20200304,2904,69034432.0,68652.0,0.09
20200304,2905,826682688.0,58395423.0,7.06
20200304,2906,209111093.0,3868522.0,1.84
20200304,2908,509887558.0,40834961.0,8.0
20200304,2910,208725000.0,321000.0,0.15
20200304,2911,188941775.0,33214867.0,17.57
20200304,2912,1039622255.0,423004618.0,40.68
20200304,2913,790000000.0,90966554.0,11.51
20200304,2915,564860594.0,104150810.0,18.43
20200304,2923,1740296982.0,1727754274.0,99.27
20200304,2929,94955292.0,47423460.0,49.94
20200304,2936,76555696.0,67932696.0,88.73
20200304,2939,47222665.0,35208893.0,74.55
20200304,3002,102000000.0,235372.0,0.23
20200304,3003,155654890.0,10880386.0,6.99
20200304,3004,52647155.0,431072.0,0.81
20200304,3005,579520150.0,196315251.0,33.87
20200304,3006,285758925.0,44706524.0,15.64
20200304,3008,134140197.0,71251807.0,53.11
20200304,3010,231390138.0,55638250.0,24.04
20200304,3011,112719251.0,161048.0,0.14
20200304,3013,159435018.0,3234158.0,2.02
20200304,3014,161080124.0,35469773.0,22.01
20200304,3015,192261950.0,22197055.0,11.54
20200304,3016,274401315.0,2834055.0,1.03
20200304,3017,353310157.0,125635297.0,35.55
20200304,3018,73512132.0,1887491.0,2.56
20200304,3019,281083901.0,35577429.0,12.65
20200304,3021,95813467.0,2402516.0,2.5
20200304,3022,177289790.0,36736752.0,20.72
20200304,3023,229078860.0,115366488.0,50.36
20200304,3024,277157496.0,4437140.0,1.6
20200304,3025,70920550.0,1563059.0,2.2
20200304,3026,157990779.0,18041830.0,11.41
20200304,3027,98856311.0,186199.0,0.18
20200304,3028,213824864.0,10999615.0,5.14
20200304,3029,124009212.0,3636382.0,2.93
20200304,3030,236216000.0,55258604.0,23.39
20200304,3031,186674224.0,5958937.0,3.19
20200304,3032,113285626.0,2293015.0,2.02
20200304,3033,367751242.0,17491471.0,4.75
20200304,3034,608511469.0,375927906.0,61.77
20200304,3035,248550313.0,58280076.0,23.44
20200304,3036,588121760.0,142334329.0,24.2
20200304,3037,1504732333.0,505195794.0,33.57
20200304,3038,162407603.0,6886365.0,4.24
20200304,3040,63000000.0,10697598.0,16.98
20200304,3041,192539746.0,16133075.0,8.37
20200304,3042,309757040.0,109770490.0,35.43
20200304,3043,194878166.0,2460666.0,1.26
20200304,3044,525605898.0,319786626.0,60.84
20200304,3045,3442720069.0,678858667.0,19.71
20200304,3046,71448013.0,725702.0,1.01
20200304,3047,186491633.0,7581547.0,4.06
20200304,3048,222572540.0,27195242.0,12.21
20200304,3049,806948529.0,67814335.0,8.4
20200304,3050,145984450.0,7903083.0,5.41
20200304,3051,325332396.0,273232.0,0.08
20200304,3052,228713554.0,5603014.0,2.44
20200304,3054,87848033.0,195261.0,0.22
20200304,3055,102441918.0,2745424.0,2.67
20200304,3056,209215308.0,20583643.0,9.83
20200304,3057,161409213.0,7902531.0,4.89
20200304,3058,164937351.0,4667488.0,2.82
20200304,3059,275361325.0,35151942.0,12.76
20200304,3060,139361590.0,10990534.0,7.88
20200304,3062,328605418.0,44763964.0,13.62
20200304,3090,178657150.0,20223470.0,11.31
20200304,3094,84655089.0,1774644.0,2.09
20200304,3130,33190700.0,13691919.0,41.25
20200304,3149,206393604.0,3777085.0,1.83
20200304,3164,88911864.0,740305.0,0.83
20200304,3167,80134116.0,1425490.0,1.77
20200304,3189,451039005.0,80253536.0,17.79
20200304,3209,172915577.0,3764482.0,2.17
20200304,3229,93515881.0,1565777.0,1.67
20200304,3231,2840612050.0,1630236351.0,57.39
20200304,3257,69380277.0,305835.0,0.44
20200304,3266,352314309.0,17746199.0,5.03
20200304,3296,98224450.0,1934054.0,1.96
20200304,3305,118265271.0,3385144.0,2.86
20200304,3308,98569663.0,110319.0,0.11
20200304,3311,60000000.0,621964.0,1.03
20200304,3312,118032122.0,9972120.0,8.44
20200304,3321,126218519.0,570491.0,0.45
20200304,3338,86481985.0,1459284.0,1.68
20200304,3346,75784000.0,3539347.0,4.67
20200304,3356,89871303.0,1380093.0,1.53
20200304,3376,178988346.0,51262800.0,28.64
20200304,3380,542727260.0,37355530.0,6.88
20200304,3383,70000000.0,12087788.0,17.26
20200304,3406,110890463.0,30713175.0,27.69
20200304,3413,82687500.0,15039793.0,18.18
20200304,3416,72181447.0,1670113.0,2.31
20200304,3419,120480417.0,7565468.0,6.27
20200304,3432,66586000.0,3329907.0,5.0
20200304,3437,144548000.0,15235650.0,10.54
20200304,3443,134011911.0,23791230.0,17.75
20200304,3450,145681382.0,17186551.0,11.79
20200304,3454,87033910.0,6707034.0,7.7
20200304,3481,9711071977.0,2857575918.0,29.42
20200304,3494,179450634.0,8089372.0,4.5
20200304,3501,118257927.0,4007862.0,3.38
20200304,3504,114059785.0,2110172.0,1.85
20200304,3515,120647229.0,6330636.0,5.24
20200304,3518,80752230.0,7351563.0,9.1
20200304,3528,65597216.0,5657002.0,8.62
20200304,3530,78025900.0,36228050.0,46.43
20200304,3532,387848300.0,190737381.0,49.17
20200304,3533,103477900.0,24776351.0,23.94
20200304,3535,79052356.0,2196218.0,2.77
20200304,3536,106800000.0,223564.0,0.2
20200304,3545,299416416.0,74815364.0,24.98
20200304,3550,85000000.0,643002.0,0.75
20200304,3557,72300415.0,25045441.0,34.64
20200304,3563,42608234.0,8837796.0,20.74
20200304,3576,2665577382.0,256282850.0,9.61
20200304,3583,81139000.0,6806998.0,8.38
20200304,3588,46882200.0,2348568.0,5.0
20200304,3591,125001379.0,6279207.0,5.02
20200304,3593,83042416.0,45931.0,0.05
20200304,3596,208535090.0,21346250.0,10.23
20200304,3605,122395884.0,11049006.0,9.02
20200304,3607,121662239.0,9150427.0,7.52
20200304,3617,80951000.0,3064694.0,3.78
20200304,3622,151327600.0,4067223.0,2.68
20200304,3645,129420494.0,6350871.0,4.9
20200304,3653,120484239.0,8213618.0,6.81
20200304,3661,60186610.0,26636541.0,44.25
20200304,3665,130517407.0,55961086.0,42.87
20200304,3669,92919950.0,2018568.0,2.17
20200304,3673,406663759.0,166570277.0,40.96
20200304,3679,62296229.0,8693130.0,13.95
20200304,3682,3817196399.0,152216537.0,3.98
20200304,3686,113513643.0,2431525.0,2.14
20200304,3694,150495808.0,1056156.0,0.7
20200304,3698,519386380.0,126617056.0,24.37
20200304,3701,190344554.0,6307144.0,3.31
20200304,3702,1679056833.0,544573033.0,32.43
20200304,3703,823215980.0,174874085.0,21.24
20200304,3704,441177355.0,44049874.0,9.98
20200304,3705,266422983.0,35247744.0,13.22
20200304,3706,1077282847.0,229951349.0,21.34
20200304,3708,93504604.0,13951095.0,14.92
20200304,3711,4323358382.0,3302644634.0,76.39
20200304,3712,246242146.0,2603345.0,1.05
20200304,4104,141148970.0,9725081.0,6.88
20200304,4106,100911557.0,1250366.0,1.23
20200304,4108,163616379.0,747965.0,0.45
20200304,4119,79485310.0,16610617.0,20.89
20200304,4133,60553594.0,9544858.0,15.76
20200304,4137,79492350.0,51554940.0,64.85
20200304,4141,171144968.0,118658220.0,69.33
20200304,4142,362352752.0,13415228.0,3.7
20200304,4144,77139000.0,41990609.0,54.43
20200304,4148,64034001.0,46270001.0,72.25
20200304,4155,78621079.0,266312.0,0.33
20200304,4164,140386871.0,38172614.0,27.19
20200304,4190,60914700.0,38130449.0,62.59
20200304,4306,571834173.0,35407283.0,6.19
20200304,4414,903434949.0,185941154.0,20.58
20200304,4426,161079476.0,13180823.0,8.18
20200304,4438,103375292.0,5585954.0,5.4
20200304,4439,31500000.0,20356000.0,64.62
20200304,4526,254826461.0,19774805.0,7.76
20200304,4532,504915105.0,55500444.0,10.99
20200304,4536,90820000.0,12092107.0,13.31
20200304,4540,96678000.0,2285001.0,2.36
20200304,4545,77000000.0,26783132.0,34.78
20200304,4551,81934000.0,41869859.0,51.1
20200304,4552,116000000.0,58934630.0,50.8
20200304,4555,66880000.0,4388000.0,6.56
20200304,4557,39808000.0,16095330.0,40.43
20200304,4560,67666195.0,55769849.0,82.41
20200304,4562,67546000.0,1006018.0,1.48
20200304,4564,177786553.0,5022936.0,2.82
20200304,4566,66656000.0,2557000.0,3.83
20200304,4571,47600000.0,34016228.0,71.46
20200304,4572,35800000.0,60000.0,0.16
20200304,4576,117908241.0,1993202.0,1.69
20200304,4720,88576709.0,2626173.0,2.96
20200304,4722,100009159.0,3328156.0,3.32
20200304,4725,291975000.0,2718827.0,0.93
20200304,4737,59500794.0,18747501.0,31.5
20200304,4739,93029269.0,3568044.0,3.83
20200304,4746,99012550.0,4953239.0,5.0
20200304,4755,90706000.0,29100532.0,32.08
20200304,4763,51076700.0,37707696.0,73.82
20200304,4764,76788615.0,28583285.0,37.22
20200304,4766,120570780.0,13308751.0,11.03
20200304,4807,38470000.0,27954601.0,72.66
20200304,4904,3258500810.0,698205954.0,21.42
20200304,4906,356883496.0,33236044.0,9.31
20200304,4912,47472069.0,16905985.0,35.61
20200304,4915,448580824.0,258563142.0,57.64
20200304,4916,83451568.0,1571466.0,1.88
20200304,4919,287554400.0,13619007.0,4.73
20200304,4927,184752016.0,19180551.0,10.38
20200304,4930,134300000.0,7140690.0,5.31
20200304,4934,200000000.0,5541563.0,2.77
20200304,4935,130937091.0,38524396.0,29.42
20200304,4938,2611091856.0,1163544201.0,44.56
20200304,4942,142367613.0,27942700.0,19.62
20200304,4943,135975732.0,52238047.0,38.41
20200304,4952,108815816.0,2177079.0,2.0
20200304,4956,100408236.0,7909907.0,7.87
20200304,4958,902229887.0,736085955.0,81.58
20200304,4960,665728500.0,82906908.0,12.45
20200304,4961,165687462.0,1702355.0,1.02
20200304,4967,68257489.0,8306778.0,12.16
20200304,4968,60376078.0,11996307.0,19.86
20200304,4976,117182000.0,1295455.0,1.1
20200304,4977,66640551.0,23995923.0,36.0
20200304,4989,153085000.0,1389205.0,0.9
20200304,4994,110639000.0,2150009.0,1.94
20200304,4999,74417200.0,6897666.0,9.26
20200304,5007,294940154.0,10957994.0,3.71
20200304,5203,83709300.0,19233377.0,22.97
20200304,5215,54337500.0,17065713.0,31.4
20200304,5225,61504000.0,36059753.0,58.62
20200304,5234,102715911.0,9436918.0,9.18
20200304,5243,168528915.0,112845414.0,66.95
20200304,5258,89542579.0,3003516.0,3.35
20200304,5264,420456991.0,273850239.0,65.13
20200304,5269,60037861.0,11487230.0,19.13
20200304,5283,76000425.0,657000.0,0.86
20200304,5284,43664608.0,26692208.0,61.13
20200304,5285,86099463.0,1718814.0,1.99
20200304,5288,65826153.0,42662273.0,64.81
20200304,5305,312456688.0,69474570.0,22.23
20200304,5388,245653767.0,66559462.0,27.09
20200304,5434,181699567.0,57228900.0,31.49
20200304,5469,491441352.0,81813644.0,16.64
20200304,5471,167877062.0,17926349.0,10.67
20200304,5484,68115093.0,356104.0,0.52
20200304,5515,267440105.0,13735621.0,5.13
20200304,5519,198544958.0,5167656.0,2.6
20200304,5521,447527413.0,32865229.0,7.34
20200304,5522,806259241.0,87440500.0,10.84
20200304,5525,244991913.0,5350652.0,2.18
20200304,5531,982474245.0,59159466.0,6.02
20200304,5533,285244944.0,9165049.0,3.21
20200304,5534,290325960.0,55063343.0,18.96
20200304,5538,168000000.0,115261125.0,68.6
20200304,5607,229979100.0,7377990.0,3.2
20200304,5608,279267090.0,22092739.0,7.91
20200304,5706,61294353.0,778890.0,1.27
20200304,5871,1328200030.0,1015897956.0,76.48
20200304,5876,4481603140.0,2608970198.0,58.21
20200304,5880,12945848278.0,2685614378.0,20.74
20200304,5906,30000000.0,5909654.0,19.69
20200304,5907,195531000.0,104719237.0,53.55
20200304,6005,2170908097.0,248753788.0,11.45
20200304,6024,176437584.0,4659940.0,2.64
20200304,6108,159899311.0,11983779.0,7.49
20200304,6112,188357336.0,3704336.0,1.96
20200304,6115,187662154.0,24096791.0,12.84
20200304,6116,3133933851.0,356658465.0,11.38
20200304,6117,88650000.0,2478680.0,2.79
20200304,6120,665555114.0,61029842.0,9.16
20200304,6128,127588740.0,2949986.0,2.31
20200304,6131,101926533.0,125259.0,0.12
20200304,6133,117006294.0,5687871.0,4.86
20200304,6136,115536412.0,5204016.0,4.5
20200304,6139,225540929.0,37569010.0,16.65
20200304,6141,129964450.0,3498739.0,2.69
20200304,6142,268235633.0,7339699.0,2.73
20200304,6152,167738463.0,401337.0,0.23
20200304,6153,544279610.0,74993436.0,13.77
20200304,6155,86667589.0,2952407.0,3.4
20200304,6164,100000239.0,517855.0,0.51
20200304,6165,49682403.0,1002013.0,2.01
20200304,6166,217497257.0,36685082.0,16.86
20200304,6168,206069801.0,7433050.0,3.6
20200304,6172,30000000.0,196214.0,0.65
20200304,6176,465027263.0,288135821.0,61.96
20200304,6177,256896748.0,6848042.0,2.66
20200304,6183,150000000.0,1357954.0,0.9
20200304,6184,158230657.0,4297468.0,2.71
20200304,6189,179045194.0,9216648.0,5.14
20200304,6191,515546903.0,43029650.0,8.34
20200304,6192,106839745.0,31751935.0,29.71
20200304,6196,185690424.0,8747291.0,4.71
20200304,6197,122085882.0,12635322.0,10.34
20200304,6201,89200000.0,169834.0,0.19
20200304,6202,226168200.0,65867601.0,29.12
20200304,6205,71839079.0,2055032.0,2.86
20200304,6206,143062324.0,31089525.0,21.73
20200304,6209,163119931.0,2935568.0,1.79
20200304,6213,302957218.0,42297717.0,13.96
20200304,6214,269393304.0,43663863.0,16.2
20200304,6215,82789693.0,4488883.0,5.42
20200304,6216,84345637.0,671124.0,0.79
20200304,6224,80001838.0,14636544.0,18.29
20200304,6225,119076655.0,6441406.0,5.4
20200304,6226,114951789.0,641256.0,0.55
20200304,6230,86343396.0,52168477.0,60.41
20200304,6235,168069106.0,2907143.0,1.72
20200304,6239,779146634.0,586011455.0,75.21
20200304,6243,74976693.0,267847.0,0.35
20200304,6251,281059335.0,42479367.0,15.11
20200304,6257,415772017.0,124341117.0,29.9
20200304,6269,332954895.0,118631446.0,35.62
20200304,6271,165357520.0,38674799.0,23.38
20200304,6277,119471166.0,20035235.0,16.76
20200304,6278,292398353.0,82322935.0,28.15
20200304,6281,99172945.0,2057312.0,2.07
20200304,6282,516621295.0,86901219.0,16.82
20200304,6283,148079143.0,28189717.0,19.03
20200304,6285,390329302.0,65651961.0,16.81
20200304,6288,171128000.0,2026258.0,1.18
20200304,6289,269260452.0,159064.0,0.05
20200304,6405,65800000.0,97686.0,0.14
20200304,6409,83301492.0,54410785.0,65.31
20200304,6412,386715375.0,50717952.0,13.11
20200304,6414,83574472.0,9883619.0,11.82
20200304,6415,91185063.0,84643775.0,92.82
20200304,6416,68035634.0,902050.0,1.32
20200304,6431,45642835.0,7381338.0,16.17
20200304,6442,69300000.0,23267224.0,33.57
20200304,6443,379016730.0,10680906.0,2.81
20200304,6449,84441912.0,1792022.0,2.12
20200304,6451,105446800.0,64871830.0,61.52
20200304,6452,100000000.0,20224659.0,20.22
20200304,6456,339439800.0,155534550.0,45.82
20200304,6464,122694706.0,625214.0,0.5
20200304,6477,94456570.0,703612.0,0.74
20200304,6491,70000000.0,3028763.0,4.32
20200304,6504,72600000.0,2068932.0,2.84
20200304,6505,9525959652.0,723035546.0,7.59
20200304,6525,129047384.0,14555676.0,11.27
20200304,6531,73830423.0,12715388.0,17.22
20200304,6533,42650911.0,1431847.0,3.35
20200304,6541,264052074.0,103438062.0,39.17
20200304,6552,100000000.0,1135363.0,1.13
20200304,6558,86660750.0,4199446.0,4.84
20200304,6573,67499345.0,46174319.0,68.4
20200304,6579,148498468.0,4522000.0,3.04
20200304,6581,111270887.0,437000.0,0.39
20200304,6582,104877141.0,15747095.0,15.01
20200304,6591,26203000.0,7116089.0,27.15
20200304,6592,515000407.0,119511495.0,23.2
20200304,6605,165816397.0,20613775.0,12.43
20200304,6625,37333423.0,21895.0,0.05
20200304,6641,34000000.0,11010603.0,32.38
20200304,6655,75608500.0,196274.0,0.25
20200304,6666,47388000.0,37602602.0,79.35
20200304,6668,68392302.0,18213621.0,26.63
20200304,6669,174510791.0,39846146.0,22.83
20200304,6670,131030000.0,30301346.0,23.12
20200304,6671,60750000.0,38031634.0,62.6
20200304,6672,70654345.0,28348277.0,40.12
20200304,6674,66837681.0,25000.0,0.03
20200304,6698,66389753.0,3822223.0,5.75
20200304,6706,66744935.0,4337255.0,6.49
20200304,6715,57000000.0,4578580.0,8.03
20200304,8011,118620375.0,2750541.0,2.31
20200304,8016,120136876.0,45954609.0,38.25
20200304,8021,142180467.0,20298817.0,14.27
20200304,8028,132408000.0,17293941.0,13.06
20200304,8033,112629775.0,710442.0,0.63
20200304,8039,209119692.0,48163169.0,23.03
20200304,8046,646165487.0,43408182.0,6.71
20200304,8070,63879937.0,8147964.0,12.75
20200304,8072,80000000.0,875270.0,1.09
20200304,8081,86172072.0,13349566.0,15.49
20200304,8101,208088795.0,421966.0,0.2
20200304,8103,81399413.0,7751605.0,9.52
20200304,8104,67630050.0,704404.0,1.04
20200304,8105,441544851.0,259663939.0,58.8
20200304,8110,506381144.0,32546320.0,6.42
20200304,8112,378496473.0,112313968.0,29.67
20200304,8114,106074919.0,4659912.0,4.39
20200304,8131,442222223.0,30546354.0,6.9
20200304,8150,727240126.0,365157203.0,50.21
20200304,8163,280000001.0,50312469.0,17.96
20200304,8201,62366275.0,1715565.0,2.75
20200304,8210,119725950.0,19702690.0,16.45
20200304,8213,271242488.0,76317959.0,28.13
20200304,8215,320674514.0,8240161.0,2.56
20200304,8222,68546750.0,292821.0,0.42
20200304,8249,127055000.0,19621919.0,15.44
20200304,8261,81340493.0,20976082.0,25.78
20200304,8271,100897807.0,19655931.0,19.48
20200304,8341,111500000.0,28340379.0,25.41
20200304,8367,81131938.0,1132473.0,1.39
20200304,8374,112225487.0,3520038.0,3.13
20200304,8404,315178126.0,175665115.0,55.73
20200304,8411,175398185.0,109027792.0,62.16
20200304,8422,108888000.0,28988999.0,26.62
20200304,8427,104261000.0,36928760.0,35.41
20200304,8429,185747151.0,68638126.0,36.95
20200304,8442,49999682.0,37891396.0,75.78
20200304,8443,66800000.0,4413125.0,6.6
20200304,8454,140058500.0,40550064.0,28.95
20200304,8462,69835558.0,1482944.0,2.12
20200304,8463,150000000.0,915000.0,0.61
20200304,8464,293020200.0,122525824.0,41.81
20200304,8466,66059000.0,40565000.0,61.4
20200304,8467,49534000.0,21937038.0,44.28
20200304,8473,134812297.0,1323711.0,0.98
20200304,8478,90893276.0,51732320.0,56.91
20200304,8480,39270000.0,34264019.0,87.25
20200304,8481,66601866.0,2955000.0,4.43
20200304,8482,111112000.0,98828701.0,88.94
20200304,8488,67500000.0,52350033.0,77.55
20200304,8497,36542810.0,433058.0,1.18
20200304,8499,51286000.0,37823108.0,73.74
20200304,8926,589048595.0,43938828.0,7.45
20200304,8940,67491032.0,5413937.0,8.02
20200304,8996,89384080.0,1932389.0,2.16
20200304,9103,205531500.0,775001.0,0.37
20200304,9105,839284153.0,6272005.0,0.74
20200304,9110,54248500.0,4000.0,0.0
20200304,9136,151204000.0,1826000.0,1.2
20200304,9188,65614000.0,0.0,0.0
20200304,9802,159830923.0,76891428.0,48.1
20200304,9902,98049600.0,539538.0,0.55
20200304,9904,2946787213.0,1728986379.0,58.67
20200304,9905,305000000.0,10398081.0,3.4
20200304,9906,83343981.0,556624.0,0.66
20200304,9907,1579145342.0,218896309.0,13.86
20200304,9908,516358000.0,11406045.0,2.2
20200304,9910,734734249.0,144658561.0,19.68
20200304,9911,221121188.0,49856184.0,22.54
20200304,9912,54350569.0,8618401.0,15.85
20200304,9914,298983800.0,116051158.0,38.81
20200304,9917,451197093.0,192930011.0,42.75
20200304,9918,180537453.0,2337969.0,1.29
20200304,9919,195362750.0,5772490.0,2.95
20200304,9921,375064626.0,186172051.0,49.63
20200304,9924,188452170.0,24510283.0,13.0
20200304,9925,383653075.0,66070655.0,17.22
20200304,9926,179504075.0,357323.0,0.19
20200304,9927,209148167.0,22321053.0,10.67
20200304,9928,150724583.0,0.0,0.0
20200304,9929,168800000.0,13607624.0,8.06
20200304,9930,248540368.0,4987606.0,2.0
20200304,9931,102250512.0,472917.0,0.46
20200304,9933,763273848.0,194179190.0,25.44
20200304,9934,356212962.0,77812012.0,21.84
20200304,9935,169623342.0,9777408.0,5.76
20200304,9937,309043000.0,6063178.0,1.96
20200304,9938,297963902.0,77859939.0,26.13
20200304,9939,292878879.0,78347951.0,26.75
20200304,9940,736846500.0,36242132.0,4.91
20200304,9941,302092125.0,18565098.0,6.14
20200304,9942,83161320.0,3083735.0,3.7
20200304,9943,147317600.0,4397939.0,2.98
20200304,9944,109107100.0,2239160.0,2.05
20200304,9945,1003253999.0,164928910.0,16.43
20200304,9946,300820867.0,28597000.0,9.5
20200304,9955,103208229.0,885492.0,0.85
20200304,9958,209342910.0,6294745.0,3.0
20200305,1101,5465619204.0,1581883164.0,28.94
20200305,1102,3361447198.0,900515883.0,26.78
20200305,1103,774780548.0,40449655.0,5.22
20200305,1104,653609192.0,79228334.0,12.12
20200305,1108,404738049.0,6266730.0,1.54
20200305,1109,341957868.0,11816861.0,3.45
20200305,1110,572000797.0,43956466.0,7.68
20200305,1201,506062914.0,53078656.0,10.48
20200305,1203,240000000.0,5289769.0,2.2
20200305,1210,827339086.0,144726046.0,17.49
20200305,1213,56622627.0,42642.0,0.07
20200305,1215,267990998.0,111227756.0,41.5
20200305,1216,5682015421.0,2959614044.0,52.08
20200305,1217,494513336.0,41812256.0,8.45
20200305,1218,499999038.0,11525797.0,2.3
20200305,1219,322013887.0,11461703.0,3.55
20200305,1220,177077944.0,16383673.0,9.25
20200305,1225,218703051.0,1800906.0,0.82
20200305,1227,915089591.0,211814846.0,23.14
20200305,1229,1104739841.0,151671585.0,13.72
20200305,1231,174595395.0,4068890.0,2.33
20200305,1232,159974915.0,2098421.0,1.31
20200305,1233,90591948.0,4736802.0,5.22
20200305,1234,401871094.0,17539511.0,4.36
20200305,1235,98955436.0,66637.0,0.06
20200305,1236,108342510.0,75329.0,0.06
20200305,1256,33842160.0,1627777.0,4.8
20200305,1301,6365740781.0,2385031792.0,37.46
20200305,1303,7930821589.0,2404004925.0,30.31
20200305,1304,1188763500.0,411411531.0,34.6
20200305,1305,527029927.0,86030412.0,16.32
20200305,1307,397818126.0,46292752.0,11.63
20200305,1308,554382745.0,34881424.0,6.29
20200305,1309,334204892.0,14052279.0,4.2
20200305,1310,527869764.0,101350781.0,19.19
20200305,1312,906620328.0,237321417.0,26.17
20200305,1313,1332347607.0,151646443.0,11.38
20200305,1314,3284850130.0,571914239.0,17.41
20200305,1315,198000000.0,2687649.0,1.35
20200305,1316,179541221.0,1720031.0,0.95
20200305,1319,591477068.0,116427321.0,19.68
20200305,1321,227228268.0,5764995.0,2.53
20200305,1323,91274554.0,3054165.0,3.34
20200305,1324,75121882.0,351215.0,0.46
20200305,1325,85281198.0,446363.0,0.52
20200305,1326,5861186291.0,2142598919.0,36.55
20200305,1337,268954729.0,70424827.0,26.18
20200305,1338,83840000.0,12275510.0,14.64
20200305,1339,74138875.0,1320038.0,1.78
20200305,1340,152922855.0,47200345.0,30.86
20200305,1341,49400000.0,42911950.0,86.86
20200305,1402,5352875227.0,1050257932.0,19.62
20200305,1409,1618409291.0,254766725.0,15.74
20200305,1410,63000000.0,10206456.0,16.2
20200305,1413,132112454.0,357175.0,0.27
20200305,1414,220000000.0,2614669.0,1.18
20200305,1416,185342168.0,26597147.0,14.35
20200305,1417,189941840.0,5166119.0,2.71
20200305,1418,56834309.0,344219.0,0.6
20200305,1419,300041280.0,6685142.0,2.22
20200305,1423,138400000.0,2616830.0,1.89
20200305,1432,167937642.0,117917.0,0.07
20200305,1434,1684664637.0,282066735.0,16.74
20200305,1435,139780080.0,268879.0,0.19
20200305,1436,95634000.0,260722.0,0.27
20200305,1437,203371284.0,11534065.0,5.67
20200305,1438,102411518.0,93044.0,0.09
20200305,1439,92000000.0,1139935.0,1.23
20200305,1440,1656815857.0,121283074.0,7.32
20200305,1441,100800000.0,1417719.0,1.4
20200305,1442,302117481.0,8801757.0,2.91
20200305,1443,135343011.0,108758.0,0.08
20200305,1444,957302942.0,91542816.0,9.56
20200305,1445,132667034.0,1986715.0,1.49
20200305,1446,137709513.0,1572237.0,1.14
20200305,1447,914487242.0,68902634.0,7.53
20200305,1449,120000000.0,865535.0,0.72
20200305,1451,198000000.0,20430142.0,10.31
20200305,1452,132641400.0,5760732.0,4.34
20200305,1453,98642138.0,91880.0,0.09
20200305,1454,134309848.0,572472.0,0.42
20200305,1455,611763380.0,18763883.0,3.06
20200305,1456,93720000.0,140224.0,0.14
20200305,1457,301647640.0,8947110.0,2.96
20200305,1459,358628907.0,7910150.0,2.2
20200305,1460,509834182.0,23727481.0,4.65
20200305,1463,173268381.0,5647824.0,3.25
20200305,1464,384565652.0,7292677.0,1.89
20200305,1465,103607267.0,346735.0,0.33
20200305,1466,111157320.0,161264.0,0.14
20200305,1467,233624667.0,45129206.0,19.31
20200305,1468,160405244.0,2945115.0,1.83
20200305,1470,85767000.0,57084.0,0.06
20200305,1471,150414536.0,113970.0,0.07
20200305,1472,45672722.0,42667.0,0.09
20200305,1473,147153534.0,15657754.0,10.64
20200305,1474,129896969.0,229888.0,0.17
20200305,1475,16016749.0,11039.0,0.06
20200305,1476,274367111.0,101177100.0,36.87
20200305,1477,219856581.0,32691022.0,14.86
20200305,1503,520972223.0,166005116.0,31.86
20200305,1504,1967692886.0,807757221.0,41.05
20200305,1506,122855501.0,535365.0,0.43
20200305,1507,410820000.0,186837978.0,45.47
20200305,1512,220002494.0,18166048.0,8.25
20200305,1513,420000000.0,56388862.0,13.42
20200305,1514,207099023.0,25063851.0,12.1
20200305,1515,181473500.0,18255359.0,10.05
20200305,1516,33350889.0,164368.0,0.49
20200305,1517,227825007.0,5746321.0,2.52
20200305,1519,261058548.0,18898608.0,7.23
20200305,1521,76230000.0,25740764.0,33.76
20200305,1522,312897881.0,21035589.0,6.72
20200305,1524,179685207.0,263726.0,0.14
20200305,1525,73400135.0,54878.0,0.07
20200305,1526,60000000.0,695638.0,1.15
20200305,1527,138570640.0,13822726.0,9.97
20200305,1528,199331000.0,2540467.0,1.27
20200305,1529,95967982.0,297354.0,0.3
20200305,1530,96594171.0,695681.0,0.72
20200305,1531,185008080.0,18750386.0,10.13
20200305,1532,385252112.0,47449126.0,12.31
20200305,1533,98547486.0,6658588.0,6.75
20200305,1535,123742552.0,530004.0,0.42
20200305,1536,254956513.0,33408837.0,13.1
20200305,1537,81785394.0,19292756.0,23.58
20200305,1538,56135851.0,137355.0,0.24
20200305,1539,65370000.0,66034.0,0.1
20200305,1540,85473612.0,296353.0,0.34
20200305,1541,78800000.0,7695312.0,9.76
20200305,1558,60535631.0,7355116.0,12.15
20200305,1560,141000000.0,21176584.0,15.01
20200305,1568,103086559.0,1875113.0,1.81
20200305,1582,123724171.0,39842007.0,32.2
20200305,1583,110400372.0,103986.0,0.09
20200305,1587,67356618.0,13524742.0,20.07
20200305,1589,105617519.0,12443951.0,11.78
20200305,1590,189024998.0,129733430.0,68.63
20200305,1592,110978250.0,42892412.0,38.64
20200305,1598,115100887.0,773669.0,0.67
20200305,1603,191688000.0,3546859.0,1.85
20200305,1604,387200000.0,48594047.0,12.55
20200305,1605,3326000258.0,774861052.0,23.29
20200305,1608,632773506.0,21078907.0,3.33
20200305,1609,595068022.0,63953726.0,10.74
20200305,1611,358595268.0,42618941.0,11.88
20200305,1612,316080063.0,34129981.0,10.79
20200305,1614,269113406.0,5529013.0,2.05
20200305,1615,111861784.0,138650.0,0.12
20200305,1616,194148515.0,151127.0,0.07
20200305,1617,144233235.0,30662329.0,21.25
20200305,1618,240864684.0,2888787.0,1.19
20200305,1626,136850637.0,67160742.0,49.07
20200305,1701,298081080.0,31144156.0,10.44
20200305,1702,294132962.0,49220663.0,16.73
20200305,1707,136286373.0,28596989.0,20.98
20200305,1708,211520260.0,17558236.0,8.3
20200305,1709,477016272.0,18085188.0,3.79
20200305,1710,885703029.0,83698120.0,9.44
20200305,1711,547752226.0,47029552.0,8.58
20200305,1712,420492585.0,52398908.0,12.46
20200305,1713,150951700.0,7297675.0,4.83
20200305,1714,1016824808.0,188312528.0,18.51
20200305,1717,1240279455.0,168929703.0,13.62
20200305,1718,1621367217.0,171005850.0,10.54
20200305,1720,178696089.0,3743793.0,2.09
20200305,1721,222347344.0,6024121.0,2.7
20200305,1722,980000000.0,138208181.0,14.1
20200305,1723,236904480.0,32914149.0,13.89
20200305,1724,127813900.0,7720934.0,6.04
20200305,1725,181829978.0,289027.0,0.15
20200305,1726,162000000.0,24031727.0,14.83
20200305,1727,110250000.0,1148598.0,1.04
20200305,1730,63233851.0,4305281.0,6.8
20200305,1731,132915244.0,877790.0,0.66
20200305,1732,42443957.0,200646.0,0.47
20200305,1733,99986192.0,2990146.0,2.99
20200305,1734,167722022.0,5806757.0,3.46
20200305,1735,99388000.0,49926241.0,50.23
20200305,1736,303616617.0,12995499.0,4.28
20200305,1737,200000000.0,18891379.0,9.44
20200305,1760,76739013.0,1292958.0,1.68
20200305,1762,77560000.0,2864279.0,3.69
20200305,1773,150000000.0,4111597.0,2.74
20200305,1776,69986099.0,53001.0,0.07
20200305,1783,69465000.0,5380606.0,7.74
20200305,1786,58100000.0,415073.0,0.71
20200305,1789,790739222.0,33358012.0,4.21
20200305,1795,243113964.0,167610971.0,68.94
20200305,1802,2908060800.0,208523591.0,7.17
20200305,1805,100265400.0,123805.0,0.12
20200305,1806,433782078.0,53603314.0,12.35
20200305,1808,308330531.0,14395851.0,4.66
20200305,1809,167041937.0,5558786.0,3.32
20200305,1810,369853610.0,13025506.0,3.52
20200305,1817,72600000.0,1153000.0,1.58
20200305,1902,402000550.0,28099368.0,6.98
20200305,1903,260039121.0,38814115.0,14.92
20200305,1904,1108274522.0,143204947.0,12.92
20200305,1905,1102835316.0,48547594.0,4.4
20200305,1906,151000000.0,1607509.0,1.06
20200305,1907,1660371495.0,305817027.0,18.41
20200305,1909,1217685727.0,185053463.0,15.19
20200305,2002,15734860997.0,3169875961.0,20.14
20200305,2006,1004060608.0,129876745.0,12.93
20200305,2007,530651613.0,312965.0,0.05
20200305,2008,200852293.0,14402407.0,7.17
20200305,2009,359622165.0,23714265.0,6.59
20200305,2010,647655390.0,29576564.0,4.56
20200305,2012,287774000.0,7039540.0,2.44
20200305,2013,200000000.0,14707962.0,7.35
20200305,2014,1435544446.0,71523895.0,4.98
20200305,2015,581599424.0,58630782.0,10.08
20200305,2017,341867462.0,8267220.0,2.41
20200305,2020,222526100.0,5766869.0,2.59
20200305,2022,479751976.0,14716352.0,3.06
20200305,2023,1913327518.0,129561900.0,6.77
20200305,2024,97500000.0,169093.0,0.17
20200305,2025,281167262.0,119066.0,0.04
20200305,2027,1233790052.0,293433335.0,23.78
20200305,2028,325714800.0,290958.0,0.08
20200305,2029,321180000.0,225657081.0,70.25
20200305,2030,286526027.0,14663668.0,5.11
20200305,2031,310687699.0,31121658.0,10.01
20200305,2032,130521545.0,220736.0,0.16
20200305,2033,80694536.0,140139.0,0.17
20200305,2034,407130743.0,50298861.0,12.35
20200305,2038,181264522.0,420670.0,0.23
20200305,2049,309578886.0,122123703.0,39.44
20200305,2059,95297072.0,24292002.0,25.49
20200305,2062,163014152.0,16707128.0,10.24
20200305,2069,156386836.0,656307.0,0.41
20200305,2101,833934904.0,74207131.0,8.89
20200305,2102,473329207.0,39976645.0,8.44
20200305,2103,825709978.0,288040982.0,34.88
20200305,2104,984733625.0,116049319.0,11.78
20200305,2105,3241415536.0,444493650.0,13.71
20200305,2106,874430000.0,47540706.0,5.43
20200305,2107,350000000.0,35962821.0,10.27
20200305,2108,492416659.0,48552413.0,9.86
20200305,2109,332349134.0,49686660.0,14.95
20200305,2114,70901552.0,1331907.0,1.87
20200305,2115,86063215.0,39666789.0,46.09
20200305,2201,1572919909.0,101551369.0,6.45
20200305,2204,553620342.0,165221538.0,29.84
20200305,2206,853595604.0,87434153.0,10.24
20200305,2207,546179184.0,131651930.0,24.1
20200305,2208,472991749.0,15471344.0,3.27
20200305,2227,300000000.0,122888626.0,40.96
20200305,2228,75780281.0,7449573.0,9.83
20200305,2231,122821241.0,12570562.0,10.23
20200305,2233,60288089.0,5445033.0,9.03
20200305,2236,44826766.0,33332473.0,74.35
20200305,2239,118007000.0,89828639.0,76.12
20200305,2243,45718529.0,19640127.0,42.95
20200305,2301,2350867032.0,1315118045.0,55.94
20200305,2302,166302881.0,6350656.0,3.81
20200305,2303,11724318715.0,6022891688.0,51.37
20200305,2305,205660827.0,10032708.0,4.87
20200305,2308,2597543329.0,1739003693.0,66.94
20200305,2312,1452081211.0,255315398.0,17.58
20200305,2313,1191820589.0,355121913.0,29.79
20200305,2314,228028320.0,2720388.0,1.19
20200305,2316,203045040.0,38301712.0,18.86
20200305,2317,13862990609.0,6479631462.0,46.74
20200305,2321,315332590.0,167111.0,0.05
20200305,2323,1158881200.0,88747850.0,7.65
20200305,2324,4407146625.0,2160872811.0,49.03
20200305,2327,427121695.0,206610464.0,48.37
20200305,2328,518346282.0,92137357.0,17.77
20200305,2329,557328533.0,171394809.0,30.75
20200305,2330,25930380458.0,19989583390.0,77.08
20200305,2331,557402968.0,89926474.0,16.13
20200305,2332,651996166.0,94311376.0,14.46
20200305,2337,1839927014.0,390987187.0,21.25
20200305,2338,252713611.0,5689467.0,2.25
20200305,2340,378622846.0,75622961.0,19.97
20200305,2342,156342161.0,7416439.0,4.74
20200305,2344,3980000193.0,914617747.0,22.98
20200305,2345,557726397.0,320568061.0,57.47
20200305,2347,1667946968.0,600875238.0,36.02
20200305,2348,85600000.0,2063904.0,2.41
20200305,2349,1284157900.0,164060358.0,12.77
20200305,2351,182140249.0,23531398.0,12.91
20200305,2352,1966781958.0,412751368.0,20.98
20200305,2353,3074933828.0,864826714.0,28.12
20200305,2354,1414485192.0,399948054.0,28.27
20200305,2355,397495420.0,115520578.0,29.06
20200305,2356,3587475066.0,1000041451.0,27.87
20200305,2357,742760280.0,465302475.0,62.64
20200305,2358,94616172.0,252112.0,0.26
20200305,2359,171471052.0,7038519.0,4.1
20200305,2360,419092587.0,266954086.0,63.69
20200305,2362,669763000.0,88223734.0,13.17
20200305,2363,554062477.0,31804866.0,5.74
20200305,2364,198939797.0,30043266.0,15.1
20200305,2365,234538496.0,14038942.0,5.98
20200305,2367,619407175.0,135543891.0,21.88
20200305,2368,546487841.0,53937453.0,9.86
20200305,2369,380102344.0,59391913.0,15.62
20200305,2371,2339536685.0,933718911.0,39.91
20200305,2373,236202518.0,4620202.0,1.95
20200305,2374,282362812.0,25214951.0,8.92
20200305,2375,194063097.0,4211964.0,2.17
20200305,2376,635688886.0,192223954.0,30.23
20200305,2377,844856199.0,300512296.0,35.56
20200305,2379,508095464.0,318510573.0,62.68
20200305,2380,162444084.0,3032533.0,1.86
20200305,2382,3862627432.0,1041461380.0,26.96
20200305,2383,319708064.0,115724024.0,36.19
20200305,2385,734497521.0,403305501.0,54.9
20200305,2387,196297952.0,16803075.0,8.55
20200305,2388,493303441.0,53168666.0,10.77
20200305,2390,214021602.0,3903325.0,1.82
20200305,2392,512326940.0,70534211.0,13.76
20200305,2393,443056236.0,162539429.0,36.68
20200305,2395,699075510.0,289653226.0,41.43
20200305,2397,114688857.0,24662938.0,21.5
20200305,2399,178100000.0,30207283.0,16.96
20200305,2401,591994919.0,71139202.0,12.01
20200305,2402,307536533.0,42383723.0,13.78
20200305,2404,190586698.0,57682058.0,30.26
20200305,2405,343427303.0,21115651.0,6.14
20200305,2406,205905689.0,17814461.0,8.65
20200305,2408,3053504894.0,689270271.0,22.57
20200305,2409,9624245115.0,3096766066.0,32.17
20200305,2412,7757446545.0,1266324806.0,16.32
20200305,2413,127359200.0,595115.0,0.46
20200305,2414,161735846.0,10034674.0,6.2
20200305,2415,80000000.0,1260951.0,1.57
20200305,2417,192892330.0,6221430.0,3.22
20200305,2419,328986229.0,39932964.0,12.13
20200305,2420,152648688.0,6299474.0,4.12
20200305,2421,250929732.0,71949704.0,28.67
20200305,2423,145047289.0,2778432.0,1.91
20200305,2424,30000000.0,69154.0,0.23
20200305,2425,101498831.0,27064687.0,26.66
20200305,2426,300622252.0,23170643.0,7.7
20200305,2427,184314463.0,3691289.0,2.0
20200305,2428,128112726.0,19927394.0,15.55
20200305,2429,36736200.0,1353997.0,3.68
20200305,2430,166468825.0,6117090.0,3.67
20200305,2431,110927014.0,1443990.0,1.3
20200305,2433,144496011.0,1554704.0,1.07
20200305,2434,70602126.0,801806.0,1.13
20200305,2436,178009961.0,14180029.0,7.96
20200305,2438,95215940.0,49374.0,0.05
20200305,2439,207879134.0,41122337.0,19.78
20200305,2440,139117271.0,119394.0,0.08
20200305,2441,568845921.0,89367099.0,15.71
20200305,2442,267234372.0,9177550.0,3.43
20200305,2443,145687000.0,216195.0,0.14
20200305,2444,105557573.0,1984563.0,1.88
20200305,2448,1088701410.0,201605186.0,18.51
20200305,2449,1222745065.0,543007257.0,44.4
20200305,2450,258252657.0,12238636.0,4.73
20200305,2451,430761675.0,74167161.0,17.21
20200305,2453,100000000.0,1258804.0,1.25
20200305,2454,1589981632.0,988013783.0,62.13
20200305,2455,184905918.0,38275913.0,20.7
20200305,2456,243254748.0,43816627.0,18.01
20200305,2457,337688416.0,25316695.0,7.49
20200305,2458,303880392.0,101137035.0,33.28
20200305,2459,105900615.0,18858235.0,17.8
20200305,2460,169200000.0,1544103.0,0.91
20200305,2461,159324631.0,5924431.0,3.71
20200305,2462,142484596.0,1347712.0,0.94
20200305,2464,195531226.0,17149255.0,8.77
20200305,2465,53587301.0,280927.0,0.52
20200305,2466,156334226.0,18927291.0,12.1
20200305,2467,149205548.0,12601974.0,8.44
20200305,2468,69961249.0,78995.0,0.11
20200305,2471,47253890.0,666916.0,1.41
20200305,2472,129219822.0,4049986.0,3.13
20200305,2474,770391069.0,505187482.0,65.57
20200305,2476,184968298.0,18646143.0,10.08
20200305,2477,198216555.0,44898674.0,22.65
20200305,2478,145248989.0,8719363.0,6.0
20200305,2480,106360291.0,9683697.0,9.1
20200305,2481,332814927.0,38883858.0,11.68
20200305,2482,62072549.0,363301.0,0.58
20200305,2483,110618807.0,214242.0,0.19
20200305,2484,159421022.0,9721976.0,6.09
20200305,2485,317689037.0,20239914.0,6.37
20200305,2486,201958579.0,7233741.0,3.58
20200305,2488,79999433.0,2901631.0,3.62
20200305,2489,809362045.0,105167382.0,12.99
20200305,2491,82008000.0,6401676.0,7.8
20200305,2492,485800000.0,121376055.0,24.98
20200305,2493,114437390.0,8299922.0,7.25
20200305,2495,276290738.0,48454083.0,17.53
20200305,2496,17459400.0,8613869.0,49.33
20200305,2497,118798463.0,1748483.0,1.47
20200305,2498,818808635.0,130595679.0,15.94
20200305,2499,461172003.0,39550238.0,8.57
20200305,2501,1159561059.0,110256217.0,9.5
20200305,2504,1385000335.0,155374956.0,11.21
20200305,2505,696582479.0,30642174.0,4.39
20200305,2506,387000000.0,13314991.0,3.44
20200305,2509,204136846.0,3142604.0,1.53
20200305,2511,1623326147.0,142104618.0,8.75
20200305,2514,404729278.0,19287870.0,4.76
20200305,2515,1530899822.0,155924801.0,10.18
20200305,2516,226278457.0,6214701.0,2.74
20200305,2520,503791000.0,107497940.0,21.33
20200305,2524,384846372.0,8757260.0,2.27
20200305,2527,270306000.0,78402922.0,29.0
20200305,2528,277085409.0,419491.0,0.15
20200305,2530,270752466.0,3204115.0,1.18
20200305,2534,592784962.0,69534774.0,11.73
20200305,2535,290743386.0,29917226.0,10.28
20200305,2536,332808652.0,60364655.0,18.13
20200305,2537,300557795.0,7329782.0,2.43
20200305,2538,438448764.0,58707212.0,13.38
20200305,2539,461314374.0,499105.0,0.1
20200305,2540,146600000.0,161004.0,0.1
20200305,2542,1166628752.0,222593701.0,19.08
20200305,2543,241983788.0,305506.0,0.12
20200305,2545,327734808.0,13053067.0,3.98
20200305,2546,106035660.0,3714988.0,3.5
20200305,2547,912307649.0,204815854.0,22.45
20200305,2548,276812726.0,85522902.0,30.89
20200305,2597,135000000.0,1169171.0,0.86
20200305,2601,630883150.0,77269706.0,12.24
20200305,2603,4812973786.0,1156918605.0,24.03
20200305,2605,585353297.0,194171774.0,33.17
20200305,2606,845055712.0,79163002.0,9.36
20200305,2607,1067141094.0,75999279.0,7.12
20200305,2608,467000498.0,43332523.0,9.27
20200305,2609,2601335728.0,139783228.0,5.37
20200305,2610,5420984650.0,828763020.0,15.28
20200305,2611,175994247.0,283920.0,0.16
20200305,2612,197484593.0,4845744.0,2.45
20200305,2613,148423458.0,133643.0,0.09
20200305,2614,556789889.0,12219704.0,2.19
20200305,2615,2218297466.0,929270785.0,41.89
20200305,2616,137281827.0,4670589.0,3.4
20200305,2617,417294487.0,14987835.0,3.59
20200305,2618,4853569490.0,1371264992.0,28.25
20200305,2630,120120000.0,72000.0,0.05
20200305,2633,5628293058.0,809896846.0,14.38
20200305,2634,941867101.0,23915570.0,2.53
20200305,2636,117157402.0,17220077.0,14.69
20200305,2637,688655903.0,53305379.0,7.74
20200305,2642,95467000.0,4971332.0,5.2
20200305,2701,449967838.0,1982326.0,0.44
20200305,2702,110485538.0,40862363.0,36.98
20200305,2704,366923343.0,32066145.0,8.73
20200305,2705,186536630.0,5733559.0,3.07
20200305,2706,499998346.0,12968990.0,2.59
20200305,2707,126745769.0,19125940.0,15.09
20200305,2712,105000000.0,80592.0,0.07
20200305,2722,111522961.0,126380.0,0.11
20200305,2723,180000000.0,97296662.0,54.05
20200305,2727,76987883.0,8137282.0,10.56
20200305,2731,70000000.0,2413896.0,3.44
20200305,2739,111526000.0,2287800.0,2.05
20200305,2748,65637000.0,451847.0,0.68
20200305,2801,9985311160.0,1508359671.0,15.1
20200305,2809,1131234265.0,192610711.0,17.02
20200305,2812,3708834898.0,518801827.0,13.98
20200305,2816,212960000.0,12134821.0,5.69
20200305,2820,1342960000.0,107374576.0,7.99
20200305,2823,4463582304.0,1139089423.0,25.51
20200305,2832,362200400.0,11996718.0,3.31
20200305,2834,7131984244.0,1698733456.0,23.81
20200305,2836,1080916486.0,82257726.0,7.6
20200305,2838,2884455292.0,92212173.0,3.19
20200305,2841,760943600.0,81619784.0,10.72
20200305,2845,3355819407.0,430357204.0,12.82
20200305,2849,1957910050.0,1154694914.0,58.97
20200305,2850,315963300.0,28047004.0,8.87
20200305,2851,590388750.0,13945017.0,2.36
20200305,2852,301163784.0,12383846.0,4.11
20200305,2855,1372390028.0,150715968.0,10.98
20200305,2867,2371971471.0,172682203.0,7.28
20200305,2880,12172740178.0,2484089161.0,20.4
20200305,2881,10233603995.0,2791984748.0,27.28
20200305,2882,13169210128.0,2960431966.0,22.47
20200305,2883,14965982132.0,3912328180.0,26.14
20200305,2884,11619500000.0,5078569283.0,43.7
20200305,2885,11670611456.0,4659193418.0,39.92
20200305,2886,13599823983.0,3587863792.0,26.38
20200305,2887,10656061370.0,2984602842.0,28.0
20200305,2888,12600394063.0,2832462316.0,22.47
20200305,2889,2848064596.0,365166528.0,12.82
20200305,2890,11281054106.0,3574016731.0,31.68
20200305,2891,19496989569.0,8094317923.0,41.51
20200305,2892,12461942795.0,3392884377.0,27.22
20200305,2897,2413006301.0,30689066.0,1.27
20200305,2901,73043283.0,54994.0,0.07
20200305,2903,1416940589.0,211874748.0,14.95
20200305,2904,69034432.0,83652.0,0.12
20200305,2905,826682688.0,58313423.0,7.05
20200305,2906,209111093.0,3862522.0,1.84
20200305,2908,509887558.0,40836961.0,8.0
20200305,2910,208725000.0,321000.0,0.15
20200305,2911,188941775.0,33257867.0,17.6
20200305,2912,1039622255.0,423529859.0,40.73
20200305,2913,790000000.0,90725554.0,11.48
20200305,2915,564860594.0,103818872.0,18.37
20200305,2923,1740296982.0,1727758274.0,99.27
20200305,2929,94955292.0,47374460.0,49.89
20200305,2936,76555696.0,67946696.0,88.75
20200305,2939,47222665.0,35186893.0,74.51
20200305,3002,102000000.0,268372.0,0.26
20200305,3003,155654890.0,10909386.0,7.0
20200305,3004,52647155.0,449072.0,0.85
20200305,3005,579520150.0,196307350.0,33.87
20200305,3006,285758925.0,44415870.0,15.54
20200305,3008,134140197.0,71319711.0,53.16
20200305,3010,231390138.0,55666250.0,24.05
20200305,3011,112719251.0,169048.0,0.14
20200305,3013,159435018.0,3262158.0,2.04
20200305,3014,161080124.0,36380773.0,22.58
20200305,3015,192261950.0,22170055.0,11.53
20200305,3016,274401315.0,1788055.0,0.65
20200305,3017,353310157.0,125944497.0,35.64
20200305,3018,73512132.0,1819793.0,2.47
20200305,3019,281083901.0,35109429.0,12.49
20200305,3021,95813467.0,2421516.0,2.52
20200305,3022,177289790.0,36731752.0,20.71
20200305,3023,229078860.0,115499500.0,50.41
20200305,3024,277157496.0,4441140.0,1.6
20200305,3025,70920550.0,1569059.0,2.21
20200305,3026,157990779.0,17947580.0,11.35
20200305,3027,98856311.0,187199.0,0.18
20200305,3028,213824864.0,11080615.0,5.18
20200305,3029,124009212.0,3351382.0,2.7
20200305,3030,236216000.0,55285604.0,23.4
20200305,3031,186674224.0,6126937.0,3.28
20200305,3032,113285626.0,2288015.0,2.01
20200305,3033,367751242.0,17574471.0,4.77
20200305,3034,608511469.0,374810552.0,61.59
20200305,3035,248550313.0,58147076.0,23.39
20200305,3036,588121760.0,141346511.0,24.03
20200305,3037,1504732333.0,504032814.0,33.49
20200305,3038,162407603.0,7126365.0,4.38
20200305,3040,63000000.0,10686598.0,16.96
20200305,3041,192539746.0,16311167.0,8.47
20200305,3042,309757040.0,109828490.0,35.45
20200305,3043,194878166.0,2460666.0,1.26
20200305,3044,525605898.0,318968967.0,60.68
20200305,3045,3442720069.0,679472075.0,19.73
20200305,3046,71448013.0,747702.0,1.04
20200305,3047,186491633.0,7609547.0,4.08
20200305,3048,222572540.0,27102242.0,12.17
20200305,3049,806948529.0,69374335.0,8.59
20200305,3050,145984450.0,7958083.0,5.45
20200305,3051,325332396.0,273232.0,0.08
20200305,3052,228713554.0,5509014.0,2.4
20200305,3054,87848033.0,195261.0,0.22
20200305,3055,102441918.0,2586424.0,2.52
20200305,3056,209215308.0,20543643.0,9.81
20200305,3057,161409213.0,7898531.0,4.89
20200305,3058,164937351.0,4429488.0,2.68
20200305,3059,275361325.0,35339942.0,12.83
20200305,3060,139361590.0,11110534.0,7.97
20200305,3062,328605418.0,44890964.0,13.66
20200305,3090,178657150.0,19667470.0,11.0
20200305,3094,84655089.0,1777644.0,2.09
20200305,3130,33190700.0,13691919.0,41.25
20200305,3149,206393604.0,3792085.0,1.83
20200305,3164,88911864.0,740305.0,0.83
20200305,3167,80134116.0,1415490.0,1.76
20200305,3189,451039005.0,78902536.0,17.49
20200305,3209,172915577.0,3762482.0,2.17
20200305,3229,93515881.0,1505777.0,1.61
20200305,3231,2840612050.0,1630826502.0,57.41
20200305,3257,69380277.0,305835.0,0.44
20200305,3266,352314309.0,17746199.0,5.03
20200305,3296,98224450.0,1935054.0,1.97
20200305,3305,118265271.0,3404144.0,2.87
20200305,3308,98569663.0,110319.0,0.11
20200305,3311,60000000.0,637964.0,1.06
20200305,3312,118032122.0,10041120.0,8.5
20200305,3321,126218519.0,672491.0,0.53
20200305,3338,86481985.0,2165284.0,2.5
20200305,3346,75784000.0,3550347.0,4.68
20200305,3356,89871303.0,1406093.0,1.56
20200305,3376,178988346.0,50410800.0,28.16
20200305,3380,542727260.0,37497968.0,6.9
20200305,3383,70000000.0,12087788.0,17.26
20200305,3406,110890463.0,30313175.0,27.33
20200305,3413,82687500.0,14932793.0,18.05
20200305,3416,72181447.0,1679113.0,2.32
20200305,3419,120480417.0,7590468.0,6.3
20200305,3432,66586000.0,3355907.0,5.03
20200305,3437,144548000.0,15315650.0,10.59
20200305,3443,134011911.0,23825230.0,17.77
20200305,3450,145681382.0,15722551.0,10.79
20200305,3454,87033910.0,6741535.0,7.74
20200305,3481,9711071977.0,2831713485.0,29.15
20200305,3494,179450634.0,8097372.0,4.51
20200305,3501,118257927.0,3999862.0,3.38
20200305,3504,114059785.0,2033172.0,1.78
20200305,3515,120647229.0,6246636.0,5.17
20200305,3518,80752230.0,7368563.0,9.12
20200305,3528,65597216.0,5659002.0,8.62
20200305,3530,78025900.0,36219050.0,46.41
20200305,3532,387848300.0,190378887.0,49.08
20200305,3533,103477900.0,24948995.0,24.11
20200305,3535,79052356.0,2313218.0,2.92
20200305,3536,106800000.0,223564.0,0.2
20200305,3545,299416416.0,74331634.0,24.82
20200305,3550,85000000.0,666002.0,0.78
20200305,3557,72300415.0,25112441.0,34.73
20200305,3563,42608234.0,8840796.0,20.74
20200305,3576,2665577382.0,256350850.0,9.61
20200305,3583,81139000.0,6856998.0,8.45
20200305,3588,46882200.0,2395568.0,5.1
20200305,3591,125001379.0,6248207.0,4.99
20200305,3593,83042416.0,48931.0,0.05
20200305,3596,208535090.0,21705075.0,10.4
20200305,3605,122395884.0,10994006.0,8.98
20200305,3607,121662239.0,9142427.0,7.51
20200305,3617,80951000.0,3059694.0,3.77
20200305,3622,151327600.0,4090223.0,2.7
20200305,3645,129420494.0,6356871.0,4.91
20200305,3653,120484239.0,8111618.0,6.73
20200305,3661,60186610.0,25798541.0,42.86
20200305,3665,130517407.0,55865086.0,42.8
20200305,3669,92919950.0,1979568.0,2.13
20200305,3673,406663759.0,166301657.0,40.89
20200305,3679,62296229.0,8685130.0,13.94
20200305,3682,3817196399.0,152744537.0,4.0
20200305,3686,113513643.0,2431525.0,2.14
20200305,3694,150495808.0,1060156.0,0.7
20200305,3698,519386380.0,126464056.0,24.34
20200305,3701,190344554.0,6307144.0,3.31
20200305,3702,1679056833.0,545536966.0,32.49
20200305,3703,823215980.0,174996085.0,21.25
20200305,3704,441177355.0,43695874.0,9.9
20200305,3705,266422983.0,35435744.0,13.3
20200305,3706,1077282847.0,230544349.0,21.4
20200305,3708,93504604.0,13815095.0,14.77
20200305,3711,4323358382.0,3300904078.0,76.35
20200305,3712,246242146.0,2598345.0,1.05
20200305,4104,141148970.0,9742081.0,6.9
20200305,4106,100911557.0,1220366.0,1.2
20200305,4108,163616379.0,752965.0,0.46
20200305,4119,79485310.0,16909617.0,21.27
20200305,4133,60553594.0,9494858.0,15.68
20200305,4137,79492350.0,51512940.0,64.8
20200305,4141,171144968.0,118545333.0,69.26
20200305,4142,362352752.0,14154228.0,3.9
20200305,4144,77139000.0,42008609.0,54.45
20200305,4148,64034001.0,46287001.0,72.28
20200305,4155,78621079.0,346312.0,0.44
20200305,4164,140386871.0,38217614.0,27.22
20200305,4190,60914700.0,38297449.0,62.87
20200305,4306,571834173.0,35406283.0,6.19
20200305,4414,903434949.0,186062154.0,20.59
20200305,4426,161079476.0,13477823.0,8.36
20200305,4438,103375292.0,5598954.0,5.41
20200305,4439,31500000.0,20358000.0,64.62
20200305,4526,254826461.0,19722805.0,7.73
20200305,4532,504915105.0,55521444.0,10.99
20200305,4536,90820000.0,12083107.0,13.3
20200305,4540,96678000.0,2346001.0,2.42
20200305,4545,77000000.0,26893132.0,34.92
20200305,4551,81934000.0,41923859.0,51.16
20200305,4552,116000000.0,58934630.0,50.8
20200305,4555,66880000.0,4394000.0,6.56
20200305,4557,39808000.0,16094330.0,40.42
20200305,4560,67666195.0,55778849.0,82.43
20200305,4562,67546000.0,1005018.0,1.48
20200305,4564,177786553.0,4711936.0,2.65
20200305,4566,66656000.0,2579000.0,3.86
20200305,4571,47600000.0,34016228.0,71.46
20200305,4572,35800000.0,68000.0,0.18
20200305,4576,117908241.0,2000202.0,1.69
20200305,4720,88576709.0,2645173.0,2.98
20200305,4722,100009159.0,3325156.0,3.32
20200305,4725,291975000.0,2783827.0,0.95
20200305,4737,59500794.0,18763501.0,31.53
20200305,4739,93029269.0,3580044.0,3.84
20200305,4746,99012550.0,4990164.0,5.03
20200305,4755,90706000.0,29108532.0,32.09
20200305,4763,51076700.0,37765696.0,73.93
20200305,4764,76788615.0,28584285.0,37.22
20200305,4766,120570780.0,13367751.0,11.08
20200305,4807,38470000.0,27954601.0,72.66
20200305,4904,3258500810.0,698134337.0,21.42
20200305,4906,356883496.0,33488044.0,9.38
20200305,4912,47472069.0,16899985.0,35.59
20200305,4915,448580824.0,258742056.0,57.68
20200305,4916,83451568.0,1592466.0,1.9
20200305,4919,287554400.0,13751007.0,4.78
20200305,4927,184752016.0,19155551.0,10.36
20200305,4930,134300000.0,7166690.0,5.33
20200305,4934,200000000.0,4923563.0,2.46
20200305,4935,130937091.0,39119396.0,29.87
20200305,4938,2611091856.0,1161420894.0,44.48
20200305,4942,142367613.0,27997700.0,19.66
20200305,4943,135975732.0,51812249.0,38.1
20200305,4952,108815816.0,2200079.0,2.02
20200305,4956,100408236.0,7905907.0,7.87
20200305,4958,902229887.0,735637638.0,81.53
20200305,4960,665728500.0,82601908.0,12.4
20200305,4961,165687462.0,1872355.0,1.13
20200305,4967,68257489.0,8143778.0,11.93
20200305,4968,60376078.0,12670307.0,20.98
20200305,4976,117182000.0,1368455.0,1.16
20200305,4977,66640551.0,24273923.0,36.42
20200305,4989,153085000.0,1405205.0,0.91
20200305,4994,110639000.0,2230009.0,2.01
20200305,4999,74417200.0,6899666.0,9.27
20200305,5007,294940154.0,10959994.0,3.71
20200305,5203,83709300.0,19348377.0,23.11
20200305,5215,54337500.0,17013713.0,31.31
20200305,5225,61504000.0,36192753.0,58.84
20200305,5234,102715911.0,9514918.0,9.26
20200305,5243,168528915.0,112822414.0,66.94
20200305,5258,89542579.0,3033516.0,3.38
20200305,5264,420456991.0,273847239.0,65.13
20200305,5269,60037861.0,11625794.0,19.36
20200305,5283,76000425.0,656000.0,0.86
20200305,5284,43664608.0,26699208.0,61.14
20200305,5285,86099463.0,1749814.0,2.03
20200305,5288,65826153.0,42657273.0,64.8
20200305,5305,312456688.0,69489570.0,22.23
20200305,5388,245653767.0,66452674.0,27.05
20200305,5434,181699567.0,57287220.0,31.52
20200305,5469,491441352.0,83051090.0,16.89
20200305,5471,167877062.0,18419349.0,10.97
20200305,5484,68115093.0,356104.0,0.52
20200305,5515,267440105.0,13758621.0,5.14
20200305,5519,198544958.0,5254512.0,2.64
20200305,5521,447527413.0,33136229.0,7.4
20200305,5522,806259241.0,87462500.0,10.84
20200305,5525,244991913.0,5354652.0,2.18
20200305,5531,982474245.0,59243466.0,6.03
20200305,5533,285244944.0,9144049.0,3.2
20200305,5534,290325960.0,55064343.0,18.96
20200305,5538,168000000.0,115261125.0,68.6
20200305,5607,229979100.0,7650990.0,3.32
20200305,5608,279267090.0,22134739.0,7.92
20200305,5706,61294353.0,801890.0,1.3
20200305,5871,1328200030.0,1016679233.0,76.54
20200305,5876,4481603140.0,2610315653.0,58.24
20200305,5880,12945848278.0,2685599447.0,20.74
20200305,5906,30000000.0,5899654.0,19.66
20200305,5907,195531000.0,104708237.0,53.55
20200305,6005,2170908097.0,248910788.0,11.46
20200305,6024,176437584.0,4628940.0,2.62
20200305,6108,159899311.0,11974779.0,7.48
20200305,6112,188357336.0,3770336.0,2.0
20200305,6115,187662154.0,24122791.0,12.85
20200305,6116,3133933851.0,353103465.0,11.26
20200305,6117,88650000.0,2497680.0,2.81
20200305,6120,665555114.0,61002842.0,9.16
20200305,6128,127588740.0,2929370.0,2.29
20200305,6131,101926533.0,125259.0,0.12
20200305,6133,117006294.0,5729871.0,4.89
20200305,6136,115536412.0,5189016.0,4.49
20200305,6139,225540929.0,37467010.0,16.61
20200305,6141,129964450.0,2869739.0,2.2
20200305,6142,268235633.0,7305699.0,2.72
20200305,6152,167738463.0,406337.0,0.24
20200305,6153,544279610.0,73413000.0,13.48
20200305,6155,86667589.0,2928407.0,3.37
20200305,6164,100000239.0,561855.0,0.56
20200305,6165,49682403.0,1077013.0,2.16
20200305,6166,217497257.0,36769082.0,16.9
20200305,6168,206069801.0,7450050.0,3.61
20200305,6172,30000000.0,212214.0,0.7
20200305,6176,465027263.0,287208606.0,61.76
20200305,6177,256896748.0,6977042.0,2.71
20200305,6183,150000000.0,1422954.0,0.94
20200305,6184,158230657.0,4328468.0,2.73
20200305,6189,179045194.0,9270648.0,5.17
20200305,6191,515546903.0,42677650.0,8.27
20200305,6192,106839745.0,31746935.0,29.71
20200305,6196,185690424.0,8500291.0,4.57
20200305,6197,122085882.0,12669322.0,10.37
20200305,6201,89200000.0,169834.0,0.19
20200305,6202,226168200.0,65699601.0,29.04
20200305,6205,71839079.0,2068032.0,2.87
20200305,6206,143062324.0,31025525.0,21.68
20200305,6209,163119931.0,3051568.0,1.87
20200305,6213,302957218.0,42518031.0,14.03
20200305,6214,269393304.0,43741863.0,16.23
20200305,6215,82789693.0,4510883.0,5.44
20200305,6216,84345637.0,704124.0,0.83
20200305,6224,80001838.0,14604544.0,18.25
20200305,6225,119076655.0,6441406.0,5.4
20200305,6226,114951789.0,673256.0,0.58
20200305,6230,86343396.0,52093439.0,60.33
20200305,6235,168069106.0,2927143.0,1.74
20200305,6239,779146634.0,585570754.0,75.15
20200305,6243,74976693.0,266847.0,0.35
20200305,6251,281059335.0,41732367.0,14.84
20200305,6257,415772017.0,124311028.0,29.89
20200305,6269,332954895.0,120139446.0,36.08
20200305,6271,165357520.0,38721499.0,23.41
20200305,6277,119471166.0,20023235.0,16.75
20200305,6278,292398353.0,81203825.0,27.77
20200305,6281,99172945.0,2063312.0,2.08
20200305,6282,516621295.0,86554219.0,16.75
20200305,6283,148079143.0,28199717.0,19.04
20200305,6285,390329302.0,65864961.0,16.87
20200305,6288,171128000.0,2146258.0,1.25
20200305,6289,269260452.0,159064.0,0.05
20200305,6405,65800000.0,119686.0,0.18
20200305,6409,83301492.0,54399785.0,65.3
20200305,6412,386715375.0,50848952.0,13.14
20200305,6414,83574472.0,9772619.0,11.69
20200305,6415,91185063.0,84755775.0,92.94
20200305,6416,68035634.0,948050.0,1.39
20200305,6431,45642835.0,7380338.0,16.16
20200305,6442,69300000.0,23267224.0,33.57
20200305,6443,379016730.0,10723906.0,2.82
20200305,6449,84441912.0,1795022.0,2.12
20200305,6451,105446800.0,65037830.0,61.67
20200305,6452,100000000.0,20273659.0,20.27
20200305,6456,339439800.0,155556896.0,45.82
20200305,6464,122694706.0,625214.0,0.5
20200305,6477,94456570.0,719612.0,0.76
20200305,6491,70000000.0,2987763.0,4.26
20200305,6504,72600000.0,2143932.0,2.95
20200305,6505,9525959652.0,723523052.0,7.59
20200305,6525,129047384.0,14617676.0,11.32
20200305,6531,73830423.0,13209388.0,17.89
20200305,6533,42650911.0,1473847.0,3.45
20200305,6541,264052074.0,103458062.0,39.18
20200305,6552,100000000.0,1146363.0,1.14
20200305,6558,86660750.0,4147446.0,4.78
20200305,6573,67499345.0,46180319.0,68.41
20200305,6579,148498468.0,4510000.0,3.03
20200305,6581,111270887.0,437000.0,0.39
20200305,6582,104877141.0,15860095.0,15.12
20200305,6591,26203000.0,7108089.0,27.12
20200305,6592,515000407.0,119620495.0,23.22
20200305,6605,165816397.0,20584775.0,12.41
20200305,6625,37333423.0,19895.0,0.05
20200305,6641,34000000.0,11040603.0,32.47
20200305,6655,75608500.0,204274.0,0.27
20200305,6666,47388000.0,37603602.0,79.35
20200305,6668,68392302.0,18301621.0,26.75
20200305,6669,174510791.0,40312146.0,23.1
20200305,6670,131030000.0,30351346.0,23.16
20200305,6671,60750000.0,38040634.0,62.61
20200305,6672,70654345.0,28308277.0,40.06
20200305,6674,66837681.0,31000.0,0.04
20200305,6698,66389753.0,3836223.0,5.77
20200305,6706,66744935.0,3865814.0,5.79
20200305,6715,57000000.0,4581580.0,8.03
20200305,8011,118620375.0,2751541.0,2.31
20200305,8016,120136876.0,45738807.0,38.07
20200305,8021,142180467.0,20181817.0,14.19
20200305,8028,132408000.0,17318941.0,13.07
20200305,8033,112629775.0,736442.0,0.65
20200305,8039,209119692.0,49515169.0,23.67
20200305,8046,646165487.0,41719544.0,6.45
20200305,8070,63879937.0,8123964.0,12.71
20200305,8072,80000000.0,890270.0,1.11
20200305,8081,86172072.0,13617566.0,15.8
20200305,8101,208088795.0,406966.0,0.19
20200305,8103,81399413.0,7747605.0,9.51
20200305,8104,67630050.0,755404.0,1.11
20200305,8105,441544851.0,259884939.0,58.85
20200305,8110,506381144.0,32631320.0,6.44
20200305,8112,378496473.0,112930968.0,29.83
20200305,8114,106074919.0,4643912.0,4.37
20200305,8131,442222223.0,30546354.0,6.9
20200305,8150,727240126.0,364552823.0,50.12
20200305,8163,280000001.0,50206836.0,17.93
20200305,8201,62366275.0,1743565.0,2.79
20200305,8210,119725950.0,19471690.0,16.26
20200305,8213,271242488.0,76076959.0,28.04
20200305,8215,320674514.0,7526161.0,2.34
20200305,8222,68546750.0,295821.0,0.43
20200305,8249,127055000.0,19588919.0,15.41
20200305,8261,81340493.0,20902082.0,25.69
20200305,8271,100897807.0,19852931.0,19.67
20200305,8341,111500000.0,28348379.0,25.42
20200305,8367,81131938.0,1157473.0,1.42
20200305,8374,112225487.0,3524038.0,3.14
20200305,8404,315178126.0,175673115.0,55.73
20200305,8411,175398185.0,109050792.0,62.17
20200305,8422,108888000.0,28832999.0,26.47
20200305,8427,104261000.0,36928760.0,35.41
20200305,8429,185747151.0,68608126.0,36.93
20200305,8442,49999682.0,37897396.0,75.79
20200305,8443,66800000.0,4442125.0,6.64
20200305,8454,140058500.0,40540074.0,28.94
20200305,8462,69835558.0,1458944.0,2.08
20200305,8463,150000000.0,911000.0,0.6
20200305,8464,293020200.0,122647882.0,41.85
20200305,8466,66059000.0,40567000.0,61.41
20200305,8467,49534000.0,21937038.0,44.28
20200305,8473,134812297.0,1317711.0,0.97
20200305,8478,90893276.0,51732320.0,56.91
20200305,8480,39270000.0,34244019.0,87.2
20200305,8481,66601866.0,2955000.0,4.43
20200305,8482,111112000.0,98838701.0,88.95
20200305,8488,67500000.0,52370033.0,77.58
20200305,8497,36542810.0,462058.0,1.26
20200305,8499,51286000.0,37826108.0,73.75
20200305,8926,589048595.0,44278828.0,7.51
20200305,8940,67491032.0,5413937.0,8.02
20200305,8996,89384080.0,1762389.0,1.97
20200305,9103,205531500.0,843001.0,0.41
20200305,9105,839284153.0,6356005.0,0.75
20200305,9110,54248500.0,4000.0,0.0
20200305,9136,151204000.0,1748000.0,1.15
20200305,9188,65692000.0,0.0,0.0
20200305,9802,159830923.0,76407990.0,47.8
20200305,9902,98049600.0,540538.0,0.55
20200305,9904,2946787213.0,1727815110.0,58.63
20200305,9905,305000000.0,10359081.0,3.39
20200305,9906,83343981.0,601624.0,0.72
20200305,9907,1579145342.0,219238309.0,13.88
20200305,9908,516358000.0,11375045.0,2.2
20200305,9910,734734249.0,144623511.0,19.68
20200305,9911,221121188.0,50018184.0,22.62
20200305,9912,54350569.0,8655401.0,15.92
20200305,9914,298983800.0,116176158.0,38.85
20200305,9917,451197093.0,193064957.0,42.78
20200305,9918,180537453.0,2337969.0,1.29
20200305,9919,195362750.0,5713490.0,2.92
20200305,9921,375064626.0,186079051.0,49.61
20200305,9924,188452170.0,24510283.0,13.0
20200305,9925,383653075.0,66066655.0,17.22
20200305,9926,179504075.0,357323.0,0.19
20200305,9927,209148167.0,22351053.0,10.68
20200305,9928,150724583.0,0.0,0.0
20200305,9929,168800000.0,13607624.0,8.06
20200305,9930,248540368.0,4986606.0,2.0
20200305,9931,102250512.0,473917.0,0.46
20200305,9933,763273848.0,193726190.0,25.38
20200305,9934,356212962.0,77792012.0,21.83
20200305,9935,169623342.0,9598408.0,5.65
20200305,9937,309043000.0,6063178.0,1.96
20200305,9938,297963902.0,77611939.0,26.04
20200305,9939,292878879.0,78356951.0,26.75
20200305,9940,736846500.0,36285132.0,4.92
20200305,9941,302092125.0,18551666.0,6.14
20200305,9942,83161320.0,3113735.0,3.74
20200305,9943,147317600.0,4405939.0,2.99
20200305,9944,109107100.0,2243160.0,2.05
20200305,9945,1003253999.0,165578968.0,16.5
20200305,9946,300820867.0,28731000.0,9.55
20200305,9955,103208229.0,1014492.0,0.98
20200305,9958,209342910.0,6529745.0,3.11
20200306,1101,5465619204.0,1575791574.0,28.83
20200306,1102,3361447198.0,897622883.0,26.7
20200306,1103,774780548.0,40280655.0,5.19
20200306,1104,653609192.0,79125334.0,12.1
20200306,1108,404738049.0,6261730.0,1.54
20200306,1109,341957868.0,11760861.0,3.43
20200306,1110,572000797.0,43890466.0,7.67
20200306,1201,506062914.0,52979850.0,10.46
20200306,1203,240000000.0,5257769.0,2.19
20200306,1210,827339086.0,144361327.0,17.44
20200306,1213,56622627.0,42642.0,0.07
20200306,1215,267990998.0,111188756.0,41.48
20200306,1216,5682015421.0,2957414681.0,52.04
20200306,1217,494513336.0,41723256.0,8.43
20200306,1218,499999038.0,11634797.0,2.32
20200306,1219,322013887.0,11444703.0,3.55
20200306,1220,177077944.0,16383673.0,9.25
20200306,1225,218703051.0,1773906.0,0.81
20200306,1227,915089591.0,211547846.0,23.11
20200306,1229,1104739841.0,151541585.0,13.71
20200306,1231,174595395.0,4027890.0,2.3
20200306,1232,159974915.0,2096421.0,1.31
20200306,1233,90591948.0,4721802.0,5.21
20200306,1234,401871094.0,17516511.0,4.35
20200306,1235,98955436.0,67637.0,0.06
20200306,1236,108342510.0,65329.0,0.06
20200306,1256,33842160.0,1616777.0,4.77
20200306,1301,6365740781.0,2381271792.0,37.4
20200306,1303,7930821589.0,2398388458.0,30.24
20200306,1304,1188763500.0,410085531.0,34.49
20200306,1305,527029927.0,85998412.0,16.31
20200306,1307,397818126.0,46242752.0,11.62
20200306,1308,554382745.0,34634424.0,6.24
20200306,1309,334204892.0,13934279.0,4.16
20200306,1310,527869764.0,99677781.0,18.88
20200306,1312,906620328.0,236324902.0,26.06
20200306,1313,1332347607.0,151437443.0,11.36
20200306,1314,3284850130.0,572144711.0,17.41
20200306,1315,198000000.0,2608149.0,1.31
20200306,1316,179541221.0,1774031.0,0.98
20200306,1319,591477068.0,116320621.0,19.66
20200306,1321,227228268.0,5669995.0,2.49
20200306,1323,91274554.0,3053165.0,3.34
20200306,1324,75121882.0,351215.0,0.46
20200306,1325,85281198.0,408363.0,0.47
20200306,1326,5861186291.0,2138952919.0,36.49
20200306,1337,268954729.0,70397827.0,26.17
20200306,1338,83840000.0,12258510.0,14.62
20200306,1339,74138875.0,1274038.0,1.71
20200306,1340,152922855.0,47158851.0,30.83
20200306,1341,49400000.0,42909950.0,86.86
20200306,1402,5352875227.0,1047676010.0,19.57
20200306,1409,1618409291.0,253211725.0,15.64
20200306,1410,63000000.0,10213456.0,16.21
20200306,1413,132112454.0,357175.0,0.27
20200306,1414,220000000.0,2600669.0,1.18
20200306,1416,185342168.0,26587147.0,14.34
20200306,1417,189941840.0,5107620.0,2.68
20200306,1418,56834309.0,344219.0,0.6
20200306,1419,300041280.0,6683142.0,2.22
20200306,1423,138400000.0,2676830.0,1.93
20200306,1432,167937642.0,116917.0,0.06
20200306,1434,1684664637.0,281088034.0,16.68
20200306,1435,139780080.0,185879.0,0.13
20200306,1436,95634000.0,263722.0,0.27
20200306,1437,203371284.0,11493065.0,5.65
20200306,1438,102411518.0,93044.0,0.09
20200306,1439,92000000.0,1253935.0,1.36
20200306,1440,1656815857.0,121490074.0,7.33
20200306,1441,100800000.0,1414719.0,1.4
20200306,1442,302117481.0,8771757.0,2.9
20200306,1443,135343011.0,106758.0,0.07
20200306,1444,957302942.0,92263816.0,9.63
20200306,1445,132667034.0,1985715.0,1.49
20200306,1446,137709513.0,1532237.0,1.11
20200306,1447,914487242.0,68454604.0,7.48
20200306,1449,120000000.0,927535.0,0.77
20200306,1451,198000000.0,20388142.0,10.29
20200306,1452,132641400.0,5784732.0,4.36
20200306,1453,98642138.0,91880.0,0.09
20200306,1454,134309848.0,571472.0,0.42
20200306,1455,611763380.0,18733883.0,3.06
20200306,1456,93720000.0,142224.0,0.15
20200306,1457,301647640.0,8933110.0,2.96
20200306,1459,358628907.0,7910150.0,2.2
20200306,1460,509834182.0,23594481.0,4.62
20200306,1463,173268381.0,5642824.0,3.25
20200306,1464,384565652.0,7246490.0,1.88
20200306,1465,103607267.0,346735.0,0.33
20200306,1466,111157320.0,161264.0,0.14
20200306,1467,233624667.0,45122206.0,19.31
20200306,1468,160405244.0,2943115.0,1.83
20200306,1470,85767000.0,55084.0,0.06
20200306,1471,150414536.0,113970.0,0.07
20200306,1472,45672722.0,44667.0,0.09
20200306,1473,147153534.0,15841754.0,10.76
20200306,1474,129896969.0,228888.0,0.17
20200306,1475,16016749.0,11039.0,0.06
20200306,1476,274367111.0,100273100.0,36.54
20200306,1477,219856581.0,31220022.0,14.2
20200306,1503,520972223.0,165970116.0,31.85
20200306,1504,1967692886.0,806543221.0,40.98
20200306,1506,122855501.0,534365.0,0.43
20200306,1507,410820000.0,186549978.0,45.4
20200306,1512,220002494.0,18166048.0,8.25
20200306,1513,420000000.0,56020737.0,13.33
20200306,1514,207099023.0,25152851.0,12.14
20200306,1515,181473500.0,18096998.0,9.97
20200306,1516,33350889.0,108368.0,0.32
20200306,1517,227825007.0,5744321.0,2.52
20200306,1519,261058548.0,18875608.0,7.23
20200306,1521,76230000.0,25738764.0,33.76
20200306,1522,312897881.0,20771589.0,6.63
20200306,1524,179685207.0,262726.0,0.14
20200306,1525,73400135.0,51878.0,0.07
20200306,1526,60000000.0,689638.0,1.14
20200306,1527,138570640.0,13657726.0,9.85
20200306,1528,199331000.0,2530467.0,1.26
20200306,1529,95967982.0,297354.0,0.3
20200306,1530,96594171.0,695681.0,0.72
20200306,1531,185008080.0,18728386.0,10.12
20200306,1532,385252112.0,47402126.0,12.3
20200306,1533,98547486.0,6650588.0,6.74
20200306,1535,123742552.0,525004.0,0.42
20200306,1536,254956513.0,33547837.0,13.15
20200306,1537,81785394.0,19288756.0,23.58
20200306,1538,56135851.0,137355.0,0.24
20200306,1539,65370000.0,66034.0,0.1
20200306,1540,85473612.0,297353.0,0.34
20200306,1541,78800000.0,7694312.0,9.76
20200306,1558,60535631.0,7347116.0,12.13
20200306,1560,141000000.0,21050584.0,14.92
20200306,1568,103086559.0,1875113.0,1.81
20200306,1582,123724171.0,39705757.0,32.09
20200306,1583,110400372.0,95986.0,0.08
20200306,1587,67356618.0,13523742.0,20.07
20200306,1589,105617519.0,12257951.0,11.6
20200306,1590,189024998.0,129396599.0,68.45
20200306,1592,110978250.0,42793412.0,38.56
20200306,1598,115100887.0,765669.0,0.66
20200306,1603,191688000.0,3535859.0,1.84
20200306,1604,387200000.0,48499047.0,12.52
20200306,1605,3326000258.0,775405619.0,23.31
20200306,1608,632773506.0,21028907.0,3.32
20200306,1609,595068022.0,63572726.0,10.68
20200306,1611,358595268.0,42702941.0,11.9
20200306,1612,316080063.0,34107981.0,10.79
20200306,1614,269113406.0,5500013.0,2.04
20200306,1615,111861784.0,135650.0,0.12
20200306,1616,194148515.0,150127.0,0.07
20200306,1617,144233235.0,30627329.0,21.23
20200306,1618,240864684.0,2874787.0,1.19
20200306,1626,136850637.0,67177742.0,49.08
20200306,1701,298081080.0,31828156.0,10.67
20200306,1702,294132962.0,49201663.0,16.72
20200306,1707,136286373.0,28921989.0,21.22
20200306,1708,211520260.0,17552236.0,8.29
20200306,1709,477016272.0,17938188.0,3.76
20200306,1710,885703029.0,83868120.0,9.46
20200306,1711,547752226.0,47328552.0,8.64
20200306,1712,420492585.0,52357758.0,12.45
20200306,1713,150951700.0,7292675.0,4.83
20200306,1714,1016824808.0,185726528.0,18.26
20200306,1717,1240279455.0,168850703.0,13.61
20200306,1718,1621367217.0,170600850.0,10.52
20200306,1720,178696089.0,3823793.0,2.13
20200306,1721,222347344.0,6054121.0,2.72
20200306,1722,980000000.0,138262181.0,14.1
20200306,1723,236904480.0,32830149.0,13.85
20200306,1724,127813900.0,7720934.0,6.04
20200306,1725,181829978.0,285027.0,0.15
20200306,1726,162000000.0,24012727.0,14.82
20200306,1727,110250000.0,1147598.0,1.04
20200306,1730,63233851.0,4338281.0,6.86
20200306,1731,132915244.0,1147790.0,0.86
20200306,1732,42443957.0,198646.0,0.46
20200306,1733,99986192.0,3046146.0,3.04
20200306,1734,167722022.0,5906757.0,3.52
20200306,1735,99388000.0,49924241.0,50.23
20200306,1736,303616617.0,12384355.0,4.07
20200306,1737,200000000.0,18923379.0,9.46
20200306,1760,76739013.0,1298958.0,1.69
20200306,1762,77560000.0,3200279.0,4.12
20200306,1773,150000000.0,4224597.0,2.81
20200306,1776,69986099.0,52001.0,0.07
20200306,1783,69465000.0,5374606.0,7.73
20200306,1786,58100000.0,413073.0,0.71
20200306,1789,790739222.0,34511012.0,4.36
20200306,1795,243113964.0,167730971.0,68.99
20200306,1802,2908060800.0,208342591.0,7.16
20200306,1805,100265400.0,123805.0,0.12
20200306,1806,433782078.0,53587314.0,12.35
20200306,1808,308330531.0,14458851.0,4.68
20200306,1809,167041937.0,5542786.0,3.31
20200306,1810,369853610.0,12961506.0,3.5
20200306,1817,72600000.0,1150000.0,1.58
20200306,1902,402000550.0,28129368.0,6.99
20200306,1903,260039121.0,38804115.0,14.92
20200306,1904,1108274522.0,143605947.0,12.95
20200306,1905,1102835316.0,48509594.0,4.39
20200306,1906,151000000.0,1540509.0,1.02
20200306,1907,1660371495.0,305456027.0,18.39
20200306,1909,1217685727.0,188396463.0,15.47
20200306,2002,15734860997.0,3156355617.0,20.05
20200306,2006,1004060608.0,130336360.0,12.98
20200306,2007,530651613.0,309965.0,0.05
20200306,2008,200852293.0,14370407.0,7.15
20200306,2009,359622165.0,23705265.0,6.59
20200306,2010,647655390.0,29515564.0,4.55
20200306,2012,287774000.0,6979540.0,2.42
20200306,2013,200000000.0,14679962.0,7.33
20200306,2014,1435544446.0,71438314.0,4.97
20200306,2015,581599424.0,58266782.0,10.01
20200306,2017,341867462.0,8021222.0,2.34
20200306,2020,222526100.0,5753869.0,2.58
20200306,2022,479751976.0,14685352.0,3.06
20200306,2023,1913327518.0,129738900.0,6.78
20200306,2024,97500000.0,169093.0,0.17
20200306,2025,281167262.0,119066.0,0.04
20200306,2027,1233790052.0,292755335.0,23.72
20200306,2028,325714800.0,299958.0,0.09
20200306,2029,321180000.0,225617081.0,70.24
20200306,2030,286526027.0,14574668.0,5.08
20200306,2031,310687699.0,31106658.0,10.01
20200306,2032,130521545.0,220736.0,0.16
20200306,2033,80694536.0,121139.0,0.15
20200306,2034,407130743.0,50324761.0,12.36
20200306,2038,181264522.0,407670.0,0.22
20200306,2049,309578886.0,121725703.0,39.31
20200306,2059,95297072.0,24229002.0,25.42
20200306,2062,163014152.0,16702128.0,10.24
20200306,2069,156386836.0,650307.0,0.41
20200306,2101,833934904.0,73519131.0,8.81
20200306,2102,473329207.0,39754645.0,8.39
20200306,2103,825709978.0,287900982.0,34.86
20200306,2104,984733625.0,115796319.0,11.75
20200306,2105,3241415536.0,441676709.0,13.62
20200306,2106,874430000.0,47359706.0,5.41
20200306,2107,350000000.0,35663821.0,10.18
20200306,2108,492416659.0,48422413.0,9.83
20200306,2109,332349134.0,49679660.0,14.94
20200306,2114,70901552.0,1320907.0,1.86
20200306,2115,86063215.0,39664789.0,46.08
20200306,2201,1572919909.0,100355078.0,6.38
20200306,2204,553620342.0,165073538.0,29.81
20200306,2206,853595604.0,87395153.0,10.23
20200306,2207,546179184.0,131418930.0,24.06
20200306,2208,472991749.0,15408344.0,3.25
20200306,2227,300000000.0,122844626.0,40.94
20200306,2228,75780281.0,7449573.0,9.83
20200306,2231,122821241.0,12637562.0,10.28
20200306,2233,60288089.0,5393033.0,8.94
20200306,2236,44826766.0,33331473.0,74.35
20200306,2239,118007000.0,89822639.0,76.11
20200306,2243,45718529.0,19641127.0,42.96
20200306,2301,2350867032.0,1311186045.0,55.77
20200306,2302,166302881.0,6350656.0,3.81
20200306,2303,11724318715.0,5997878693.0,51.15
20200306,2305,205660827.0,10021708.0,4.87
20200306,2308,2597543329.0,1736747118.0,66.86
20200306,2312,1452081211.0,255222398.0,17.57
20200306,2313,1191820589.0,355150728.0,29.79
20200306,2314,228028320.0,2646388.0,1.16
20200306,2316,203045040.0,37972712.0,18.7
20200306,2317,13862990609.0,6461558142.0,46.61
20200306,2321,315332590.0,167111.0,0.05
20200306,2323,1158881200.0,87924850.0,7.58
20200306,2324,4407146625.0,2155100811.0,48.9
20200306,2327,427121695.0,207329427.0,48.54
20200306,2328,518346282.0,91785357.0,17.7
20200306,2329,557328533.0,171295809.0,30.73
20200306,2330,25930380458.0,19953024365.0,76.94
20200306,2331,557402968.0,89844474.0,16.11
20200306,2332,651996166.0,94477376.0,14.49
20200306,2337,1839908862.0,395089187.0,21.47
20200306,2338,252713611.0,5692467.0,2.25
20200306,2340,378622846.0,75540961.0,19.95
20200306,2342,156342161.0,7546439.0,4.82
20200306,2344,3980000193.0,911278747.0,22.89
20200306,2345,557726397.0,319287027.0,57.24
20200306,2347,1667946968.0,599894249.0,35.96
20200306,2348,85600000.0,2056904.0,2.4
20200306,2349,1284157900.0,162814358.0,12.67
20200306,2351,182140249.0,23384398.0,12.83
20200306,2352,1966781958.0,411777216.0,20.93
20200306,2353,3074933828.0,862375714.0,28.04
20200306,2354,1414485192.0,397481054.0,28.1
20200306,2355,397495420.0,115255981.0,28.99
20200306,2356,3587475066.0,997439082.0,27.8
20200306,2357,742760280.0,464239475.0,62.5
20200306,2358,94616172.0,242112.0,0.25
20200306,2359,171471052.0,7127519.0,4.15
20200306,2360,419092587.0,266711086.0,63.64
20200306,2362,669763000.0,88222734.0,13.17
20200306,2363,554062477.0,32037866.0,5.78
20200306,2364,198939797.0,30043266.0,15.1
20200306,2365,234538496.0,14024942.0,5.97
20200306,2367,619407175.0,134681418.0,21.74
20200306,2368,546487841.0,66638382.0,12.19
20200306,2369,380102344.0,59286913.0,15.59
20200306,2371,2339536685.0,930392911.0,39.76
20200306,2373,236202518.0,4605202.0,1.94
20200306,2374,282362812.0,25197951.0,8.92
20200306,2375,194063097.0,3995964.0,2.05
20200306,2376,635688886.0,190235954.0,29.92
20200306,2377,844856199.0,299321061.0,35.42
20200306,2379,508095464.0,317972573.0,62.58
20200306,2380,162444084.0,3021533.0,1.86
20200306,2382,3862627432.0,1039322898.0,26.9
20200306,2383,319708064.0,116443896.0,36.42
20200306,2385,734497521.0,402504276.0,54.79
20200306,2387,196297952.0,16829138.0,8.57
20200306,2388,493303441.0,53114666.0,10.76
20200306,2390,214021602.0,3876325.0,1.81
20200306,2392,512326940.0,69690365.0,13.6
20200306,2393,443056236.0,162760429.0,36.73
20200306,2395,699075510.0,289562557.0,41.42
20200306,2397,114688857.0,24658938.0,21.5
20200306,2399,178100000.0,30236283.0,16.97
20200306,2401,591994919.0,71284202.0,12.04
20200306,2402,307536533.0,42243723.0,13.73
20200306,2404,190586698.0,57606650.0,30.22
20200306,2405,343427303.0,20961651.0,6.1
20200306,2406,205905689.0,17286461.0,8.39
20200306,2408,3053504894.0,686773371.0,22.49
20200306,2409,9624245115.0,3091114975.0,32.11
20200306,2412,7757446545.0,1264578474.0,16.3
20200306,2413,127359200.0,591115.0,0.46
20200306,2414,161735846.0,10006674.0,6.18
20200306,2415,80000000.0,1259951.0,1.57
20200306,2417,192892330.0,5944430.0,3.08
20200306,2419,328986229.0,39954964.0,12.14
20200306,2420,152648688.0,6261474.0,4.1
20200306,2421,250929732.0,71652704.0,28.55
20200306,2423,145047289.0,2756432.0,1.9
20200306,2424,30000000.0,69154.0,0.23
20200306,2425,101498831.0,27117687.0,26.71
20200306,2426,300622252.0,23229643.0,7.72
20200306,2427,184314463.0,3689289.0,2.0
20200306,2428,128112726.0,19906394.0,15.53
20200306,2429,36736200.0,1279997.0,3.48
20200306,2430,166468825.0,6093090.0,3.66
20200306,2431,110927014.0,1441990.0,1.29
20200306,2433,144496011.0,1531704.0,1.06
20200306,2434,70602126.0,801806.0,1.13
20200306,2436,178009961.0,14067029.0,7.9
20200306,2438,95215940.0,51374.0,0.05
20200306,2439,207879134.0,41364289.0,19.89
20200306,2440,139117271.0,119394.0,0.08
20200306,2441,568845921.0,89151099.0,15.67
20200306,2442,267234372.0,8760550.0,3.27
20200306,2443,145687000.0,244195.0,0.16
20200306,2444,105557573.0,1976563.0,1.87
20200306,2448,1088701410.0,211512186.0,19.42
20200306,2449,1222745065.0,543078845.0,44.41
20200306,2450,258252657.0,12214636.0,4.72
20200306,2451,430761675.0,73956161.0,17.16
20200306,2453,100000000.0,1278804.0,1.27
20200306,2454,1589981632.0,987275971.0,62.09
20200306,2455,184905918.0,37960913.0,20.52
20200306,2456,243254748.0,43291824.0,17.79
20200306,2457,337688416.0,25190695.0,7.45
20200306,2458,303880392.0,100603348.0,33.1
20200306,2459,105900615.0,18846235.0,17.79
20200306,2460,169200000.0,1544103.0,0.91
20200306,2461,159324631.0,5879431.0,3.69
20200306,2462,142484596.0,1339712.0,0.94
20200306,2464,195531226.0,16925222.0,8.65
20200306,2465,53587301.0,280927.0,0.52
20200306,2466,156334226.0,18921291.0,12.1
20200306,2467,149205548.0,12430974.0,8.33
20200306,2468,69961249.0,77995.0,0.11
20200306,2471,47253890.0,663916.0,1.4
20200306,2472,129219822.0,3996986.0,3.09
20200306,2474,770391069.0,504006292.0,65.42
20200306,2476,184968298.0,18571143.0,10.04
20200306,2477,198216555.0,44899674.0,22.65
20200306,2478,145248989.0,8697363.0,5.98
20200306,2480,106360291.0,9767697.0,9.18
20200306,2481,332814927.0,39155758.0,11.76
20200306,2482,62072549.0,373301.0,0.6
20200306,2483,110618807.0,214242.0,0.19
20200306,2484,159421022.0,9695976.0,6.08
20200306,2485,317689037.0,20345914.0,6.4
20200306,2486,201958579.0,7226741.0,3.57
20200306,2488,79999433.0,2875631.0,3.59
20200306,2489,809362045.0,105829607.0,13.07
20200306,2491,82008000.0,6396676.0,7.8
20200306,2492,485800000.0,119908654.0,24.68
20200306,2493,114437390.0,8283922.0,7.23
20200306,2495,276290738.0,48473083.0,17.54
20200306,2496,17459400.0,8611869.0,49.32
20200306,2497,118798463.0,1746483.0,1.47
20200306,2498,818808635.0,130895679.0,15.98
20200306,2499,461172003.0,39585238.0,8.58
20200306,2501,1159561059.0,110097217.0,9.49
20200306,2504,1385000335.0,154999956.0,11.19
20200306,2505,696582479.0,30475174.0,4.37
20200306,2506,387000000.0,13310991.0,3.43
20200306,2509,204136846.0,3108604.0,1.52
20200306,2511,1623326147.0,142039618.0,8.74
20200306,2514,404729278.0,18962870.0,4.68
20200306,2515,1530899822.0,155896801.0,10.18
20200306,2516,226278457.0,6214701.0,2.74
20200306,2520,503791000.0,106993806.0,21.23
20200306,2524,384846372.0,8703260.0,2.26
20200306,2527,270306000.0,78388922.0,29.0
20200306,2528,277085409.0,403491.0,0.14
20200306,2530,270752466.0,3197115.0,1.18
20200306,2534,592784962.0,69143119.0,11.66
20200306,2535,290743386.0,29926226.0,10.29
20200306,2536,332808652.0,60415655.0,18.15
20200306,2537,300557795.0,6813782.0,2.26
20200306,2538,438448764.0,58606212.0,13.36
20200306,2539,461314374.0,486105.0,0.1
20200306,2540,146600000.0,154004.0,0.1
20200306,2542,1166628752.0,222413701.0,19.06
20200306,2543,241983788.0,305506.0,0.12
20200306,2545,327734808.0,13006067.0,3.96
20200306,2546,106035660.0,3709988.0,3.49
20200306,2547,912307649.0,204711854.0,22.43
20200306,2548,276812726.0,85671902.0,30.94
20200306,2597,135000000.0,1160171.0,0.85
20200306,2601,630883150.0,76995706.0,12.2
20200306,2603,4812973786.0,1154307037.0,23.98
20200306,2605,585353297.0,193925774.0,33.12
20200306,2606,845055712.0,78747002.0,9.31
20200306,2607,1067141094.0,76012279.0,7.12
20200306,2608,467000498.0,43228523.0,9.25
20200306,2609,2601335728.0,139711228.0,5.37
20200306,2610,5420984650.0,819867020.0,15.12
20200306,2611,175994247.0,282920.0,0.16
20200306,2612,197484593.0,4713744.0,2.38
20200306,2613,148423458.0,133643.0,0.09
20200306,2614,556789889.0,11765704.0,2.11
20200306,2615,2218297466.0,928625308.0,41.86
20200306,2616,137281827.0,4663589.0,3.39
20200306,2617,417294487.0,14790835.0,3.54
20200306,2618,4853569490.0,1367441025.0,28.17
20200306,2630,120120000.0,75000.0,0.06
20200306,2633,5628293058.0,806501846.0,14.32
20200306,2634,941867101.0,23619570.0,2.5
20200306,2636,117157402.0,17205077.0,14.68
20200306,2637,688655903.0,52340552.0,7.6
20200306,2642,95467000.0,5046332.0,5.28
20200306,2701,449967838.0,1964326.0,0.43
20200306,2702,110485538.0,40847363.0,36.97
20200306,2704,366923343.0,32045145.0,8.73
20200306,2705,186536630.0,5718559.0,3.06
20200306,2706,499998346.0,12946990.0,2.58
20200306,2707,126745769.0,19109940.0,15.07
20200306,2712,105000000.0,79592.0,0.07
20200306,2722,111522961.0,126380.0,0.11
20200306,2723,180000000.0,96898026.0,53.83
20200306,2727,76987883.0,8067282.0,10.47
20200306,2731,70000000.0,2376896.0,3.39
20200306,2739,111526000.0,2262800.0,2.02
20200306,2748,65637000.0,446847.0,0.68
20200306,2801,9985311160.0,1502456631.0,15.04
20200306,2809,1131234265.0,192174711.0,16.98
20200306,2812,3708834898.0,518100827.0,13.96
20200306,2816,212960000.0,12098821.0,5.68
20200306,2820,1342960000.0,106950759.0,7.96
20200306,2823,4463582304.0,1133180777.0,25.38
20200306,2832,362200400.0,11899718.0,3.28
20200306,2834,7131984244.0,1689139180.0,23.68
20200306,2836,1080916486.0,81871726.0,7.57
20200306,2838,2884455292.0,91253173.0,3.16
20200306,2841,760943600.0,81297784.0,10.68
20200306,2845,3355819407.0,428504204.0,12.76
20200306,2849,1957910050.0,1154575914.0,58.96
20200306,2850,315963300.0,27976004.0,8.85
20200306,2851,590388750.0,13774017.0,2.33
20200306,2852,301163784.0,12306846.0,4.08
20200306,2855,1372390028.0,150031968.0,10.93
20200306,2867,2371971471.0,171086203.0,7.21
20200306,2880,12172740178.0,2476802998.0,20.34
20200306,2881,10233603995.0,2777628687.0,27.14
20200306,2882,13169210128.0,2931289181.0,22.25
20200306,2883,14965982132.0,3897375442.0,26.04
20200306,2884,11619500000.0,5070288522.0,43.63
20200306,2885,11670611456.0,4648618747.0,39.83
20200306,2886,13599823983.0,3573706792.0,26.27
20200306,2887,10656061370.0,2974627193.0,27.91
20200306,2888,12600394063.0,2819017903.0,22.37
20200306,2889,2848064596.0,364057528.0,12.78
20200306,2890,11281054106.0,3566690236.0,31.61
20200306,2891,19496989569.0,8077384039.0,41.42
20200306,2892,12461942795.0,3383440527.0,27.15
20200306,2897,2413006301.0,30181066.0,1.25
20200306,2901,73043283.0,54994.0,0.07
20200306,2903,1416940589.0,211236045.0,14.9
20200306,2904,69034432.0,83652.0,0.12
20200306,2905,826682688.0,58048423.0,7.02
20200306,2906,209111093.0,3861522.0,1.84
20200306,2908,509887558.0,40749961.0,7.99
20200306,2910,208725000.0,308000.0,0.14
20200306,2911,188941775.0,33222867.0,17.58
20200306,2912,1039622255.0,422768833.0,40.66
20200306,2913,790000000.0,91061554.0,11.52
20200306,2915,564860594.0,103571589.0,18.33
20200306,2923,1740296982.0,1727643274.0,99.27
20200306,2929,94955292.0,47332460.0,49.84
20200306,2936,76555696.0,67945696.0,88.75
20200306,2939,47222665.0,35173893.0,74.48
20200306,3002,102000000.0,269372.0,0.26
20200306,3003,155654890.0,10918386.0,7.01
20200306,3004,52647155.0,443072.0,0.84
20200306,3005,579520150.0,195976668.0,33.81
20200306,3006,285758925.0,44928870.0,15.72
20200306,3008,134140197.0,71303072.0,53.15
20200306,3010,231390138.0,55608250.0,24.03
20200306,3011,112719251.0,170048.0,0.15
20200306,3013,159435018.0,3263158.0,2.04
20200306,3014,161080124.0,37712892.0,23.41
20200306,3015,192261950.0,22160055.0,11.52
20200306,3016,274401315.0,2155055.0,0.78
20200306,3017,353310157.0,125554697.0,35.53
20200306,3018,73512132.0,1779425.0,2.42
20200306,3019,281083901.0,34833429.0,12.39
20200306,3021,95813467.0,2420516.0,2.52
20200306,3022,177289790.0,36847752.0,20.78
20200306,3023,229078860.0,115576650.0,50.45
20200306,3024,277157496.0,4448140.0,1.6
20200306,3025,70920550.0,1568059.0,2.21
20200306,3026,157990779.0,17890705.0,11.32
20200306,3027,98856311.0,186199.0,0.18
20200306,3028,213824864.0,11041615.0,5.16
20200306,3029,124009212.0,3687382.0,2.97
20200306,3030,236216000.0,55320008.0,23.41
20200306,3031,186674224.0,6104937.0,3.27
20200306,3032,113285626.0,2279015.0,2.01
20200306,3033,367751242.0,17554471.0,4.77
20200306,3034,608511469.0,375116552.0,61.64
20200306,3035,248550313.0,57734076.0,23.22
20200306,3036,588121760.0,140364511.0,23.86
20200306,3037,1504732333.0,502576124.0,33.39
20200306,3038,162407603.0,7137365.0,4.39
20200306,3040,63000000.0,10682598.0,16.95
20200306,3041,192539746.0,16771167.0,8.71
20200306,3042,309757040.0,109520490.0,35.35
20200306,3043,194878166.0,2449666.0,1.25
20200306,3044,525605898.0,318315967.0,60.56
20200306,3045,3442720069.0,676865180.0,19.66
20200306,3046,71448013.0,747702.0,1.04
20200306,3047,186491633.0,7623547.0,4.08
20200306,3048,222572540.0,27087242.0,12.17
20200306,3049,806948529.0,69096335.0,8.56
20200306,3050,145984450.0,7921083.0,5.42
20200306,3051,325332396.0,273232.0,0.08
20200306,3052,228713554.0,5442014.0,2.37
20200306,3054,87848033.0,195261.0,0.22
20200306,3055,102441918.0,2421424.0,2.36
20200306,3056,209215308.0,20108643.0,9.61
20200306,3057,161409213.0,7896531.0,4.89
20200306,3058,164937351.0,4426488.0,2.68
20200306,3059,275361325.0,35244942.0,12.79
20200306,3060,139361590.0,11355534.0,8.14
20200306,3062,328605418.0,44889964.0,13.66
20200306,3090,178657150.0,18913470.0,10.58
20200306,3094,84655089.0,1958644.0,2.31
20200306,3130,33190700.0,13690919.0,41.24
20200306,3149,206393604.0,3744085.0,1.81
20200306,3164,88911864.0,758305.0,0.85
20200306,3167,80134116.0,1413490.0,1.76
20200306,3189,451039005.0,79263536.0,17.57
20200306,3209,172915577.0,3746482.0,2.16
20200306,3229,93515881.0,1494777.0,1.59
20200306,3231,2840612050.0,1619311502.0,57.0
20200306,3257,69380277.0,303835.0,0.43
20200306,3266,352314309.0,17743199.0,5.03
20200306,3296,98224450.0,1925054.0,1.95
20200306,3305,118265271.0,3379144.0,2.85
20200306,3308,98569663.0,110319.0,0.11
20200306,3311,60000000.0,602964.0,1.0
20200306,3312,118032122.0,10032120.0,8.49
20200306,3321,126218519.0,694491.0,0.55
20200306,3338,86481985.0,2121284.0,2.45
20200306,3346,75784000.0,3556347.0,4.69
20200306,3356,89871303.0,1415093.0,1.57
20200306,3376,178988346.0,49768800.0,27.8
20200306,3380,542727260.0,37319001.0,6.87
20200306,3383,70000000.0,12087788.0,17.26
20200306,3406,110890463.0,30275880.0,27.3
20200306,3413,82687500.0,14896793.0,18.01
20200306,3416,72181447.0,1676113.0,2.32
20200306,3419,120480417.0,7624468.0,6.32
20200306,3432,66586000.0,3355907.0,5.03
20200306,3437,144548000.0,15402650.0,10.65
20200306,3443,134011911.0,24087230.0,17.97
20200306,3450,145681382.0,16815551.0,11.54
20200306,3454,87033910.0,6747535.0,7.75
20200306,3481,9711071977.0,2822148825.0,29.06
20200306,3494,179450634.0,8097372.0,4.51
20200306,3501,118257927.0,3981862.0,3.36
20200306,3504,114059785.0,1982172.0,1.73
20200306,3515,120647229.0,6028636.0,4.99
20200306,3518,80752230.0,7301563.0,9.04
20200306,3528,65597216.0,5658002.0,8.62
20200306,3530,78025900.0,36446050.0,46.71
20200306,3532,387848300.0,190229712.0,49.04
20200306,3533,103477900.0,25119249.0,24.27
20200306,3535,79052356.0,2327218.0,2.94
20200306,3536,106800000.0,223564.0,0.2
20200306,3545,299416416.0,76384775.0,25.51
20200306,3550,85000000.0,665002.0,0.78
20200306,3557,72300415.0,25211441.0,34.87
20200306,3563,42608234.0,8853796.0,20.77
20200306,3576,2665577382.0,256364850.0,9.61
20200306,3583,81139000.0,6790998.0,8.36
20200306,3588,46882200.0,2456568.0,5.23
20200306,3591,125001379.0,6249207.0,4.99
20200306,3593,83042416.0,48931.0,0.05
20200306,3596,208535090.0,21611375.0,10.36
20200306,3605,122395884.0,10964006.0,8.95
20200306,3607,121662239.0,9125427.0,7.5
20200306,3617,80951000.0,3035694.0,3.75
20200306,3622,151327600.0,4055223.0,2.67
20200306,3645,129420494.0,6444871.0,4.97
20200306,3653,120484239.0,7895618.0,6.55
20200306,3661,60186610.0,25982541.0,43.16
20200306,3665,130517407.0,55707501.0,42.68
20200306,3669,92919950.0,2135568.0,2.29
20200306,3673,406663759.0,165994487.0,40.81
20200306,3679,62296229.0,8655130.0,13.89
20200306,3682,3817196399.0,152232537.0,3.98
20200306,3686,113513643.0,2431525.0,2.14
20200306,3694,150495808.0,1060156.0,0.7
20200306,3698,519386380.0,126947056.0,24.44
20200306,3701,190344554.0,6307144.0,3.31
20200306,3702,1679056833.0,544422966.0,32.42
20200306,3703,823215980.0,174947085.0,21.25
20200306,3704,441177355.0,43648874.0,9.89
20200306,3705,266422983.0,35610494.0,13.36
20200306,3706,1077282847.0,231873349.0,21.52
20200306,3708,93504604.0,13782095.0,14.73
20200306,3711,4323358382.0,3296068910.0,76.23
20200306,3712,246242146.0,2570345.0,1.04
20200306,4104,141148970.0,9768081.0,6.92
20200306,4106,100911557.0,1270366.0,1.25
20200306,4108,163616379.0,807965.0,0.49
20200306,4119,79485310.0,16504617.0,20.76
20200306,4133,60553594.0,9507858.0,15.7
20200306,4137,79492350.0,51490940.0,64.77
20200306,4141,171144968.0,118498333.0,69.23
20200306,4142,362352752.0,16972228.0,4.68
20200306,4144,77139000.0,42012609.0,54.46
20200306,4148,64034001.0,46276001.0,72.26
20200306,4155,78621079.0,601312.0,0.76
20200306,4164,140386871.0,38296614.0,27.27
20200306,4190,60914700.0,38274449.0,62.83
20200306,4306,571834173.0,35510283.0,6.2
20200306,4414,903434949.0,186090154.0,20.59
20200306,4426,161079476.0,13506823.0,8.38
20200306,4438,103375292.0,5599954.0,5.41
20200306,4439,31500000.0,20357000.0,64.62
20200306,4526,254826461.0,19686805.0,7.72
20200306,4532,504915105.0,55472444.0,10.98
20200306,4536,90820000.0,12050107.0,13.26
20200306,4540,96678000.0,2256001.0,2.33
20200306,4545,77000000.0,26978132.0,35.03
20200306,4551,81934000.0,41921859.0,51.16
20200306,4552,116000000.0,58897270.0,50.77
20200306,4555,66880000.0,4403000.0,6.58
20200306,4557,39808000.0,16093330.0,40.42
20200306,4560,67666195.0,55791849.0,82.45
20200306,4562,67546000.0,1005018.0,1.48
20200306,4564,177786553.0,4513936.0,2.53
20200306,4566,66656000.0,2573000.0,3.86
20200306,4571,47600000.0,34019228.0,71.46
20200306,4572,35800000.0,55000.0,0.15
20200306,4576,117908241.0,1991202.0,1.68
20200306,4581,33899000.0,0.0,0.0
20200306,4720,88576709.0,2463173.0,2.78
20200306,4722,100009159.0,3324156.0,3.32
20200306,4725,291975000.0,2854827.0,0.97
20200306,4737,59500794.0,18705501.0,31.43
20200306,4739,93029269.0,3555044.0,3.82
20200306,4746,99012550.0,5402164.0,5.45
20200306,4755,90706000.0,29105532.0,32.08
20200306,4763,51076700.0,37770696.0,73.94
20200306,4764,76788615.0,28583285.0,37.22
20200306,4766,120570780.0,13393751.0,11.1
20200306,4807,38470000.0,27954601.0,72.66
20200306,4904,3258500810.0,697251749.0,21.39
20200306,4906,356883496.0,33600044.0,9.41
20200306,4912,47472069.0,16899985.0,35.59
20200306,4915,448580824.0,258381755.0,57.59
20200306,4916,83451568.0,1551466.0,1.85
20200306,4919,287554400.0,13659007.0,4.75
20200306,4927,184752016.0,21252521.0,11.5
20200306,4930,134300000.0,7164690.0,5.33
20200306,4934,200000000.0,4288563.0,2.14
20200306,4935,130937091.0,38966396.0,29.75
20200306,4938,2610791856.0,1156362894.0,44.29
20200306,4942,142367613.0,27921700.0,19.61
20200306,4943,135975732.0,51589249.0,37.94
20200306,4952,108815816.0,2213079.0,2.03
20200306,4956,100408236.0,7903907.0,7.87
20200306,4958,902229887.0,734068260.0,81.36
20200306,4960,665728500.0,82599908.0,12.4
20200306,4961,165687462.0,1942355.0,1.17
20200306,4967,68257489.0,7971778.0,11.67
20200306,4968,60376078.0,12277307.0,20.33
20200306,4976,117182000.0,1329455.0,1.13
20200306,4977,66640551.0,25190923.0,37.8
20200306,4989,153085000.0,1412205.0,0.92
20200306,4994,110639000.0,2238009.0,2.02
20200306,4999,74417200.0,6897666.0,9.26
20200306,5007,294940154.0,10945994.0,3.71
20200306,5203,83709300.0,19492377.0,23.28
20200306,5215,54337500.0,17018713.0,31.32
20200306,5225,61504000.0,36118753.0,58.72
20200306,5234,102715911.0,9583918.0,9.33
20200306,5243,168528915.0,112790414.0,66.92
20200306,5258,89542579.0,3040516.0,3.39
20200306,5264,420456991.0,273614873.0,65.07
20200306,5269,60037861.0,11592794.0,19.3
20200306,5283,76000425.0,638000.0,0.83
20200306,5284,43664608.0,26697208.0,61.14
20200306,5285,86099463.0,1738814.0,2.01
20200306,5288,65826153.0,42647273.0,64.78
20200306,5305,312456688.0,69478570.0,22.23
20200306,5388,245653767.0,65974416.0,26.85
20200306,5434,181699567.0,57273840.0,31.52
20200306,5469,491441352.0,83543151.0,16.99
20200306,5471,167877062.0,19205349.0,11.44
20200306,5484,68115093.0,356104.0,0.52
20200306,5515,267440105.0,13743621.0,5.13
20200306,5519,198544958.0,5216512.0,2.62
20200306,5521,447527413.0,32991229.0,7.37
20200306,5522,806259241.0,87460500.0,10.84
20200306,5525,244991913.0,5310239.0,2.16
20200306,5531,982474245.0,59176466.0,6.02
20200306,5533,285244944.0,9137049.0,3.2
20200306,5534,290325960.0,54981343.0,18.93
20200306,5538,168000000.0,115255125.0,68.6
20200306,5607,229979100.0,7488990.0,3.25
20200306,5608,279267090.0,22135739.0,7.92
20200306,5706,61294353.0,806890.0,1.31
20200306,5871,1328200030.0,1013456161.0,76.3
20200306,5876,4481603140.0,2605692653.0,58.14
20200306,5880,12945848278.0,2677632094.0,20.68
20200306,5906,30000000.0,5900654.0,19.66
20200306,5907,195531000.0,104591237.0,53.49
20200306,6005,2170908097.0,248304782.0,11.43
20200306,6024,176437584.0,4533940.0,2.56
20200306,6108,159899311.0,11919779.0,7.45
20200306,6112,188357336.0,3885336.0,2.06
20200306,6115,187662154.0,24072791.0,12.82
20200306,6116,3133933851.0,351534465.0,11.21
20200306,6117,88650000.0,2489680.0,2.8
20200306,6120,665555114.0,60725842.0,9.12
20200306,6128,127588740.0,2920370.0,2.28
20200306,6131,101926533.0,125259.0,0.12
20200306,6133,117006294.0,5729871.0,4.89
20200306,6136,115536412.0,5187016.0,4.48
20200306,6139,225540929.0,37207010.0,16.49
20200306,6141,129964450.0,2886739.0,2.22
20200306,6142,268235633.0,7284699.0,2.71
20200306,6152,167738463.0,473337.0,0.28
20200306,6153,544279610.0,73371474.0,13.48
20200306,6155,86667589.0,2875407.0,3.31
20200306,6164,100000239.0,561855.0,0.56
20200306,6165,49682403.0,1126013.0,2.26
20200306,6166,217497257.0,36833082.0,16.93
20200306,6168,206069801.0,7443050.0,3.61
20200306,6172,30000000.0,214214.0,0.71
20200306,6176,465027263.0,285867371.0,61.47
20200306,6177,256896748.0,6963042.0,2.71
20200306,6183,150000000.0,1419954.0,0.94
20200306,6184,158230657.0,4315468.0,2.72
20200306,6189,179045194.0,9264648.0,5.17
20200306,6191,515546903.0,42000650.0,8.14
20200306,6192,106839745.0,31731935.0,29.7
20200306,6196,185690424.0,8416291.0,4.53
20200306,6197,122085882.0,12638322.0,10.35
20200306,6201,89200000.0,166834.0,0.18
20200306,6202,226168200.0,66491601.0,29.39
20200306,6205,71839079.0,2068032.0,2.87
20200306,6206,143062324.0,30928525.0,21.61
20200306,6209,163119931.0,3004568.0,1.84
20200306,6213,302957218.0,42759130.0,14.11
20200306,6214,269393304.0,43603863.0,16.18
20200306,6215,82789693.0,4511883.0,5.44
20200306,6216,84345637.0,703124.0,0.83
20200306,6224,80001838.0,14544544.0,18.18
20200306,6225,119076655.0,6441406.0,5.4
20200306,6226,114951789.0,697256.0,0.6
20200306,6230,86343396.0,52086806.0,60.32
20200306,6235,168069106.0,2921143.0,1.73
20200306,6239,779146634.0,585111023.0,75.09
20200306,6243,74976693.0,266847.0,0.35
20200306,6251,281059335.0,44097367.0,15.68
20200306,6257,415772017.0,123490961.0,29.7
20200306,6269,332954895.0,119811446.0,35.98
20200306,6271,165357520.0,38253499.0,23.13
20200306,6277,119471166.0,19982235.0,16.72
20200306,6278,292398353.0,81640440.0,27.92
20200306,6281,99172945.0,2064312.0,2.08
20200306,6282,516621295.0,85007219.0,16.45
20200306,6283,148079143.0,28228717.0,19.06
20200306,6285,390329302.0,65683961.0,16.82
20200306,6288,171128000.0,2112258.0,1.23
20200306,6289,80778136.0,47713.0,0.05
20200306,6405,65800000.0,121686.0,0.18
20200306,6409,83301492.0,54402785.0,65.3
20200306,6412,386715375.0,50522952.0,13.06
20200306,6414,83574472.0,9966619.0,11.92
20200306,6415,91185063.0,84635775.0,92.81
20200306,6416,68035634.0,2069050.0,3.04
20200306,6431,45642835.0,7380338.0,16.16
20200306,6442,69300000.0,23267224.0,33.57
20200306,6443,379016730.0,10567906.0,2.78
20200306,6449,84441912.0,1777022.0,2.1
20200306,6451,105446800.0,64927830.0,61.57
20200306,6452,100000000.0,20327249.0,20.32
20200306,6456,339439800.0,154993607.0,45.66
20200306,6464,122694706.0,618214.0,0.5
20200306,6477,94456570.0,689612.0,0.73
20200306,6491,70000000.0,2987763.0,4.26
20200306,6504,72600000.0,2213932.0,3.04
20200306,6505,9525959652.0,722675052.0,7.58
20200306,6525,129047384.0,14609676.0,11.32
20200306,6531,73830423.0,13160388.0,17.82
20200306,6533,42650911.0,1445847.0,3.38
20200306,6541,264052074.0,103487062.0,39.19
20200306,6552,100000000.0,1066363.0,1.06
20200306,6558,86660750.0,3965446.0,4.57
20200306,6573,67499345.0,46176319.0,68.41
20200306,6579,148498468.0,4501000.0,3.03
20200306,6581,111270887.0,429000.0,0.38
20200306,6582,104877141.0,15912095.0,15.17
20200306,6591,26203000.0,7041089.0,26.87
20200306,6592,515000407.0,119500495.0,23.2
20200306,6605,165816397.0,20614775.0,12.43
20200306,6625,37333423.0,18895.0,0.05
20200306,6641,34000000.0,11037603.0,32.46
20200306,6655,75608500.0,203274.0,0.26
20200306,6666,47388000.0,37611602.0,79.36
20200306,6668,68392302.0,18115621.0,26.48
20200306,6669,174510791.0,40054912.0,22.95
20200306,6670,131030000.0,30205346.0,23.05
20200306,6671,60750000.0,38041634.0,62.61
20200306,6672,70654345.0,28393277.0,40.18
20200306,6674,66837681.0,30000.0,0.04
20200306,6698,66389753.0,3831223.0,5.77
20200306,6706,66744935.0,3748814.0,5.61
20200306,6715,57000000.0,4563580.0,8.0
20200306,8011,118620375.0,2695541.0,2.27
20200306,8016,120136876.0,45637500.0,37.98
20200306,8021,142180467.0,19800817.0,13.92
20200306,8028,132408000.0,17208941.0,12.99
20200306,8033,112629775.0,734442.0,0.65
20200306,8039,209119692.0,50194949.0,24.0
20200306,8046,646165487.0,43710811.0,6.76
20200306,8070,63879937.0,8103964.0,12.68
20200306,8072,80000000.0,890270.0,1.11
20200306,8081,86172072.0,13702566.0,15.9
20200306,8101,208088795.0,373966.0,0.17
20200306,8103,81399413.0,7738605.0,9.5
20200306,8104,67630050.0,758404.0,1.12
20200306,8105,441544851.0,259806939.0,58.84
20200306,8110,506381144.0,32439320.0,6.4
20200306,8112,378496473.0,111895968.0,29.56
20200306,8114,106074919.0,4617912.0,4.35
20200306,8131,442222223.0,30439354.0,6.88
20200306,8150,727240126.0,364663993.0,50.14
20200306,8163,280000001.0,49835836.0,17.79
20200306,8201,62366275.0,1745565.0,2.79
20200306,8210,119725950.0,20047690.0,16.74
20200306,8213,271242488.0,76109732.0,28.05
20200306,8215,320674514.0,7208161.0,2.24
20200306,8222,68546750.0,296821.0,0.43
20200306,8249,127055000.0,19580919.0,15.41
20200306,8261,81340493.0,20948082.0,25.75
20200306,8271,100897807.0,20224931.0,20.04
20200306,8341,111500000.0,28335769.0,25.41
20200306,8367,81131938.0,1167473.0,1.43
20200306,8374,112225487.0,3509038.0,3.12
20200306,8404,315178126.0,175655115.0,55.73
20200306,8411,175398185.0,109048792.0,62.17
20200306,8422,108888000.0,28534999.0,26.2
20200306,8427,104261000.0,36924760.0,35.41
20200306,8429,185747151.0,68546126.0,36.9
20200306,8442,49999682.0,37897396.0,75.79
20200306,8443,66800000.0,4433125.0,6.63
20200306,8454,140058500.0,40549274.0,28.95
20200306,8462,69835558.0,1420944.0,2.03
20200306,8463,150000000.0,869000.0,0.57
20200306,8464,293020200.0,122407882.0,41.77
20200306,8466,66059000.0,40566000.0,61.4
20200306,8467,49534000.0,21936038.0,44.28
20200306,8473,134812297.0,1312711.0,0.97
20200306,8478,90893276.0,51731320.0,56.91
20200306,8480,39270000.0,34214019.0,87.12
20200306,8481,66601866.0,2954000.0,4.43
20200306,8482,111112000.0,98852701.0,88.96
20200306,8488,67500000.0,52369033.0,77.58
20200306,8497,36542810.0,482058.0,1.31
20200306,8499,51286000.0,37810108.0,73.72
20200306,8926,589048595.0,44435828.0,7.54
20200306,8940,67491032.0,5413937.0,8.02
20200306,8996,89384080.0,1722389.0,1.92
20200306,9103,205531500.0,847001.0,0.41
20200306,9105,839284153.0,5990005.0,0.71
20200306,9110,54248500.0,4000.0,0.0
20200306,9136,151204000.0,1730000.0,1.14
20200306,9188,65692000.0,0.0,0.0
20200306,9802,159830923.0,75608710.0,47.3
20200306,9902,98049600.0,528538.0,0.53
20200306,9904,2946787213.0,1721816568.0,58.43
20200306,9905,305000000.0,10344081.0,3.39
20200306,9906,83343981.0,604624.0,0.72
20200306,9907,1579145342.0,219278309.0,13.88
20200306,9908,516358000.0,11360045.0,2.2
20200306,9910,734734249.0,143676611.0,19.55
20200306,9911,221121188.0,49926260.0,22.57
20200306,9912,54350569.0,8655401.0,15.92
20200306,9914,298983800.0,115963958.0,38.78
20200306,9917,451197093.0,193129957.0,42.8
20200306,9918,180537453.0,2324969.0,1.28
20200306,9919,195362750.0,5205490.0,2.66
20200306,9921,375064626.0,185189351.0,49.37
20200306,9924,188452170.0,24413283.0,12.95
20200306,9925,383653075.0,66300655.0,17.28
20200306,9926,179504075.0,340323.0,0.18
20200306,9927,209148167.0,22327053.0,10.67
20200306,9928,150724583.0,0.0,0.0
20200306,9929,168800000.0,13607624.0,8.06
20200306,9930,248540368.0,4974606.0,2.0
20200306,9931,102250512.0,464917.0,0.45
20200306,9933,763273848.0,193366190.0,25.33
20200306,9934,356212962.0,76842012.0,21.57
20200306,9935,169623342.0,9350408.0,5.51
20200306,9937,309043000.0,6056178.0,1.95
20200306,9938,297963902.0,77195939.0,25.9
20200306,9939,292878879.0,78296951.0,26.73
20200306,9940,736846500.0,36263132.0,4.92
20200306,9941,302092125.0,18645154.0,6.17
20200306,9942,83161320.0,3118735.0,3.75
20200306,9943,147317600.0,4395939.0,2.98
20200306,9944,109107100.0,2287160.0,2.09
20200306,9945,1003253999.0,164829071.0,16.42
20200306,9946,300820867.0,28270000.0,9.39
20200306,9955,103208229.0,893492.0,0.86
20200306,9958,209342910.0,6686745.0,3.19
20200309,1101,5465619204.0,1565727611.0,28.64
20200309,1102,3361447198.0,894614784.0,26.61
20200309,1103,774780548.0,39538655.0,5.1
20200309,1104,653609192.0,78849334.0,12.06
20200309,1108,404738049.0,6234730.0,1.54
20200309,1109,341957868.0,11558861.0,3.38
20200309,1110,572000797.0,43883466.0,7.67
20200309,1201,506062914.0,52357334.0,10.34
20200309,1203,240000000.0,5249769.0,2.18
20200309,1210,827339086.0,142238295.0,17.19
20200309,1213,56622627.0,42642.0,0.07
20200309,1215,267990998.0,110872756.0,41.37
20200309,1216,5682015421.0,2954633276.0,51.99
20200309,1217,494513336.0,40980256.0,8.28
20200309,1218,499999038.0,12319797.0,2.46
20200309,1219,322013887.0,11395703.0,3.53
20200309,1220,177077944.0,16356673.0,9.23
20200309,1225,218703051.0,1728906.0,0.79
20200309,1227,915089591.0,211068846.0,23.06
20200309,1229,1104739841.0,150673585.0,13.63
20200309,1231,174595395.0,3869590.0,2.21
20200309,1232,159974915.0,2072421.0,1.29
20200309,1233,90591948.0,4708802.0,5.19
20200309,1234,401871094.0,17478511.0,4.34
20200309,1235,98955436.0,55637.0,0.05
20200309,1236,108342510.0,64329.0,0.05
20200309,1256,33842160.0,1582777.0,4.67
20200309,1301,6365740781.0,2375834360.0,37.32
20200309,1303,7930821589.0,2390781856.0,30.14
20200309,1304,1188763500.0,409666531.0,34.46
20200309,1305,527029927.0,85310412.0,16.18
20200309,1307,397818126.0,46223752.0,11.61
20200309,1308,554382745.0,34681424.0,6.25
20200309,1309,334204892.0,13489279.0,4.03
20200309,1310,527869764.0,98815781.0,18.71
20200309,1312,906620328.0,233170104.0,25.71
20200309,1313,1332347607.0,150586209.0,11.3
20200309,1314,3284850130.0,565686703.0,17.22
20200309,1315,198000000.0,2379149.0,1.2
20200309,1316,179541221.0,1658031.0,0.92
20200309,1319,591477068.0,115553621.0,19.53
20200309,1321,227228268.0,5468995.0,2.4
20200309,1323,91274554.0,3012165.0,3.3
20200309,1324,75121882.0,348215.0,0.46
20200309,1325,85281198.0,537363.0,0.63
20200309,1326,5861186291.0,2132613509.0,36.38
20200309,1337,268954729.0,70228827.0,26.11
20200309,1338,83840000.0,12227510.0,14.58
20200309,1339,74138875.0,1216038.0,1.64
20200309,1340,152922855.0,47060851.0,30.77
20200309,1341,49400000.0,42901950.0,86.84
20200309,1402,5352875227.0,1041860579.0,19.46
20200309,1409,1618409291.0,251909725.0,15.56
20200309,1410,63000000.0,10248456.0,16.26
20200309,1413,132112454.0,341175.0,0.25
20200309,1414,220000000.0,2571669.0,1.16
20200309,1416,185342168.0,26589147.0,14.34
20200309,1417,189941840.0,5085620.0,2.67
20200309,1418,56834309.0,344219.0,0.6
20200309,1419,300041280.0,6712142.0,2.23
20200309,1423,138400000.0,2736830.0,1.97
20200309,1432,167937642.0,102917.0,0.06
20200309,1434,1684664637.0,279863548.0,16.61
20200309,1435,139780080.0,118879.0,0.08
20200309,1436,95634000.0,181722.0,0.19
20200309,1437,203371284.0,11447065.0,5.62
20200309,1438,102411518.0,93044.0,0.09
20200309,1439,92000000.0,1159935.0,1.26
20200309,1440,1656815857.0,121167074.0,7.31
20200309,1441,100800000.0,1408719.0,1.39
20200309,1442,302117481.0,8560757.0,2.83
20200309,1443,135343011.0,78758.0,0.05
20200309,1444,957302942.0,91788816.0,9.58
20200309,1445,132667034.0,1989715.0,1.49
20200309,1446,137709513.0,1448237.0,1.05
20200309,1447,914487242.0,68120604.0,7.44
20200309,1449,120000000.0,798535.0,0.66
20200309,1451,198000000.0,20297142.0,10.25
20200309,1452,132641400.0,5741732.0,4.32
20200309,1453,98642138.0,89880.0,0.09
20200309,1454,134309848.0,559472.0,0.41
20200309,1455,611763380.0,18350883.0,2.99
20200309,1456,93720000.0,147224.0,0.15
20200309,1457,301647640.0,8737110.0,2.89
20200309,1459,358628907.0,7866150.0,2.19
20200309,1460,509834182.0,23454481.0,4.6
20200309,1463,173268381.0,5626824.0,3.24
20200309,1464,384565652.0,7072490.0,1.83
20200309,1465,103607267.0,319735.0,0.3
20200309,1466,111157320.0,141264.0,0.12
20200309,1467,233624667.0,45054206.0,19.28
20200309,1468,160405244.0,2940115.0,1.83
20200309,1470,85767000.0,54084.0,0.06
20200309,1471,150414536.0,113970.0,0.07
20200309,1472,45672722.0,40667.0,0.08
20200309,1473,147153534.0,15874754.0,10.78
20200309,1474,129896969.0,156888.0,0.12
20200309,1475,16016749.0,11039.0,0.06
20200309,1476,274367111.0,99668940.0,36.32
20200309,1477,219856581.0,30610422.0,13.92
20200309,1503,520972223.0,165925116.0,31.84
20200309,1504,1967692886.0,804414221.0,40.88
20200309,1506,122855501.0,504365.0,0.41
20200309,1507,410820000.0,186301978.0,45.34
20200309,1512,220002494.0,18166048.0,8.25
20200309,1513,420000000.0,55555737.0,13.22
20200309,1514,207099023.0,24801851.0,11.97
20200309,1515,181473500.0,17397926.0,9.58
20200309,1516,33350889.0,70368.0,0.21
20200309,1517,227825007.0,5719321.0,2.51
20200309,1519,261058548.0,18492608.0,7.08
20200309,1521,76230000.0,25708764.0,33.72
20200309,1522,312897881.0,20411589.0,6.52
20200309,1524,179685207.0,186726.0,0.1
20200309,1525,73400135.0,48878.0,0.06
20200309,1526,60000000.0,662638.0,1.1
20200309,1527,138570640.0,13026726.0,9.4
20200309,1528,199331000.0,2450467.0,1.22
20200309,1529,95967982.0,294354.0,0.3
20200309,1530,96594171.0,689681.0,0.71
20200309,1531,185008080.0,18652386.0,10.08
20200309,1532,385252112.0,47250126.0,12.26
20200309,1533,98547486.0,6643588.0,6.74
20200309,1535,123742552.0,522004.0,0.42
20200309,1536,254956513.0,33834837.0,13.27
20200309,1537,81785394.0,19240756.0,23.52
20200309,1538,56135851.0,137355.0,0.24
20200309,1539,65370000.0,55034.0,0.08
20200309,1540,85473612.0,203353.0,0.23
20200309,1541,78800000.0,7692312.0,9.76
20200309,1558,60535631.0,7236116.0,11.95
20200309,1560,141000000.0,20515584.0,14.55
20200309,1568,103086559.0,1881113.0,1.82
20200309,1582,123724171.0,39479757.0,31.9
20200309,1583,110400372.0,84986.0,0.07
20200309,1587,67356618.0,13523742.0,20.07
20200309,1589,105617519.0,12107951.0,11.46
20200309,1590,189024998.0,129083870.0,68.28
20200309,1592,110978250.0,42766412.0,38.53
20200309,1598,115100887.0,722669.0,0.62
20200309,1603,191688000.0,3496859.0,1.82
20200309,1604,387200000.0,48154048.0,12.43
20200309,1605,3326000258.0,767444781.0,23.07
20200309,1608,632773506.0,20969907.0,3.31
20200309,1609,595068022.0,62432726.0,10.49
20200309,1611,358595268.0,42399941.0,11.82
20200309,1612,316080063.0,34033981.0,10.76
20200309,1614,269113406.0,5445013.0,2.02
20200309,1615,111861784.0,88650.0,0.07
20200309,1616,194148515.0,146127.0,0.07
20200309,1617,144233235.0,30608329.0,21.22
20200309,1618,240864684.0,2861787.0,1.18
20200309,1626,136850637.0,67099742.0,49.03
20200309,1701,298081080.0,31258156.0,10.48
20200309,1702,294132962.0,48931663.0,16.63
20200309,1707,136286373.0,29402989.0,21.57
20200309,1708,211520260.0,17456236.0,8.25
20200309,1709,477016272.0,17734188.0,3.71
20200309,1710,885703029.0,83754120.0,9.45
20200309,1711,547752226.0,47228552.0,8.62
20200309,1712,420492585.0,52018758.0,12.37
20200309,1713,150951700.0,7265675.0,4.81
20200309,1714,1016824808.0,182519528.0,17.94
20200309,1717,1240279455.0,168432703.0,13.58
20200309,1718,1621367217.0,169138850.0,10.43
20200309,1720,178696089.0,3563793.0,1.99
20200309,1721,222347344.0,5950121.0,2.67
20200309,1722,980000000.0,136980181.0,13.97
20200309,1723,236904480.0,32697149.0,13.8
20200309,1724,127813900.0,7711934.0,6.03
20200309,1725,181829978.0,261027.0,0.14
20200309,1726,162000000.0,24013727.0,14.82
20200309,1727,110250000.0,1096598.0,0.99
20200309,1730,63233851.0,4245281.0,6.71
20200309,1731,132915244.0,872790.0,0.65
20200309,1732,42443957.0,195646.0,0.46
20200309,1733,99986192.0,2932146.0,2.93
20200309,1734,167722022.0,5830757.0,3.47
20200309,1735,99388000.0,49922241.0,50.22
20200309,1736,303616617.0,11988171.0,3.94
20200309,1737,200000000.0,18804379.0,9.4
20200309,1760,76739013.0,1274958.0,1.66
20200309,1762,77560000.0,4120279.0,5.31
20200309,1773,150000000.0,4129597.0,2.75
20200309,1776,69986099.0,40001.0,0.05
20200309,1783,69465000.0,5343606.0,7.69
20200309,1786,58100000.0,340073.0,0.58
20200309,1789,790739222.0,33421012.0,4.22
20200309,1795,243113964.0,167531971.0,68.91
20200309,1802,2908060800.0,208045591.0,7.15
20200309,1805,100265400.0,114805.0,0.11
20200309,1806,433782078.0,53502314.0,12.33
20200309,1808,308330531.0,14536851.0,4.71
20200309,1809,167041937.0,5289786.0,3.16
20200309,1810,369853610.0,12874506.0,3.48
20200309,1817,72600000.0,1091000.0,1.5
20200309,1902,402000550.0,27772368.0,6.9
20200309,1903,260039121.0,38800115.0,14.92
20200309,1904,1108274522.0,148219947.0,13.37
20200309,1905,1102835316.0,47554594.0,4.31
20200309,1906,151000000.0,1476509.0,0.97
20200309,1907,1660371495.0,303993027.0,18.3
20200309,1909,1217685727.0,189190463.0,15.53
20200309,2002,15734860997.0,3123116093.0,19.84
20200309,2006,1004060608.0,130100360.0,12.95
20200309,2007,530651613.0,264965.0,0.04
20200309,2008,200852293.0,14358407.0,7.14
20200309,2009,359622165.0,23675265.0,6.58
20200309,2010,647655390.0,29437564.0,4.54
20200309,2012,287774000.0,6963540.0,2.41
20200309,2013,200000000.0,14516962.0,7.25
20200309,2014,1435544446.0,69876148.0,4.86
20200309,2015,581599424.0,57143782.0,9.82
20200309,2017,341867462.0,8011222.0,2.34
20200309,2020,222526100.0,5598869.0,2.51
20200309,2022,479751976.0,14534352.0,3.02
20200309,2023,1913327518.0,129569900.0,6.77
20200309,2024,97500000.0,150093.0,0.15
20200309,2025,281167262.0,119066.0,0.04
20200309,2027,1233790052.0,291842335.0,23.65
20200309,2028,325714800.0,273958.0,0.08
20200309,2029,321180000.0,225576081.0,70.23
20200309,2030,286526027.0,14418668.0,5.03
20200309,2031,310687699.0,30597658.0,9.84
20200309,2032,130521545.0,207736.0,0.15
20200309,2033,80694536.0,120139.0,0.14
20200309,2034,407130743.0,50213761.0,12.33
20200309,2038,181264522.0,391670.0,0.21
20200309,2049,309578886.0,120976703.0,39.07
20200309,2059,95297072.0,24075002.0,25.26
20200309,2062,163014152.0,16684128.0,10.23
20200309,2069,156386836.0,628307.0,0.4
20200309,2101,833934904.0,72668131.0,8.71
20200309,2102,473329207.0,39136645.0,8.26
20200309,2103,825709978.0,287453982.0,34.81
20200309,2104,984733625.0,114584319.0,11.63
20200309,2105,3241415536.0,438984709.0,13.54
20200309,2106,874430000.0,47143706.0,5.39
20200309,2107,350000000.0,35311091.0,10.08
20200309,2108,492416659.0,47631313.0,9.67
20200309,2109,332349134.0,49499660.0,14.89
20200309,2114,70901552.0,1316907.0,1.85
20200309,2115,86063215.0,39643789.0,46.06
20200309,2201,1572919909.0,99692972.0,6.33
20200309,2204,553620342.0,164546784.0,29.72
20200309,2206,853595604.0,87489153.0,10.24
20200309,2207,546179184.0,131361091.0,24.05
20200309,2208,472991749.0,15178344.0,3.2
20200309,2227,300000000.0,122799626.0,40.93
20200309,2228,75780281.0,7277573.0,9.6
20200309,2231,122821241.0,12315562.0,10.02
20200309,2233,60288089.0,5341033.0,8.85
20200309,2236,44826766.0,33324473.0,74.34
20200309,2239,118007000.0,89822639.0,76.11
20200309,2243,45718529.0,19617127.0,42.9
20200309,2301,2350867032.0,1306204438.0,55.56
20200309,2302,166302881.0,6330656.0,3.8
20200309,2303,11724318715.0,5981428937.0,51.01
20200309,2305,205660827.0,9937708.0,4.83
20200309,2308,2597543329.0,1732408546.0,66.69
20200309,2312,1452081211.0,255127398.0,17.56
20200309,2313,1191820589.0,346814818.0,29.09
20200309,2314,228028320.0,2355388.0,1.03
20200309,2316,203045040.0,37134712.0,18.28
20200309,2317,13862990609.0,6442679043.0,46.47
20200309,2321,315332590.0,167111.0,0.05
20200309,2323,1158881200.0,86304126.0,7.44
20200309,2324,4407146625.0,2145394811.0,48.67
20200309,2327,427121695.0,207361943.0,48.54
20200309,2328,518346282.0,90747357.0,17.5
20200309,2329,557328533.0,169557809.0,30.42
20200309,2330,25930380458.0,19899308253.0,76.74
20200309,2331,557402968.0,89353474.0,16.03
20200309,2332,651996166.0,93671376.0,14.36
20200309,2337,1839908862.0,380962185.0,20.7
20200309,2338,252713611.0,4512467.0,1.78
20200309,2340,378622846.0,74351961.0,19.63
20200309,2342,156342161.0,9552439.0,6.1
20200309,2344,3980000193.0,899156747.0,22.59
20200309,2345,557726397.0,317231146.0,56.87
20200309,2347,1667946968.0,595711249.0,35.71
20200309,2348,85600000.0,2017904.0,2.35
20200309,2349,1284157900.0,161636358.0,12.58
20200309,2351,182140249.0,23225398.0,12.75
20200309,2352,1966781958.0,410374744.0,20.86
20200309,2353,3074933828.0,859897714.0,27.96
20200309,2354,1414485192.0,395603054.0,27.96
20200309,2355,397495420.0,114647743.0,28.84
20200309,2356,3587475066.0,993777082.0,27.7
20200309,2357,742760280.0,463073192.0,62.34
20200309,2358,94616172.0,204112.0,0.21
20200309,2359,171471052.0,6906519.0,4.02
20200309,2360,419092587.0,266128086.0,63.5
20200309,2362,669763000.0,88122734.0,13.15
20200309,2363,554062477.0,31617866.0,5.7
20200309,2364,198939797.0,30043266.0,15.1
20200309,2365,234538496.0,13920942.0,5.93
20200309,2367,619407175.0,131301140.0,21.19
20200309,2368,546487841.0,68298382.0,12.49
20200309,2369,380102344.0,58504913.0,15.39
20200309,2371,2339536685.0,927465911.0,39.64
20200309,2373,236202518.0,4583202.0,1.94
20200309,2374,282362812.0,25100951.0,8.88
20200309,2375,194063097.0,3605964.0,1.85
20200309,2376,635688886.0,187938954.0,29.56
20200309,2377,844856199.0,297722061.0,35.23
20200309,2379,508095464.0,316771805.0,62.34
20200309,2380,162444084.0,3001533.0,1.84
20200309,2382,3862627432.0,1035704742.0,26.81
20200309,2383,319708064.0,114896288.0,35.93
20200309,2385,734497521.0,400976926.0,54.59
20200309,2387,196297952.0,16055138.0,8.17
20200309,2388,493303441.0,52856666.0,10.71
20200309,2390,214021602.0,3736325.0,1.74
20200309,2392,512326940.0,68756409.0,13.42
20200309,2393,443056236.0,161888429.0,36.53
20200309,2395,699075510.0,289454293.0,41.4
20200309,2397,114688857.0,24616938.0,21.46
20200309,2399,178100000.0,29737283.0,16.69
20200309,2401,591994919.0,70258202.0,11.86
20200309,2402,307536533.0,41745723.0,13.57
20200309,2404,190586698.0,57280962.0,30.05
20200309,2405,343427303.0,20807651.0,6.05
20200309,2406,205905689.0,17180461.0,8.34
20200309,2408,3053504894.0,681254362.0,22.31
20200309,2409,9624245115.0,3075725449.0,31.95
20200309,2412,7757446545.0,1261507480.0,16.26
20200309,2413,127359200.0,547115.0,0.42
20200309,2414,161735846.0,9881674.0,6.1
20200309,2415,80000000.0,1259951.0,1.57
20200309,2417,192892330.0,6069430.0,3.14
20200309,2419,328986229.0,39787964.0,12.09
20200309,2420,152648688.0,5918474.0,3.87
20200309,2421,250929732.0,71583704.0,28.52
20200309,2423,145047289.0,2571432.0,1.77
20200309,2424,30000000.0,69154.0,0.23
20200309,2425,101498831.0,27191687.0,26.79
20200309,2426,300622252.0,22847643.0,7.6
20200309,2427,184314463.0,3620289.0,1.96
20200309,2428,128112726.0,19689394.0,15.36
20200309,2429,36736200.0,1207997.0,3.28
20200309,2430,166468825.0,6025090.0,3.61
20200309,2431,110927014.0,1256990.0,1.13
20200309,2433,144496011.0,1489704.0,1.03
20200309,2434,70602126.0,801806.0,1.13
20200309,2436,178009961.0,13469029.0,7.56
20200309,2438,95215940.0,47374.0,0.04
20200309,2439,207879134.0,41804289.0,20.1
20200309,2440,139117271.0,118394.0,0.08
20200309,2441,568845921.0,88729099.0,15.59
20200309,2442,267234372.0,8423550.0,3.15
20200309,2443,145687000.0,216195.0,0.14
20200309,2444,105557573.0,1927563.0,1.82
20200309,2448,1088701410.0,212696186.0,19.53
20200309,2449,1222745065.0,539891875.0,44.15
20200309,2450,258252657.0,11829636.0,4.58
20200309,2451,430761675.0,73573161.0,17.07
20200309,2453,100000000.0,973804.0,0.97
20200309,2454,1589981632.0,985175977.0,61.96
20200309,2455,184905918.0,36238913.0,19.59
20200309,2456,243254748.0,45191166.0,18.57
20200309,2457,337688416.0,24982695.0,7.39
20200309,2458,303880392.0,99896348.0,32.87
20200309,2459,105900615.0,18697235.0,17.65
20200309,2460,169200000.0,1536103.0,0.9
20200309,2461,159324631.0,5511431.0,3.45
20200309,2462,142484596.0,1321712.0,0.92
20200309,2464,195531226.0,16635222.0,8.5
20200309,2465,53587301.0,269927.0,0.5
20200309,2466,156334226.0,18894291.0,12.08
20200309,2467,149205548.0,12291974.0,8.23
20200309,2468,69961249.0,35995.0,0.05
20200309,2471,47253890.0,649916.0,1.37
20200309,2472,129219822.0,3723986.0,2.88
20200309,2474,770391069.0,501439148.0,65.08
20200309,2476,184968298.0,18417143.0,9.95
20200309,2477,198216555.0,44876674.0,22.64
20200309,2478,145248989.0,8529363.0,5.87
20200309,2480,106360291.0,10546697.0,9.91
20200309,2481,332814927.0,38749758.0,11.64
20200309,2482,62072549.0,338301.0,0.54
20200309,2483,110618807.0,191242.0,0.17
20200309,2484,159421022.0,10044976.0,6.3
20200309,2485,317689037.0,19881914.0,6.25
20200309,2486,201958579.0,7043741.0,3.48
20200309,2488,79999433.0,2785631.0,3.48
20200309,2489,809362045.0,104752607.0,12.94
20200309,2491,82008000.0,6378676.0,7.77
20200309,2492,485800000.0,122925658.0,25.3
20200309,2493,114437390.0,8177922.0,7.14
20200309,2495,276290738.0,48431083.0,17.52
20200309,2496,17459400.0,8580869.0,49.14
20200309,2497,118798463.0,1738483.0,1.46
20200309,2498,818808635.0,130484679.0,15.93
20200309,2499,461172003.0,39436238.0,8.55
20200309,2501,1159561059.0,109733217.0,9.46
20200309,2504,1385000335.0,153451956.0,11.07
20200309,2505,696582479.0,30455174.0,4.37
20200309,2506,387000000.0,13273991.0,3.42
20200309,2509,204136846.0,3096604.0,1.51
20200309,2511,1623326147.0,141928618.0,8.74
20200309,2514,404729278.0,18890870.0,4.66
20200309,2515,1530899822.0,155239801.0,10.14
20200309,2516,226278457.0,6216701.0,2.74
20200309,2520,503791000.0,106203276.0,21.08
20200309,2524,384846372.0,8615635.0,2.23
20200309,2527,270306000.0,78321922.0,28.97
20200309,2528,277085409.0,341491.0,0.12
20200309,2530,270752466.0,3168115.0,1.17
20200309,2534,592784962.0,68616119.0,11.57
20200309,2535,290743386.0,29485226.0,10.14
20200309,2536,332808652.0,60094655.0,18.05
20200309,2537,300557795.0,6797782.0,2.26
20200309,2538,438448764.0,58261212.0,13.28
20200309,2539,461314374.0,434105.0,0.09
20200309,2540,146600000.0,149004.0,0.1
20200309,2542,1166628752.0,222161201.0,19.04
20200309,2543,241983788.0,304506.0,0.12
20200309,2545,327734808.0,12849067.0,3.92
20200309,2546,106035660.0,3632988.0,3.42
20200309,2547,912307649.0,203438854.0,22.29
20200309,2548,276812726.0,85501902.0,30.88
20200309,2597,135000000.0,1132171.0,0.83
20200309,2601,630883150.0,76430706.0,12.11
20200309,2603,4812973786.0,1146317119.0,23.81
20200309,2605,585353297.0,193145774.0,32.99
20200309,2606,845055712.0,77975002.0,9.22
20200309,2607,1067141094.0,75697279.0,7.09
20200309,2608,467000498.0,43098523.0,9.22
20200309,2609,2601335728.0,139191228.0,5.35
20200309,2610,5420984650.0,819419020.0,15.11
20200309,2611,175994247.0,175920.0,0.09
20200309,2612,197484593.0,4571744.0,2.31
20200309,2613,148423458.0,133643.0,0.09
20200309,2614,556789889.0,11141704.0,2.0
20200309,2615,2218297466.0,927877256.0,41.82
20200309,2616,137281827.0,4574589.0,3.33
20200309,2617,417294487.0,14376835.0,3.44
20200309,2618,4853569490.0,1368102218.0,28.18
20200309,2630,120120000.0,64000.0,0.05
20200309,2633,5628293058.0,804768846.0,14.29
20200309,2634,941867101.0,22485570.0,2.38
20200309,2636,117157402.0,17077077.0,14.57
20200309,2637,688655903.0,51648030.0,7.49
20200309,2642,95467000.0,4934332.0,5.16
20200309,2701,449967838.0,1943326.0,0.43
20200309,2702,110485538.0,40781363.0,36.91
20200309,2704,366923343.0,31954145.0,8.7
20200309,2705,186536630.0,5623559.0,3.01
20200309,2706,499998346.0,12920990.0,2.58
20200309,2707,126745769.0,19026593.0,15.01
20200309,2712,105000000.0,77592.0,0.07
20200309,2722,111522961.0,110380.0,0.09
20200309,2723,180000000.0,96523026.0,53.62
20200309,2727,76987883.0,7764282.0,10.08
20200309,2731,70000000.0,2264896.0,3.23
20200309,2739,111526000.0,2255800.0,2.02
20200309,2748,65637000.0,418847.0,0.63
20200309,2801,9985311160.0,1492309236.0,14.94
20200309,2809,1131234265.0,192103711.0,16.98
20200309,2812,3708834898.0,515277697.0,13.89
20200309,2816,212960000.0,11911821.0,5.59
20200309,2820,1342960000.0,106582759.0,7.93
20200309,2823,4463582304.0,1119670057.0,25.08
20200309,2832,362200400.0,11750718.0,3.24
20200309,2834,7131984244.0,1673698180.0,23.46
20200309,2836,1080916486.0,80995726.0,7.49
20200309,2838,2884455292.0,89812173.0,3.11
20200309,2841,760943600.0,79794784.0,10.48
20200309,2845,3355819407.0,426049411.0,12.69
20200309,2849,1957910050.0,1154199914.0,58.95
20200309,2850,315963300.0,27811004.0,8.8
20200309,2851,590388750.0,13564017.0,2.29
20200309,2852,301163784.0,12229846.0,4.06
20200309,2855,1372390028.0,148988968.0,10.85
20200309,2867,2371971471.0,169369203.0,7.14
20200309,2880,12172740178.0,2462411683.0,20.22
20200309,2881,10233603995.0,2752880305.0,26.9
20200309,2882,13169210128.0,2902797037.0,22.04
20200309,2883,14965982132.0,3873019891.0,25.87
20200309,2884,11619500000.0,5042948819.0,43.4
20200309,2885,11670611456.0,4631196676.0,39.68
20200309,2886,13599823983.0,3557413809.0,26.15
20200309,2887,10656061370.0,2956766255.0,27.74
20200309,2888,12600394063.0,2798767612.0,22.21
20200309,2889,2848064596.0,362097528.0,12.71
20200309,2890,11281054106.0,3563243067.0,31.58
20200309,2891,19496989569.0,8043537810.0,41.25
20200309,2892,12461942795.0,3364743506.0,27.0
20200309,2897,2413006301.0,29499066.0,1.22
20200309,2901,73043283.0,53994.0,0.07
20200309,2903,1416940589.0,210836359.0,14.87
20200309,2904,69034432.0,69652.0,0.1
20200309,2905,826682688.0,57542423.0,6.96
20200309,2906,209111093.0,3850522.0,1.84
20200309,2908,509887558.0,40699961.0,7.98
20200309,2910,208725000.0,307000.0,0.14
20200309,2911,188941775.0,33054867.0,17.49
20200309,2912,1039622255.0,421873001.0,40.57
20200309,2913,790000000.0,90912554.0,11.5
20200309,2915,564860594.0,102623496.0,18.16
20200309,2923,1740296982.0,1727410274.0,99.25
20200309,2929,94955292.0,47180460.0,49.68
20200309,2936,76555696.0,67947696.0,88.75
20200309,2939,47222665.0,35135893.0,74.4
20200309,3002,102000000.0,229372.0,0.22
20200309,3003,155654890.0,10819386.0,6.95
20200309,3004,52647155.0,449072.0,0.85
20200309,3005,579520150.0,194585251.0,33.57
20200309,3006,285758925.0,44591870.0,15.6
20200309,3008,134140197.0,71182577.0,53.06
20200309,3010,231390138.0,55115250.0,23.81
20200309,3011,112719251.0,125048.0,0.11
20200309,3013,159435018.0,3163158.0,1.98
20200309,3014,161080124.0,36294892.0,22.53
20200309,3015,192261950.0,21997055.0,11.44
20200309,3016,274401315.0,2684055.0,0.97
20200309,3017,353310157.0,123305897.0,34.9
20200309,3018,73512132.0,1725425.0,2.34
20200309,3019,281083901.0,34221429.0,12.17
20200309,3021,95813467.0,2357516.0,2.46
20200309,3022,177289790.0,36803952.0,20.75
20200309,3023,229078860.0,115504550.0,50.42
20200309,3024,277157496.0,4285140.0,1.54
20200309,3025,70920550.0,1548059.0,2.18
20200309,3026,157990779.0,17325455.0,10.96
20200309,3027,98856311.0,142199.0,0.14
20200309,3028,213824864.0,10867615.0,5.08
20200309,3029,124009212.0,3922382.0,3.16
20200309,3030,236216000.0,55220008.0,23.37
20200309,3031,186674224.0,5932937.0,3.17
20200309,3032,113285626.0,2223015.0,1.96
20200309,3033,367751242.0,17271471.0,4.69
20200309,3034,608511469.0,372994316.0,61.29
20200309,3035,248550313.0,56941076.0,22.9
20200309,3036,588121760.0,138749511.0,23.59
20200309,3037,1504732333.0,495738144.0,32.94
20200309,3038,162407603.0,6792365.0,4.18
20200309,3040,63000000.0,10675598.0,16.94
20200309,3041,192539746.0,16442167.0,8.53
20200309,3042,309757040.0,110113490.0,35.54
20200309,3043,194878166.0,2449666.0,1.25
20200309,3044,525605898.0,317561967.0,60.41
20200309,3045,3442720069.0,672635950.0,19.53
20200309,3046,71448013.0,742702.0,1.03
20200309,3047,186491633.0,7443547.0,3.99
20200309,3048,222572540.0,26732242.0,12.01
20200309,3049,806948529.0,67381335.0,8.35
20200309,3050,145984450.0,7730083.0,5.29
20200309,3051,325332396.0,273232.0,0.08
20200309,3052,228713554.0,5210014.0,2.27
20200309,3054,87848033.0,196261.0,0.22
20200309,3055,102441918.0,2400424.0,2.34
20200309,3056,209215308.0,19813643.0,9.47
20200309,3057,161409213.0,7784531.0,4.82
20200309,3058,164937351.0,4412488.0,2.67
20200309,3059,275361325.0,34750942.0,12.62
20200309,3060,139361590.0,10384534.0,7.45
20200309,3062,328605418.0,44574964.0,13.56
20200309,3090,178657150.0,18196470.0,10.18
20200309,3094,84655089.0,1718644.0,2.03
20200309,3130,33190700.0,13678919.0,41.21
20200309,3149,206393604.0,3644085.0,1.76
20200309,3164,88911864.0,697305.0,0.78
20200309,3167,80134116.0,1343490.0,1.67
20200309,3189,451039005.0,77357536.0,17.15
20200309,3209,172915577.0,3563482.0,2.06
20200309,3229,93515881.0,1413777.0,1.51
20200309,3231,2840612050.0,1617514502.0,56.94
20200309,3257,69380277.0,264835.0,0.38
20200309,3266,352314309.0,17718199.0,5.02
20200309,3296,98224450.0,1922054.0,1.95
20200309,3305,118265271.0,3300144.0,2.79
20200309,3308,98569663.0,110319.0,0.11
20200309,3311,60000000.0,557964.0,0.92
20200309,3312,118032122.0,9830120.0,8.32
20200309,3321,126218519.0,505491.0,0.4
20200309,3338,86481985.0,2022284.0,2.33
20200309,3346,75784000.0,3516347.0,4.63
20200309,3356,89871303.0,1304093.0,1.45
20200309,3376,178988346.0,50227800.0,28.06
20200309,3380,542727260.0,36577439.0,6.73
20200309,3383,70000000.0,12087788.0,17.26
20200309,3406,110890463.0,29334885.0,26.45
20200309,3413,82687500.0,15122793.0,18.28
20200309,3416,72181447.0,1645113.0,2.27
20200309,3419,120480417.0,7536468.0,6.25
20200309,3432,66586000.0,3343907.0,5.02
20200309,3437,144548000.0,15213650.0,10.52
20200309,3443,134011911.0,23816230.0,17.77
20200309,3450,145681382.0,17792551.0,12.21
20200309,3454,87033910.0,6606535.0,7.59
20200309,3481,9711071977.0,2802096789.0,28.85
20200309,3494,179450634.0,8086372.0,4.5
20200309,3501,118257927.0,3832862.0,3.24
20200309,3504,114059785.0,1712172.0,1.5
20200309,3515,120647229.0,6381636.0,5.28
20200309,3518,80752230.0,7442563.0,9.21
20200309,3528,65597216.0,5648002.0,8.61
20200309,3530,78025900.0,36379050.0,46.62
20200309,3532,387848300.0,190401712.0,49.09
20200309,3533,103477900.0,24856893.0,24.02
20200309,3535,79052356.0,2048218.0,2.59
20200309,3536,106800000.0,223564.0,0.2
20200309,3545,299416416.0,70747544.0,23.62
20200309,3550,85000000.0,612002.0,0.72
20200309,3557,72300415.0,25141441.0,34.77
20200309,3563,42608234.0,8856796.0,20.78
20200309,3576,2665577382.0,254811850.0,9.55
20200309,3583,81139000.0,6589998.0,8.12
20200309,3588,46882200.0,2321568.0,4.95
20200309,3591,125001379.0,6204207.0,4.96
20200309,3593,83042416.0,43931.0,0.05
20200309,3596,208535090.0,21116751.0,10.12
20200309,3605,122395884.0,10735006.0,8.77
20200309,3607,121662239.0,9003427.0,7.4
20200309,3617,80951000.0,2985694.0,3.68
20200309,3622,151327600.0,3969223.0,2.62
20200309,3645,129420494.0,6179871.0,4.77
20200309,3653,120484239.0,7818643.0,6.48
20200309,3661,60186610.0,25151541.0,41.78
20200309,3665,130517407.0,55358501.0,42.41
20200309,3669,92919950.0,2466568.0,2.65
20200309,3673,406663759.0,165410552.0,40.67
20200309,3679,62296229.0,8589130.0,13.78
20200309,3682,3817196399.0,150295537.0,3.93
20200309,3686,113513643.0,2431525.0,2.14
20200309,3694,150495808.0,1005156.0,0.66
20200309,3698,519386380.0,126224056.0,24.3
20200309,3701,190344554.0,6305144.0,3.31
20200309,3702,1679056833.0,542075966.0,32.28
20200309,3703,823215980.0,174759085.0,21.22
20200309,3704,441177355.0,43110874.0,9.77
20200309,3705,266422983.0,35484494.0,13.31
20200309,3706,1077282847.0,233511074.0,21.67
20200309,3708,93504604.0,13498095.0,14.43
20200309,3711,4323358382.0,3288184555.0,76.05
20200309,3712,246242146.0,2341345.0,0.95
20200309,4104,141148970.0,9709081.0,6.87
20200309,4106,100911557.0,1161366.0,1.15
20200309,4108,163616379.0,719965.0,0.44
20200309,4119,79485310.0,17646371.0,22.2
20200309,4133,60553594.0,9580858.0,15.82
20200309,4137,79492350.0,51385940.0,64.64
20200309,4141,171144968.0,118392333.0,69.17
20200309,4142,362352752.0,16051228.0,4.42
20200309,4144,77139000.0,41989609.0,54.43
20200309,4148,64034001.0,46259001.0,72.24
20200309,4155,78621079.0,402312.0,0.51
20200309,4164,140386871.0,38104614.0,27.14
20200309,4190,60914700.0,38230449.0,62.76
20200309,4306,571834173.0,35222283.0,6.15
20200309,4414,903434949.0,185436154.0,20.52
20200309,4426,161079476.0,13339823.0,8.28
20200309,4438,103375292.0,5538954.0,5.35
20200309,4439,31500000.0,20347000.0,64.59
20200309,4526,254826461.0,19642805.0,7.7
20200309,4532,504915105.0,55409444.0,10.97
20200309,4536,90820000.0,11994107.0,13.2
20200309,4540,96678000.0,2042001.0,2.11
20200309,4545,77000000.0,27010132.0,35.07
20200309,4551,81934000.0,42055859.0,51.32
20200309,4552,116000000.0,58770710.0,50.66
20200309,4555,66880000.0,4352000.0,6.5
20200309,4557,39808000.0,16088330.0,40.41
20200309,4560,67666195.0,55802849.0,82.46
20200309,4562,67546000.0,1006018.0,1.48
20200309,4564,177786553.0,4189936.0,2.35
20200309,4566,66656000.0,2515000.0,3.77
20200309,4571,47600000.0,34018228.0,71.46
20200309,4572,35800000.0,36000.0,0.1
20200309,4576,117908241.0,1918202.0,1.62
20200309,4581,33899000.0,9863000.0,29.09
20200309,4720,88576709.0,2485173.0,2.8
20200309,4722,100009159.0,3284156.0,3.28
20200309,4725,291975000.0,2564827.0,0.87
20200309,4737,59500794.0,18666501.0,31.37
20200309,4739,93029269.0,3435044.0,3.69
20200309,4746,99012550.0,5355164.0,5.4
20200309,4755,90706000.0,29093532.0,32.07
20200309,4763,51076700.0,37918696.0,74.23
20200309,4764,76788615.0,28579285.0,37.21
20200309,4766,120570780.0,13354751.0,11.07
20200309,4807,38470000.0,27944601.0,72.63
20200309,4904,3258500810.0,695487594.0,21.34
20200309,4906,356883496.0,33037044.0,9.25
20200309,4912,47472069.0,16898985.0,35.59
20200309,4915,448580824.0,257048946.0,57.3
20200309,4916,83451568.0,1486466.0,1.78
20200309,4919,287554400.0,13144007.0,4.57
20200309,4927,184752016.0,21846521.0,11.82
20200309,4930,134300000.0,7149690.0,5.32
20200309,4934,200000000.0,5180563.0,2.59
20200309,4935,130937091.0,38825396.0,29.65
20200309,4938,2610791856.0,1151945416.0,44.12
20200309,4942,142367613.0,27582700.0,19.37
20200309,4943,135975732.0,51512249.0,37.88
20200309,4952,108815816.0,2164079.0,1.98
20200309,4956,100408236.0,7855907.0,7.82
20200309,4958,902229887.0,733471260.0,81.29
20200309,4960,665728500.0,82594908.0,12.4
20200309,4961,165687462.0,1756355.0,1.06
20200309,4967,68257489.0,8351778.0,12.23
20200309,4968,60376078.0,11419307.0,18.91
20200309,4976,117182000.0,1214455.0,1.03
20200309,4977,66640551.0,25296923.0,37.96
20200309,4989,153085000.0,1340205.0,0.87
20200309,4994,110639000.0,2244009.0,2.02
20200309,4999,74417200.0,6841666.0,9.19
20200309,5007,294940154.0,10904994.0,3.69
20200309,5203,83709300.0,19508377.0,23.3
20200309,5215,54337500.0,16916713.0,31.13
20200309,5225,61504000.0,36209753.0,58.87
20200309,5234,102715911.0,9442918.0,9.19
20200309,5243,168528915.0,112522414.0,66.76
20200309,5258,89542579.0,2940516.0,3.28
20200309,5264,420456991.0,273771873.0,65.11
20200309,5269,60037861.0,11291794.0,18.8
20200309,5283,76000425.0,544000.0,0.71
20200309,5284,43664608.0,26692208.0,61.13
20200309,5285,86099463.0,1681814.0,1.95
20200309,5288,65826153.0,42598273.0,64.71
20200309,5305,312456688.0,69472570.0,22.23
20200309,5388,245653767.0,65390628.0,26.61
20200309,5434,181699567.0,56881160.0,31.3
20200309,5469,491441352.0,83741597.0,17.03
20200309,5471,167877062.0,19416349.0,11.56
20200309,5484,68115093.0,350104.0,0.51
20200309,5515,267440105.0,13657621.0,5.1
20200309,5519,198544958.0,4993512.0,2.51
20200309,5521,447527413.0,32432229.0,7.24
20200309,5522,806259241.0,86866500.0,10.77
20200309,5525,244991913.0,5418539.0,2.21
20200309,5531,982474245.0,58982466.0,6.0
20200309,5533,285244944.0,9092049.0,3.18
20200309,5534,290325960.0,54652343.0,18.82
20200309,5538,168000000.0,115255125.0,68.6
20200309,5607,229979100.0,6664733.0,2.89
20200309,5608,279267090.0,22007739.0,7.88
20200309,5706,61294353.0,744890.0,1.21
20200309,5871,1328200030.0,1009569094.0,76.01
20200309,5876,4481603140.0,2595811877.0,57.92
20200309,5880,12945848278.0,2658764185.0,20.53
20200309,5906,30000000.0,5894654.0,19.64
20200309,5907,195531000.0,104484237.0,53.43
20200309,6005,2170908097.0,248053782.0,11.42
20200309,6024,176437584.0,4422940.0,2.5
20200309,6108,159899311.0,11542779.0,7.21
20200309,6112,188357336.0,3820336.0,2.02
20200309,6115,187662154.0,23882791.0,12.72
20200309,6116,3133933851.0,350608465.0,11.18
20200309,6117,88650000.0,2490680.0,2.8
20200309,6120,665555114.0,60246842.0,9.05
20200309,6128,127588740.0,2901370.0,2.27
20200309,6131,101926533.0,125259.0,0.12
20200309,6133,117006294.0,5725871.0,4.89
20200309,6136,115536412.0,5163016.0,4.46
20200309,6139,225540929.0,37006010.0,16.4
20200309,6141,129964450.0,2778739.0,2.13
20200309,6142,268235633.0,7270699.0,2.71
20200309,6152,167738463.0,367337.0,0.21
20200309,6153,544279610.0,72212038.0,13.26
20200309,6155,86667589.0,2692407.0,3.1
20200309,6164,100000239.0,560855.0,0.56
20200309,6165,49682403.0,940013.0,1.89
20200309,6166,217497257.0,36538082.0,16.79
20200309,6168,206069801.0,7278050.0,3.53
20200309,6172,30000000.0,184214.0,0.61
20200309,6176,465027263.0,285152271.0,61.31
20200309,6177,256896748.0,6689042.0,2.6
20200309,6183,150000000.0,1308954.0,0.87
20200309,6184,158230657.0,4219468.0,2.66
20200309,6189,179045194.0,9090648.0,5.07
20200309,6191,515546903.0,41565650.0,8.06
20200309,6192,106839745.0,31604935.0,29.58
20200309,6196,185690424.0,8664291.0,4.66
20200309,6197,122085882.0,12389322.0,10.14
20200309,6201,89200000.0,151834.0,0.17
20200309,6202,226168200.0,63703601.0,28.16
20200309,6205,71839079.0,2051032.0,2.85
20200309,6206,143062324.0,30684525.0,21.44
20200309,6209,163119931.0,2797568.0,1.71
20200309,6213,302957218.0,43578272.0,14.38
20200309,6214,269393304.0,43243863.0,16.05
20200309,6215,82789693.0,4488883.0,5.42
20200309,6216,84345637.0,667124.0,0.79
20200309,6224,80001838.0,14233544.0,17.79
20200309,6225,119076655.0,6441406.0,5.4
20200309,6226,114951789.0,526256.0,0.45
20200309,6230,86343396.0,51907798.0,60.11
20200309,6235,168069106.0,2864143.0,1.7
20200309,6239,779146634.0,584685023.0,75.04
20200309,6243,74976693.0,229847.0,0.3
20200309,6251,281059335.0,42202367.0,15.01
20200309,6257,415772017.0,121786042.0,29.29
20200309,6269,332954895.0,118907446.0,35.71
20200309,6271,165357520.0,39670499.0,23.99
20200309,6277,119471166.0,19920235.0,16.67
20200309,6278,292398353.0,81465330.0,27.86
20200309,6281,99172945.0,2058312.0,2.07
20200309,6282,516621295.0,83361219.0,16.13
20200309,6283,148079143.0,28101717.0,18.97
20200309,6285,390329302.0,64972961.0,16.64
20200309,6288,171128000.0,1816258.0,1.06
20200309,6289,80778136.0,47713.0,0.05
20200309,6405,65800000.0,103686.0,0.15
20200309,6409,83301492.0,54405611.0,65.31
20200309,6412,386715375.0,50192860.0,12.97
20200309,6414,83574472.0,9782619.0,11.7
20200309,6415,91185063.0,84523775.0,92.69
20200309,6416,68035634.0,1915050.0,2.81
20200309,6431,45642835.0,7380338.0,16.16
20200309,6442,69300000.0,23245224.0,33.54
20200309,6443,379016730.0,10244906.0,2.7
20200309,6449,84441912.0,1724022.0,2.04
20200309,6451,105446800.0,65585830.0,62.19
20200309,6452,100000000.0,20089249.0,20.08
20200309,6456,339439800.0,154407953.0,45.48
20200309,6464,122694706.0,599214.0,0.48
20200309,6477,94456570.0,508612.0,0.53
20200309,6491,70000000.0,2941763.0,4.2
20200309,6504,72600000.0,2142932.0,2.95
20200309,6505,9525959652.0,719231067.0,7.55
20200309,6525,129047384.0,14521476.0,11.25
20200309,6531,73830423.0,12876458.0,17.44
20200309,6533,42650911.0,1375847.0,3.22
20200309,6541,264052074.0,103270062.0,39.1
20200309,6552,100000000.0,704363.0,0.7
20200309,6558,86660750.0,3877446.0,4.47
20200309,6573,67499345.0,46170319.0,68.4
20200309,6579,148498468.0,4495000.0,3.02
20200309,6581,111270887.0,436000.0,0.39
20200309,6582,104877141.0,15817095.0,15.08
20200309,6591,26203000.0,7114089.0,27.14
20200309,6592,515000407.0,119088495.0,23.12
20200309,6605,165816397.0,20556775.0,12.39
20200309,6625,37333423.0,22895.0,0.06
20200309,6641,34000000.0,11031603.0,32.44
20200309,6655,75608500.0,202274.0,0.26
20200309,6666,47388000.0,37596602.0,79.33
20200309,6668,68392302.0,18007621.0,26.32
20200309,6669,174510791.0,39908912.0,22.86
20200309,6670,131030000.0,30184346.0,23.03
20200309,6671,60750000.0,38037634.0,62.61
20200309,6672,70654345.0,28130277.0,39.81
20200309,6674,66837681.0,31000.0,0.04
20200309,6698,66389753.0,3806223.0,5.73
20200309,6706,66744935.0,3726814.0,5.58
20200309,6715,57000000.0,4519580.0,7.92
20200309,8011,118620375.0,2675541.0,2.25
20200309,8016,120136876.0,45377217.0,37.77
20200309,8021,142180467.0,19384817.0,13.63
20200309,8028,132408000.0,16755941.0,12.65
20200309,8033,112629775.0,632442.0,0.56
20200309,8039,209119692.0,51218949.0,24.49
20200309,8046,646165487.0,41819173.0,6.47
20200309,8070,63879937.0,8029964.0,12.57
20200309,8072,80000000.0,866270.0,1.08
20200309,8081,86172072.0,13367566.0,15.51
20200309,8101,208088795.0,344966.0,0.16
20200309,8103,81399413.0,7687605.0,9.44
20200309,8104,67630050.0,697404.0,1.03
20200309,8105,441544851.0,259369939.0,58.74
20200309,8110,506381144.0,31866320.0,6.29
20200309,8112,378496473.0,111671968.0,29.5
20200309,8114,106074919.0,4551912.0,4.29
20200309,8131,442222223.0,29978354.0,6.77
20200309,8150,727240126.0,360225613.0,49.53
20200309,8163,280000001.0,49197836.0,17.57
20200309,8201,62366275.0,1739565.0,2.78
20200309,8210,119725950.0,19481690.0,16.27
20200309,8213,271242488.0,75537732.0,27.84
20200309,8215,320674514.0,6771161.0,2.11
20200309,8222,68546750.0,289821.0,0.42
20200309,8249,127055000.0,19508919.0,15.35
20200309,8261,81340493.0,20831082.0,25.6
20200309,8271,100897807.0,20493931.0,20.31
20200309,8341,111500000.0,28246797.0,25.33
20200309,8367,81131938.0,1124473.0,1.38
20200309,8374,112225487.0,3468038.0,3.09
20200309,8404,315178126.0,175580115.0,55.7
20200309,8411,175398185.0,109046792.0,62.17
20200309,8422,108888000.0,28213999.0,25.91
20200309,8427,104261000.0,36916760.0,35.4
20200309,8429,185747151.0,68456126.0,36.85
20200309,8442,49999682.0,37875396.0,75.75
20200309,8443,66800000.0,4433125.0,6.63
20200309,8454,140058500.0,40585274.0,28.97
20200309,8462,69835558.0,1413944.0,2.02
20200309,8463,150000000.0,754000.0,0.5
20200309,8464,293020200.0,121829882.0,41.57
20200309,8466,66059000.0,40562000.0,61.4
20200309,8467,49534000.0,21930038.0,44.27
20200309,8473,134812297.0,1305711.0,0.96
20200309,8478,90893276.0,51720320.0,56.9
20200309,8480,39270000.0,34221019.0,87.14
20200309,8481,66601866.0,2954000.0,4.43
20200309,8482,111112000.0,98850701.0,88.96
20200309,8488,67500000.0,52366033.0,77.57
20200309,8497,36542810.0,485058.0,1.32
20200309,8499,51286000.0,37767108.0,73.64
20200309,8926,589048595.0,44342828.0,7.52
20200309,8940,67491032.0,5413937.0,8.02
20200309,8996,89384080.0,2476389.0,2.77
20200309,9103,205531500.0,860001.0,0.41
20200309,9105,839284153.0,5894005.0,0.7
20200309,9110,54248500.0,4000.0,0.0
20200309,9136,151204000.0,1711000.0,1.13
20200309,9188,65792000.0,0.0,0.0
20200309,9802,159830923.0,75224630.0,47.06
20200309,9902,98049600.0,466538.0,0.47
20200309,9904,2946787213.0,1716260695.0,58.24
20200309,9905,305000000.0,10269081.0,3.36
20200309,9906,83343981.0,605624.0,0.72
20200309,9907,1579145342.0,219316309.0,13.88
20200309,9908,516358000.0,11305045.0,2.18
20200309,9910,734734249.0,142990811.0,19.46
20200309,9911,221121188.0,49729260.0,22.48
20200309,9912,54350569.0,8650401.0,15.91
20200309,9914,298983800.0,115816558.0,38.73
20200309,9917,451197093.0,193176957.0,42.81
20200309,9918,180537453.0,2309969.0,1.27
20200309,9919,195362750.0,5704490.0,2.91
20200309,9921,375064626.0,184183451.0,49.1
20200309,9924,188452170.0,24127283.0,12.8
20200309,9925,383653075.0,66212655.0,17.25
20200309,9926,179504075.0,338323.0,0.18
20200309,9927,209148167.0,22259053.0,10.64
20200309,9928,150724583.0,0.0,0.0
20200309,9929,168800000.0,13606624.0,8.06
20200309,9930,248540368.0,4902606.0,1.97
20200309,9931,102250512.0,463917.0,0.45
20200309,9933,763273848.0,192933190.0,25.27
20200309,9934,356212962.0,76619012.0,21.5
20200309,9935,169623342.0,9132408.0,5.38
20200309,9937,309043000.0,6047178.0,1.95
20200309,9938,297963902.0,77013939.0,25.84
20200309,9939,292878879.0,77817951.0,26.57
20200309,9940,736846500.0,36172132.0,4.9
20200309,9941,302092125.0,18156722.0,6.01
20200309,9942,83161320.0,3094735.0,3.72
20200309,9943,147317600.0,4228939.0,2.87
20200309,9944,109107100.0,2287160.0,2.09
20200309,9945,1003253999.0,162908129.0,16.23
20200309,9946,300820867.0,27787000.0,9.23
20200309,9955,103208229.0,789492.0,0.76
20200309,9958,209342910.0,7741745.0,3.69
20200310,1101,5465619204.0,1559457088.0,28.53
20200310,1102,3361447198.0,891151064.0,26.51
20200310,1103,774780548.0,38452655.0,4.96
20200310,1104,653609192.0,78726334.0,12.04
20200310,1108,404738049.0,6288730.0,1.55
20200310,1109,341957868.0,11602861.0,3.39
20200310,1110,572000797.0,43971466.0,7.68
20200310,1201,506062914.0,52608334.0,10.39
20200310,1203,240000000.0,5274769.0,2.19
20200310,1210,827339086.0,141455295.0,17.09
20200310,1213,56622627.0,42642.0,0.07
20200310,1215,267990998.0,110928756.0,41.39
20200310,1216,5682015421.0,2954466155.0,51.99
20200310,1217,494513336.0,40362256.0,8.16
20200310,1218,499999038.0,12690797.0,2.53
20200310,1219,322013887.0,11411703.0,3.54
20200310,1220,177077944.0,16375673.0,9.24
20200310,1225,218703051.0,1745906.0,0.79
20200310,1227,915089591.0,211292870.0,23.08
20200310,1229,1104739841.0,150485885.0,13.62
20200310,1231,174595395.0,3941590.0,2.25
20200310,1232,159974915.0,2063421.0,1.28
20200310,1233,90591948.0,4719802.0,5.2
20200310,1234,401871094.0,17538511.0,4.36
20200310,1235,98955436.0,68637.0,0.06
20200310,1236,108342510.0,73329.0,0.06
20200310,1256,33842160.0,1562777.0,4.61
20200310,1301,6365740781.0,2373983878.0,37.29
20200310,1303,7930821589.0,2392500336.0,30.16
20200310,1304,1188763500.0,409201531.0,34.42
20200310,1305,527029927.0,85549412.0,16.23
20200310,1307,397818126.0,46259752.0,11.62
20200310,1308,554382745.0,34920424.0,6.29
20200310,1309,334204892.0,13609279.0,4.07
20200310,1310,527869764.0,98495781.0,18.65
20200310,1312,906620328.0,232594104.0,25.65
20200310,1313,1332347607.0,150744209.0,11.31
20200310,1314,3284850130.0,564430303.0,17.18
20200310,1315,198000000.0,2547149.0,1.28
20200310,1316,179541221.0,1783031.0,0.99
20200310,1319,591477068.0,115587649.0,19.54
20200310,1321,227228268.0,5480995.0,2.41
20200310,1323,91274554.0,2974165.0,3.25
20200310,1324,75121882.0,350215.0,0.46
20200310,1325,85281198.0,449363.0,0.52
20200310,1326,5861186291.0,2133023121.0,36.39
20200310,1337,268954729.0,70334827.0,26.15
20200310,1338,83840000.0,12265510.0,14.62
20200310,1339,74138875.0,1213038.0,1.63
20200310,1340,152922855.0,47134961.0,30.82
20200310,1341,49400000.0,42901950.0,86.84
20200310,1402,5352875227.0,1040779299.0,19.44
20200310,1409,1618409291.0,251813690.0,15.55
20200310,1410,63000000.0,10291456.0,16.33
20200310,1413,132112454.0,379175.0,0.28
20200310,1414,220000000.0,2590669.0,1.17
20200310,1416,185342168.0,26574147.0,14.33
20200310,1417,189941840.0,5045620.0,2.65
20200310,1418,56834309.0,344219.0,0.6
20200310,1419,300041280.0,6725142.0,2.24
20200310,1423,138400000.0,2777830.0,2.0
20200310,1432,167937642.0,117917.0,0.07
20200310,1434,1684664637.0,280043548.0,16.62
20200310,1435,139780080.0,203879.0,0.14
20200310,1436,95634000.0,172722.0,0.18
20200310,1437,203371284.0,11450065.0,5.63
20200310,1438,102411518.0,94044.0,0.09
20200310,1439,92000000.0,1060935.0,1.15
20200310,1440,1656815857.0,121059074.0,7.3
20200310,1441,100800000.0,1445719.0,1.43
20200310,1442,302117481.0,8668757.0,2.86
20200310,1443,135343011.0,87758.0,0.06
20200310,1444,957302942.0,91956816.0,9.6
20200310,1445,132667034.0,1991715.0,1.5
20200310,1446,137709513.0,1463237.0,1.06
20200310,1447,914487242.0,68162604.0,7.45
20200310,1449,120000000.0,921535.0,0.76
20200310,1451,198000000.0,20295142.0,10.25
20200310,1452,132641400.0,5778732.0,4.35
20200310,1453,98642138.0,96880.0,0.09
20200310,1454,134309848.0,585472.0,0.43
20200310,1455,611763380.0,18724883.0,3.06
20200310,1456,93720000.0,153224.0,0.16
20200310,1457,301647640.0,8853110.0,2.93
20200310,1459,358628907.0,7910150.0,2.2
20200310,1460,509834182.0,23718481.0,4.65
20200310,1463,173268381.0,5630824.0,3.24
20200310,1464,384565652.0,7375490.0,1.91
20200310,1465,103607267.0,340735.0,0.32
20200310,1466,111157320.0,145264.0,0.13
20200310,1467,233624667.0,45077206.0,19.29
20200310,1468,160405244.0,2943115.0,1.83
20200310,1470,85767000.0,53084.0,0.06
20200310,1471,150414536.0,113970.0,0.07
20200310,1472,45672722.0,41667.0,0.09
20200310,1473,147153534.0,15769754.0,10.71
20200310,1474,129896969.0,183888.0,0.14
20200310,1475,16016749.0,11039.0,0.06
20200310,1476,274367111.0,99668071.0,36.32
20200310,1477,219856581.0,30172422.0,13.72
20200310,1503,520972223.0,166048116.0,31.87
20200310,1504,1967692886.0,796915221.0,40.49
20200310,1506,122855501.0,531365.0,0.43
20200310,1507,410820000.0,186325978.0,45.35
20200310,1512,220002494.0,18166048.0,8.25
20200310,1513,420000000.0,55751737.0,13.27
20200310,1514,207099023.0,24604851.0,11.88
20200310,1515,181473500.0,17227926.0,9.49
20200310,1516,33350889.0,50368.0,0.15
20200310,1517,227825007.0,5743321.0,2.52
20200310,1519,261058548.0,18361608.0,7.03
20200310,1521,76230000.0,25715764.0,33.73
20200310,1522,312897881.0,20699589.0,6.61
20200310,1524,179685207.0,213726.0,0.11
20200310,1525,73400135.0,47878.0,0.06
20200310,1526,60000000.0,737638.0,1.22
20200310,1527,138570640.0,12951726.0,9.34
20200310,1528,199331000.0,2489467.0,1.24
20200310,1529,95967982.0,298354.0,0.31
20200310,1530,96594171.0,698681.0,0.72
20200310,1531,185008080.0,18638386.0,10.07
20200310,1532,385252112.0,47337126.0,12.28
20200310,1533,98547486.0,6670588.0,6.76
20200310,1535,123742552.0,530004.0,0.42
20200310,1536,254956513.0,34609837.0,13.57
20200310,1537,81785394.0,19207756.0,23.48
20200310,1538,56135851.0,137355.0,0.24
20200310,1539,65370000.0,55034.0,0.08
20200310,1540,85473612.0,206353.0,0.24
20200310,1541,78800000.0,7705312.0,9.77
20200310,1558,60535631.0,7212116.0,11.91
20200310,1560,141000000.0,20126584.0,14.27
20200310,1568,103086559.0,1880113.0,1.82
20200310,1582,123724171.0,39384757.0,31.83
20200310,1583,110400372.0,88986.0,0.08
20200310,1587,67356618.0,13522742.0,20.07
20200310,1589,105617519.0,11963951.0,11.32
20200310,1590,189024998.0,129335070.0,68.42
20200310,1592,110978250.0,42913412.0,38.66
20200310,1598,115100887.0,788669.0,0.68
20200310,1603,191688000.0,3537859.0,1.84
20200310,1604,387200000.0,48166048.0,12.43
20200310,1605,3326000258.0,762777781.0,22.93
20200310,1608,632773506.0,21048907.0,3.32
20200310,1609,595068022.0,62219726.0,10.45
20200310,1611,358595268.0,42237941.0,11.77
20200310,1612,316080063.0,34169981.0,10.81
20200310,1614,269113406.0,5458013.0,2.02
20200310,1615,111861784.0,120650.0,0.1
20200310,1616,194148515.0,157127.0,0.08
20200310,1617,144233235.0,30614329.0,21.22
20200310,1618,240864684.0,2908787.0,1.2
20200310,1626,136850637.0,67088742.0,49.02
20200310,1701,298081080.0,31503156.0,10.56
20200310,1702,294132962.0,48908663.0,16.62
20200310,1707,136286373.0,30232989.0,22.18
20200310,1708,211520260.0,17505236.0,8.27
20200310,1709,477016272.0,18317188.0,3.83
20200310,1710,885703029.0,83811120.0,9.46
20200310,1711,547752226.0,47196552.0,8.61
20200310,1712,420492585.0,51495758.0,12.24
20200310,1713,150951700.0,7287675.0,4.82
20200310,1714,1016824808.0,181788528.0,17.87
20200310,1717,1240279455.0,168468703.0,13.58
20200310,1718,1621367217.0,170336850.0,10.5
20200310,1720,178696089.0,3714793.0,2.07
20200310,1721,222347344.0,5985121.0,2.69
20200310,1722,980000000.0,136411181.0,13.91
20200310,1723,236904480.0,32632149.0,13.77
20200310,1724,127813900.0,7714934.0,6.03
20200310,1725,181829978.0,275027.0,0.15
20200310,1726,162000000.0,24030727.0,14.83
20200310,1727,110250000.0,1119598.0,1.01
20200310,1730,63233851.0,4397281.0,6.95
20200310,1731,132915244.0,896790.0,0.67
20200310,1732,42443957.0,198646.0,0.46
20200310,1733,99986192.0,3019146.0,3.01
20200310,1734,167722022.0,5745757.0,3.42
20200310,1735,99388000.0,49922241.0,50.22
20200310,1736,303616617.0,12608171.0,4.15
20200310,1737,200000000.0,18772379.0,9.38
20200310,1760,76739013.0,1262958.0,1.64
20200310,1762,77560000.0,3286279.0,4.23
20200310,1773,150000000.0,4199597.0,2.79
20200310,1776,69986099.0,49001.0,0.07
20200310,1783,69465000.0,5338606.0,7.68
20200310,1786,58100000.0,382073.0,0.65
20200310,1789,790739222.0,32994012.0,4.17
20200310,1795,243113964.0,167624971.0,68.94
20200310,1802,2908060800.0,208402591.0,7.16
20200310,1805,100265400.0,115805.0,0.11
20200310,1806,433782078.0,53509314.0,12.33
20200310,1808,308330531.0,14650851.0,4.75
20200310,1809,167041937.0,5280786.0,3.16
20200310,1810,369853610.0,12859506.0,3.47
20200310,1817,72600000.0,1107000.0,1.52
20200310,1902,402000550.0,27137368.0,6.75
20200310,1903,260039121.0,38827115.0,14.93
20200310,1904,1108274522.0,148373947.0,13.38
20200310,1905,1102835316.0,47854594.0,4.33
20200310,1906,151000000.0,1579509.0,1.04
20200310,1907,1660371495.0,303104027.0,18.25
20200310,1909,1217685727.0,191879047.0,15.75
20200310,2002,15734860997.0,3132568373.0,19.9
20200310,2006,1004060608.0,130619360.0,13.0
20200310,2007,530651613.0,351965.0,0.06
20200310,2008,200852293.0,14360407.0,7.14
20200310,2009,359622165.0,23800265.0,6.61
20200310,2010,647655390.0,29578564.0,4.56
20200310,2012,287774000.0,6964540.0,2.42
20200310,2013,200000000.0,14603962.0,7.3
20200310,2014,1435544446.0,71201148.0,4.95
20200310,2015,581599424.0,56818782.0,9.76
20200310,2017,341867462.0,8090222.0,2.36
20200310,2020,222526100.0,5663869.0,2.54
20200310,2022,479751976.0,14605352.0,3.04
20200310,2023,1913327518.0,129622900.0,6.77
20200310,2024,97500000.0,160093.0,0.16
20200310,2025,281167262.0,119066.0,0.04
20200310,2027,1233790052.0,292520335.0,23.7
20200310,2028,325714800.0,301958.0,0.09
20200310,2029,321180000.0,225612081.0,70.24
20200310,2030,286526027.0,14390668.0,5.02
20200310,2031,310687699.0,30714658.0,9.88
20200310,2032,130521545.0,220736.0,0.16
20200310,2033,80694536.0,134139.0,0.16
20200310,2034,407130743.0,50336761.0,12.36
20200310,2038,181264522.0,415670.0,0.22
20200310,2049,309578886.0,122915645.0,39.7
20200310,2059,95297072.0,24180002.0,25.37
20200310,2062,163014152.0,16714128.0,10.25
20200310,2069,156386836.0,655307.0,0.41
20200310,2101,833934904.0,72242131.0,8.66
20200310,2102,473329207.0,38934645.0,8.22
20200310,2103,825709978.0,287629982.0,34.83
20200310,2104,984733625.0,114911319.0,11.66
20200310,2105,3241415536.0,442880189.0,13.66
20200310,2106,874430000.0,46835706.0,5.35
20200310,2107,350000000.0,35202641.0,10.05
20200310,2108,492416659.0,47086313.0,9.56
20200310,2109,332349134.0,49546660.0,14.9
20200310,2114,70901552.0,1321907.0,1.86
20200310,2115,86063215.0,39647789.0,46.06
20200310,2201,1572919909.0,100439972.0,6.38
20200310,2204,553620342.0,164620784.0,29.73
20200310,2206,853595604.0,87271153.0,10.22
20200310,2207,546179184.0,131390851.0,24.05
20200310,2208,472991749.0,15194344.0,3.21
20200310,2227,300000000.0,122812626.0,40.93
20200310,2228,75780281.0,7309573.0,9.64
20200310,2231,122821241.0,12384562.0,10.08
20200310,2233,60288089.0,5436033.0,9.01
20200310,2236,44826766.0,33324473.0,74.34
20200310,2239,118007000.0,89847639.0,76.13
20200310,2243,45718529.0,19621127.0,42.91
20200310,2301,2350867032.0,1300671705.0,55.32
20200310,2302,166302881.0,6362656.0,3.82
20200310,2303,11724318715.0,5952399388.0,50.76
20200310,2305,205660827.0,9976708.0,4.85
20200310,2308,2597543329.0,1731663445.0,66.66
20200310,2312,1452081211.0,255711398.0,17.6
20200310,2313,1191820589.0,338746818.0,28.42
20200310,2314,228028320.0,2403388.0,1.05
20200310,2316,203045040.0,37342712.0,18.39
20200310,2317,13862990609.0,6434454917.0,46.41
20200310,2321,315332590.0,167111.0,0.05
20200310,2323,1158881200.0,88739968.0,7.65
20200310,2324,4407146625.0,2139324167.0,48.54
20200310,2327,427121695.0,208924451.0,48.91
20200310,2328,518346282.0,90873357.0,17.53
20200310,2329,557328533.0,169694809.0,30.44
20200310,2330,25930380458.0,19874223966.0,76.64
20200310,2331,557402968.0,89532474.0,16.06
20200310,2332,651996166.0,94606376.0,14.51
20200310,2337,1839908862.0,377742807.0,20.53
20200310,2338,252713611.0,4746467.0,1.87
20200310,2340,378622846.0,74874961.0,19.77
20200310,2342,156342161.0,10044439.0,6.42
20200310,2344,3980000193.0,905286747.0,22.74
20200310,2345,557726397.0,317034946.0,56.84
20200310,2347,1667946968.0,593516249.0,35.58
20200310,2348,85600000.0,1998904.0,2.33
20200310,2349,1284157900.0,163253358.0,12.71
20200310,2351,182140249.0,23413398.0,12.85
20200310,2352,1966781958.0,408922744.0,20.79
20200310,2353,3074933828.0,867426809.0,28.2
20200310,2354,1414485192.0,395291491.0,27.94
20200310,2355,397495420.0,114755743.0,28.86
20200310,2356,3587475066.0,991928082.0,27.64
20200310,2357,742760280.0,461659532.0,62.15
20200310,2358,94616172.0,237112.0,0.25
20200310,2359,171471052.0,6882519.0,4.01
20200310,2360,419092587.0,265741086.0,63.4
20200310,2362,669763000.0,88028734.0,13.14
20200310,2363,554062477.0,32004866.0,5.77
20200310,2364,198939797.0,30043266.0,15.1
20200310,2365,234538496.0,13963942.0,5.95
20200310,2367,619407175.0,132261140.0,21.35
20200310,2368,546487841.0,62148382.0,11.37
20200310,2369,380102344.0,58912913.0,15.49
20200310,2371,2339536685.0,928485911.0,39.68
20200310,2373,236202518.0,4601202.0,1.94
20200310,2374,282362812.0,25187951.0,8.92
20200310,2375,194063097.0,4665964.0,2.4
20200310,2376,635688886.0,186177452.0,29.28
20200310,2377,844856199.0,296893061.0,35.14
20200310,2379,508095464.0,315056125.0,62.0
20200310,2380,162444084.0,3041533.0,1.87
20200310,2382,3862627432.0,1031279742.0,26.69
20200310,2383,319708064.0,115840404.0,36.23
20200310,2385,734497521.0,400547418.0,54.53
20200310,2387,196297952.0,16512138.0,8.41
20200310,2388,493303441.0,53032666.0,10.75
20200310,2390,214021602.0,4030325.0,1.88
20200310,2392,512326940.0,69276409.0,13.52
20200310,2393,443056236.0,162112429.0,36.58
20200310,2395,699075510.0,288564938.0,41.27
20200310,2397,114688857.0,24635938.0,21.48
20200310,2399,178100000.0,29750283.0,16.7
20200310,2401,591994919.0,70709505.0,11.94
20200310,2402,307536533.0,42081723.0,13.68
20200310,2404,190586698.0,56064962.0,29.41
20200310,2405,343427303.0,21198651.0,6.17
20200310,2406,205905689.0,17232461.0,8.36
20200310,2408,3053504894.0,679842862.0,22.26
20200310,2409,9624245115.0,3059280859.0,31.78
20200310,2412,7757446545.0,1261825686.0,16.26
20200310,2413,127359200.0,600115.0,0.47
20200310,2414,161735846.0,9971674.0,6.16
20200310,2415,80000000.0,1264951.0,1.58
20200310,2417,192892330.0,6741430.0,3.49
20200310,2419,328986229.0,39720964.0,12.07
20200310,2420,152648688.0,5837474.0,3.82
20200310,2421,250929732.0,70772704.0,28.2
20200310,2423,145047289.0,2606432.0,1.79
20200310,2424,30000000.0,69154.0,0.23
20200310,2425,101498831.0,27502687.0,27.09
20200310,2426,300622252.0,22882643.0,7.61
20200310,2427,184314463.0,3630289.0,1.96
20200310,2428,128112726.0,19755394.0,15.42
20200310,2429,36736200.0,1191997.0,3.24
20200310,2430,166468825.0,6033090.0,3.62
20200310,2431,110927014.0,1335990.0,1.2
20200310,2433,144496011.0,1502704.0,1.03
20200310,2434,70602126.0,801806.0,1.13
20200310,2436,178009961.0,13481029.0,7.57
20200310,2438,95215940.0,48374.0,0.05
20200310,2439,207879134.0,42208289.0,20.3
20200310,2440,139117271.0,123394.0,0.08
20200310,2441,568845921.0,88723099.0,15.59
20200310,2442,267234372.0,8884550.0,3.32
20200310,2443,145687000.0,258195.0,0.17
20200310,2444,105557573.0,1963563.0,1.86
20200310,2448,1088701410.0,210852186.0,19.36
20200310,2449,1222745065.0,539447875.0,44.11
20200310,2450,258252657.0,11852636.0,4.58
20200310,2451,430761675.0,73060161.0,16.96
20200310,2453,100000000.0,1037804.0,1.03
20200310,2454,1589981632.0,984810214.0,61.93
20200310,2455,184905918.0,36279913.0,19.62
20200310,2456,243254748.0,47283166.0,19.43
20200310,2457,337688416.0,25086695.0,7.42
20200310,2458,303880392.0,98767348.0,32.5
20200310,2459,105900615.0,18714235.0,17.67
20200310,2460,169200000.0,1566103.0,0.92
20200310,2461,159324631.0,5639431.0,3.53
20200310,2462,142484596.0,1340712.0,0.94
20200310,2464,195531226.0,16598222.0,8.48
20200310,2465,53587301.0,277927.0,0.51
20200310,2466,156334226.0,18885291.0,12.08
20200310,2467,149205548.0,12353974.0,8.27
20200310,2468,69961249.0,89995.0,0.12
20200310,2471,47253890.0,672916.0,1.42
20200310,2472,129219822.0,3817986.0,2.95
20200310,2474,770391069.0,500766908.0,65.0
20200310,2476,184968298.0,18456143.0,9.97
20200310,2477,198216555.0,44960674.0,22.68
20200310,2478,145248989.0,10665363.0,7.34
20200310,2480,106360291.0,11149697.0,10.48
20200310,2481,332814927.0,39213758.0,11.78
20200310,2482,62072549.0,348301.0,0.56
20200310,2483,110618807.0,215242.0,0.19
20200310,2484,159421022.0,10217976.0,6.4
20200310,2485,317689037.0,20120914.0,6.33
20200310,2486,201958579.0,7249741.0,3.58
20200310,2488,79999433.0,2838631.0,3.54
20200310,2489,809362045.0,105499607.0,13.03
20200310,2491,82008000.0,6380676.0,7.78
20200310,2492,485800000.0,123261806.0,25.37
20200310,2493,114437390.0,8219922.0,7.18
20200310,2495,276290738.0,48423083.0,17.52
20200310,2496,17459400.0,8578869.0,49.13
20200310,2497,118798463.0,1740483.0,1.46
20200310,2498,818808635.0,130112679.0,15.89
20200310,2499,461172003.0,39716238.0,8.61
20200310,2501,1159561059.0,109668217.0,9.45
20200310,2504,1385000335.0,155633956.0,11.23
20200310,2505,696582479.0,30444174.0,4.37
20200310,2506,387000000.0,13301991.0,3.43
20200310,2509,204136846.0,3128604.0,1.53
20200310,2511,1623326147.0,141921618.0,8.74
20200310,2514,404729278.0,18947870.0,4.68
20200310,2515,1530899822.0,155211801.0,10.13
20200310,2516,226278457.0,6269701.0,2.77
20200310,2520,503791000.0,106724276.0,21.18
20200310,2524,384846372.0,8604635.0,2.23
20200310,2527,270306000.0,78437922.0,29.01
20200310,2528,277085409.0,363491.0,0.13
20200310,2530,270752466.0,3185115.0,1.17
20200310,2534,592784962.0,68584319.0,11.56
20200310,2535,290743386.0,29129226.0,10.01
20200310,2536,332808652.0,59722655.0,17.94
20200310,2537,300557795.0,7297782.0,2.42
20200310,2538,438448764.0,58360212.0,13.31
20200310,2539,461314374.0,514105.0,0.11
20200310,2540,146600000.0,154004.0,0.1
20200310,2542,1166628752.0,222369201.0,19.06
20200310,2543,241983788.0,304506.0,0.12
20200310,2545,327734808.0,12868067.0,3.92
20200310,2546,106035660.0,3650988.0,3.44
20200310,2547,912307649.0,203053854.0,22.25
20200310,2548,276812726.0,85146902.0,30.75
20200310,2597,135000000.0,1148171.0,0.85
20200310,2601,630883150.0,77300706.0,12.25
20200310,2603,4812973786.0,1145113301.0,23.79
20200310,2605,585353297.0,193888774.0,33.12
20200310,2606,845055712.0,78191002.0,9.25
20200310,2607,1067141094.0,75388279.0,7.06
20200310,2608,467000498.0,43045523.0,9.21
20200310,2609,2601335728.0,139586228.0,5.36
20200310,2610,5420984650.0,822900228.0,15.17
20200310,2611,175994247.0,227920.0,0.12
20200310,2612,197484593.0,4539744.0,2.29
20200310,2613,148423458.0,136643.0,0.09
20200310,2614,556789889.0,11532704.0,2.07
20200310,2615,2218297466.0,927938256.0,41.83
20200310,2616,137281827.0,4619589.0,3.36
20200310,2617,417294487.0,14246835.0,3.41
20200310,2618,4853569490.0,1371559754.0,28.25
20200310,2630,120120000.0,69000.0,0.05
20200310,2633,5628293058.0,805294664.0,14.3
20200310,2634,941867101.0,21862864.0,2.32
20200310,2636,117157402.0,17116077.0,14.6
20200310,2637,688655903.0,51694030.0,7.5
20200310,2642,95467000.0,4884332.0,5.11
20200310,2701,449967838.0,1965326.0,0.43
20200310,2702,110485538.0,40836363.0,36.96
20200310,2704,366923343.0,32019145.0,8.72
20200310,2705,186536630.0,5656559.0,3.03
20200310,2706,499998346.0,12937990.0,2.58
20200310,2707,126745769.0,19049593.0,15.02
20200310,2712,105000000.0,76592.0,0.07
20200310,2722,111522961.0,108380.0,0.09
20200310,2723,180000000.0,96686026.0,53.71
20200310,2727,76987883.0,7771282.0,10.09
20200310,2731,70000000.0,2263896.0,3.23
20200310,2739,111526000.0,2259800.0,2.02
20200310,2748,65637000.0,450847.0,0.68
20200310,2801,9985311160.0,1490739816.0,14.92
20200310,2809,1131234265.0,192555711.0,17.02
20200310,2812,3708834898.0,516789697.0,13.93
20200310,2816,212960000.0,12005821.0,5.63
20200310,2820,1342960000.0,106505759.0,7.93
20200310,2823,4463582304.0,1114032691.0,24.95
20200310,2832,362200400.0,11947718.0,3.29
20200310,2834,7131984244.0,1690506888.0,23.7
20200310,2836,1080916486.0,81269726.0,7.51
20200310,2838,2884455292.0,90281173.0,3.12
20200310,2841,760943600.0,79961784.0,10.5
20200310,2845,3355819407.0,426921411.0,12.72
20200310,2849,1957910050.0,1154563914.0,58.96
20200310,2850,315963300.0,27839004.0,8.81
20200310,2851,590388750.0,13866017.0,2.34
20200310,2852,301163784.0,12354846.0,4.1
20200310,2855,1372390028.0,149006968.0,10.85
20200310,2867,2371971471.0,170776203.0,7.19
20200310,2880,12172740178.0,2460242111.0,20.21
20200310,2881,10233603995.0,2749793625.0,26.87
20200310,2882,13169210128.0,2901180680.0,22.03
20200310,2883,14965982132.0,3874323251.0,25.88
20200310,2884,11619500000.0,5048373918.0,43.44
20200310,2885,11670611456.0,4629679160.0,39.66
20200310,2886,13599823983.0,3548053129.0,26.08
20200310,2887,10656061370.0,2958606387.0,27.76
20200310,2888,12600394063.0,2792093358.0,22.15
20200310,2889,2848064596.0,362517528.0,12.72
20200310,2890,11281054106.0,3565980387.0,31.61
20200310,2891,19496989569.0,8023542710.0,41.15
20200310,2892,12461942795.0,3366013083.0,27.01
20200310,2897,2413006301.0,30703066.0,1.27
20200310,2901,73043283.0,53994.0,0.07
20200310,2903,1416940589.0,210783359.0,14.87
20200310,2904,69034432.0,84652.0,0.12
20200310,2905,826682688.0,57817423.0,6.99
20200310,2906,209111093.0,3857522.0,1.84
20200310,2908,509887558.0,40724961.0,7.98
20200310,2910,208725000.0,309000.0,0.14
20200310,2911,188941775.0,33122867.0,17.53
20200310,2912,1039622255.0,421042246.0,40.49
20200310,2913,790000000.0,90960554.0,11.51
20200310,2915,564860594.0,102554496.0,18.15
20200310,2923,1740296982.0,1727425274.0,99.26
20200310,2929,94955292.0,47278460.0,49.79
20200310,2936,76555696.0,67948696.0,88.75
20200310,2939,47222665.0,35171893.0,74.48
20200310,3002,102000000.0,271372.0,0.26
20200310,3003,155654890.0,10930386.0,7.02
20200310,3004,52647155.0,654072.0,1.24
20200310,3005,579520150.0,193575251.0,33.4
20200310,3006,285758925.0,44897870.0,15.71
20200310,3008,134140197.0,71160529.0,53.04
20200310,3010,231390138.0,55128250.0,23.82
20200310,3011,112719251.0,162048.0,0.14
20200310,3013,159435018.0,3188158.0,1.99
20200310,3014,161080124.0,35997892.0,22.34
20200310,3015,192261950.0,22022055.0,11.45
20200310,3016,274401315.0,2865055.0,1.04
20200310,3017,353310157.0,127072897.0,35.96
20200310,3018,73512132.0,1869491.0,2.54
20200310,3019,281083901.0,35171429.0,12.51
20200310,3021,95813467.0,2378516.0,2.48
20200310,3022,177289790.0,36836952.0,20.77
20200310,3023,229078860.0,114984056.0,50.19
20200310,3024,277157496.0,4282140.0,1.54
20200310,3025,70920550.0,1545059.0,2.17
20200310,3026,157990779.0,18121455.0,11.46
20200310,3027,98856311.0,171199.0,0.17
20200310,3028,213824864.0,10888615.0,5.09
20200310,3029,124009212.0,4128382.0,3.32
20200310,3030,236216000.0,55221008.0,23.37
20200310,3031,186674224.0,5942937.0,3.18
20200310,3032,113285626.0,2250015.0,1.98
20200310,3033,367751242.0,17310471.0,4.7
20200310,3034,608511469.0,374755468.0,61.58
20200310,3035,248550313.0,57701076.0,23.21
20200310,3036,588121760.0,137862313.0,23.44
20200310,3037,1504732333.0,489516227.0,32.53
20200310,3038,162407603.0,6608365.0,4.06
20200310,3040,63000000.0,10684598.0,16.95
20200310,3041,192539746.0,16675167.0,8.66
20200310,3042,309757040.0,109273490.0,35.27
20200310,3043,194878166.0,2449666.0,1.25
20200310,3044,525605898.0,317090967.0,60.32
20200310,3045,3442720069.0,671937382.0,19.51
20200310,3046,71448013.0,751702.0,1.05
20200310,3047,186491633.0,7568547.0,4.05
20200310,3048,222572540.0,26665242.0,11.98
20200310,3049,806948529.0,69618335.0,8.62
20200310,3050,145984450.0,7724083.0,5.29
20200310,3051,325332396.0,273232.0,0.08
20200310,3052,228713554.0,5308014.0,2.32
20200310,3054,87848033.0,200261.0,0.22
20200310,3055,102441918.0,2401424.0,2.34
20200310,3056,209215308.0,20214643.0,9.66
20200310,3057,161409213.0,7828531.0,4.85
20200310,3058,164937351.0,4436488.0,2.68
20200310,3059,275361325.0,34813942.0,12.64
20200310,3060,139361590.0,10355534.0,7.43
20200310,3062,328605418.0,44438964.0,13.52
20200310,3090,178657150.0,17807470.0,9.96
20200310,3094,84655089.0,1725644.0,2.03
20200310,3130,33190700.0,13678919.0,41.21
20200310,3149,206393604.0,3713085.0,1.79
20200310,3164,88911864.0,718305.0,0.8
20200310,3167,80134116.0,1356490.0,1.69
20200310,3189,451039005.0,77098536.0,17.09
20200310,3209,172915577.0,3550482.0,2.05
20200310,3229,93515881.0,1417777.0,1.51
20200310,3231,2840612050.0,1612487502.0,56.76
20200310,3257,69380277.0,369835.0,0.53
20200310,3266,352314309.0,17789199.0,5.04
20200310,3296,98224450.0,1924054.0,1.95
20200310,3305,118265271.0,3292144.0,2.78
20200310,3308,98569663.0,110319.0,0.11
20200310,3311,60000000.0,575964.0,0.95
20200310,3312,118032122.0,9886120.0,8.37
20200310,3321,126218519.0,543491.0,0.43
20200310,3338,86481985.0,2145284.0,2.48
20200310,3346,75784000.0,3536347.0,4.66
20200310,3356,89871303.0,1385093.0,1.54
20200310,3376,178988346.0,50971800.0,28.47
20200310,3380,542727260.0,36708439.0,6.76
20200310,3383,70000000.0,12087788.0,17.26
20200310,3406,110890463.0,29108885.0,26.25
20200310,3413,82687500.0,15672793.0,18.95
20200310,3416,72181447.0,1655113.0,2.29
20200310,3419,120480417.0,7598468.0,6.3
20200310,3432,66586000.0,3349907.0,5.03
20200310,3437,144548000.0,15350650.0,10.61
20200310,3443,134011911.0,24043471.0,17.94
20200310,3450,145681382.0,17170551.0,11.78
20200310,3454,87033910.0,6612535.0,7.59
20200310,3481,9711071977.0,2800287074.0,28.83
20200310,3494,179450634.0,8084372.0,4.5
20200310,3501,118257927.0,3810862.0,3.22
20200310,3504,114059785.0,1647172.0,1.44
20200310,3515,120647229.0,6650636.0,5.51
20200310,3518,80752230.0,7747563.0,9.59
20200310,3528,65597216.0,5659002.0,8.62
20200310,3530,78025900.0,36707050.0,47.04
20200310,3532,387848300.0,190250712.0,49.05
20200310,3533,103477900.0,24907893.0,24.07
20200310,3535,79052356.0,2188218.0,2.76
20200310,3536,106800000.0,223564.0,0.2
20200310,3545,299416416.0,69725544.0,23.28
20200310,3550,85000000.0,625002.0,0.73
20200310,3557,72300415.0,25403441.0,35.13
20200310,3563,42608234.0,8840796.0,20.74
20200310,3576,2665577382.0,255555850.0,9.58
20200310,3583,81139000.0,6756998.0,8.32
20200310,3588,46882200.0,2304568.0,4.91
20200310,3591,125001379.0,6228207.0,4.98
20200310,3593,83042416.0,83931.0,0.1
20200310,3596,208535090.0,21622751.0,10.36
20200310,3605,122395884.0,10908006.0,8.91
20200310,3607,121662239.0,9094427.0,7.47
20200310,3617,80951000.0,2977694.0,3.67
20200310,3622,151327600.0,4031223.0,2.66
20200310,3645,129420494.0,6342871.0,4.9
20200310,3653,120484239.0,8053643.0,6.68
20200310,3661,60186610.0,27642541.0,45.92
20200310,3665,130517407.0,55884341.0,42.81
20200310,3669,92919950.0,2460568.0,2.64
20200310,3673,406663759.0,165827552.0,40.77
20200310,3679,62296229.0,8618130.0,13.83
20200310,3682,3817196399.0,151041537.0,3.95
20200310,3686,113513643.0,2431525.0,2.14
20200310,3694,150495808.0,1010156.0,0.67
20200310,3698,519386380.0,126379056.0,24.33
20200310,3701,190344554.0,6308144.0,3.31
20200310,3702,1679056833.0,542708966.0,32.32
20200310,3703,823215980.0,174722085.0,21.22
20200310,3704,441177355.0,43140874.0,9.77
20200310,3705,266422983.0,35575494.0,13.35
20200310,3706,1077282847.0,230411074.0,21.38
20200310,3708,93504604.0,13513095.0,14.45
20200310,3711,4323358382.0,3286876263.0,76.02
20200310,3712,246242146.0,2522345.0,1.02
20200310,4104,141148970.0,9727081.0,6.89
20200310,4106,100911557.0,1150366.0,1.13
20200310,4108,163616379.0,743965.0,0.45
20200310,4119,79485310.0,16446371.0,20.69
20200310,4133,60553594.0,9577858.0,15.81
20200310,4137,79492350.0,51741940.0,65.09
20200310,4141,171144968.0,118428333.0,69.19
20200310,4142,362352752.0,18441228.0,5.08
20200310,4144,77139000.0,41985609.0,54.42
20200310,4148,64034001.0,46278001.0,72.27
20200310,4155,78621079.0,236312.0,0.3
20200310,4164,140386871.0,38105614.0,27.14
20200310,4190,60914700.0,38393449.0,63.02
20200310,4306,571834173.0,35280283.0,6.16
20200310,4414,903434949.0,185767154.0,20.56
20200310,4426,161079476.0,13256823.0,8.22
20200310,4438,103375292.0,5561954.0,5.38
20200310,4439,31500000.0,20353000.0,64.61
20200310,4526,254826461.0,19727805.0,7.74
20200310,4532,504915105.0,55558444.0,11.0
20200310,4536,90820000.0,11970107.0,13.18
20200310,4540,96678000.0,2143001.0,2.21
20200310,4545,77000000.0,26999132.0,35.06
20200310,4551,81934000.0,42128859.0,51.41
20200310,4552,116000000.0,58767710.0,50.66
20200310,4555,66880000.0,4354000.0,6.51
20200310,4557,39808000.0,16100330.0,40.44
20200310,4560,67666195.0,55983849.0,82.73
20200310,4562,67546000.0,1005018.0,1.48
20200310,4564,177786553.0,4202936.0,2.36
20200310,4566,66656000.0,2545000.0,3.81
20200310,4571,47600000.0,34027228.0,71.48
20200310,4572,35800000.0,73000.0,0.2
20200310,4576,117908241.0,1944202.0,1.64
20200310,4581,33899000.0,9864000.0,29.09
20200310,4720,88576709.0,2496173.0,2.81
20200310,4722,100009159.0,3296156.0,3.29
20200310,4725,291975000.0,2749827.0,0.94
20200310,4737,59500794.0,18661501.0,31.36
20200310,4739,93029269.0,3679044.0,3.95
20200310,4746,99012550.0,5330164.0,5.38
20200310,4755,90706000.0,29104532.0,32.08
20200310,4763,51076700.0,37918696.0,74.23
20200310,4764,76788615.0,28579285.0,37.21
20200310,4766,120570780.0,13295751.0,11.02
20200310,4807,38470000.0,27952601.0,72.66
20200310,4904,3258500810.0,697750334.0,21.41
20200310,4906,356883496.0,33029044.0,9.25
20200310,4912,47472069.0,16924985.0,35.65
20200310,4915,448580824.0,257918946.0,57.49
20200310,4916,83451568.0,1489466.0,1.78
20200310,4919,287554400.0,13477007.0,4.68
20200310,4927,184752016.0,23700521.0,12.82
20200310,4930,134300000.0,7159690.0,5.33
20200310,4934,200000000.0,6186563.0,3.09
20200310,4935,130937091.0,39274396.0,29.99
20200310,4938,2610791856.0,1145896687.0,43.89
20200310,4942,142367613.0,27577700.0,19.37
20200310,4943,135975732.0,52079249.0,38.3
20200310,4952,108815816.0,2199079.0,2.02
20200310,4956,100408236.0,7906907.0,7.87
20200310,4958,902229887.0,733436260.0,81.29
20200310,4960,665728500.0,82594908.0,12.4
20200310,4961,165687462.0,1961355.0,1.18
20200310,4967,68257489.0,8979878.0,13.15
20200310,4968,60376078.0,11508307.0,19.06
20200310,4976,117182000.0,1365455.0,1.16
20200310,4977,66640551.0,25356923.0,38.05
20200310,4989,153085000.0,1376205.0,0.89
20200310,4994,110639000.0,2368209.0,2.14
20200310,4999,74417200.0,6851666.0,9.2
20200310,5007,294940154.0,10932994.0,3.7
20200310,5203,83709300.0,19824377.0,23.68
20200310,5215,54337500.0,16920713.0,31.14
20200310,5225,61504000.0,36454753.0,59.27
20200310,5234,102715911.0,9480918.0,9.23
20200310,5243,168528915.0,112593414.0,66.8
20200310,5258,89542579.0,2958516.0,3.3
20200310,5264,420456991.0,273828873.0,65.12
20200310,5269,60037861.0,11067794.0,18.43
20200310,5283,76000425.0,554000.0,0.72
20200310,5284,43664608.0,26697208.0,61.14
20200310,5285,86099463.0,1791814.0,2.08
20200310,5288,65826153.0,42699273.0,64.86
20200310,5305,312456688.0,69447570.0,22.22
20200310,5388,245653767.0,65234628.0,26.55
20200310,5434,181699567.0,56691160.0,31.2
20200310,5469,491441352.0,82346699.0,16.75
20200310,5471,167877062.0,19181349.0,11.42
20200310,5484,68115093.0,357104.0,0.52
20200310,5515,267440105.0,13680621.0,5.11
20200310,5519,198544958.0,5161512.0,2.59
20200310,5521,447527413.0,32974229.0,7.36
20200310,5522,806259241.0,86900500.0,10.77
20200310,5525,244991913.0,5449539.0,2.22
20200310,5531,982474245.0,58893466.0,5.99
20200310,5533,285244944.0,9110049.0,3.19
20200310,5534,290325960.0,54311343.0,18.7
20200310,5538,168000000.0,115252125.0,68.6
20200310,5607,229979100.0,6564733.0,2.85
20200310,5608,279267090.0,22045739.0,7.89
20200310,5706,61294353.0,762890.0,1.24
20200310,5871,1328200030.0,1008555396.0,75.93
20200310,5876,4481603140.0,2598876936.0,57.98
20200310,5880,12945848278.0,2657138485.0,20.52
20200310,5906,30000000.0,5903654.0,19.67
20200310,5907,195531000.0,104603237.0,53.49
20200310,6005,2170908097.0,247806782.0,11.41
20200310,6024,176437584.0,4373940.0,2.47
20200310,6108,159899311.0,11562779.0,7.23
20200310,6112,188357336.0,3894336.0,2.06
20200310,6115,187662154.0,23824791.0,12.69
20200310,6116,3133933851.0,353776465.0,11.28
20200310,6117,88650000.0,2491680.0,2.81
20200310,6120,665555114.0,60726842.0,9.12
20200310,6128,127588740.0,2930986.0,2.29
20200310,6131,101926533.0,125259.0,0.12
20200310,6133,117006294.0,5733871.0,4.9
20200310,6136,115536412.0,5162016.0,4.46
20200310,6139,225540929.0,36968010.0,16.39
20200310,6141,129964450.0,2968739.0,2.28
20200310,6142,268235633.0,7224699.0,2.69
20200310,6152,167738463.0,418337.0,0.24
20200310,6153,544279610.0,72637038.0,13.34
20200310,6155,86667589.0,2682407.0,3.09
20200310,6164,100000239.0,582855.0,0.58
20200310,6165,49682403.0,1045013.0,2.1
20200310,6166,217497257.0,36298082.0,16.68
20200310,6168,206069801.0,7335050.0,3.55
20200310,6172,30000000.0,201214.0,0.67
20200310,6176,465027263.0,285733271.0,61.44
20200310,6177,256896748.0,6638042.0,2.58
20200310,6183,150000000.0,1368954.0,0.91
20200310,6184,158230657.0,4243468.0,2.68
20200310,6189,179045194.0,9102648.0,5.08
20200310,6191,515546903.0,41716650.0,8.09
20200310,6192,106839745.0,31341935.0,29.33
20200310,6196,185690424.0,9185291.0,4.94
20200310,6197,122085882.0,12218322.0,10.0
20200310,6201,89200000.0,160834.0,0.18
20200310,6202,226168200.0,64136601.0,28.35
20200310,6205,71839079.0,2053032.0,2.85
20200310,6206,143062324.0,30688525.0,21.45
20200310,6209,163119931.0,2909568.0,1.78
20200310,6213,302957218.0,43964272.0,14.51
20200310,6214,269393304.0,43141863.0,16.01
20200310,6215,82789693.0,4489883.0,5.42
20200310,6216,84345637.0,684124.0,0.81
20200310,6224,80001838.0,14253544.0,17.81
20200310,6225,119076655.0,6441406.0,5.4
20200310,6226,114951789.0,595256.0,0.51
20200310,6230,86343396.0,51918798.0,60.13
20200310,6235,168069106.0,2941143.0,1.74
20200310,6239,779146634.0,584936023.0,75.07
20200310,6243,74976693.0,267847.0,0.35
20200310,6251,281059335.0,41079367.0,14.61
20200310,6257,415772017.0,120853042.0,29.06
20200310,6269,332954895.0,119340446.0,35.84
20200310,6271,165357520.0,39610499.0,23.95
20200310,6277,119471166.0,19936235.0,16.68
20200310,6278,292398353.0,82357221.0,28.16
20200310,6281,99172945.0,2084312.0,2.1
20200310,6282,516621295.0,82489219.0,15.96
20200310,6283,148079143.0,28258717.0,19.08
20200310,6285,390329302.0,64769961.0,16.59
20200310,6288,171128000.0,2144258.0,1.25
20200310,6289,80778136.0,47714.0,0.05
20200310,6405,65800000.0,114686.0,0.17
20200310,6409,83301492.0,54342661.0,65.23
20200310,6412,386715375.0,49552094.0,12.81
20200310,6414,83574472.0,9860619.0,11.79
20200310,6415,91185063.0,84581775.0,92.75
20200310,6416,68035634.0,1026050.0,1.5
20200310,6431,45642835.0,7391338.0,16.19
20200310,6442,69300000.0,23283224.0,33.59
20200310,6443,379016730.0,10405906.0,2.74
20200310,6449,84441912.0,1760022.0,2.08
20200310,6451,105446800.0,66231830.0,62.81
20200310,6452,100000000.0,20273249.0,20.27
20200310,6456,339439800.0,154608953.0,45.54
20200310,6464,122694706.0,598214.0,0.48
20200310,6477,94456570.0,603612.0,0.63
20200310,6491,70000000.0,2996763.0,4.28
20200310,6504,72600000.0,2190932.0,3.01
20200310,6505,9525959652.0,719652927.0,7.55
20200310,6525,129047384.0,14625476.0,11.33
20200310,6531,73830423.0,13128458.0,17.78
20200310,6533,42650911.0,1688847.0,3.95
20200310,6541,264052074.0,103248062.0,39.1
20200310,6552,100000000.0,598293.0,0.59
20200310,6558,86660750.0,4309446.0,4.97
20200310,6573,67499345.0,46180319.0,68.41
20200310,6579,148498468.0,4506000.0,3.03
20200310,6581,111270887.0,444000.0,0.39
20200310,6582,104877141.0,15892095.0,15.15
20200310,6591,26203000.0,7325089.0,27.95
20200310,6592,515000407.0,119442495.0,23.19
20200310,6605,165816397.0,20592775.0,12.41
20200310,6625,37333423.0,20895.0,0.05
20200310,6641,34000000.0,11070603.0,32.56
20200310,6655,75608500.0,217274.0,0.28
20200310,6666,47388000.0,37620602.0,79.38
20200310,6668,68392302.0,18341621.0,26.81
20200310,6669,174510791.0,40255912.0,23.06
20200310,6670,131030000.0,30001346.0,22.89
20200310,6671,60750000.0,38041634.0,62.61
20200310,6672,70654345.0,28202277.0,39.91
20200310,6674,66837681.0,32000.0,0.04
20200310,6698,66389753.0,3856223.0,5.8
20200310,6706,66744935.0,4227814.0,6.33
20200310,6715,57000000.0,4566580.0,8.01
20200310,8011,118620375.0,2717541.0,2.29
20200310,8016,120136876.0,45245217.0,37.66
20200310,8021,142180467.0,19099817.0,13.43
20200310,8028,132408000.0,16832941.0,12.71
20200310,8033,112629775.0,688442.0,0.61
20200310,8039,209119692.0,51553949.0,24.65
20200310,8046,646165487.0,44094173.0,6.82
20200310,8070,63879937.0,7996964.0,12.51
20200310,8072,80000000.0,868270.0,1.08
20200310,8081,86172072.0,13387566.0,15.53
20200310,8101,208088795.0,479966.0,0.23
20200310,8103,81399413.0,7683605.0,9.43
20200310,8104,67630050.0,724404.0,1.07
20200310,8105,441544851.0,259872939.0,58.85
20200310,8110,506381144.0,31962320.0,6.31
20200310,8112,378496473.0,112263068.0,29.66
20200310,8114,106074919.0,4599912.0,4.33
20200310,8131,442222223.0,29884354.0,6.75
20200310,8150,727240126.0,356024613.0,48.95
20200310,8163,280000001.0,49293836.0,17.6
20200310,8201,62366275.0,1742565.0,2.79
20200310,8210,119725950.0,19408690.0,16.21
20200310,8213,271242488.0,75354732.0,27.78
20200310,8215,320674514.0,7071161.0,2.2
20200310,8222,68546750.0,289821.0,0.42
20200310,8249,127055000.0,19453919.0,15.31
20200310,8261,81340493.0,20882082.0,25.67
20200310,8271,100897807.0,19561931.0,19.38
20200310,8341,111500000.0,28146797.0,25.24
20200310,8367,81131938.0,1144473.0,1.41
20200310,8374,112225487.0,3477038.0,3.09
20200310,8404,315178126.0,175805115.0,55.77
20200310,8411,175398185.0,109064792.0,62.18
20200310,8422,108888000.0,27911999.0,25.63
20200310,8427,104261000.0,36915760.0,35.4
20200310,8429,185747151.0,68473583.0,36.86
20200310,8442,49999682.0,37885396.0,75.77
20200310,8443,66800000.0,4435125.0,6.63
20200310,8454,140058500.0,40605518.0,28.99
20200310,8462,69835558.0,1417944.0,2.03
20200310,8463,150000000.0,883000.0,0.58
20200310,8464,293020200.0,121714882.0,41.53
20200310,8466,66059000.0,40564000.0,61.4
20200310,8467,49534000.0,21935038.0,44.28
20200310,8473,134812297.0,1310711.0,0.97
20200310,8478,90893276.0,51730320.0,56.91
20200310,8480,39270000.0,34210019.0,87.11
20200310,8481,66601866.0,2954000.0,4.43
20200310,8482,111112000.0,98895701.0,89.0
20200310,8488,67500000.0,52365033.0,77.57
20200310,8497,36542810.0,514058.0,1.4
20200310,8499,51286000.0,37826108.0,73.75
20200310,8926,589048595.0,44414828.0,7.54
20200310,8940,67491032.0,5430937.0,8.04
20200310,8996,89384080.0,3256389.0,3.64
20200310,9103,205531500.0,864001.0,0.42
20200310,9105,839284153.0,6067005.0,0.72
20200310,9110,54248500.0,4000.0,0.0
20200310,9136,151204000.0,1683000.0,1.11
20200310,9188,65892000.0,0.0,0.0
20200310,9802,159830923.0,75339630.0,47.13
20200310,9902,98049600.0,461538.0,0.47
20200310,9904,2946787213.0,1712561145.0,58.11
20200310,9905,305000000.0,10282081.0,3.37
20200310,9906,83343981.0,626624.0,0.75
20200310,9907,1579145342.0,219490309.0,13.89
20200310,9908,516358000.0,11366045.0,2.2
20200310,9910,734734249.0,142793428.0,19.43
20200310,9911,221121188.0,49462260.0,22.36
20200310,9912,54350569.0,8653401.0,15.92
20200310,9914,298983800.0,115739558.0,38.71
20200310,9917,451197093.0,193181957.0,42.81
20200310,9918,180537453.0,2311969.0,1.28
20200310,9919,195362750.0,6506490.0,3.33
20200310,9921,375064626.0,183396838.0,48.89
20200310,9924,188452170.0,24034283.0,12.75
20200310,9925,383653075.0,66146655.0,17.24
20200310,9926,179504075.0,338323.0,0.18
20200310,9927,209148167.0,22283053.0,10.65
20200310,9928,150724583.0,0.0,0.0
20200310,9929,168800000.0,13611624.0,8.06
20200310,9930,248540368.0,4944606.0,1.98
20200310,9931,102250512.0,463917.0,0.45
20200310,9933,763273848.0,193231190.0,25.31
20200310,9934,356212962.0,76701012.0,21.53
20200310,9935,169623342.0,9310408.0,5.48
20200310,9937,309043000.0,6041178.0,1.95
20200310,9938,297963902.0,77210939.0,25.91
20200310,9939,292878879.0,77523951.0,26.46
20200310,9940,736846500.0,36324132.0,4.92
20200310,9941,302092125.0,18381722.0,6.08
20200310,9942,83161320.0,3121735.0,3.75
20200310,9943,147317600.0,4289939.0,2.91
20200310,9944,109107100.0,2304160.0,2.11
20200310,9945,1003253999.0,163147406.0,16.26
20200310,9946,300820867.0,28517000.0,9.47
20200310,9955,103208229.0,674492.0,0.65
20200310,9958,209342910.0,8789745.0,4.19
20200311,1101,5465619204.0,1556213393.0,28.47
20200311,1102,3361447198.0,890613573.0,26.49
20200311,1103,774780548.0,39124655.0,5.04
20200311,1104,653609192.0,78710334.0,12.04
20200311,1108,404738049.0,6252730.0,1.54
20200311,1109,341957868.0,11646861.0,3.4
20200311,1110,572000797.0,43961466.0,7.68
20200311,1201,506062914.0,52478334.0,10.36
20200311,1203,240000000.0,5273769.0,2.19
20200311,1210,827339086.0,141472295.0,17.09
20200311,1213,56622627.0,42642.0,0.07
20200311,1215,267990998.0,111159756.0,41.47
20200311,1216,5682015421.0,2952518875.0,51.96
20200311,1217,494513336.0,39772256.0,8.04
20200311,1218,499999038.0,12597797.0,2.51
20200311,1219,322013887.0,11411703.0,3.54
20200311,1220,177077944.0,16363673.0,9.24
20200311,1225,218703051.0,1740906.0,0.79
20200311,1227,915089591.0,211268957.0,23.08
20200311,1229,1104739841.0,150413885.0,13.61
20200311,1231,174595395.0,3911590.0,2.24
20200311,1232,159974915.0,2059421.0,1.28
20200311,1233,90591948.0,4717802.0,5.2
20200311,1234,401871094.0,17539511.0,4.36
20200311,1235,98955436.0,68637.0,0.06
20200311,1236,108342510.0,63329.0,0.05
20200311,1256,33842160.0,1535777.0,4.53
20200311,1301,6365740781.0,2373440977.0,37.28
20200311,1303,7930821589.0,2391182945.0,30.15
20200311,1304,1188763500.0,408973531.0,34.4
20200311,1305,527029927.0,85466412.0,16.21
20200311,1307,397818126.0,46164752.0,11.6
20200311,1308,554382745.0,34761424.0,6.27
20200311,1309,334204892.0,13579279.0,4.06
20200311,1310,527869764.0,98070781.0,18.57
20200311,1312,906620328.0,232535104.0,25.64
20200311,1313,1332347607.0,150464209.0,11.29
20200311,1314,3284850130.0,559444303.0,17.03
20200311,1315,198000000.0,2444149.0,1.23
20200311,1316,179541221.0,1770031.0,0.98
20200311,1319,591477068.0,115347649.0,19.5
20200311,1321,227228268.0,5427995.0,2.38
20200311,1323,91274554.0,2963165.0,3.24
20200311,1324,75121882.0,355215.0,0.47
20200311,1325,85281198.0,1283363.0,1.5
20200311,1326,5861186291.0,2131577966.0,36.36
20200311,1337,268954729.0,70297827.0,26.13
20200311,1338,83840000.0,12258510.0,14.62
20200311,1339,74138875.0,1204038.0,1.62
20200311,1340,152922855.0,47119961.0,30.81
20200311,1341,49400000.0,42901950.0,86.84
20200311,1402,5352875227.0,1039938903.0,19.42
20200311,1409,1618409291.0,251571690.0,15.54
20200311,1410,63000000.0,10340456.0,16.41
20200311,1413,132112454.0,378175.0,0.28
20200311,1414,220000000.0,2585669.0,1.17
20200311,1416,185342168.0,26563289.0,14.33
20200311,1417,189941840.0,5019620.0,2.64
20200311,1418,56834309.0,344219.0,0.6
20200311,1419,300041280.0,6717142.0,2.23
20200311,1423,138400000.0,2808830.0,2.02
20200311,1432,167937642.0,116917.0,0.06
20200311,1434,1684664637.0,279591929.0,16.59
20200311,1435,139780080.0,232879.0,0.16
20200311,1436,95634000.0,166722.0,0.17
20200311,1437,203371284.0,11450065.0,5.63
20200311,1438,102411518.0,92044.0,0.08
20200311,1439,92000000.0,1185935.0,1.28
20200311,1440,1656815857.0,120895074.0,7.29
20200311,1441,100800000.0,1424719.0,1.41
20200311,1442,302117481.0,8637757.0,2.85
20200311,1443,135343011.0,87758.0,0.06
20200311,1444,957302942.0,91754816.0,9.58
20200311,1445,132667034.0,1989715.0,1.49
20200311,1446,137709513.0,1442237.0,1.04
20200311,1447,914487242.0,68129604.0,7.45
20200311,1449,120000000.0,736535.0,0.61
20200311,1451,198000000.0,20302142.0,10.25
20200311,1452,132641400.0,5797732.0,4.37
20200311,1453,98642138.0,94880.0,0.09
20200311,1454,134309848.0,570472.0,0.42
20200311,1455,611763380.0,18687883.0,3.05
20200311,1456,93720000.0,153224.0,0.16
20200311,1457,301647640.0,8842110.0,2.93
20200311,1459,358628907.0,7902150.0,2.2
20200311,1460,509834182.0,23677481.0,4.64
20200311,1463,173268381.0,5623824.0,3.24
20200311,1464,384565652.0,7337490.0,1.9
20200311,1465,103607267.0,340735.0,0.32
20200311,1466,111157320.0,144264.0,0.12
20200311,1467,233624667.0,45056206.0,19.28
20200311,1468,160405244.0,2941115.0,1.83
20200311,1470,85767000.0,52084.0,0.06
20200311,1471,150414536.0,113970.0,0.07
20200311,1472,45672722.0,41667.0,0.09
20200311,1473,147153534.0,15802754.0,10.73
20200311,1474,129896969.0,165888.0,0.12
20200311,1475,16016749.0,11039.0,0.06
20200311,1476,274367111.0,99179440.0,36.14
20200311,1477,219856581.0,29855031.0,13.57
20200311,1503,520972223.0,166041116.0,31.87
20200311,1504,1967692886.0,786173221.0,39.95
20200311,1506,122855501.0,525365.0,0.42
20200311,1507,410820000.0,186313978.0,45.35
20200311,1512,220002494.0,18166048.0,8.25
20200311,1513,420000000.0,55523737.0,13.21
20200311,1514,207099023.0,24084851.0,11.62
20200311,1515,181473500.0,17046926.0,9.39
20200311,1516,33350889.0,49368.0,0.14
20200311,1517,227825007.0,5737321.0,2.51
20200311,1519,261058548.0,18256608.0,6.99
20200311,1521,76230000.0,25715764.0,33.73
20200311,1522,312897881.0,20657589.0,6.6
20200311,1524,179685207.0,244726.0,0.13
20200311,1525,73400135.0,41878.0,0.05
20200311,1526,60000000.0,771638.0,1.28
20200311,1527,138570640.0,12935726.0,9.33
20200311,1528,199331000.0,2476467.0,1.24
20200311,1529,95967982.0,299354.0,0.31
20200311,1530,96594171.0,697681.0,0.72
20200311,1531,185008080.0,18565386.0,10.03
20200311,1532,385252112.0,47327126.0,12.28
20200311,1533,98547486.0,6666588.0,6.76
20200311,1535,123742552.0,533004.0,0.43
20200311,1536,254956513.0,34225837.0,13.42
20200311,1537,81785394.0,19188756.0,23.46
20200311,1538,56135851.0,137355.0,0.24
20200311,1539,65370000.0,53034.0,0.08
20200311,1540,85473612.0,184353.0,0.21
20200311,1541,78800000.0,7700312.0,9.77
20200311,1558,60535631.0,7198116.0,11.89
20200311,1560,141000000.0,19933584.0,14.13
20200311,1568,103086559.0,1878113.0,1.82
20200311,1582,123724171.0,39318757.0,31.77
20200311,1583,110400372.0,88986.0,0.08
20200311,1587,67356618.0,13522742.0,20.07
20200311,1589,105617519.0,12302951.0,11.64
20200311,1590,189024998.0,128848839.0,68.16
20200311,1592,110978250.0,42944412.0,38.69
20200311,1598,115100887.0,780669.0,0.67
20200311,1603,191688000.0,3516859.0,1.83
20200311,1604,387200000.0,48185048.0,12.44
20200311,1605,3326000258.0,755503781.0,22.71
20200311,1608,632773506.0,21018907.0,3.32
20200311,1609,595068022.0,62103726.0,10.43
20200311,1611,358595268.0,42110941.0,11.74
20200311,1612,316080063.0,34124981.0,10.79
20200311,1614,269113406.0,5453013.0,2.02
20200311,1615,111861784.0,118650.0,0.1
20200311,1616,194148515.0,157127.0,0.08
20200311,1617,144233235.0,30615329.0,21.22
20200311,1618,240864684.0,2899787.0,1.2
20200311,1626,136850637.0,67069742.0,49.0
20200311,1701,298081080.0,31336156.0,10.51
20200311,1702,294132962.0,48846663.0,16.6
20200311,1707,136286373.0,30827989.0,22.62
20200311,1708,211520260.0,17508236.0,8.27
20200311,1709,477016272.0,18152188.0,3.8
20200311,1710,885703029.0,83533120.0,9.43
20200311,1711,547752226.0,47207552.0,8.61
20200311,1712,420492585.0,51564758.0,12.26
20200311,1713,150951700.0,7287675.0,4.82
20200311,1714,1016824808.0,181960528.0,17.89
20200311,1717,1240279455.0,168334703.0,13.57
20200311,1718,1621367217.0,170286850.0,10.5
20200311,1720,178696089.0,3769793.0,2.1
20200311,1721,222347344.0,6040121.0,2.71
20200311,1722,980000000.0,136526181.0,13.93
20200311,1723,236904480.0,32579149.0,13.75
20200311,1724,127813900.0,7714934.0,6.03
20200311,1725,181829978.0,272027.0,0.14
20200311,1726,162000000.0,24029727.0,14.83
20200311,1727,110250000.0,1119598.0,1.01
20200311,1730,63233851.0,4392281.0,6.94
20200311,1731,132915244.0,738790.0,0.55
20200311,1732,42443957.0,204646.0,0.48
20200311,1733,99986192.0,3026146.0,3.02
20200311,1734,167722022.0,5609757.0,3.34
20200311,1735,99388000.0,49918241.0,50.22
20200311,1736,303616617.0,12321171.0,4.05
20200311,1737,200000000.0,18772379.0,9.38
20200311,1760,76739013.0,1273958.0,1.66
20200311,1762,77560000.0,3168279.0,4.08
20200311,1773,150000000.0,4136597.0,2.75
20200311,1776,69986099.0,48001.0,0.06
20200311,1783,69465000.0,5319606.0,7.65
20200311,1786,58100000.0,463073.0,0.79
20200311,1789,790739222.0,33145102.0,4.19
20200311,1795,243113964.0,166872971.0,68.63
20200311,1802,2908060800.0,208168591.0,7.15
20200311,1805,100265400.0,115805.0,0.11
20200311,1806,433782078.0,53476314.0,12.32
20200311,1808,308330531.0,14541851.0,4.71
20200311,1809,167041937.0,5240786.0,3.13
20200311,1810,369853610.0,12766506.0,3.45
20200311,1817,72600000.0,1108000.0,1.52
20200311,1902,402000550.0,23421368.0,5.82
20200311,1903,260039121.0,38826115.0,14.93
20200311,1904,1108274522.0,152006988.0,13.71
20200311,1905,1102835316.0,47662594.0,4.32
20200311,1906,151000000.0,1496509.0,0.99
20200311,1907,1660371495.0,302908027.0,18.24
20200311,1909,1217685727.0,186081047.0,15.28
20200311,2002,15734860997.0,3127032589.0,19.87
20200311,2006,1004060608.0,131350360.0,13.08
20200311,2007,530651613.0,345965.0,0.06
20200311,2008,200852293.0,14360407.0,7.14
20200311,2009,359622165.0,23783265.0,6.61
20200311,2010,647655390.0,29517564.0,4.55
20200311,2012,287774000.0,6962540.0,2.41
20200311,2013,200000000.0,14576962.0,7.28
20200311,2014,1435544446.0,69751148.0,4.85
20200311,2015,581599424.0,56516782.0,9.71
20200311,2017,341867462.0,8071222.0,2.36
20200311,2020,222526100.0,5678869.0,2.55
20200311,2022,479751976.0,14587352.0,3.04
20200311,2023,1913327518.0,129858900.0,6.78
20200311,2024,97500000.0,160093.0,0.16
20200311,2025,281167262.0,119066.0,0.04
20200311,2027,1233790052.0,294444335.0,23.86
20200311,2028,325714800.0,298958.0,0.09
20200311,2029,321180000.0,225599081.0,70.24
20200311,2030,286526027.0,14367668.0,5.01
20200311,2031,310687699.0,30710658.0,9.88
20200311,2032,130521545.0,221736.0,0.16
20200311,2033,80694536.0,119139.0,0.14
20200311,2034,407130743.0,50398761.0,12.37
20200311,2038,181264522.0,411670.0,0.22
20200311,2049,309578886.0,122049091.0,39.42
20200311,2059,95297072.0,24130002.0,25.32
20200311,2062,163014152.0,16687128.0,10.23
20200311,2069,156386836.0,655307.0,0.41
20200311,2101,833934904.0,72258131.0,8.66
20200311,2102,473329207.0,38663645.0,8.16
20200311,2103,825709978.0,287683982.0,34.84
20200311,2104,984733625.0,114973319.0,11.67
20200311,2105,3241415536.0,441739125.0,13.62
20200311,2106,874430000.0,46454706.0,5.31
20200311,2107,350000000.0,35154641.0,10.04
20200311,2108,492416659.0,46800313.0,9.5
20200311,2109,332349134.0,49542660.0,14.9
20200311,2114,70901552.0,1317907.0,1.85
20200311,2115,86063215.0,39648789.0,46.06
20200311,2201,1572919909.0,100210972.0,6.37
20200311,2204,553620342.0,164563384.0,29.72
20200311,2206,853595604.0,87193153.0,10.21
20200311,2207,546179184.0,131390416.0,24.05
20200311,2208,472991749.0,15206344.0,3.21
20200311,2227,300000000.0,122799626.0,40.93
20200311,2228,75780281.0,7306573.0,9.64
20200311,2231,122821241.0,12259562.0,9.98
20200311,2233,60288089.0,5376033.0,8.91
20200311,2236,44826766.0,33324473.0,74.34
20200311,2239,118007000.0,89845639.0,76.13
20200311,2243,45718529.0,19621127.0,42.91
20200311,2301,2350867032.0,1297701187.0,55.2
20200311,2302,166302881.0,6362656.0,3.82
20200311,2303,11724318715.0,5932770336.0,50.6
20200311,2305,205660827.0,9961708.0,4.84
20200311,2308,2597543329.0,1730220149.0,66.6
20200311,2312,1452081211.0,254537398.0,17.52
20200311,2313,1191820589.0,340114118.0,28.53
20200311,2314,228028320.0,2267388.0,0.99
20200311,2316,203045040.0,38024712.0,18.72
20200311,2317,13862990609.0,6424785455.0,46.34
20200311,2321,315332590.0,167111.0,0.05
20200311,2323,1158881200.0,88238968.0,7.61
20200311,2324,4407146625.0,2134632564.0,48.43
20200311,2327,427121695.0,208404021.0,48.79
20200311,2328,518346282.0,90681357.0,17.49
20200311,2329,557328533.0,169358809.0,30.38
20200311,2330,25930380458.0,19849202933.0,76.54
20200311,2331,557402968.0,89366474.0,16.03
20200311,2332,651996166.0,93744376.0,14.37
20200311,2337,1839908862.0,368603658.0,20.03
20200311,2338,252713611.0,3831467.0,1.51
20200311,2340,378622846.0,74461961.0,19.66
20200311,2342,156342161.0,7944439.0,5.08
20200311,2344,3980000193.0,900699316.0,22.63
20200311,2345,557726397.0,319075923.0,57.21
20200311,2347,1667946968.0,591964690.0,35.49
20200311,2348,85600000.0,1994904.0,2.33
20200311,2349,1284157900.0,163243358.0,12.71
20200311,2351,182140249.0,23330398.0,12.8
20200311,2352,1966781958.0,408145744.0,20.75
20200311,2353,3074933828.0,863535820.0,28.08
20200311,2354,1414485192.0,394421274.0,27.88
20200311,2355,397495420.0,114623743.0,28.83
20200311,2356,3587475066.0,992081844.0,27.65
20200311,2357,742760280.0,459551835.0,61.87
20200311,2358,94616172.0,221112.0,0.23
20200311,2359,171471052.0,6806519.0,3.96
20200311,2360,419092587.0,265312782.0,63.3
20200311,2362,669763000.0,87908734.0,13.12
20200311,2363,554062477.0,31838866.0,5.74
20200311,2364,198939797.0,30043266.0,15.1
20200311,2365,234538496.0,13962942.0,5.95
20200311,2367,619407175.0,132084140.0,21.32
20200311,2368,546487841.0,71620002.0,13.1
20200311,2369,380102344.0,58352913.0,15.35
20200311,2371,2339536685.0,926722911.0,39.61
20200311,2373,236202518.0,4592202.0,1.94
20200311,2374,282362812.0,25169951.0,8.91
20200311,2375,194063097.0,4297964.0,2.21
20200311,2376,635688886.0,184478452.0,29.02
20200311,2377,844856199.0,296445111.0,35.08
20200311,2379,508095464.0,313829896.0,61.76
20200311,2380,162444084.0,3041533.0,1.87
20200311,2382,3862627432.0,1030323293.0,26.67
20200311,2383,319708064.0,115774404.0,36.21
20200311,2385,734497521.0,399139307.0,54.34
20200311,2387,196297952.0,16091138.0,8.19
20200311,2388,493303441.0,52922301.0,10.72
20200311,2390,214021602.0,3800325.0,1.77
20200311,2392,512326940.0,69836409.0,13.63
20200311,2393,443056236.0,161304429.0,36.4
20200311,2395,699075510.0,288495328.0,41.26
20200311,2397,114688857.0,24635938.0,21.48
20200311,2399,178100000.0,29751283.0,16.7
20200311,2401,591994919.0,70522505.0,11.91
20200311,2402,307536533.0,41966723.0,13.64
20200311,2404,190586698.0,55877962.0,29.31
20200311,2405,343427303.0,20986651.0,6.11
20200311,2406,205905689.0,18975461.0,9.21
20200311,2408,3053504894.0,677032059.0,22.17
20200311,2409,9624245115.0,3048153072.0,31.67
20200311,2412,7757446545.0,1262041523.0,16.26
20200311,2413,127359200.0,595115.0,0.46
20200311,2414,161735846.0,9983674.0,6.17
20200311,2415,80000000.0,1262951.0,1.57
20200311,2417,192892330.0,5835430.0,3.02
20200311,2419,328986229.0,39444964.0,11.98
20200311,2420,152648688.0,5582474.0,3.65
20200311,2421,250929732.0,70885704.0,28.24
20200311,2423,145047289.0,2566432.0,1.76
20200311,2424,30000000.0,69154.0,0.23
20200311,2425,101498831.0,27653687.0,27.24
20200311,2426,300622252.0,22676643.0,7.54
20200311,2427,184314463.0,3621289.0,1.96
20200311,2428,128112726.0,19706394.0,15.38
20200311,2429,36736200.0,1060997.0,2.88
20200311,2430,166468825.0,6032090.0,3.62
20200311,2431,110927014.0,1303990.0,1.17
20200311,2433,144496011.0,1505704.0,1.04
20200311,2434,70602126.0,801806.0,1.13
20200311,2436,178009961.0,13430029.0,7.54
20200311,2438,95215940.0,47374.0,0.04
20200311,2439,207879134.0,41581289.0,20.0
20200311,2440,139117271.0,106394.0,0.07
20200311,2441,568845921.0,88672099.0,15.58
20200311,2442,267234372.0,8883550.0,3.32
20200311,2443,145687000.0,246195.0,0.16
20200311,2444,105557573.0,1964563.0,1.86
20200311,2448,1088701410.0,206381186.0,18.95
20200311,2449,1222745065.0,539968875.0,44.16
20200311,2450,258252657.0,11828636.0,4.58
20200311,2451,430761675.0,72674076.0,16.87
20200311,2453,100000000.0,969804.0,0.96
20200311,2454,1589981632.0,983094191.0,61.83
20200311,2455,184905918.0,36423913.0,19.69
20200311,2456,243254748.0,47467166.0,19.51
20200311,2457,337688416.0,25081695.0,7.42
20200311,2458,303880392.0,95498348.0,31.42
20200311,2459,105900615.0,18715235.0,17.67
20200311,2460,169200000.0,1566103.0,0.92
20200311,2461,159324631.0,5821431.0,3.65
20200311,2462,142484596.0,1332712.0,0.93
20200311,2464,195531226.0,16537222.0,8.45
20200311,2465,53587301.0,271927.0,0.5
20200311,2466,156334226.0,18879291.0,12.07
20200311,2467,149205548.0,12141974.0,8.13
20200311,2468,69961249.0,77995.0,0.11
20200311,2471,47253890.0,640916.0,1.35
20200311,2472,129219822.0,3843986.0,2.97
20200311,2474,770391069.0,499854460.0,64.88
20200311,2476,184968298.0,18407143.0,9.95
20200311,2477,198216555.0,44942674.0,22.67
20200311,2478,145248989.0,9743363.0,6.7
20200311,2480,106360291.0,10205697.0,9.59
20200311,2481,332814927.0,38758758.0,11.64
20200311,2482,62072549.0,333301.0,0.53
20200311,2483,110618807.0,217242.0,0.19
20200311,2484,159421022.0,10687976.0,6.7
20200311,2485,317689037.0,20121914.0,6.33
20200311,2486,201958579.0,7150741.0,3.54
20200311,2488,79999433.0,2792631.0,3.49
20200311,2489,809362045.0,104274607.0,12.88
20200311,2491,82008000.0,6380676.0,7.78
20200311,2492,485800000.0,122944877.0,25.3
20200311,2493,114437390.0,8211922.0,7.17
20200311,2495,276290738.0,48422083.0,17.52
20200311,2496,17459400.0,8579869.0,49.14
20200311,2497,118798463.0,1739483.0,1.46
20200311,2498,818808635.0,128886679.0,15.74
20200311,2499,461172003.0,40832238.0,8.85
20200311,2501,1159561059.0,109583217.0,9.45
20200311,2504,1385000335.0,155262956.0,11.21
20200311,2505,696582479.0,30079174.0,4.31
20200311,2506,387000000.0,13300991.0,3.43
20200311,2509,204136846.0,3129604.0,1.53
20200311,2511,1623326147.0,141956618.0,8.74
20200311,2514,404729278.0,18921870.0,4.67
20200311,2515,1530899822.0,154872801.0,10.11
20200311,2516,226278457.0,6268711.0,2.77
20200311,2520,503791000.0,106852276.0,21.2
20200311,2524,384846372.0,8532635.0,2.21
20200311,2527,270306000.0,78449922.0,29.02
20200311,2528,277085409.0,358491.0,0.12
20200311,2530,270752466.0,3184115.0,1.17
20200311,2534,592784962.0,68373319.0,11.53
20200311,2535,290743386.0,28839226.0,9.91
20200311,2536,332808652.0,59634655.0,17.91
20200311,2537,300557795.0,7045782.0,2.34
20200311,2538,438448764.0,58413212.0,13.32
20200311,2539,461314374.0,498105.0,0.1
20200311,2540,146600000.0,140004.0,0.09
20200311,2542,1166628752.0,222413454.0,19.06
20200311,2543,241983788.0,283506.0,0.11
20200311,2545,327734808.0,12886067.0,3.93
20200311,2546,106035660.0,3632988.0,3.42
20200311,2547,912307649.0,202767854.0,22.22
20200311,2548,276812726.0,85189902.0,30.77
20200311,2597,135000000.0,1142171.0,0.84
20200311,2601,630883150.0,76988706.0,12.2
20200311,2603,4812973786.0,1146454551.0,23.82
20200311,2605,585353297.0,193974774.0,33.13
20200311,2606,845055712.0,79178002.0,9.36
20200311,2607,1067141094.0,75292279.0,7.05
20200311,2608,467000498.0,42966523.0,9.2
20200311,2609,2601335728.0,139480200.0,5.36
20200311,2610,5420984650.0,816964509.0,15.07
20200311,2611,175994247.0,199920.0,0.11
20200311,2612,197484593.0,4534744.0,2.29
20200311,2613,148423458.0,136643.0,0.09
20200311,2614,556789889.0,10767704.0,1.93
20200311,2615,2218297466.0,927774256.0,41.82
20200311,2616,137281827.0,4595589.0,3.34
20200311,2617,417294487.0,14267835.0,3.41
20200311,2618,4853569490.0,1368592988.0,28.19
20200311,2630,120120000.0,65000.0,0.05
20200311,2633,5628293058.0,803827449.0,14.28
20200311,2634,941867101.0,21983864.0,2.33
20200311,2636,117157402.0,17111077.0,14.6
20200311,2637,688655903.0,51676030.0,7.5
20200311,2642,95467000.0,4912332.0,5.14
20200311,2701,449967838.0,1958326.0,0.43
20200311,2702,110485538.0,40833363.0,36.95
20200311,2704,366923343.0,32015145.0,8.72
20200311,2705,186536630.0,5680559.0,3.04
20200311,2706,499998346.0,12937990.0,2.58
20200311,2707,126745769.0,19021593.0,15.0
20200311,2712,105000000.0,76592.0,0.07
20200311,2722,111522961.0,108380.0,0.09
20200311,2723,180000000.0,96936026.0,53.85
20200311,2727,76987883.0,8006282.0,10.39
20200311,2731,70000000.0,2241896.0,3.2
20200311,2739,111526000.0,2258800.0,2.02
20200311,2748,65637000.0,449847.0,0.68
20200311,2801,9985311160.0,1489332729.0,14.91
20200311,2809,1131234265.0,192137711.0,16.98
20200311,2812,3708834898.0,515189997.0,13.89
20200311,2816,212960000.0,11979821.0,5.62
20200311,2820,1342960000.0,106428759.0,7.92
20200311,2823,4463582304.0,1109009362.0,24.84
20200311,2832,362200400.0,11876718.0,3.27
20200311,2834,7131984244.0,1686863752.0,23.65
20200311,2836,1080916486.0,81081726.0,7.5
20200311,2838,2884455292.0,89870173.0,3.11
20200311,2841,760943600.0,79939784.0,10.5
20200311,2845,3355819407.0,426105411.0,12.69
20200311,2849,1957910050.0,1154499914.0,58.96
20200311,2850,315963300.0,27737004.0,8.77
20200311,2851,590388750.0,13768017.0,2.33
20200311,2852,301163784.0,12336846.0,4.09
20200311,2855,1372390028.0,148650968.0,10.83
20200311,2867,2371971471.0,169674203.0,7.15
20200311,2880,12172740178.0,2454344224.0,20.16
20200311,2881,10233603995.0,2739839708.0,26.77
20200311,2882,13169210128.0,2888899641.0,21.93
20200311,2883,14965982132.0,3861464893.0,25.8
20200311,2884,11619500000.0,5032612695.0,43.31
20200311,2885,11670611456.0,4618974778.0,39.57
20200311,2886,13599823983.0,3535838169.0,25.99
20200311,2887,10656061370.0,2951426317.0,27.69
20200311,2888,12600394063.0,2786557919.0,22.11
20200311,2889,2848064596.0,361794928.0,12.7
20200311,2890,11281054106.0,3559571602.0,31.55
20200311,2891,19496989569.0,7974785030.0,40.9
20200311,2892,12461942795.0,3360374794.0,26.96
20200311,2897,2413006301.0,30378066.0,1.25
20200311,2901,73043283.0,53994.0,0.07
20200311,2903,1416940589.0,210633359.0,14.86
20200311,2904,69034432.0,68652.0,0.09
20200311,2905,826682688.0,57512423.0,6.95
20200311,2906,209111093.0,3885522.0,1.85
20200311,2908,509887558.0,40713961.0,7.98
20200311,2910,208725000.0,306000.0,0.14
20200311,2911,188941775.0,33114867.0,17.52
20200311,2912,1039622255.0,420537393.0,40.45
20200311,2913,790000000.0,91081554.0,11.52
20200311,2915,564860594.0,102580496.0,18.16
20200311,2923,1740296982.0,1727366274.0,99.25
20200311,2929,94955292.0,47510226.0,50.03
20200311,2936,76555696.0,67948696.0,88.75
20200311,2939,47222665.0,35165893.0,74.46
20200311,3002,102000000.0,269372.0,0.26
20200311,3003,155654890.0,10900386.0,7.0
20200311,3004,52647155.0,690072.0,1.31
20200311,3005,579520150.0,193222251.0,33.34
20200311,3006,285758925.0,47267870.0,16.54
20200311,3008,134140197.0,71136420.0,53.03
20200311,3010,231390138.0,55019250.0,23.77
20200311,3011,112719251.0,148048.0,0.13
20200311,3013,159435018.0,3170158.0,1.98
20200311,3014,161080124.0,36161892.0,22.44
20200311,3015,192261950.0,21999055.0,11.44
20200311,3016,274401315.0,2517055.0,0.91
20200311,3017,353310157.0,122472897.0,34.66
20200311,3018,73512132.0,1748491.0,2.37
20200311,3019,281083901.0,35021429.0,12.45
20200311,3021,95813467.0,2373516.0,2.47
20200311,3022,177289790.0,36823952.0,20.77
20200311,3023,229078860.0,114251056.0,49.87
20200311,3024,277157496.0,4210140.0,1.51
20200311,3025,70920550.0,1532059.0,2.16
20200311,3026,157990779.0,17440455.0,11.03
20200311,3027,98856311.0,165199.0,0.16
20200311,3028,213824864.0,10871615.0,5.08
20200311,3029,124009212.0,3427382.0,2.76
20200311,3030,236216000.0,55151008.0,23.34
20200311,3031,186674224.0,5885937.0,3.15
20200311,3032,113285626.0,2227015.0,1.96
20200311,3033,367751242.0,17268471.0,4.69
20200311,3034,608511469.0,374525555.0,61.54
20200311,3035,248550313.0,57197640.0,23.01
20200311,3036,588121760.0,137696313.0,23.41
20200311,3037,1504732333.0,483538610.0,32.13
20200311,3038,162407603.0,6446365.0,3.96
20200311,3040,63000000.0,10681598.0,16.95
20200311,3041,192539746.0,17675167.0,9.18
20200311,3042,309757040.0,115854490.0,37.4
20200311,3043,194878166.0,2449666.0,1.25
20200311,3044,525605898.0,316991467.0,60.3
20200311,3045,3442720069.0,670049992.0,19.46
20200311,3046,71448013.0,749702.0,1.04
20200311,3047,186491633.0,7563547.0,4.05
20200311,3048,222572540.0,26584242.0,11.94
20200311,3049,806948529.0,69710335.0,8.63
20200311,3050,145984450.0,7723083.0,5.29
20200311,3051,325332396.0,273232.0,0.08
20200311,3052,228713554.0,5174014.0,2.26
20200311,3054,87848033.0,197261.0,0.22
20200311,3055,102441918.0,2312424.0,2.25
20200311,3056,209215308.0,19819643.0,9.47
20200311,3057,161409213.0,7817531.0,4.84
20200311,3058,164937351.0,4420488.0,2.68
20200311,3059,275361325.0,34765942.0,12.62
20200311,3060,139361590.0,10323534.0,7.4
20200311,3062,328605418.0,43629964.0,13.27
20200311,3090,178657150.0,17393470.0,9.73
20200311,3094,84655089.0,1809644.0,2.13
20200311,3130,33190700.0,13675919.0,41.2
20200311,3149,206393604.0,3673085.0,1.77
20200311,3164,88911864.0,723305.0,0.81
20200311,3167,80134116.0,1343490.0,1.67
20200311,3189,451039005.0,76734536.0,17.01
20200311,3209,172915577.0,3509482.0,2.02
20200311,3229,93515881.0,1417777.0,1.51
20200311,3231,2840612050.0,1609664683.0,56.66
20200311,3257,69380277.0,320835.0,0.46
20200311,3266,352314309.0,17790199.0,5.04
20200311,3296,98224450.0,1921054.0,1.95
20200311,3305,118265271.0,3274144.0,2.76
20200311,3308,98569663.0,86319.0,0.08
20200311,3311,60000000.0,555565.0,0.92
20200311,3312,118032122.0,9887120.0,8.37
20200311,3321,126218519.0,541491.0,0.42
20200311,3338,86481985.0,1960284.0,2.26
20200311,3346,75784000.0,3524347.0,4.65
20200311,3356,89871303.0,1390093.0,1.54
20200311,3376,178988346.0,51549800.0,28.8
20200311,3380,542727260.0,36103439.0,6.65
20200311,3383,70000000.0,12087788.0,17.26
20200311,3406,110890463.0,29051885.0,26.19
20200311,3413,82687500.0,15647793.0,18.92
20200311,3416,72181447.0,1660113.0,2.29
20200311,3419,120480417.0,7480468.0,6.2
20200311,3432,66586000.0,3347907.0,5.02
20200311,3437,144548000.0,15228650.0,10.53
20200311,3443,134011911.0,24034145.0,17.93
20200311,3450,145681382.0,16510551.0,11.33
20200311,3454,87033910.0,6545535.0,7.52
20200311,3481,9711071977.0,2782364686.0,28.65
20200311,3494,179450634.0,8081372.0,4.5
20200311,3501,118257927.0,3801862.0,3.21
20200311,3504,114059785.0,1551172.0,1.35
20200311,3515,120647229.0,5931636.0,4.91
20200311,3518,80752230.0,7806563.0,9.66
20200311,3528,65597216.0,5656002.0,8.62
20200311,3530,78025900.0,36394050.0,46.64
20200311,3532,387848300.0,189811712.0,48.93
20200311,3533,103477900.0,24696893.0,23.86
20200311,3535,79052356.0,2337218.0,2.95
20200311,3536,106800000.0,223564.0,0.2
20200311,3545,299416416.0,75491678.0,25.21
20200311,3550,85000000.0,615002.0,0.72
20200311,3557,72300415.0,25252441.0,34.92
20200311,3563,42608234.0,8720796.0,20.46
20200311,3576,2665577382.0,255722850.0,9.59
20200311,3583,81139000.0,6706998.0,8.26
20200311,3588,46882200.0,2338568.0,4.98
20200311,3591,125001379.0,6222207.0,4.97
20200311,3593,83042416.0,65931.0,0.07
20200311,3596,208535090.0,21446751.0,10.28
20200311,3605,122395884.0,10864006.0,8.87
20200311,3607,121662239.0,9068427.0,7.45
20200311,3617,80951000.0,3019694.0,3.73
20200311,3622,151327600.0,4009223.0,2.64
20200311,3645,129420494.0,6262871.0,4.83
20200311,3653,120484239.0,8173643.0,6.78
20200311,3661,60186610.0,26010541.0,43.21
20200311,3665,130517407.0,56157341.0,43.02
20200311,3669,92919950.0,2723568.0,2.93
20200311,3673,406663759.0,166460552.0,40.93
20200311,3679,62296229.0,8613130.0,13.82
20200311,3682,3817196399.0,150851537.0,3.95
20200311,3686,113513643.0,2431525.0,2.14
20200311,3694,150495808.0,1002156.0,0.66
20200311,3698,519386380.0,126224056.0,24.3
20200311,3701,190344554.0,6305144.0,3.31
20200311,3702,1679056833.0,541403772.0,32.24
20200311,3703,823215980.0,174720085.0,21.22
20200311,3704,441177355.0,43013874.0,9.74
20200311,3705,266422983.0,35658494.0,13.38
20200311,3706,1077282847.0,224300297.0,20.82
20200311,3708,93504604.0,13480095.0,14.41
20200311,3711,4323358382.0,3286804160.0,76.02
20200311,3712,246242146.0,2447345.0,0.99
20200311,4104,141148970.0,9826081.0,6.96
20200311,4106,100911557.0,1090366.0,1.08
20200311,4108,163616379.0,731965.0,0.44
20200311,4119,79485310.0,15888371.0,19.98
20200311,4133,60553594.0,9575858.0,15.81
20200311,4137,79492350.0,51503940.0,64.79
20200311,4141,171144968.0,118443333.0,69.2
20200311,4142,362352752.0,14919228.0,4.11
20200311,4144,77139000.0,42004609.0,54.45
20200311,4148,64034001.0,46275001.0,72.26
20200311,4155,78621079.0,170312.0,0.21
20200311,4164,140386871.0,38127614.0,27.15
20200311,4190,60914700.0,38345449.0,62.94
20200311,4306,571834173.0,35471283.0,6.2
20200311,4414,903434949.0,185518154.0,20.53
20200311,4426,161079476.0,13207823.0,8.19
20200311,4438,103375292.0,5489954.0,5.31
20200311,4439,31500000.0,20354000.0,64.61
20200311,4526,254826461.0,19729805.0,7.74
20200311,4532,504915105.0,55581444.0,11.0
20200311,4536,90820000.0,11942107.0,13.14
20200311,4540,96678000.0,2068001.0,2.13
20200311,4545,77000000.0,27032132.0,35.1
20200311,4551,81934000.0,42111859.0,51.39
20200311,4552,116000000.0,58661710.0,50.57
20200311,4555,66880000.0,4354000.0,6.51
20200311,4557,39808000.0,16095330.0,40.43
20200311,4560,67666195.0,55976849.0,82.72
20200311,4562,67546000.0,1007018.0,1.49
20200311,4564,177786553.0,4245936.0,2.38
20200311,4566,66656000.0,2535000.0,3.8
20200311,4571,47600000.0,34035228.0,71.5
20200311,4572,35800000.0,74000.0,0.2
20200311,4576,117908241.0,1935202.0,1.64
20200311,4581,33899000.0,9866000.0,29.1
20200311,4720,88576709.0,2428173.0,2.74
20200311,4722,100009159.0,3289156.0,3.28
20200311,4725,291975000.0,2677827.0,0.91
20200311,4737,59500794.0,18631501.0,31.31
20200311,4739,93029269.0,3658044.0,3.93
20200311,4746,99012550.0,5694164.0,5.75
20200311,4755,90706000.0,29105532.0,32.08
20200311,4763,51076700.0,37898696.0,74.19
20200311,4764,76788615.0,28576285.0,37.21
20200311,4766,120570780.0,13343751.0,11.06
20200311,4807,38470000.0,27953601.0,72.66
20200311,4904,3258500810.0,696570556.0,21.37
20200311,4906,356883496.0,33175044.0,9.29
20200311,4912,47472069.0,16930985.0,35.66
20200311,4915,448580824.0,258497946.0,57.62
20200311,4916,83451568.0,1448466.0,1.73
20200311,4919,287554400.0,13363007.0,4.64
20200311,4927,184752016.0,23484521.0,12.71
20200311,4930,134300000.0,7159690.0,5.33
20200311,4934,200000000.0,5090563.0,2.54
20200311,4935,130937091.0,39766396.0,30.37
20200311,4938,2610791856.0,1140680539.0,43.69
20200311,4942,142367613.0,27414700.0,19.25
20200311,4943,135975732.0,51716249.0,38.03
20200311,4952,108815816.0,2176079.0,1.99
20200311,4956,100408236.0,7887907.0,7.85
20200311,4958,902229887.0,731339800.0,81.05
20200311,4960,665728500.0,82594908.0,12.4
20200311,4961,165687462.0,1957355.0,1.18
20200311,4967,68257489.0,7815878.0,11.45
20200311,4968,60376078.0,11060307.0,18.31
20200311,4976,117182000.0,1388455.0,1.18
20200311,4977,66640551.0,24463923.0,36.71
20200311,4989,153085000.0,1347205.0,0.88
20200311,4994,110639000.0,2351909.0,2.12
20200311,4999,74417200.0,6846666.0,9.2
20200311,5007,294940154.0,10912994.0,3.7
20200311,5203,83709300.0,19567377.0,23.37
20200311,5215,54337500.0,16913713.0,31.12
20200311,5225,61458000.0,36411753.0,59.24
20200311,5234,102715911.0,9449918.0,9.2
20200311,5243,168528915.0,112504414.0,66.75
20200311,5258,89542579.0,2924516.0,3.26
20200311,5264,420456991.0,273702873.0,65.09
20200311,5269,60037861.0,11079794.0,18.45
20200311,5283,76000425.0,576000.0,0.75
20200311,5284,43664608.0,26698208.0,61.14
20200311,5285,86099463.0,1732814.0,2.01
20200311,5288,65826153.0,42697273.0,64.86
20200311,5305,312456688.0,69394570.0,22.2
20200311,5388,245653767.0,65293628.0,26.57
20200311,5434,181699567.0,56470160.0,31.07
20200311,5469,491441352.0,82001699.0,16.68
20200311,5471,167877062.0,17437349.0,10.38
20200311,5484,68115093.0,357104.0,0.52
20200311,5515,267440105.0,13681621.0,5.11
20200311,5519,198544958.0,5148512.0,2.59
20200311,5521,447527413.0,33246229.0,7.42
20200311,5522,806259241.0,86910500.0,10.77
20200311,5525,244991913.0,5447539.0,2.22
20200311,5531,982474245.0,58825466.0,5.98
20200311,5533,285244944.0,9104049.0,3.19
20200311,5534,290325960.0,54131343.0,18.64
20200311,5538,168000000.0,115246125.0,68.59
20200311,5607,229979100.0,6748733.0,2.93
20200311,5608,279267090.0,22022739.0,7.88
20200311,5706,61294353.0,770890.0,1.25
20200311,5871,1328200030.0,1006394077.0,75.77
20200311,5876,4481603140.0,2596218646.0,57.93
20200311,5880,12945848278.0,2651430540.0,20.48
20200311,5906,30000000.0,5896654.0,19.65
20200311,5907,195531000.0,104563237.0,53.47
20200311,6005,2170908097.0,247363782.0,11.39
20200311,6024,176437584.0,4279940.0,2.42
20200311,6108,159899311.0,11556779.0,7.22
20200311,6112,188357336.0,3861336.0,2.05
20200311,6115,187662154.0,23743791.0,12.65
20200311,6116,3133933851.0,353969465.0,11.29
20200311,6117,88650000.0,2481680.0,2.79
20200311,6120,665555114.0,60822842.0,9.13
20200311,6128,127588740.0,2931986.0,2.29
20200311,6131,101926533.0,125259.0,0.12
20200311,6133,117006294.0,5733871.0,4.9
20200311,6136,115536412.0,5160016.0,4.46
20200311,6139,225540929.0,36946010.0,16.38
20200311,6141,129964450.0,2765739.0,2.12
20200311,6142,268235633.0,7202699.0,2.68
20200311,6152,167738463.0,362337.0,0.21
20200311,6153,544279610.0,72418038.0,13.3
20200311,6155,86667589.0,2520407.0,2.9
20200311,6164,100000239.0,581855.0,0.58
20200311,6165,49682403.0,953013.0,1.91
20200311,6166,217497257.0,35937082.0,16.52
20200311,6168,206069801.0,7277050.0,3.53
20200311,6172,30000000.0,208214.0,0.69
20200311,6176,465027263.0,285217971.0,61.33
20200311,6177,256896748.0,6575042.0,2.55
20200311,6183,150000000.0,1400954.0,0.93
20200311,6184,158230657.0,4230468.0,2.67
20200311,6189,179045194.0,9098648.0,5.08
20200311,6191,515546903.0,41316650.0,8.01
20200311,6192,106839745.0,31395935.0,29.38
20200311,6196,185690424.0,8285291.0,4.46
20200311,6197,122085882.0,12141322.0,9.94
20200311,6201,89200000.0,159834.0,0.17
20200311,6202,226168200.0,63558601.0,28.1
20200311,6205,71839079.0,2072032.0,2.88
20200311,6206,143062324.0,30638525.0,21.41
20200311,6209,163119931.0,2868568.0,1.75
20200311,6213,302957218.0,43381272.0,14.31
20200311,6214,269393304.0,42786863.0,15.88
20200311,6215,82789693.0,4478883.0,5.4
20200311,6216,84345637.0,670124.0,0.79
20200311,6224,80001838.0,14200544.0,17.75
20200311,6225,119076655.0,6441406.0,5.4
20200311,6226,114951789.0,517256.0,0.44
20200311,6230,86343396.0,51829798.0,60.02
20200311,6235,168069106.0,2921143.0,1.73
20200311,6239,779146634.0,583468445.0,74.88
20200311,6243,74976693.0,261847.0,0.34
20200311,6251,281059335.0,38018367.0,13.52
20200311,6257,415772017.0,120297444.0,28.93
20200311,6269,332954895.0,118341446.0,35.54
20200311,6271,165357520.0,39233499.0,23.72
20200311,6277,119471166.0,19936235.0,16.68
20200311,6278,292398353.0,82881221.0,28.34
20200311,6281,99172945.0,2085312.0,2.1
20200311,6282,516621295.0,82224219.0,15.91
20200311,6283,148079143.0,28252717.0,19.07
20200311,6285,390329302.0,64396961.0,16.49
20200311,6288,171128000.0,2062258.0,1.2
20200311,6289,80778136.0,47714.0,0.05
20200311,6405,65800000.0,110686.0,0.16
20200311,6409,83301492.0,54346446.0,65.24
20200311,6412,386715375.0,49175411.0,12.71
20200311,6414,83574472.0,9881287.0,11.82
20200311,6415,91185063.0,84899775.0,93.1
20200311,6416,68035634.0,771050.0,1.13
20200311,6431,45642835.0,7390338.0,16.19
20200311,6442,69300000.0,23297224.0,33.61
20200311,6443,379016730.0,10213906.0,2.69
20200311,6449,84441912.0,1704022.0,2.01
20200311,6451,105446800.0,65971830.0,62.56
20200311,6452,100000000.0,20270249.0,20.27
20200311,6456,339439800.0,154530898.0,45.52
20200311,6464,122694706.0,598214.0,0.48
20200311,6477,94456570.0,556612.0,0.58
20200311,6491,70000000.0,2996763.0,4.28
20200311,6504,72600000.0,2108932.0,2.9
20200311,6505,9525959652.0,718819311.0,7.54
20200311,6525,129047384.0,14528476.0,11.25
20200311,6531,73830423.0,12626458.0,17.1
20200311,6533,42650911.0,1422847.0,3.33
20200311,6541,264052074.0,103167062.0,39.07
20200311,6552,100000000.0,728293.0,0.72
20200311,6558,86660750.0,4309446.0,4.97
20200311,6573,67499345.0,46179319.0,68.41
20200311,6579,148498468.0,4501000.0,3.03
20200311,6581,111270887.0,441000.0,0.39
20200311,6582,104877141.0,15889095.0,15.15
20200311,6591,26203000.0,7242089.0,27.63
20200311,6592,515000407.0,119342495.0,23.17
20200311,6605,165816397.0,20590775.0,12.41
20200311,6625,37333423.0,22895.0,0.06
20200311,6641,34000000.0,11077603.0,32.58
20200311,6655,75608500.0,217274.0,0.28
20200311,6666,47388000.0,37636602.0,79.42
20200311,6668,68392302.0,18377621.0,26.87
20200311,6669,174510791.0,40543143.0,23.23
20200311,6670,131030000.0,30026346.0,22.91
20200311,6671,60750000.0,38040634.0,62.61
20200311,6672,70654345.0,28094277.0,39.76
20200311,6674,66837681.0,31000.0,0.04
20200311,6698,66389753.0,3820223.0,5.75
20200311,6706,66744935.0,4218806.0,6.32
20200311,6715,57000000.0,4490580.0,7.87
20200311,8011,118620375.0,2669541.0,2.25
20200311,8016,120136876.0,44732217.0,37.23
20200311,8021,142180467.0,19133817.0,13.45
20200311,8028,132408000.0,16529941.0,12.48
20200311,8033,112629775.0,658442.0,0.58
20200311,8039,209119692.0,51224949.0,24.49
20200311,8046,646165487.0,42768537.0,6.61
20200311,8070,63879937.0,7954964.0,12.45
20200311,8072,80000000.0,866270.0,1.08
20200311,8081,86172072.0,13223566.0,15.34
20200311,8101,208088795.0,423966.0,0.2
20200311,8103,81399413.0,7670605.0,9.42
20200311,8104,67630050.0,701404.0,1.03
20200311,8105,441544851.0,259611939.0,58.79
20200311,8110,506381144.0,31914320.0,6.3
20200311,8112,378496473.0,113468068.0,29.97
20200311,8114,106074919.0,4591912.0,4.32
20200311,8131,442222223.0,29653354.0,6.7
20200311,8150,727240126.0,350970613.0,48.26
20200311,8163,280000001.0,49148836.0,17.55
20200311,8201,62366275.0,1748565.0,2.8
20200311,8210,119725950.0,18969690.0,15.84
20200311,8213,271242488.0,75044732.0,27.66
20200311,8215,320674514.0,6088161.0,1.89
20200311,8222,68546750.0,290821.0,0.42
20200311,8249,127055000.0,19421919.0,15.28
20200311,8261,81340493.0,20828082.0,25.6
20200311,8271,100897807.0,19233115.0,19.06
20200311,8341,111500000.0,28137797.0,25.23
20200311,8367,81131938.0,1139473.0,1.4
20200311,8374,112225487.0,3472038.0,3.09
20200311,8404,315178126.0,175768115.0,55.76
20200311,8411,175398185.0,109063792.0,62.18
20200311,8422,108888000.0,27771999.0,25.5
20200311,8427,104261000.0,36910760.0,35.4
20200311,8429,185747151.0,68455583.0,36.85
20200311,8442,49999682.0,37884396.0,75.76
20200311,8443,66800000.0,4435125.0,6.63
20200311,8454,140058500.0,40667518.0,29.03
20200311,8462,69835558.0,1410944.0,2.02
20200311,8463,150000000.0,838000.0,0.55
20200311,8464,293020200.0,121856882.0,41.58
20200311,8466,66059000.0,40560000.0,61.39
20200311,8467,49534000.0,21935038.0,44.28
20200311,8473,134812297.0,1322711.0,0.98
20200311,8478,90893276.0,51730320.0,56.91
20200311,8480,39270000.0,34208019.0,87.1
20200311,8481,66601866.0,2953000.0,4.43
20200311,8482,111112000.0,98958701.0,89.06
20200311,8488,67500000.0,52365033.0,77.57
20200311,8497,36542810.0,523058.0,1.43
20200311,8499,51286000.0,37810108.0,73.72
20200311,8926,589048595.0,44467828.0,7.54
20200311,8940,67491032.0,5430937.0,8.04
20200311,8996,89384080.0,3206389.0,3.58
20200311,9103,205531500.0,867001.0,0.42
20200311,9105,839284153.0,5762005.0,0.68
20200311,9110,54248500.0,4000.0,0.0
20200311,9136,151204000.0,1709000.0,1.13
20200311,9188,66012000.0,0.0,0.0
20200311,9802,159830923.0,75303630.0,47.11
20200311,9902,98049600.0,444538.0,0.45
20200311,9904,2946787213.0,1711594669.0,58.08
20200311,9905,305000000.0,10266081.0,3.36
20200311,9906,83343981.0,630624.0,0.75
20200311,9907,1579145342.0,219507309.0,13.9
20200311,9908,516358000.0,11342045.0,2.19
20200311,9910,734734249.0,142109936.0,19.34
20200311,9911,221121188.0,49532260.0,22.4
20200311,9912,54350569.0,8652401.0,15.91
20200311,9914,298983800.0,115662558.0,38.68
20200311,9917,451197093.0,193147957.0,42.8
20200311,9918,180537453.0,2310969.0,1.28
20200311,9919,195362750.0,5887490.0,3.01
20200311,9921,375064626.0,183406235.0,48.89
20200311,9924,188452170.0,24001283.0,12.73
20200311,9925,383653075.0,66078655.0,17.22
20200311,9926,179504075.0,338323.0,0.18
20200311,9927,209148167.0,22275053.0,10.65
20200311,9928,150724583.0,0.0,0.0
20200311,9929,168800000.0,13609624.0,8.06
20200311,9930,248540368.0,4934606.0,1.98
20200311,9931,102250512.0,459917.0,0.44
20200311,9933,763273848.0,192808190.0,25.26
20200311,9934,356212962.0,76422012.0,21.45
20200311,9935,169623342.0,9062408.0,5.34
20200311,9937,309043000.0,6039178.0,1.95
20200311,9938,297963902.0,77281939.0,25.93
20200311,9939,292878879.0,77532951.0,26.47
20200311,9940,736846500.0,36391132.0,4.93
20200311,9941,302092125.0,18480722.0,6.11
20200311,9942,83161320.0,3102735.0,3.73
20200311,9943,147317600.0,4332939.0,2.94
20200311,9944,109107100.0,2206160.0,2.02
20200311,9945,1003253999.0,162345406.0,16.18
20200311,9946,300820867.0,29935000.0,9.95
20200311,9955,103208229.0,635492.0,0.61
20200311,9958,209342910.0,8880745.0,4.24
20200312,1101,5465619204.0,1548958633.0,28.34
20200312,1102,3361447198.0,885613476.0,26.34
20200312,1103,774780548.0,38623655.0,4.98
20200312,1104,653609192.0,78571334.0,12.02
20200312,1108,404738049.0,6252730.0,1.54
20200312,1109,341957868.0,11510861.0,3.36
20200312,1110,572000797.0,43924466.0,7.67
20200312,1201,506062914.0,52266334.0,10.32
20200312,1203,240000000.0,5236769.0,2.18
20200312,1210,827339086.0,140465295.0,16.97
20200312,1213,56622627.0,42642.0,0.07
20200312,1215,267990998.0,111030943.0,41.43
20200312,1216,5682015421.0,2947998944.0,51.88
20200312,1217,494513336.0,39489256.0,7.98
20200312,1218,499999038.0,13394797.0,2.67
20200312,1219,322013887.0,11408703.0,3.54
20200312,1220,177077944.0,16361673.0,9.23
20200312,1225,218703051.0,1704906.0,0.77
20200312,1227,915089591.0,211514079.0,23.11
20200312,1229,1104739841.0,149859885.0,13.56
20200312,1231,174595395.0,3821687.0,2.18
20200312,1232,159974915.0,2041421.0,1.27
20200312,1233,90591948.0,4713802.0,5.2
20200312,1234,401871094.0,17485511.0,4.35
20200312,1235,98955436.0,65637.0,0.06
20200312,1236,108342510.0,63329.0,0.05
20200312,1256,33842160.0,1481777.0,4.37
20200312,1301,6365740781.0,2366550166.0,37.17
20200312,1303,7930821589.0,2386819231.0,30.09
20200312,1304,1188763500.0,408556531.0,34.36
20200312,1305,527029927.0,84750412.0,16.08
20200312,1307,397818126.0,46067752.0,11.58
20200312,1308,554382745.0,34730424.0,6.26
20200312,1309,334204892.0,13428279.0,4.01
20200312,1310,527869764.0,96911781.0,18.35
20200312,1312,906620328.0,231996104.0,25.58
20200312,1313,1332347607.0,150211209.0,11.27
20200312,1314,3284850130.0,557027303.0,16.95
20200312,1315,198000000.0,2387149.0,1.2
20200312,1316,179541221.0,1802031.0,1.0
20200312,1319,591477068.0,114816649.0,19.41
20200312,1321,227228268.0,5448995.0,2.39
20200312,1323,91274554.0,2924165.0,3.2
20200312,1324,75121882.0,340215.0,0.45
20200312,1325,85281198.0,440363.0,0.51
20200312,1326,5861186291.0,2125874594.0,36.27
20200312,1337,268954729.0,70241827.0,26.11
20200312,1338,83840000.0,12285510.0,14.65
20200312,1339,74138875.0,1147038.0,1.54
20200312,1340,152922855.0,47098961.0,30.79
20200312,1341,49400000.0,42900950.0,86.84
20200312,1402,5352875227.0,1035171171.0,19.33
20200312,1409,1618409291.0,251348690.0,15.53
20200312,1410,63000000.0,10359456.0,16.44
20200312,1413,132112454.0,378175.0,0.28
20200312,1414,220000000.0,2581669.0,1.17
20200312,1416,185342168.0,26573289.0,14.33
20200312,1417,189941840.0,4951620.0,2.6
20200312,1418,56834309.0,344219.0,0.6
20200312,1419,300041280.0,6724142.0,2.24
20200312,1423,138400000.0,2830830.0,2.04
20200312,1432,167937642.0,146917.0,0.08
20200312,1434,1684664637.0,278838117.0,16.55
20200312,1435,139780080.0,169879.0,0.12
20200312,1436,95634000.0,151722.0,0.15
20200312,1437,203371284.0,11406065.0,5.6
20200312,1438,102411518.0,83044.0,0.08
20200312,1439,92000000.0,1063935.0,1.15
20200312,1440,1656815857.0,120777074.0,7.28
20200312,1441,100800000.0,1408719.0,1.39
20200312,1442,302117481.0,8632757.0,2.85
20200312,1443,135343011.0,87758.0,0.06
20200312,1444,957302942.0,91767816.0,9.58
20200312,1445,132667034.0,1978715.0,1.49
20200312,1446,137709513.0,1417237.0,1.02
20200312,1447,914487242.0,67974604.0,7.43
20200312,1449,120000000.0,715535.0,0.59
20200312,1451,198000000.0,20295142.0,10.25
20200312,1452,132641400.0,5739732.0,4.32
20200312,1453,98642138.0,89880.0,0.09
20200312,1454,134309848.0,562472.0,0.41
20200312,1455,611763380.0,18749883.0,3.06
20200312,1456,93720000.0,153224.0,0.16
20200312,1457,301647640.0,8824110.0,2.92
20200312,1459,358628907.0,7881150.0,2.19
20200312,1460,509834182.0,23672481.0,4.64
20200312,1463,173268381.0,5613824.0,3.23
20200312,1464,384565652.0,7142490.0,1.85
20200312,1465,103607267.0,339735.0,0.32
20200312,1466,111157320.0,132264.0,0.11
20200312,1467,233624667.0,45043206.0,19.28
20200312,1468,160405244.0,2939115.0,1.83
20200312,1470,85767000.0,44084.0,0.05
20200312,1471,150414536.0,113970.0,0.07
20200312,1472,45672722.0,41667.0,0.09
20200312,1473,147153534.0,15866754.0,10.78
20200312,1474,129896969.0,183888.0,0.14
20200312,1475,16016749.0,11039.0,0.06
20200312,1476,274367111.0,99639786.0,36.31
20200312,1477,219856581.0,29972981.0,13.63
20200312,1503,520972223.0,165999116.0,31.86
20200312,1504,1967692886.0,776448221.0,39.45
20200312,1506,122855501.0,523365.0,0.42
20200312,1507,410820000.0,186202978.0,45.32
20200312,1512,220002494.0,18166048.0,8.25
20200312,1513,420000000.0,56314737.0,13.4
20200312,1514,207099023.0,24164851.0,11.66
20200312,1515,181473500.0,16962926.0,9.34
20200312,1516,33350889.0,48368.0,0.14
20200312,1517,227825007.0,5716321.0,2.5
20200312,1519,261058548.0,17946608.0,6.87
20200312,1521,76230000.0,25704764.0,33.72
20200312,1522,312897881.0,20558589.0,6.57
20200312,1524,179685207.0,232726.0,0.12
20200312,1525,73400135.0,41878.0,0.05
20200312,1526,60000000.0,807638.0,1.34
20200312,1527,138570640.0,12611726.0,9.1
20200312,1528,199331000.0,2453467.0,1.23
20200312,1529,95967982.0,292354.0,0.3
20200312,1530,96594171.0,697681.0,0.72
20200312,1531,185008080.0,18496386.0,9.99
20200312,1532,385252112.0,47264126.0,12.26
20200312,1533,98547486.0,6654588.0,6.75
20200312,1535,123742552.0,518004.0,0.41
20200312,1536,254956513.0,34179837.0,13.4
20200312,1537,81785394.0,19131756.0,23.39
20200312,1538,56135851.0,137355.0,0.24
20200312,1539,65370000.0,53034.0,0.08
20200312,1540,85473612.0,157353.0,0.18
20200312,1541,78800000.0,7697312.0,9.76
20200312,1558,60535631.0,7117116.0,11.75
20200312,1560,141000000.0,19656584.0,13.94
20200312,1568,103086559.0,1871113.0,1.81
20200312,1582,123724171.0,39294757.0,31.75
20200312,1583,110400372.0,88986.0,0.08
20200312,1587,67356618.0,13522742.0,20.07
20200312,1589,105617519.0,11845951.0,11.21
20200312,1590,189024998.0,128453206.0,67.95
20200312,1592,110978250.0,42818412.0,38.58
20200312,1598,115100887.0,731787.0,0.63
20200312,1603,191688000.0,3510859.0,1.83
20200312,1604,387200000.0,47994048.0,12.39
20200312,1605,3326000258.0,749471781.0,22.53
20200312,1608,632773506.0,20958907.0,3.31
20200312,1609,595068022.0,61664726.0,10.36
20200312,1611,358595268.0,41967941.0,11.7
20200312,1612,316080063.0,34009981.0,10.75
20200312,1614,269113406.0,5415013.0,2.01
20200312,1615,111861784.0,101650.0,0.09
20200312,1616,194148515.0,157127.0,0.08
20200312,1617,144233235.0,30616329.0,21.22
20200312,1618,240864684.0,2900787.0,1.2
20200312,1626,136850637.0,67009742.0,48.96
20200312,1701,298081080.0,31653156.0,10.61
20200312,1702,294132962.0,48693663.0,16.55
20200312,1707,136286373.0,31641634.0,23.21
20200312,1708,211520260.0,17430236.0,8.24
20200312,1709,477016272.0,17991188.0,3.77
20200312,1710,885703029.0,83481385.0,9.42
20200312,1711,547752226.0,47230552.0,8.62
20200312,1712,420492585.0,51285758.0,12.19
20200312,1713,150951700.0,7273675.0,4.81
20200312,1714,1016824808.0,183831528.0,18.07
20200312,1717,1240279455.0,168317703.0,13.57
20200312,1718,1621367217.0,169997850.0,10.48
20200312,1720,178696089.0,3736793.0,2.09
20200312,1721,222347344.0,6082121.0,2.73
20200312,1722,980000000.0,136160181.0,13.89
20200312,1723,236904480.0,32674149.0,13.79
20200312,1724,127813900.0,7713934.0,6.03
20200312,1725,181829978.0,262027.0,0.14
20200312,1726,162000000.0,24029727.0,14.83
20200312,1727,110250000.0,1118598.0,1.01
20200312,1730,63233851.0,4484281.0,7.09
20200312,1731,132915244.0,1123790.0,0.84
20200312,1732,42443957.0,221646.0,0.52
20200312,1733,99986192.0,2986146.0,2.98
20200312,1734,167722022.0,5640757.0,3.36
20200312,1735,99388000.0,49911241.0,50.21
20200312,1736,303616617.0,12919171.0,4.25
20200312,1737,200000000.0,18724379.0,9.36
20200312,1760,76739013.0,1243958.0,1.62
20200312,1762,77560000.0,2946279.0,3.79
20200312,1773,150000000.0,4077597.0,2.71
20200312,1776,69986099.0,46001.0,0.06
20200312,1783,69465000.0,5313606.0,7.64
20200312,1786,58100000.0,568073.0,0.97
20200312,1789,790739222.0,34758102.0,4.39
20200312,1795,243113964.0,167031971.0,68.7
20200312,1802,2908060800.0,207762591.0,7.14
20200312,1805,100265400.0,113805.0,0.11
20200312,1806,433782078.0,53416314.0,12.31
20200312,1808,308330531.0,14492851.0,4.7
20200312,1809,167041937.0,5209786.0,3.11
20200312,1810,369853610.0,12584506.0,3.4
20200312,1817,72600000.0,1110000.0,1.52
20200312,1902,402000550.0,22158368.0,5.51
20200312,1903,260039121.0,38822115.0,14.92
20200312,1904,1108274522.0,152355988.0,13.74
20200312,1905,1102835316.0,47710594.0,4.32
20200312,1906,151000000.0,1491509.0,0.98
20200312,1907,1660371495.0,303089027.0,18.25
20200312,1909,1217685727.0,188013395.0,15.44
20200312,2002,15734860997.0,3104176254.0,19.72
20200312,2006,1004060608.0,131543360.0,13.1
20200312,2007,530651613.0,329965.0,0.06
20200312,2008,200852293.0,14347407.0,7.14
20200312,2009,359622165.0,23753265.0,6.6
20200312,2010,647655390.0,29401564.0,4.53
20200312,2012,287774000.0,6937540.0,2.41
20200312,2013,200000000.0,14589962.0,7.29
20200312,2014,1435544446.0,69568148.0,4.84
20200312,2015,581599424.0,56140782.0,9.65
20200312,2017,341867462.0,8001222.0,2.34
20200312,2020,222526100.0,5692869.0,2.55
20200312,2022,479751976.0,14554352.0,3.03
20200312,2023,1913327518.0,129437900.0,6.76
20200312,2024,97500000.0,155093.0,0.15
20200312,2025,281167262.0,119066.0,0.04
20200312,2027,1233790052.0,295747335.0,23.97
20200312,2028,325714800.0,285958.0,0.08
20200312,2029,321180000.0,225576081.0,70.23
20200312,2030,286526027.0,14311668.0,4.99
20200312,2031,310687699.0,30552658.0,9.83
20200312,2032,130521545.0,215736.0,0.16
20200312,2033,80694536.0,112139.0,0.13
20200312,2034,407130743.0,50435761.0,12.38
20200312,2038,181264522.0,405670.0,0.22
20200312,2049,309578886.0,122828757.0,39.67
20200312,2059,95297072.0,24046002.0,25.23
20200312,2062,163014152.0,16686128.0,10.23
20200312,2069,156386836.0,661307.0,0.42
20200312,2101,833934904.0,71953131.0,8.62
20200312,2102,473329207.0,38314645.0,8.09
20200312,2103,825709978.0,287696982.0,34.84
20200312,2104,984733625.0,113294319.0,11.5
20200312,2105,3241415536.0,440672521.0,13.59
20200312,2106,874430000.0,46168706.0,5.27
20200312,2107,350000000.0,35094641.0,10.02
20200312,2108,492416659.0,46582313.0,9.45
20200312,2109,332349134.0,49537660.0,14.9
20200312,2114,70901552.0,1292907.0,1.82
20200312,2115,86063215.0,39658789.0,46.08
20200312,2201,1572919909.0,100148972.0,6.36
20200312,2204,553620342.0,164474384.0,29.7
20200312,2206,853595604.0,87419153.0,10.24
20200312,2207,546179184.0,131371488.0,24.05
20200312,2208,472991749.0,14870344.0,3.14
20200312,2227,300000000.0,122767576.0,40.92
20200312,2228,75780281.0,7235573.0,9.54
20200312,2231,122821241.0,12360562.0,10.06
20200312,2233,60288089.0,5322033.0,8.82
20200312,2236,44826766.0,33329473.0,74.35
20200312,2239,118007000.0,89861639.0,76.14
20200312,2243,45718529.0,19622127.0,42.91
20200312,2301,2350867032.0,1286137635.0,54.7
20200312,2302,166302881.0,6371656.0,3.83
20200312,2303,11724318715.0,5937500044.0,50.64
20200312,2305,205660827.0,9953708.0,4.83
20200312,2308,2597543329.0,1728692549.0,66.55
20200312,2312,1452081211.0,254874398.0,17.55
20200312,2313,1191820589.0,336903118.0,28.26
20200312,2314,228028320.0,2285388.0,1.0
20200312,2316,203045040.0,37212712.0,18.32
20200312,2317,13862990609.0,6396286624.0,46.13
20200312,2321,315332590.0,167111.0,0.05
20200312,2323,1158881200.0,89853968.0,7.75
20200312,2324,4407146625.0,2124569989.0,48.2
20200312,2327,427121695.0,207524126.0,48.58
20200312,2328,518346282.0,89877357.0,17.33
20200312,2329,557328533.0,168907809.0,30.3
20200312,2330,25930380458.0,19811695174.0,76.4
20200312,2331,557402968.0,89192474.0,16.0
20200312,2332,651996166.0,93953376.0,14.41
20200312,2337,1839908862.0,358421652.0,19.48
20200312,2338,252713611.0,3674467.0,1.45
20200312,2340,378622846.0,74350961.0,19.63
20200312,2342,156342161.0,10664439.0,6.82
20200312,2344,3980000193.0,894698917.0,22.47
20200312,2345,557726397.0,318428836.0,57.09
20200312,2347,1667946968.0,588916444.0,35.3
20200312,2348,85600000.0,1844904.0,2.15
20200312,2349,1284157900.0,162476358.0,12.65
20200312,2351,182140249.0,23360398.0,12.82
20200312,2352,1966781958.0,406767744.0,20.68
20200312,2353,3074933828.0,866661587.0,28.18
20200312,2354,1414485192.0,391631300.0,27.68
20200312,2355,397495420.0,114562743.0,28.82
20200312,2356,3587475066.0,988136784.0,27.54
20200312,2357,742760280.0,457540101.0,61.59
20200312,2358,94616172.0,218112.0,0.23
20200312,2359,171471052.0,6624519.0,3.86
20200312,2360,419092587.0,266222782.0,63.52
20200312,2362,669763000.0,87621734.0,13.08
20200312,2363,554062477.0,31123866.0,5.61
20200312,2364,198939797.0,30043266.0,15.1
20200312,2365,234538496.0,13887942.0,5.92
20200312,2367,619407175.0,135414140.0,21.86
20200312,2368,546487841.0,71112002.0,13.01
20200312,2369,380102344.0,57549913.0,15.14
20200312,2371,2339536685.0,925500701.0,39.55
20200312,2373,236202518.0,4559202.0,1.93
20200312,2374,282362812.0,25138951.0,8.9
20200312,2375,194063097.0,4387964.0,2.26
20200312,2376,635688886.0,184207452.0,28.97
20200312,2377,844856199.0,294112683.0,34.81
20200312,2379,508095464.0,311495466.0,61.3
20200312,2380,162444084.0,3030533.0,1.86
20200312,2382,3862627432.0,1026897119.0,26.58
20200312,2383,319708064.0,114756404.0,35.89
20200312,2385,734497521.0,397948289.0,54.17
20200312,2387,196297952.0,14595138.0,7.43
20200312,2388,493303441.0,52887301.0,10.72
20200312,2390,214021602.0,3675325.0,1.71
20200312,2392,512326940.0,69911820.0,13.64
20200312,2393,443056236.0,160853429.0,36.3
20200312,2395,699075510.0,287869352.0,41.17
20200312,2397,114688857.0,24622938.0,21.46
20200312,2399,178100000.0,29672283.0,16.66
20200312,2401,591994919.0,70078505.0,11.83
20200312,2402,307536533.0,41866723.0,13.61
20200312,2404,190586698.0,55605562.0,29.17
20200312,2405,343427303.0,21159651.0,6.16
20200312,2406,205905689.0,19080461.0,9.26
20200312,2408,3053504894.0,671874249.0,22.0
20200312,2409,9624245115.0,3061269522.0,31.8
20200312,2412,7757446545.0,1264204823.0,16.29
20200312,2413,127359200.0,569115.0,0.44
20200312,2414,161735846.0,9934674.0,6.14
20200312,2415,80000000.0,1264951.0,1.58
20200312,2417,192892330.0,5833430.0,3.02
20200312,2419,328986229.0,39158177.0,11.9
20200312,2420,152648688.0,5647474.0,3.69
20200312,2421,250929732.0,70884704.0,28.24
20200312,2423,145047289.0,2433432.0,1.67
20200312,2424,30000000.0,69154.0,0.23
20200312,2425,101498831.0,28170687.0,27.75
20200312,2426,300622252.0,22438643.0,7.46
20200312,2427,184314463.0,3612289.0,1.95
20200312,2428,128112726.0,19533394.0,15.24
20200312,2429,36736200.0,1099997.0,2.99
20200312,2430,166468825.0,6020090.0,3.61
20200312,2431,110927014.0,1279990.0,1.15
20200312,2433,144496011.0,1477704.0,1.02
20200312,2434,70602126.0,801806.0,1.13
20200312,2436,178009961.0,13562029.0,7.61
20200312,2438,95215940.0,39374.0,0.04
20200312,2439,207879134.0,41486289.0,19.95
20200312,2440,139117271.0,108394.0,0.07
20200312,2441,568845921.0,88282099.0,15.51
20200312,2442,267234372.0,9407550.0,3.52
20200312,2443,145687000.0,221195.0,0.15
20200312,2444,105557573.0,1936563.0,1.83
20200312,2448,1088701410.0,196499186.0,18.04
20200312,2449,1222745065.0,533570875.0,43.63
20200312,2450,258252657.0,11658636.0,4.51
20200312,2451,430761675.0,72075076.0,16.73
20200312,2453,100000000.0,1004804.0,1.0
20200312,2454,1589981632.0,979808853.0,61.62
20200312,2455,184905918.0,36713913.0,19.85
20200312,2456,243254748.0,48618166.0,19.98
20200312,2457,337688416.0,25078695.0,7.42
20200312,2458,303880392.0,93822148.0,30.87
20200312,2459,105900615.0,18701235.0,17.65
20200312,2460,169200000.0,1568103.0,0.92
20200312,2461,159324631.0,5735431.0,3.59
20200312,2462,142484596.0,1331712.0,0.93
20200312,2464,195531226.0,16310222.0,8.34
20200312,2465,53587301.0,283927.0,0.52
20200312,2466,156334226.0,18858291.0,12.06
20200312,2467,149205548.0,12086974.0,8.1
20200312,2468,69961249.0,52995.0,0.07
20200312,2471,47253890.0,610916.0,1.29
20200312,2472,129219822.0,3734986.0,2.89
20200312,2474,770391069.0,499242143.0,64.8
20200312,2476,184968298.0,18281143.0,9.88
20200312,2477,198216555.0,44883674.0,22.64
20200312,2478,145248989.0,10754363.0,7.4
20200312,2480,106360291.0,10869697.0,10.21
20200312,2481,332814927.0,38107758.0,11.45
20200312,2482,62072549.0,327301.0,0.52
20200312,2483,110618807.0,202242.0,0.18
20200312,2484,159421022.0,10926976.0,6.85
20200312,2485,317689037.0,19792914.0,6.23
20200312,2486,201958579.0,7090741.0,3.51
20200312,2488,79999433.0,2661631.0,3.32
20200312,2489,809362045.0,103687607.0,12.81
20200312,2491,82008000.0,6381676.0,7.78
20200312,2492,485800000.0,121850157.0,25.08
20200312,2493,114437390.0,8123922.0,7.09
20200312,2495,276290738.0,48327083.0,17.49
20200312,2496,17459400.0,8576869.0,49.12
20200312,2497,118798463.0,1732483.0,1.45
20200312,2498,818808635.0,127652277.0,15.59
20200312,2499,461172003.0,41367238.0,8.97
20200312,2501,1159561059.0,109139217.0,9.41
20200312,2504,1385000335.0,159123956.0,11.48
20200312,2505,696582479.0,29810174.0,4.27
20200312,2506,387000000.0,13293991.0,3.43
20200312,2509,204136846.0,3121604.0,1.52
20200312,2511,1623326147.0,141869618.0,8.73
20200312,2514,404729278.0,18847870.0,4.65
20200312,2515,1530899822.0,153717801.0,10.04
20200312,2516,226278457.0,6223711.0,2.75
20200312,2520,503791000.0,106310276.0,21.1
20200312,2524,384846372.0,8434635.0,2.19
20200312,2527,270306000.0,78385922.0,28.99
20200312,2528,277085409.0,361491.0,0.13
20200312,2530,270752466.0,3184115.0,1.17
20200312,2534,592784962.0,68304319.0,11.52
20200312,2535,290743386.0,29328226.0,10.08
20200312,2536,332808652.0,59382655.0,17.84
20200312,2537,300557795.0,7878782.0,2.62
20200312,2538,438448764.0,58515212.0,13.34
20200312,2539,461314374.0,451105.0,0.09
20200312,2540,146600000.0,133004.0,0.09
20200312,2542,1166628752.0,221496412.0,18.98
20200312,2543,241983788.0,282506.0,0.11
20200312,2545,327734808.0,12725067.0,3.88
20200312,2546,106035660.0,3588988.0,3.38
20200312,2547,912307649.0,202409854.0,22.18
20200312,2548,276812726.0,84900902.0,30.67
20200312,2597,135000000.0,1132171.0,0.83
20200312,2601,630883150.0,76680706.0,12.15
20200312,2603,4812973786.0,1133833572.0,23.55
20200312,2605,585353297.0,193411774.0,33.04
20200312,2606,845055712.0,78471002.0,9.28
20200312,2607,1067141094.0,74649279.0,6.99
20200312,2608,467000498.0,42957523.0,9.19
20200312,2609,2601335728.0,139387200.0,5.35
20200312,2610,5420984650.0,811993014.0,14.97
20200312,2611,175994247.0,184920.0,0.1
20200312,2612,197484593.0,4370744.0,2.21
20200312,2613,148423458.0,130643.0,0.08
20200312,2614,556789889.0,10589704.0,1.9
20200312,2615,2218297466.0,927125256.0,41.79
20200312,2616,137281827.0,4529589.0,3.29
20200312,2617,417294487.0,14047835.0,3.36
20200312,2618,4853569490.0,1362990474.0,28.08
20200312,2630,120120000.0,56000.0,0.04
20200312,2633,5628293058.0,803507669.0,14.27
20200312,2634,941867101.0,21176864.0,2.24
20200312,2636,117157402.0,17073077.0,14.57
20200312,2637,688655903.0,51541530.0,7.48
20200312,2642,95467000.0,4896332.0,5.12
20200312,2701,449967838.0,1932326.0,0.42
20200312,2702,110485538.0,40811363.0,36.93
20200312,2704,366923343.0,31941145.0,8.7
20200312,2705,186536630.0,5638559.0,3.02
20200312,2706,499998346.0,12893990.0,2.57
20200312,2707,126745769.0,18968593.0,14.96
20200312,2712,105000000.0,70592.0,0.06
20200312,2722,111522961.0,107380.0,0.09
20200312,2723,180000000.0,96664026.0,53.7
20200312,2727,76987883.0,7901282.0,10.26
20200312,2731,70000000.0,2190896.0,3.12
20200312,2739,111526000.0,2256800.0,2.02
20200312,2748,65637000.0,437847.0,0.66
20200312,2801,9985311160.0,1480144756.0,14.82
20200312,2809,1131234265.0,193002711.0,17.06
20200312,2812,3708834898.0,511970770.0,13.8
20200312,2816,212960000.0,11948821.0,5.61
20200312,2820,1342960000.0,105776759.0,7.87
20200312,2823,4463582304.0,1097888270.0,24.59
20200312,2832,362200400.0,11827718.0,3.26
20200312,2834,7131984244.0,1675948690.0,23.49
20200312,2836,1080916486.0,80793726.0,7.47
20200312,2838,2884455292.0,88525173.0,3.06
20200312,2841,760943600.0,79730784.0,10.47
20200312,2845,3355819407.0,424454411.0,12.64
20200312,2849,1957910050.0,1154331914.0,58.95
20200312,2850,315963300.0,27539004.0,8.71
20200312,2851,590388750.0,13527017.0,2.29
20200312,2852,301163784.0,12261846.0,4.07
20200312,2855,1372390028.0,147505968.0,10.74
20200312,2867,2371971471.0,168126203.0,7.08
20200312,2880,12172740178.0,2445873986.0,20.09
20200312,2881,10233603995.0,2729318406.0,26.67
20200312,2882,13169210128.0,2868739210.0,21.78
20200312,2883,14965982132.0,3844871308.0,25.69
20200312,2884,11619500000.0,4985166743.0,42.9
20200312,2885,11670611456.0,4600550334.0,39.41
20200312,2886,13599823983.0,3520613310.0,25.88
20200312,2887,10656061370.0,2935679440.0,27.54
20200312,2888,12600394063.0,2762536857.0,21.92
20200312,2889,2848064596.0,360337928.0,12.65
20200312,2890,11281054106.0,3554681634.0,31.51
20200312,2891,19496989569.0,7945954713.0,40.75
20200312,2892,12461942795.0,3348059903.0,26.86
20200312,2897,2413006301.0,30711066.0,1.27
20200312,2901,73043283.0,45994.0,0.06
20200312,2903,1416940589.0,209923359.0,14.81
20200312,2904,69034432.0,62652.0,0.09
20200312,2905,826682688.0,57650423.0,6.97
20200312,2906,209111093.0,3885522.0,1.85
20200312,2908,509887558.0,40642961.0,7.97
20200312,2910,208725000.0,301000.0,0.14
20200312,2911,188941775.0,33080867.0,17.5
20200312,2912,1039622255.0,419534857.0,40.35
20200312,2913,790000000.0,90885554.0,11.5
20200312,2915,564860594.0,102193385.0,18.09
20200312,2923,1740296982.0,1727283274.0,99.25
20200312,2929,94955292.0,47359226.0,49.87
20200312,2936,76555696.0,67949696.0,88.75
20200312,2939,47222665.0,35144893.0,74.42
20200312,3002,102000000.0,264372.0,0.25
20200312,3003,155654890.0,11020386.0,7.08
20200312,3004,52647155.0,935072.0,1.77
20200312,3005,579520150.0,191022251.0,32.96
20200312,3006,285758925.0,45078870.0,15.77
20200312,3008,134140197.0,70764954.0,52.75
20200312,3010,231390138.0,54690250.0,23.63
20200312,3011,112719251.0,137048.0,0.12
20200312,3013,159435018.0,3095158.0,1.94
20200312,3014,161080124.0,37621717.0,23.35
20200312,3015,192261950.0,21967055.0,11.42
20200312,3016,274401315.0,1876055.0,0.68
20200312,3017,353310157.0,120635897.0,34.14
20200312,3018,73512132.0,1741491.0,2.36
20200312,3019,281083901.0,34567429.0,12.29
20200312,3021,95813467.0,2369516.0,2.47
20200312,3022,177289790.0,36865952.0,20.79
20200312,3023,229078860.0,113380056.0,49.49
20200312,3024,277157496.0,4150140.0,1.49
20200312,3025,70920550.0,1512059.0,2.13
20200312,3026,157990779.0,17003455.0,10.76
20200312,3027,98856311.0,170199.0,0.17
20200312,3028,213824864.0,10711615.0,5.0
20200312,3029,124009212.0,3614382.0,2.91
20200312,3030,236216000.0,54666008.0,23.14
20200312,3031,186674224.0,5801937.0,3.1
20200312,3032,113285626.0,2206015.0,1.94
20200312,3033,367751242.0,17179471.0,4.67
20200312,3034,608511469.0,374186382.0,61.49
20200312,3035,248550313.0,56806640.0,22.85
20200312,3036,588121760.0,137921874.0,23.45
20200312,3037,1504732333.0,473865610.0,31.49
20200312,3038,162407603.0,6079365.0,3.74
20200312,3040,63000000.0,10677598.0,16.94
20200312,3041,192539746.0,16811167.0,8.73
20200312,3042,309757040.0,114395003.0,36.93
20200312,3043,194878166.0,2449666.0,1.25
20200312,3044,525605898.0,315902467.0,60.1
20200312,3045,3442720069.0,668454497.0,19.41
20200312,3046,71448013.0,744702.0,1.04
20200312,3047,186491633.0,7446547.0,3.99
20200312,3048,222572540.0,26226242.0,11.78
20200312,3049,806948529.0,68368335.0,8.47
20200312,3050,145984450.0,7633083.0,5.22
20200312,3051,325332396.0,273232.0,0.08
20200312,3052,228713554.0,5706014.0,2.49
20200312,3054,87848033.0,199261.0,0.22
20200312,3055,102441918.0,2362424.0,2.3
20200312,3056,209215308.0,19695643.0,9.41
20200312,3057,161409213.0,7829531.0,4.85
20200312,3058,164937351.0,4419488.0,2.67
20200312,3059,279587325.0,34571942.0,12.36
20200312,3060,139361590.0,10908534.0,7.82
20200312,3062,328605418.0,43408964.0,13.21
20200312,3090,178657150.0,17395470.0,9.73
20200312,3094,84655089.0,1611644.0,1.9
20200312,3130,33190700.0,13666919.0,41.17
20200312,3149,206393604.0,3694085.0,1.78
20200312,3164,88911864.0,729305.0,0.82
20200312,3167,80134116.0,1316490.0,1.64
20200312,3189,451039005.0,76929536.0,17.05
20200312,3209,172915577.0,3238482.0,1.87
20200312,3229,93515881.0,1413777.0,1.51
20200312,3231,2840612050.0,1608037596.0,56.6
20200312,3257,69380277.0,309835.0,0.44
20200312,3266,352314309.0,17790199.0,5.04
20200312,3296,98224450.0,1922054.0,1.95
20200312,3305,118265271.0,3270144.0,2.76
20200312,3308,98569663.0,86319.0,0.08
20200312,3311,60000000.0,533565.0,0.88
20200312,3312,118032122.0,9633120.0,8.16
20200312,3321,126218519.0,511491.0,0.4
20200312,3338,86481985.0,2115284.0,2.44
20200312,3346,75784000.0,3597347.0,4.74
20200312,3356,89871303.0,1292093.0,1.43
20200312,3376,178988346.0,53082800.0,29.65
20200312,3380,542727260.0,36083439.0,6.64
20200312,3383,70000000.0,12087788.0,17.26
20200312,3406,110890463.0,28788885.0,25.96
20200312,3413,82687500.0,15441793.0,18.67
20200312,3416,72181447.0,1629113.0,2.25
20200312,3419,120480417.0,7365468.0,6.11
20200312,3432,66586000.0,3339907.0,5.01
20200312,3437,144548000.0,15032650.0,10.39
20200312,3443,134011911.0,24361145.0,18.17
20200312,3450,145681382.0,17528551.0,12.03
20200312,3454,87033910.0,6457562.0,7.41
20200312,3481,9711071977.0,2790846703.0,28.73
20200312,3494,179450634.0,8099372.0,4.51
20200312,3501,118257927.0,3718862.0,3.14
20200312,3504,114059785.0,1563172.0,1.37
20200312,3515,120647229.0,6941636.0,5.75
20200312,3518,80752230.0,7902563.0,9.78
20200312,3528,65597216.0,5655002.0,8.62
20200312,3530,78025900.0,36732050.0,47.07
20200312,3532,387848300.0,189721064.0,48.91
20200312,3533,103477900.0,24716393.0,23.88
20200312,3535,79052356.0,2316218.0,2.92
20200312,3536,106800000.0,223564.0,0.2
20200312,3545,299416416.0,72020398.0,24.05
20200312,3550,85000000.0,621002.0,0.73
20200312,3557,72300415.0,25517441.0,35.29
20200312,3563,42608234.0,8914796.0,20.92
20200312,3576,2665577382.0,255488850.0,9.58
20200312,3583,81139000.0,6577998.0,8.1
20200312,3588,46882200.0,2186568.0,4.66
20200312,3591,125001379.0,6205207.0,4.96
20200312,3593,83042416.0,66931.0,0.08
20200312,3596,208535090.0,21346751.0,10.23
20200312,3605,122395884.0,10751006.0,8.78
20200312,3607,121662239.0,9008427.0,7.4
20200312,3617,80951000.0,3016694.0,3.72
20200312,3622,151327600.0,3975223.0,2.62
20200312,3645,129420494.0,6329871.0,4.89
20200312,3653,120484239.0,9772620.0,8.11
20200312,3661,60186610.0,24895541.0,41.36
20200312,3665,130517407.0,55699341.0,42.67
20200312,3669,92919950.0,3499568.0,3.76
20200312,3673,406663759.0,165155552.0,40.61
20200312,3679,62296229.0,8622130.0,13.84
20200312,3682,3817196399.0,150724152.0,3.94
20200312,3686,113513643.0,2449915.0,2.15
20200312,3694,150495808.0,1002156.0,0.66
20200312,3698,519386380.0,125782056.0,24.21
20200312,3701,190344554.0,6307144.0,3.31
20200312,3702,1679056833.0,538288674.0,32.05
20200312,3703,823215980.0,174525085.0,21.2
20200312,3704,441177355.0,43509874.0,9.86
20200312,3705,266422983.0,35596494.0,13.36
20200312,3706,1077282847.0,227538297.0,21.12
20200312,3708,93504604.0,13410095.0,14.34
20200312,3711,4323358382.0,3283509149.0,75.94
20200312,3712,246242146.0,2433345.0,0.98
20200312,4104,141148970.0,9713385.0,6.88
20200312,4106,100911557.0,1100366.0,1.09
20200312,4108,163616379.0,726965.0,0.44
20200312,4119,79485310.0,16482371.0,20.73
20200312,4133,60553594.0,10050858.0,16.59
20200312,4137,79492350.0,51262940.0,64.48
20200312,4141,171144968.0,118405333.0,69.18
20200312,4142,362352752.0,13372228.0,3.69
20200312,4144,77139000.0,42001609.0,54.44
20200312,4148,64034001.0,46287001.0,72.28
20200312,4155,78621079.0,390312.0,0.49
20200312,4164,140386871.0,38092614.0,27.13
20200312,4190,60914700.0,38217449.0,62.73
20200312,4306,571834173.0,35369283.0,6.18
20200312,4414,903434949.0,185476154.0,20.53
20200312,4426,161079476.0,13088823.0,8.12
20200312,4438,103375292.0,5431954.0,5.25
20200312,4439,31500000.0,20352000.0,64.6
20200312,4526,254826461.0,19723805.0,7.74
20200312,4532,504915105.0,55452444.0,10.98
20200312,4536,90820000.0,11844107.0,13.04
20200312,4540,96678000.0,1957001.0,2.02
20200312,4545,77000000.0,27082132.0,35.17
20200312,4551,81934000.0,42396859.0,51.74
20200312,4552,116000000.0,58495710.0,50.42
20200312,4555,66880000.0,4352000.0,6.5
20200312,4557,39808000.0,16089330.0,40.41
20200312,4560,67666195.0,56014849.0,82.78
20200312,4562,67546000.0,1004018.0,1.48
20200312,4564,177786553.0,3897936.0,2.19
20200312,4566,66656000.0,2485000.0,3.72
20200312,4571,47600000.0,34035228.0,71.5
20200312,4572,35800000.0,82000.0,0.22
20200312,4576,117908241.0,1982202.0,1.68
20200312,4581,33899000.0,9864000.0,29.09
20200312,4720,88576709.0,2435173.0,2.74
20200312,4722,100009159.0,3267156.0,3.26
20200312,4725,291975000.0,2748827.0,0.94
20200312,4737,59500794.0,18592501.0,31.24
20200312,4739,93029269.0,3969588.0,4.26
20200312,4746,99012550.0,5872164.0,5.93
20200312,4755,90706000.0,29105532.0,32.08
20200312,4763,51076700.0,38035696.0,74.46
20200312,4764,76788615.0,28568285.0,37.2
20200312,4766,120570780.0,13250751.0,10.99
20200312,4807,38470000.0,27953601.0,72.66
20200312,4904,3258500810.0,694031741.0,21.29
20200312,4906,356883496.0,32587044.0,9.13
20200312,4912,47472069.0,16961985.0,35.73
20200312,4915,448580824.0,256642946.0,57.21
20200312,4916,83451568.0,1427466.0,1.71
20200312,4919,287554400.0,13573132.0,4.72
20200312,4927,184752016.0,24148521.0,13.07
20200312,4930,134300000.0,7158690.0,5.33
20200312,4934,200000000.0,6910563.0,3.45
20200312,4935,130937091.0,42660396.0,32.58
20200312,4938,2610791856.0,1137349260.0,43.56
20200312,4942,142367613.0,27447700.0,19.27
20200312,4943,135975732.0,51347249.0,37.76
20200312,4952,108815816.0,2188079.0,2.01
20200312,4956,100408236.0,7866907.0,7.83
20200312,4958,902229887.0,729175586.0,80.81
20200312,4960,665728500.0,82545908.0,12.39
20200312,4961,165687462.0,1865355.0,1.12
20200312,4967,68257489.0,9638878.0,14.12
20200312,4968,60376078.0,10222307.0,16.93
20200312,4976,117182000.0,1249455.0,1.06
20200312,4977,66640551.0,24787923.0,37.19
20200312,4989,153085000.0,1338205.0,0.87
20200312,4994,110639000.0,2526909.0,2.28
20200312,4999,74417200.0,6850666.0,9.2
20200312,5007,294940154.0,10882994.0,3.68
20200312,5203,83709300.0,20178477.0,24.1
20200312,5215,54337500.0,16595713.0,30.54
20200312,5225,61458000.0,36674753.0,59.67
20200312,5234,102715911.0,9337918.0,9.09
20200312,5243,168528915.0,112488414.0,66.74
20200312,5258,89542579.0,2878516.0,3.21
20200312,5264,420456991.0,273938873.0,65.15
20200312,5269,60037861.0,11515794.0,19.18
20200312,5283,76000425.0,490000.0,0.64
20200312,5284,43664608.0,26694208.0,61.13
20200312,5285,86099463.0,1646814.0,1.91
20200312,5288,65826153.0,42675273.0,64.83
20200312,5305,312456688.0,69368570.0,22.2
20200312,5388,245653767.0,64752628.0,26.35
20200312,5434,181699567.0,56014160.0,30.82
20200312,5469,491441352.0,81738699.0,16.63
20200312,5471,167877062.0,18579349.0,11.06
20200312,5484,68115093.0,357104.0,0.52
20200312,5515,267440105.0,13653621.0,5.1
20200312,5519,198544958.0,5082512.0,2.55
20200312,5521,447527413.0,32747229.0,7.31
20200312,5522,806259241.0,86622500.0,10.74
20200312,5525,244991913.0,5415539.0,2.21
20200312,5531,982474245.0,58645466.0,5.96
20200312,5533,285244944.0,9076049.0,3.18
20200312,5534,290325960.0,53834343.0,18.54
20200312,5538,168000000.0,115242125.0,68.59
20200312,5607,229979100.0,6454733.0,2.8
20200312,5608,279267090.0,22013461.0,7.88
20200312,5706,61294353.0,727890.0,1.18
20200312,5871,1328200030.0,1005221316.0,75.68
20200312,5876,4481603140.0,2590750403.0,57.8
20200312,5880,12945848278.0,2634949587.0,20.35
20200312,5906,30000000.0,5901654.0,19.67
20200312,5907,195531000.0,104433237.0,53.41
20200312,6005,2170908097.0,247127782.0,11.38
20200312,6024,176437584.0,4172940.0,2.36
20200312,6108,159899311.0,11334779.0,7.08
20200312,6112,188357336.0,3868336.0,2.05
20200312,6115,187662154.0,23669791.0,12.61
20200312,6116,3133933851.0,351976465.0,11.23
20200312,6117,88650000.0,2481680.0,2.79
20200312,6120,665555114.0,60684842.0,9.11
20200312,6128,127588740.0,2920986.0,2.28
20200312,6131,101926533.0,125259.0,0.12
20200312,6133,117006294.0,5740871.0,4.9
20200312,6136,115536412.0,5159016.0,4.46
20200312,6139,225540929.0,36972010.0,16.39
20200312,6141,129964450.0,2721739.0,2.09
20200312,6142,268235633.0,7232699.0,2.69
20200312,6152,167738463.0,367337.0,0.21
20200312,6153,544279610.0,71642038.0,13.16
20200312,6155,86667589.0,2494407.0,2.87
20200312,6164,100000239.0,546855.0,0.54
20200312,6165,49682403.0,988013.0,1.98
20200312,6166,217497257.0,35873082.0,16.49
20200312,6168,206069801.0,7195050.0,3.49
20200312,6172,30000000.0,200214.0,0.66
20200312,6176,465027263.0,283955971.0,61.06
20200312,6177,256896748.0,6384042.0,2.48
20200312,6183,150000000.0,1375954.0,0.91
20200312,6184,158230657.0,4192468.0,2.64
20200312,6189,179045194.0,8977648.0,5.01
20200312,6191,515546903.0,40751650.0,7.9
20200312,6192,106839745.0,31347935.0,29.34
20200312,6196,185690424.0,9086291.0,4.89
20200312,6197,122085882.0,11999322.0,9.82
20200312,6201,89200000.0,148834.0,0.16
20200312,6202,226168200.0,63050601.0,27.87
20200312,6205,71839079.0,2067032.0,2.87
20200312,6206,143062324.0,30512525.0,21.32
20200312,6209,163119931.0,2812568.0,1.72
20200312,6213,302957218.0,43434272.0,14.33
20200312,6214,269393304.0,42305863.0,15.7
20200312,6215,82789693.0,4475883.0,5.4
20200312,6216,84345637.0,649124.0,0.76
20200312,6224,80001838.0,14056544.0,17.57
20200312,6225,119076655.0,6441406.0,5.4
20200312,6226,114951789.0,528256.0,0.45
20200312,6230,86343396.0,52130798.0,60.37
20200312,6235,168069106.0,2907143.0,1.72
20200312,6239,779146634.0,583948086.0,74.94
20200312,6243,74976693.0,251847.0,0.33
20200312,6251,281059335.0,38902367.0,13.84
20200312,6257,415772017.0,118123444.0,28.41
20200312,6269,332954895.0,117378446.0,35.25
20200312,6271,165357520.0,39065499.0,23.62
20200312,6277,119471166.0,19900235.0,16.65
20200312,6278,292398353.0,82543221.0,28.22
20200312,6281,99172945.0,2059478.0,2.07
20200312,6282,516621295.0,81877219.0,15.84
20200312,6283,148079143.0,28411717.0,19.18
20200312,6285,390329302.0,64779961.0,16.59
20200312,6288,171128000.0,2517258.0,1.47
20200312,6289,80778136.0,47714.0,0.05
20200312,6405,65800000.0,108686.0,0.16
20200312,6409,83301492.0,54429946.0,65.34
20200312,6412,386715375.0,48784590.0,12.61
20200312,6414,83574472.0,9774287.0,11.69
20200312,6415,91185063.0,85024843.0,93.24
20200312,6416,68035634.0,1098050.0,1.61
20200312,6431,45642835.0,7395338.0,16.2
20200312,6442,69300000.0,23284224.0,33.59
20200312,6443,379016730.0,10319906.0,2.72
20200312,6449,84441912.0,1635022.0,1.93
20200312,6451,105446800.0,66681830.0,63.23
20200312,6452,100000000.0,20522967.0,20.52
20200312,6456,339439800.0,154403898.0,45.48
20200312,6464,122694706.0,598214.0,0.48
20200312,6477,94456570.0,466612.0,0.49
20200312,6491,70000000.0,2967763.0,4.23
20200312,6504,72600000.0,2457932.0,3.38
20200312,6505,9525959652.0,716877711.0,7.52
20200312,6525,129047384.0,14432476.0,11.18
20200312,6531,73830423.0,13641458.0,18.47
20200312,6533,42650911.0,1245847.0,2.92
20200312,6541,264052074.0,103083062.0,39.03
20200312,6552,100000000.0,620293.0,0.62
20200312,6558,86660750.0,4522446.0,5.21
20200312,6573,67499345.0,46180319.0,68.41
20200312,6579,148498468.0,4489000.0,3.02
20200312,6581,111270887.0,441000.0,0.39
20200312,6582,104877141.0,15817095.0,15.08
20200312,6591,26203000.0,7466089.0,28.49
20200312,6592,515000407.0,119283495.0,23.16
20200312,6605,165816397.0,20545775.0,12.39
20200312,6625,37333423.0,17895.0,0.04
20200312,6641,34000000.0,11077603.0,32.58
20200312,6655,75608500.0,216274.0,0.28
20200312,6666,47388000.0,37630602.0,79.4
20200312,6668,68392302.0,18152621.0,26.54
20200312,6669,174510791.0,40310053.0,23.09
20200312,6670,131030000.0,29992757.0,22.88
20200312,6671,60750000.0,38041634.0,62.61
20200312,6672,70654345.0,27885277.0,39.46
20200312,6674,66837681.0,29000.0,0.04
20200312,6698,66389753.0,3816223.0,5.74
20200312,6706,66744935.0,4423806.0,6.62
20200312,6715,57000000.0,4582580.0,8.03
20200312,8011,118620375.0,2646541.0,2.23
20200312,8016,120136876.0,44486217.0,37.02
20200312,8021,142180467.0,18785817.0,13.21
20200312,8028,132408000.0,16624941.0,12.55
20200312,8033,112629775.0,645442.0,0.57
20200312,8039,209119692.0,51801949.0,24.77
20200312,8046,646165487.0,42376537.0,6.55
20200312,8070,63879937.0,7856964.0,12.29
20200312,8072,80000000.0,862270.0,1.07
20200312,8081,86172072.0,12961566.0,15.04
20200312,8101,208088795.0,508966.0,0.24
20200312,8103,81399413.0,7650605.0,9.39
20200312,8104,67630050.0,729404.0,1.07
20200312,8105,441544851.0,259610939.0,58.79
20200312,8110,506381144.0,31786320.0,6.27
20200312,8112,378496473.0,114101068.0,30.14
20200312,8114,106074919.0,4576912.0,4.31
20200312,8131,442222223.0,29589354.0,6.69
20200312,8150,727240126.0,351337613.0,48.31
20200312,8163,280000001.0,49064836.0,17.52
20200312,8201,62366275.0,1758565.0,2.81
20200312,8210,119725950.0,19085690.0,15.94
20200312,8213,271242488.0,74281732.0,27.38
20200312,8215,320674514.0,6579161.0,2.05
20200312,8222,68546750.0,285821.0,0.41
20200312,8249,127055000.0,19274919.0,15.17
20200312,8261,81340493.0,20744082.0,25.5
20200312,8271,100897807.0,19064115.0,18.89
20200312,8341,111500000.0,28082797.0,25.18
20200312,8367,81131938.0,1123473.0,1.38
20200312,8374,112225487.0,3472038.0,3.09
20200312,8404,315178126.0,175890115.0,55.8
20200312,8411,175398185.0,109061792.0,62.17
20200312,8422,108888000.0,27529999.0,25.28
20200312,8427,104261000.0,36910760.0,35.4
20200312,8429,185747151.0,68429583.0,36.84
20200312,8442,49999682.0,37885396.0,75.77
20200312,8443,66800000.0,4427125.0,6.62
20200312,8454,140058500.0,40747618.0,29.09
20200312,8462,69835558.0,1416944.0,2.02
20200312,8463,150000000.0,856000.0,0.57
20200312,8464,293020200.0,121642177.0,41.51
20200312,8466,66059000.0,40563000.0,61.4
20200312,8467,49534000.0,21935038.0,44.28
20200312,8473,134812297.0,1324711.0,0.98
20200312,8478,90893276.0,51728320.0,56.91
20200312,8480,39270000.0,34194019.0,87.07
20200312,8481,66601866.0,2947000.0,4.42
20200312,8482,111112000.0,99108701.0,89.19
20200312,8488,67500000.0,52361033.0,77.57
20200312,8497,36542810.0,570058.0,1.55
20200312,8499,51286000.0,37782108.0,73.66
20200312,8926,589048595.0,44795828.0,7.6
20200312,8940,67491032.0,5424937.0,8.03
20200312,8996,89384080.0,5904389.0,6.6
20200312,9103,205531500.0,857001.0,0.41
20200312,9105,839284153.0,7769005.0,0.92
20200312,9110,54248500.0,4000.0,0.0
20200312,9136,151204000.0,1729000.0,1.14
20200312,9188,66062000.0,0.0,0.0
20200312,9802,159830923.0,74713630.0,46.74
20200312,9902,98049600.0,416538.0,0.42
20200312,9904,2946787213.0,1708706054.0,57.98
20200312,9905,305000000.0,10192081.0,3.34
20200312,9906,83343981.0,609624.0,0.73
20200312,9907,1579145342.0,219276309.0,13.88
20200312,9908,516358000.0,11307045.0,2.18
20200312,9910,734734249.0,141905551.0,19.31
20200312,9911,221121188.0,49370260.0,22.32
20200312,9912,54350569.0,8653401.0,15.92
20200312,9914,298983800.0,115538458.0,38.64
20200312,9917,451197093.0,192929957.0,42.75
20200312,9918,180537453.0,2299969.0,1.27
20200312,9919,195362750.0,6112490.0,3.12
20200312,9921,375064626.0,183196051.0,48.84
20200312,9924,188452170.0,23786283.0,12.62
20200312,9925,383653075.0,65938485.0,17.18
20200312,9926,179504075.0,320323.0,0.17
20200312,9927,209148167.0,22215053.0,10.62
20200312,9928,150724583.0,0.0,0.0
20200312,9929,168800000.0,13598624.0,8.05
20200312,9930,248540368.0,4905606.0,1.97
20200312,9931,102250512.0,452917.0,0.44
20200312,9933,763273848.0,192490190.0,25.21
20200312,9934,356212962.0,76038012.0,21.34
20200312,9935,169623342.0,9741408.0,5.74
20200312,9937,309043000.0,6031178.0,1.95
20200312,9938,297963902.0,76749939.0,25.75
20200312,9939,292878879.0,77197951.0,26.35
20200312,9940,736846500.0,36284132.0,4.92
20200312,9941,302092125.0,18677722.0,6.18
20200312,9942,83161320.0,3070735.0,3.69
20200312,9943,147317600.0,4279939.0,2.9
20200312,9944,109107100.0,2493160.0,2.28
20200312,9945,1003253999.0,161793218.0,16.12
20200312,9946,300820867.0,31110000.0,10.34
20200312,9955,103208229.0,711492.0,0.68
20200312,9958,209342910.0,9695745.0,4.63
20200313,1101,5465619204.0,1539741334.0,28.17
20200313,1102,3361447198.0,885831096.0,26.35
20200313,1103,774780548.0,37745655.0,4.87
20200313,1104,653609192.0,78492334.0,12.0
20200313,1108,404738049.0,6244730.0,1.54
20200313,1109,341957868.0,11442861.0,3.34
20200313,1110,572000797.0,43883466.0,7.67
20200313,1201,506062914.0,52123334.0,10.29
20200313,1203,240000000.0,5149769.0,2.14
20200313,1210,827339086.0,139503295.0,16.86
20200313,1213,56622627.0,42642.0,0.07
20200313,1215,267990998.0,111411943.0,41.57
20200313,1216,5682015421.0,2943524333.0,51.8
20200313,1217,494513336.0,38421256.0,7.76
20200313,1218,499999038.0,13580797.0,2.71
20200313,1219,322013887.0,11359703.0,3.52
20200313,1220,177077944.0,16382673.0,9.25
20200313,1225,218703051.0,1700906.0,0.77
20200313,1227,915089591.0,211072915.0,23.06
20200313,1229,1104739841.0,149240885.0,13.5
20200313,1231,174595395.0,3923687.0,2.24
20200313,1232,159974915.0,2055421.0,1.28
20200313,1233,90591948.0,4703802.0,5.19
20200313,1234,401871094.0,17458511.0,4.34
20200313,1235,98955436.0,62637.0,0.06
20200313,1236,108342510.0,58329.0,0.05
20200313,1256,33842160.0,1457027.0,4.3
20200313,1301,6365740781.0,2358286248.0,37.04
20200313,1303,7930821589.0,2380493344.0,30.01
20200313,1304,1188763500.0,408559531.0,34.36
20200313,1305,527029927.0,84531412.0,16.03
20200313,1307,397818126.0,46003752.0,11.56
20200313,1308,554382745.0,34659424.0,6.25
20200313,1309,334204892.0,13527279.0,4.04
20200313,1310,527869764.0,96682732.0,18.31
20200313,1312,906620328.0,233767104.0,25.78
20200313,1313,1332347607.0,150133709.0,11.26
20200313,1314,3284850130.0,555671303.0,16.91
20200313,1315,198000000.0,2589149.0,1.3
20200313,1316,179541221.0,1860031.0,1.03
20200313,1319,591477068.0,114793951.0,19.4
20200313,1321,227228268.0,5589995.0,2.46
20200313,1323,91274554.0,2870165.0,3.14
20200313,1324,75121882.0,340215.0,0.45
20200313,1325,85281198.0,776363.0,0.91
20200313,1326,5861186291.0,2118535585.0,36.14
20200313,1337,268954729.0,70041827.0,26.04
20200313,1338,83840000.0,12394510.0,14.78
20200313,1339,74138875.0,1207038.0,1.62
20200313,1340,152922855.0,47104961.0,30.8
20200313,1341,49400000.0,42894950.0,86.83
20200313,1402,5352875227.0,1034589008.0,19.32
20200313,1409,1618409291.0,251024922.0,15.51
20200313,1410,63000000.0,10387456.0,16.48
20200313,1413,132112454.0,372175.0,0.28
20200313,1414,220000000.0,2559669.0,1.16
20200313,1416,185342168.0,26584289.0,14.34
20200313,1417,189941840.0,4908620.0,2.58
20200313,1418,56834309.0,344219.0,0.6
20200313,1419,300041280.0,6734142.0,2.24
20200313,1423,138400000.0,2845830.0,2.05
20200313,1432,167937642.0,125917.0,0.07
20200313,1434,1684664637.0,277654068.0,16.48
20200313,1435,139780080.0,499879.0,0.35
20200313,1436,95634000.0,133722.0,0.13
20200313,1437,203371284.0,11337065.0,5.57
20200313,1438,102411518.0,80044.0,0.07
20200313,1439,92000000.0,922935.0,1.0
20200313,1440,1656815857.0,120503074.0,7.27
20200313,1441,100800000.0,1398719.0,1.38
20200313,1442,302117481.0,8624757.0,2.85
20200313,1443,135343011.0,80758.0,0.05
20200313,1444,957302942.0,91756816.0,9.58
20200313,1445,132667034.0,1963715.0,1.48
20200313,1446,137709513.0,1406237.0,1.02
20200313,1447,914487242.0,67878604.0,7.42
20200313,1449,120000000.0,898535.0,0.74
20200313,1451,198000000.0,20246142.0,10.22
20200313,1452,132641400.0,5645732.0,4.25
20200313,1453,98642138.0,63880.0,0.06
20200313,1454,134309848.0,543472.0,0.4
20200313,1455,611763380.0,19128883.0,3.12
20200313,1456,93720000.0,153224.0,0.16
20200313,1457,301647640.0,8882110.0,2.94
20200313,1459,358628907.0,7850150.0,2.18
20200313,1460,509834182.0,23800481.0,4.66
20200313,1463,173268381.0,5598824.0,3.23
20200313,1464,384565652.0,7461490.0,1.94
20200313,1465,103607267.0,336735.0,0.32
20200313,1466,111157320.0,132264.0,0.11
20200313,1467,233624667.0,45056206.0,19.28
20200313,1468,160405244.0,2934115.0,1.82
20200313,1470,85767000.0,40084.0,0.04
20200313,1471,150414536.0,113970.0,0.07
20200313,1472,45672722.0,36667.0,0.08
20200313,1473,147153534.0,15857754.0,10.77
20200313,1474,129896969.0,157888.0,0.12
20200313,1475,16016749.0,11039.0,0.06
20200313,1476,274367111.0,100214180.0,36.52
20200313,1477,219856581.0,30677931.0,13.95
20200313,1503,520972223.0,166045116.0,31.87
20200313,1504,1967692886.0,770050221.0,39.13
20200313,1506,122855501.0,514365.0,0.41
20200313,1507,410820000.0,186214978.0,45.32
20200313,1512,220002494.0,18166048.0,8.25
20200313,1513,420000000.0,56026737.0,13.33
20200313,1514,207099023.0,24233851.0,11.7
20200313,1515,181473500.0,17293926.0,9.52
20200313,1516,33350889.0,47368.0,0.14
20200313,1517,227825007.0,5711321.0,2.5
20200313,1519,261058548.0,17718608.0,6.78
20200313,1521,76230000.0,25696764.0,33.7
20200313,1522,312897881.0,20559589.0,6.57
20200313,1524,179685207.0,224726.0,0.12
20200313,1525,73400135.0,35878.0,0.04
20200313,1526,60000000.0,930638.0,1.55
20200313,1527,138570640.0,12345726.0,8.9
20200313,1528,199331000.0,2427467.0,1.21
20200313,1529,95967982.0,290354.0,0.3
20200313,1530,96594171.0,682681.0,0.7
20200313,1531,185008080.0,18453386.0,9.97
20200313,1532,385252112.0,47132126.0,12.23
20200313,1533,98547486.0,6642588.0,6.74
20200313,1535,123742552.0,474004.0,0.38
20200313,1536,254956513.0,34405837.0,13.49
20200313,1537,81785394.0,19087756.0,23.33
20200313,1538,56135851.0,137355.0,0.24
20200313,1539,65370000.0,59034.0,0.09
20200313,1540,85473612.0,161353.0,0.18
20200313,1541,78800000.0,7679312.0,9.74
20200313,1558,60535631.0,7033116.0,11.61
20200313,1560,141000000.0,19640955.0,13.92
20200313,1568,103086559.0,1908113.0,1.85
20200313,1582,123724171.0,39046249.0,31.55
20200313,1583,110400372.0,73986.0,0.06
20200313,1587,67356618.0,13521742.0,20.07
20200313,1589,105617519.0,11244951.0,10.64
20200313,1590,189024998.0,128324818.0,67.88
20200313,1592,110978250.0,42877412.0,38.63
20200313,1598,115100887.0,738787.0,0.64
20200313,1603,191688000.0,3476859.0,1.81
20200313,1604,387200000.0,47950048.0,12.38
20200313,1605,3326000258.0,748848781.0,22.51
20200313,1608,632773506.0,20780907.0,3.28
20200313,1609,595068022.0,61719726.0,10.37
20200313,1611,358595268.0,41706941.0,11.63
20200313,1612,316080063.0,33931981.0,10.73
20200313,1614,269113406.0,5383013.0,2.0
20200313,1615,111861784.0,122650.0,0.1
20200313,1616,194148515.0,154127.0,0.07
20200313,1617,144233235.0,30616329.0,21.22
20200313,1618,240864684.0,2862787.0,1.18
20200313,1626,136850637.0,67306328.0,49.18
20200313,1701,298081080.0,31363156.0,10.52
20200313,1702,294132962.0,48604663.0,16.52
20200313,1707,136286373.0,31191965.0,22.88
20200313,1708,211520260.0,17305236.0,8.18
20200313,1709,477016272.0,17746188.0,3.72
20200313,1710,885703029.0,83424120.0,9.41
20200313,1711,547752226.0,47249552.0,8.62
20200313,1712,420492585.0,51811758.0,12.32
20200313,1713,150951700.0,7265675.0,4.81
20200313,1714,1016824808.0,185125528.0,18.2
20200313,1717,1240279455.0,167951703.0,13.54
20200313,1718,1621367217.0,170439850.0,10.51
20200313,1720,178696089.0,3568793.0,1.99
20200313,1721,222347344.0,6146121.0,2.76
20200313,1722,980000000.0,137935181.0,14.07
20200313,1723,236904480.0,32261149.0,13.61
20200313,1724,127813900.0,7713934.0,6.03
20200313,1725,181829978.0,256027.0,0.14
20200313,1726,162000000.0,24015727.0,14.82
20200313,1727,110250000.0,1123598.0,1.01
20200313,1730,63233851.0,4667281.0,7.38
20200313,1731,132915244.0,1268790.0,0.95
20200313,1732,42443957.0,234646.0,0.55
20200313,1733,99986192.0,3069146.0,3.06
20200313,1734,167722022.0,5708757.0,3.4
20200313,1735,99388000.0,49906241.0,50.21
20200313,1736,303616617.0,13050171.0,4.29
20200313,1737,200000000.0,18662379.0,9.33
20200313,1760,76739013.0,1417958.0,1.84
20200313,1762,77560000.0,2998279.0,3.86
20200313,1773,150000000.0,3974597.0,2.64
20200313,1776,69986099.0,41001.0,0.05
20200313,1783,69465000.0,5314606.0,7.65
20200313,1786,58100000.0,600073.0,1.03
20200313,1789,790739222.0,34006102.0,4.3
20200313,1795,243113964.0,166684971.0,68.56
20200313,1802,2908060800.0,207452591.0,7.13
20200313,1805,100265400.0,113805.0,0.11
20200313,1806,433782078.0,53287314.0,12.28
20200313,1808,308330531.0,14498851.0,4.7
20200313,1809,167041937.0,5149786.0,3.08
20200313,1810,369853610.0,12349506.0,3.33
20200313,1817,72600000.0,1121000.0,1.54
20200313,1902,402000550.0,20549369.0,5.11
20200313,1903,260039121.0,38810115.0,14.92
20200313,1904,1108274522.0,149174939.0,13.46
20200313,1905,1102835316.0,47783594.0,4.33
20200313,1906,151000000.0,1559509.0,1.03
20200313,1907,1660371495.0,303187027.0,18.26
20200313,1909,1217685727.0,185984395.0,15.27
20200313,2002,15734860997.0,3089868954.0,19.63
20200313,2006,1004060608.0,130975295.0,13.04
20200313,2007,530651613.0,311965.0,0.05
20200313,2008,200852293.0,14341407.0,7.14
20200313,2009,359622165.0,23702265.0,6.59
20200313,2010,647655390.0,29183564.0,4.5
20200313,2012,287774000.0,6923540.0,2.4
20200313,2013,200000000.0,14558962.0,7.27
20200313,2014,1435544446.0,71647148.0,4.99
20200313,2015,581599424.0,55589257.0,9.55
20200313,2017,341867462.0,7952222.0,2.32
20200313,2020,222526100.0,5693869.0,2.55
20200313,2022,479751976.0,14525352.0,3.02
20200313,2023,1913327518.0,130453900.0,6.81
20200313,2024,97500000.0,150093.0,0.15
20200313,2025,281167262.0,119066.0,0.04
20200313,2027,1233790052.0,293911335.0,23.82
20200313,2028,325714800.0,251958.0,0.07
20200313,2029,321180000.0,225515081.0,70.21
20200313,2030,286526027.0,14220668.0,4.96
20200313,2031,310687699.0,30604658.0,9.85
20200313,2032,130521545.0,205736.0,0.15
20200313,2033,80694536.0,106139.0,0.13
20200313,2034,407130743.0,50505761.0,12.4
20200313,2038,181264522.0,411670.0,0.22
20200313,2049,309578886.0,122098845.0,39.44
20200313,2059,95297072.0,23988002.0,25.17
20200313,2062,163014152.0,16720128.0,10.25
20200313,2069,156386836.0,628307.0,0.4
20200313,2101,833934904.0,72057131.0,8.64
20200313,2102,473329207.0,38432645.0,8.11
20200313,2103,825709978.0,288090919.0,34.89
20200313,2104,984733625.0,114955319.0,11.67
20200313,2105,3241415536.0,435378927.0,13.43
20200313,2106,874430000.0,46100706.0,5.27
20200313,2107,350000000.0,34997641.0,9.99
20200313,2108,492416659.0,47179563.0,9.58
20200313,2109,332349134.0,49567660.0,14.91
20200313,2114,70901552.0,1281907.0,1.8
20200313,2115,86063215.0,39648789.0,46.06
20200313,2201,1572919909.0,100979868.0,6.41
20200313,2204,553620342.0,164486384.0,29.71
20200313,2206,853595604.0,87267153.0,10.22
20200313,2207,546179184.0,131269358.0,24.03
20200313,2208,472991749.0,15404344.0,3.25
20200313,2227,300000000.0,122741576.0,40.91
20200313,2228,75780281.0,7220573.0,9.52
20200313,2231,122821241.0,11969562.0,9.74
20200313,2233,60288089.0,5387033.0,8.93
20200313,2236,44826766.0,33327473.0,74.34
20200313,2239,118007000.0,89883639.0,76.16
20200313,2243,45718529.0,19615127.0,42.9
20200313,2301,2350867032.0,1279248493.0,54.41
20200313,2302,166302881.0,6346656.0,3.81
20200313,2303,11724318715.0,5941828900.0,50.67
20200313,2305,205660827.0,9953708.0,4.83
20200313,2308,2597543329.0,1720164066.0,66.22
20200313,2312,1452081211.0,255067398.0,17.56
20200313,2313,1191820589.0,336168118.0,28.2
20200313,2314,228028320.0,2438388.0,1.06
20200313,2316,203045040.0,37159712.0,18.3
20200313,2317,13862990609.0,6364073283.0,45.9
20200313,2321,315332590.0,167111.0,0.05
20200313,2323,1158881200.0,94255968.0,8.13
20200313,2324,4407146625.0,2121737995.0,48.14
20200313,2327,427121695.0,207771528.0,48.64
20200313,2328,518346282.0,89869357.0,17.33
20200313,2329,557328533.0,169724809.0,30.45
20200313,2330,25930380458.0,19773132023.0,76.25
20200313,2331,557402968.0,88404474.0,15.86
20200313,2332,651996166.0,94791376.0,14.53
20200313,2337,1839908862.0,364830652.0,19.82
20200313,2338,252713611.0,2994467.0,1.18
20200313,2340,378622846.0,74798111.0,19.75
20200313,2342,156342161.0,10836439.0,6.93
20200313,2344,3980000193.0,902930647.0,22.68
20200313,2345,557726397.0,318364444.0,57.08
20200313,2347,1667946968.0,582383117.0,34.91
20200313,2348,85600000.0,1833904.0,2.14
20200313,2349,1284157900.0,162765358.0,12.67
20200313,2351,182140249.0,23932398.0,13.13
20200313,2352,1966781958.0,408130412.0,20.75
20200313,2353,3074933828.0,867356056.0,28.2
20200313,2354,1414485192.0,390892811.0,27.63
20200313,2355,397495420.0,114609743.0,28.83
20200313,2356,3587475066.0,986467441.0,27.49
20200313,2357,742760280.0,455161485.0,61.27
20200313,2358,94616172.0,216112.0,0.22
20200313,2359,171471052.0,6622519.0,3.86
20200313,2360,419092587.0,266173808.0,63.51
20200313,2362,669763000.0,87167734.0,13.01
20200313,2363,554062477.0,31163866.0,5.62
20200313,2364,198939797.0,30043266.0,15.1
20200313,2365,234538496.0,13820942.0,5.89
20200313,2367,619407175.0,132068140.0,21.32
20200313,2368,546487841.0,56836002.0,10.4
20200313,2369,380102344.0,57787913.0,15.2
20200313,2371,2339536685.0,924133701.0,39.5
20200313,2373,236202518.0,4547202.0,1.92
20200313,2374,282362812.0,25030951.0,8.86
20200313,2375,194063097.0,4877964.0,2.51
20200313,2376,635688886.0,184674452.0,29.05
20200313,2377,844856199.0,293294738.0,34.71
20200313,2379,508095464.0,310428817.0,61.09
20200313,2380,162444084.0,3006533.0,1.85
20200313,2382,3862627432.0,1027576013.0,26.6
20200313,2383,319708064.0,114850404.0,35.92
20200313,2385,734497521.0,396002730.0,53.91
20200313,2387,196297952.0,13103138.0,6.67
20200313,2388,493303441.0,52990301.0,10.74
20200313,2390,214021602.0,3691325.0,1.72
20200313,2392,512326940.0,71101820.0,13.87
20200313,2393,443056236.0,160137390.0,36.14
20200313,2395,699075510.0,286975551.0,41.05
20200313,2397,114688857.0,24614938.0,21.46
20200313,2399,178100000.0,30333283.0,17.03
20200313,2401,591994919.0,70232505.0,11.86
20200313,2402,307536533.0,42240723.0,13.73
20200313,2404,190586698.0,56083851.0,29.42
20200313,2405,343427303.0,21988651.0,6.4
20200313,2406,205905689.0,19358461.0,9.4
20200313,2408,3053504894.0,671501931.0,21.99
20200313,2409,9624245115.0,3047280757.0,31.66
20200313,2412,7757446545.0,1260604266.0,16.25
20200313,2413,127359200.0,578115.0,0.45
20200313,2414,161735846.0,9984674.0,6.17
20200313,2415,80000000.0,1278951.0,1.59
20200313,2417,192892330.0,5752430.0,2.98
20200313,2419,328986229.0,38978177.0,11.84
20200313,2420,152648688.0,5743474.0,3.76
20200313,2421,250929732.0,69892704.0,27.85
20200313,2423,145047289.0,2429432.0,1.67
20200313,2424,30000000.0,69154.0,0.23
20200313,2425,101498831.0,27987687.0,27.57
20200313,2426,300622252.0,22650643.0,7.53
20200313,2427,184314463.0,3589289.0,1.94
20200313,2428,128112726.0,19912394.0,15.54
20200313,2429,36736200.0,1115997.0,3.03
20200313,2430,166468825.0,6016090.0,3.61
20200313,2431,110927014.0,1288990.0,1.16
20200313,2433,144496011.0,1469704.0,1.01
20200313,2434,70602126.0,801806.0,1.13
20200313,2436,178009961.0,13416029.0,7.53
20200313,2438,95215940.0,39374.0,0.04
20200313,2439,207879134.0,42263209.0,20.33
20200313,2440,139117271.0,107394.0,0.07
20200313,2441,568845921.0,87990574.0,15.46
20200313,2442,267234372.0,9513550.0,3.56
20200313,2443,145687000.0,219195.0,0.15
20200313,2444,105557573.0,1964563.0,1.86
20200313,2448,1088701410.0,200629305.0,18.42
20200313,2449,1222745065.0,531782875.0,43.49
20200313,2450,258252657.0,11623636.0,4.5
20200313,2451,430761675.0,71352060.0,16.56
20200313,2453,100000000.0,1158804.0,1.15
20200313,2454,1589981632.0,980966469.0,61.69
20200313,2455,184905918.0,36982893.0,20.0
20200313,2456,243254748.0,50159744.0,20.62
20200313,2457,337688416.0,25161695.0,7.45
20200313,2458,303880392.0,92180364.0,30.33
20200313,2459,105900615.0,18756235.0,17.71
20200313,2460,169200000.0,1553103.0,0.91
20200313,2461,159324631.0,5931431.0,3.72
20200313,2462,142484596.0,1349712.0,0.94
20200313,2464,195531226.0,16787222.0,8.58
20200313,2465,53587301.0,279927.0,0.52
20200313,2466,156334226.0,18843291.0,12.05
20200313,2467,149205548.0,11963974.0,8.01
20200313,2468,69961249.0,43995.0,0.06
20200313,2471,47253890.0,607916.0,1.28
20200313,2472,129219822.0,3826986.0,2.96
20200313,2474,770391069.0,497449212.0,64.57
20200313,2476,184968298.0,18178143.0,9.82
20200313,2477,198216555.0,44856674.0,22.63
20200313,2478,145248989.0,10432363.0,7.18
20200313,2480,106360291.0,10592697.0,9.95
20200313,2481,332814927.0,37970758.0,11.4
20200313,2482,62072549.0,329301.0,0.53
20200313,2483,110618807.0,195242.0,0.17
20200313,2484,159421022.0,10606976.0,6.65
20200313,2485,317689037.0,20196914.0,6.35
20200313,2486,201958579.0,7155741.0,3.54
20200313,2488,79999433.0,2656631.0,3.32
20200313,2489,809362045.0,103663607.0,12.8
20200313,2491,82008000.0,6385676.0,7.78
20200313,2492,485800000.0,122637308.0,25.24
20200313,2493,114437390.0,8072922.0,7.05
20200313,2495,276290738.0,48307083.0,17.48
20200313,2496,17459400.0,8495869.0,48.66
20200313,2497,118798463.0,1739483.0,1.46
20200313,2498,818808635.0,127064277.0,15.51
20200313,2499,461172003.0,41176238.0,8.92
20200313,2501,1159561059.0,108780217.0,9.38
20200313,2504,1385000335.0,163768956.0,11.82
20200313,2505,696582479.0,29273174.0,4.2
20200313,2506,387000000.0,13262991.0,3.42
20200313,2509,204136846.0,3115604.0,1.52
20200313,2511,1623326147.0,141519044.0,8.71
20200313,2514,404729278.0,18852870.0,4.65
20200313,2515,1530899822.0,155093801.0,10.13
20200313,2516,226278457.0,6225711.0,2.75
20200313,2520,503791000.0,107238276.0,21.28
20200313,2524,384846372.0,8399635.0,2.18
20200313,2527,270306000.0,78341922.0,28.98
20200313,2528,277085409.0,366491.0,0.13
20200313,2530,270752466.0,3176115.0,1.17
20200313,2534,592784962.0,68722319.0,11.59
20200313,2535,290743386.0,28375226.0,9.75
20200313,2536,332808652.0,59228655.0,17.79
20200313,2537,300557795.0,8240782.0,2.74
20200313,2538,438448764.0,58552212.0,13.35
20200313,2539,461314374.0,363105.0,0.07
20200313,2540,146600000.0,132004.0,0.09
20200313,2542,1166628752.0,222816889.0,19.09
20200313,2543,241983788.0,268506.0,0.11
20200313,2545,327734808.0,12607067.0,3.84
20200313,2546,106035660.0,3600988.0,3.39
20200313,2547,912307649.0,202625854.0,22.21
20200313,2548,276812726.0,84821163.0,30.64
20200313,2597,135000000.0,1110171.0,0.82
20200313,2601,630883150.0,76865706.0,12.18
20200313,2603,4812973786.0,1131839572.0,23.51
20200313,2605,585353297.0,193307774.0,33.02
20200313,2606,845055712.0,77771002.0,9.2
20200313,2607,1067141094.0,74108279.0,6.94
20200313,2608,467000498.0,42910523.0,9.18
20200313,2609,2601335728.0,138950509.0,5.34
20200313,2610,5420984650.0,818328014.0,15.09
20200313,2611,175994247.0,159920.0,0.09
20200313,2612,197484593.0,4380744.0,2.21
20200313,2613,148423458.0,120643.0,0.08
20200313,2614,556789889.0,10885704.0,1.95
20200313,2615,2218297466.0,927019256.0,41.78
20200313,2616,137281827.0,4469589.0,3.25
20200313,2617,417294487.0,14084835.0,3.37
20200313,2618,4853569490.0,1359710631.0,28.01
20200313,2630,120120000.0,73000.0,0.06
20200313,2633,5628293058.0,804591441.0,14.29
20200313,2634,941867101.0,20539778.0,2.18
20200313,2636,117157402.0,17053077.0,14.55
20200313,2637,688655903.0,52165497.0,7.57
20200313,2642,95467000.0,5017332.0,5.25
20200313,2701,449967838.0,1860326.0,0.41
20200313,2702,110485538.0,40862363.0,36.98
20200313,2704,366923343.0,31862145.0,8.68
20200313,2705,186536630.0,5646559.0,3.02
20200313,2706,499998346.0,12802990.0,2.56
20200313,2707,126745769.0,18920593.0,14.92
20200313,2712,105000000.0,65592.0,0.06
20200313,2722,111522961.0,88380.0,0.07
20200313,2723,180000000.0,96103026.0,53.39
20200313,2727,76987883.0,7802282.0,10.13
20200313,2731,70000000.0,2192896.0,3.13
20200313,2739,111526000.0,2240800.0,2.0
20200313,2748,65637000.0,444847.0,0.67
20200313,2801,9985311160.0,1475139079.0,14.77
20200313,2809,1131234265.0,193626711.0,17.11
20200313,2812,3708834898.0,513312770.0,13.84
20200313,2816,212960000.0,11983821.0,5.62
20200313,2820,1342960000.0,105436694.0,7.85
20200313,2823,4463582304.0,1081861510.0,24.23
20200313,2832,362200400.0,11767718.0,3.24
20200313,2834,7131984244.0,1670967319.0,23.42
20200313,2836,1080916486.0,80221726.0,7.42
20200313,2838,2884455292.0,88057173.0,3.05
20200313,2841,760943600.0,80869784.0,10.62
20200313,2845,3355819407.0,426158978.0,12.69
20200313,2849,1957910050.0,1154243914.0,58.95
20200313,2850,315963300.0,27287004.0,8.63
20200313,2851,590388750.0,13447017.0,2.27
20200313,2852,301163784.0,12188846.0,4.04
20200313,2855,1372390028.0,147263394.0,10.73
20200313,2867,2371971471.0,167430203.0,7.05
20200313,2880,12172740178.0,2442999720.0,20.06
20200313,2881,10233603995.0,2706014557.0,26.44
20200313,2882,13169210128.0,2858782040.0,21.7
20200313,2883,14965982132.0,3838359165.0,25.64
20200313,2884,11619500000.0,4980780306.0,42.86
20200313,2885,11670611456.0,4587114923.0,39.3
20200313,2886,13599823983.0,3500517661.0,25.73
20200313,2887,10656061370.0,2927033994.0,27.46
20200313,2888,12600394063.0,2756364177.0,21.87
20200313,2889,2848064596.0,358041427.0,12.57
20200313,2890,11281054106.0,3546802213.0,31.44
20200313,2891,19496989569.0,7861118382.0,40.31
20200313,2892,12461942795.0,3345343018.0,26.84
20200313,2897,2413006301.0,30444066.0,1.26
20200313,2901,73043283.0,44994.0,0.06
20200313,2903,1416940589.0,208780690.0,14.73
20200313,2904,69034432.0,56652.0,0.08
20200313,2905,826682688.0,57580423.0,6.96
20200313,2906,209111093.0,3847522.0,1.83
20200313,2908,509887558.0,40516961.0,7.94
20200313,2910,208725000.0,262000.0,0.12
20200313,2911,188941775.0,33077867.0,17.5
20200313,2912,1039622255.0,417587995.0,40.16
20200313,2913,790000000.0,90944550.0,11.51
20200313,2915,564860594.0,100675952.0,17.82
20200313,2923,1740296982.0,1727211274.0,99.24
20200313,2929,94955292.0,47405522.0,49.92
20200313,2936,76555696.0,67945696.0,88.75
20200313,2939,47222665.0,35145893.0,74.42
20200313,3002,102000000.0,265372.0,0.26
20200313,3003,155654890.0,11477386.0,7.37
20200313,3004,52647155.0,978072.0,1.85
20200313,3005,579520150.0,189221251.0,32.65
20200313,3006,285758925.0,44703870.0,15.64
20200313,3008,134140197.0,70835995.0,52.8
20200313,3010,231390138.0,54249250.0,23.44
20200313,3011,112719251.0,124048.0,0.11
20200313,3013,159435018.0,3060158.0,1.91
20200313,3014,161080124.0,36645717.0,22.74
20200313,3015,192261950.0,22051055.0,11.46
20200313,3016,274401315.0,2747055.0,1.0
20200313,3017,353310157.0,119406897.0,33.79
20200313,3018,73512132.0,1784491.0,2.42
20200313,3019,281083901.0,35901429.0,12.77
20200313,3021,95813467.0,2366516.0,2.46
20200313,3022,177289790.0,36813952.0,20.76
20200313,3023,229078860.0,113077726.0,49.36
20200313,3024,277157496.0,4081140.0,1.47
20200313,3025,70920550.0,1503059.0,2.11
20200313,3026,157990779.0,17074455.0,10.8
20200313,3027,98856311.0,190199.0,0.19
20200313,3028,213824864.0,10676615.0,4.99
20200313,3029,124009212.0,3541382.0,2.85
20200313,3030,236216000.0,54421008.0,23.03
20200313,3031,186674224.0,5827937.0,3.12
20200313,3032,113285626.0,2164015.0,1.91
20200313,3033,367751242.0,17526471.0,4.76
20200313,3034,608511469.0,373261185.0,61.34
20200313,3035,248550313.0,56983640.0,22.92
20200313,3036,588121760.0,137853825.0,23.43
20200313,3037,1504732333.0,470773370.0,31.28
20200313,3038,162407603.0,5743365.0,3.53
20200313,3040,63000000.0,10673598.0,16.94
20200313,3041,192539746.0,15158167.0,7.87
20200313,3042,309757040.0,111464003.0,35.98
20200313,3043,194878166.0,2449666.0,1.25
20200313,3044,525605898.0,315980189.0,60.11
20200313,3045,3442720069.0,664528483.0,19.3
20200313,3046,71448013.0,744702.0,1.04
20200313,3047,186491633.0,7350547.0,3.94
20200313,3048,222572540.0,26263242.0,11.79
20200313,3049,806948529.0,72789335.0,9.02
20200313,3050,145984450.0,7583083.0,5.19
20200313,3051,325332396.0,273232.0,0.08
20200313,3052,228713554.0,5844014.0,2.55
20200313,3054,87848033.0,194261.0,0.22
20200313,3055,102441918.0,2489424.0,2.43
20200313,3056,209215308.0,19115643.0,9.13
20200313,3057,161409213.0,7798531.0,4.83
20200313,3058,164937351.0,4421488.0,2.68
20200313,3059,279587325.0,34758942.0,12.43
20200313,3060,139361590.0,10954534.0,7.86
20200313,3062,328605418.0,43415964.0,13.21
20200313,3090,178657150.0,16549370.0,9.26
20200313,3094,84655089.0,1450644.0,1.71
20200313,3130,33190700.0,13639919.0,41.09
20200313,3149,206393604.0,3795085.0,1.83
20200313,3164,88911864.0,701305.0,0.78
20200313,3167,80134116.0,1289490.0,1.6
20200313,3189,451039005.0,77990536.0,17.29
20200313,3209,172915577.0,3350482.0,1.93
20200313,3229,93515881.0,1410777.0,1.5
20200313,3231,2840612050.0,1603785813.0,56.45
20200313,3257,69380277.0,267835.0,0.38
20200313,3266,352314309.0,17770199.0,5.04
20200313,3296,98224450.0,1916054.0,1.95
20200313,3305,118265271.0,3239144.0,2.73
20200313,3308,98569663.0,76319.0,0.07
20200313,3311,60000000.0,488565.0,0.81
20200313,3312,118032122.0,9685120.0,8.2
20200313,3321,126218519.0,511491.0,0.4
20200313,3338,86481985.0,2270284.0,2.62
20200313,3346,75784000.0,3600347.0,4.75
20200313,3356,89871303.0,1317093.0,1.46
20200313,3376,178988346.0,53141800.0,29.69
20200313,3380,542727260.0,36828439.0,6.78
20200313,3383,70000000.0,12087788.0,17.26
20200313,3406,110890463.0,29071582.0,26.21
20200313,3413,82687500.0,15471773.0,18.71
20200313,3416,72181447.0,1630113.0,2.25
20200313,3419,120480417.0,7347468.0,6.09
20200313,3432,66586000.0,3332907.0,5.0
20200313,3437,144548000.0,15271650.0,10.56
20200313,3443,134011911.0,24702345.0,18.43
20200313,3450,145681382.0,16786551.0,11.52
20200313,3454,87033910.0,6508562.0,7.47
20200313,3481,9711071977.0,2759916045.0,28.42
20200313,3494,179450634.0,8060372.0,4.49
20200313,3501,118257927.0,3705862.0,3.13
20200313,3504,114059785.0,1715172.0,1.5
20200313,3515,120647229.0,7118636.0,5.9
20200313,3518,80752230.0,8077563.0,10.0
20200313,3528,65597216.0,5646002.0,8.6
20200313,3530,78025900.0,36727050.0,47.07
20200313,3532,387848300.0,188748800.0,48.66
20200313,3533,103477900.0,25568393.0,24.7
20200313,3535,79052356.0,2337218.0,2.95
20200313,3536,106800000.0,223564.0,0.2
20200313,3545,299416416.0,70020398.0,23.38
20200313,3550,85000000.0,601002.0,0.7
20200313,3557,72300415.0,25613441.0,35.42
20200313,3563,42608234.0,8928796.0,20.95
20200313,3576,2665577382.0,257270850.0,9.65
20200313,3583,81139000.0,6599998.0,8.13
20200313,3588,46882200.0,2097568.0,4.47
20200313,3591,125001379.0,6183207.0,4.94
20200313,3593,83042416.0,72931.0,0.08
20200313,3596,208535090.0,21786442.0,10.44
20200313,3605,122395884.0,10972006.0,8.96
20200313,3607,121662239.0,8978427.0,7.37
20200313,3617,80951000.0,3135694.0,3.87
20200313,3622,151327600.0,3965223.0,2.62
20200313,3645,129420494.0,6391871.0,4.93
20200313,3653,120484239.0,10226620.0,8.48
20200313,3661,60186610.0,23927541.0,39.75
20200313,3665,130517407.0,56774926.0,43.49
20200313,3669,92919950.0,4040568.0,4.34
20200313,3673,406663759.0,165266552.0,40.63
20200313,3679,62296229.0,8619130.0,13.83
20200313,3682,3817196399.0,151852152.0,3.97
20200313,3686,113513643.0,2449915.0,2.15
20200313,3694,150495808.0,1021156.0,0.67
20200313,3698,519386380.0,125856056.0,24.23
20200313,3701,190344554.0,6296144.0,3.3
20200313,3702,1679056833.0,536203921.0,31.93
20200313,3703,823215980.0,174442085.0,21.19
20200313,3704,441177355.0,43716874.0,9.9
20200313,3705,266422983.0,35458494.0,13.3
20200313,3706,1077282847.0,222806297.0,20.68
20200313,3708,93504604.0,13247095.0,14.16
20200313,3711,4323358382.0,3280707555.0,75.88
20200313,3712,246242146.0,2629345.0,1.06
20200313,4104,141148970.0,9637385.0,6.82
20200313,4106,100911557.0,1178366.0,1.16
20200313,4108,163616379.0,718965.0,0.43
20200313,4119,79485310.0,16893371.0,21.25
20200313,4133,60553594.0,10233858.0,16.9
20200313,4137,79492350.0,51254940.0,64.47
20200313,4141,171144968.0,118364333.0,69.16
20200313,4142,362352752.0,13300228.0,3.67
20200313,4144,77139000.0,42001609.0,54.44
20200313,4148,64034001.0,46291001.0,72.29
20200313,4155,78621079.0,473312.0,0.6
20200313,4164,140386871.0,38435614.0,27.37
20200313,4190,60914700.0,38333449.0,62.92
20200313,4306,571834173.0,35260283.0,6.16
20200313,4414,903434949.0,185271154.0,20.5
20200313,4426,161079476.0,12556823.0,7.79
20200313,4438,103375292.0,5432954.0,5.25
20200313,4439,31500000.0,20349000.0,64.6
20200313,4526,254826461.0,19644805.0,7.7
20200313,4532,504915105.0,55412444.0,10.97
20200313,4536,90820000.0,11706107.0,12.88
20200313,4540,96678000.0,1965001.0,2.03
20200313,4545,77000000.0,27090132.0,35.18
20200313,4551,81934000.0,42401859.0,51.75
20200313,4552,116000000.0,58614710.0,50.52
20200313,4555,66880000.0,4350000.0,6.5
20200313,4557,39808000.0,16085330.0,40.4
20200313,4560,67666195.0,56060849.0,82.84
20200313,4562,67546000.0,1001018.0,1.48
20200313,4564,177786553.0,4290936.0,2.41
20200313,4566,66656000.0,2533000.0,3.8
20200313,4571,47600000.0,34049228.0,71.53
20200313,4572,35800000.0,109000.0,0.3
20200313,4576,117908241.0,1965202.0,1.66
20200313,4581,33899000.0,9878000.0,29.13
20200313,4720,88576709.0,2472173.0,2.79
20200313,4722,100009159.0,3255156.0,3.25
20200313,4725,291975000.0,2679827.0,0.91
20200313,4737,59500794.0,18557501.0,31.18
20200313,4739,93029269.0,4089588.0,4.39
20200313,4746,99012550.0,5872164.0,5.93
20200313,4755,90706000.0,29101532.0,32.08
20200313,4763,51076700.0,38010696.0,74.41
20200313,4764,76788615.0,28569285.0,37.2
20200313,4766,120570780.0,13165751.0,10.91
20200313,4807,38470000.0,27947601.0,72.64
20200313,4904,3258500810.0,691579183.0,21.22
20200313,4906,356883496.0,32747044.0,9.17
20200313,4912,47472069.0,16961985.0,35.73
20200313,4915,448580824.0,257896946.0,57.49
20200313,4916,83451568.0,1450466.0,1.73
20200313,4919,287554400.0,13507132.0,4.69
20200313,4927,184752016.0,23748521.0,12.85
20200313,4930,134300000.0,7154690.0,5.32
20200313,4934,200000000.0,7868563.0,3.93
20200313,4935,130937091.0,42152396.0,32.19
20200313,4938,2610791856.0,1131945357.0,43.35
20200313,4942,142367613.0,27408700.0,19.25
20200313,4943,135975732.0,51183249.0,37.64
20200313,4952,108815816.0,2221079.0,2.04
20200313,4956,100408236.0,7876907.0,7.84
20200313,4958,902229887.0,727571177.0,80.64
20200313,4960,665728500.0,82443908.0,12.38
20200313,4961,165687462.0,2105355.0,1.27
20200313,4967,68257489.0,9325878.0,13.66
20200313,4968,60376078.0,10165307.0,16.83
20200313,4976,117182000.0,1341455.0,1.14
20200313,4977,66640551.0,24566923.0,36.86
20200313,4989,153085000.0,1345205.0,0.87
20200313,4994,110639000.0,2600909.0,2.35
20200313,4999,74417200.0,6852666.0,9.2
20200313,5007,294940154.0,10838994.0,3.67
20200313,5203,83709300.0,20273477.0,24.21
20200313,5215,54337500.0,16408713.0,30.19
20200313,5225,61458000.0,36924753.0,60.08
20200313,5234,102715911.0,9401918.0,9.15
20200313,5243,168528915.0,112831414.0,66.95
20200313,5258,89542579.0,2869516.0,3.2
20200313,5264,420456991.0,274494873.0,65.28
20200313,5269,60037861.0,11173794.0,18.61
20200313,5283,76000425.0,507000.0,0.66
20200313,5284,43664608.0,26691208.0,61.12
20200313,5285,86099463.0,1825814.0,2.12
20200313,5288,65826153.0,42586273.0,64.69
20200313,5305,312456688.0,68847570.0,22.03
20200313,5388,245653767.0,64719628.0,26.34
20200313,5434,181699567.0,55799144.0,30.7
20200313,5469,491441352.0,81059699.0,16.49
20200313,5471,167877062.0,19063349.0,11.35
20200313,5484,68115093.0,347104.0,0.5
20200313,5515,267440105.0,13697621.0,5.12
20200313,5519,198544958.0,5578512.0,2.8
20200313,5521,447527413.0,32825229.0,7.33
20200313,5522,806259241.0,87175500.0,10.81
20200313,5525,244991913.0,5359539.0,2.18
20200313,5531,982474245.0,58559466.0,5.96
20200313,5533,285244944.0,9025049.0,3.16
20200313,5534,290325960.0,53512935.0,18.43
20200313,5538,168000000.0,115232125.0,68.59
20200313,5607,229979100.0,6780733.0,2.94
20200313,5608,279267090.0,22035461.0,7.89
20200313,5706,61294353.0,725890.0,1.18
20200313,5871,1328200030.0,1001755301.0,75.42
20200313,5876,4481603140.0,2588103945.0,57.74
20200313,5880,12945848278.0,2622892721.0,20.26
20200313,5906,30000000.0,5895654.0,19.65
20200313,5907,195531000.0,104372237.0,53.37
20200313,6005,2170908097.0,246191020.0,11.34
20200313,6024,176437584.0,4247341.0,2.4
20200313,6108,159899311.0,11376779.0,7.11
20200313,6112,188357336.0,3998336.0,2.12
20200313,6115,187662154.0,23506791.0,12.52
20200313,6116,3133933851.0,353446465.0,11.27
20200313,6117,88650000.0,2479680.0,2.79
20200313,6120,665555114.0,60803842.0,9.13
20200313,6128,127588740.0,2892986.0,2.26
20200313,6131,101926533.0,125259.0,0.12
20200313,6133,117006294.0,5712871.0,4.88
20200313,6136,115536412.0,5120016.0,4.43
20200313,6139,225540929.0,37132010.0,16.46
20200313,6141,129964450.0,2976739.0,2.29
20200313,6142,268235633.0,7147699.0,2.66
20200313,6152,167738463.0,346337.0,0.2
20200313,6153,544279610.0,71845038.0,13.2
20200313,6155,86667589.0,2471407.0,2.85
20200313,6164,100000239.0,523855.0,0.52
20200313,6165,49682403.0,1023013.0,2.05
20200313,6166,217497257.0,35851577.0,16.48
20200313,6168,206069801.0,7052050.0,3.42
20200313,6172,30000000.0,203214.0,0.67
20200313,6176,465027263.0,283311718.0,60.92
20200313,6177,256896748.0,6389042.0,2.48
20200313,6183,150000000.0,1390954.0,0.92
20200313,6184,158230657.0,4199468.0,2.65
20200313,6189,179045194.0,8973648.0,5.01
20200313,6191,515546903.0,41226650.0,7.99
20200313,6192,106839745.0,31250935.0,29.25
20200313,6196,185690424.0,9557291.0,5.14
20200313,6197,122085882.0,12138822.0,9.94
20200313,6201,89200000.0,141834.0,0.15
20200313,6202,226168200.0,62449601.0,27.61
20200313,6205,71839079.0,2059032.0,2.86
20200313,6206,143062324.0,30328525.0,21.19
20200313,6209,163119931.0,2961568.0,1.81
20200313,6213,302957218.0,43234272.0,14.27
20200313,6214,269393304.0,42579847.0,15.8
20200313,6215,82789693.0,4482883.0,5.41
20200313,6216,84345637.0,654124.0,0.77
20200313,6224,80001838.0,14048544.0,17.56
20200313,6225,119076655.0,6441406.0,5.4
20200313,6226,114951789.0,662256.0,0.57
20200313,6230,86343396.0,52627798.0,60.95
20200313,6235,168069106.0,2927143.0,1.74
20200313,6239,779146634.0,582101790.0,74.71
20200313,6243,74976693.0,259847.0,0.34
20200313,6251,281059335.0,37327367.0,13.28
20200313,6257,415772017.0,116255887.0,27.96
20200313,6269,335703398.0,117282446.0,34.93
20200313,6271,165357520.0,38895499.0,23.52
20200313,6277,119471166.0,19917235.0,16.67
20200313,6278,292398353.0,83156386.0,28.43
20200313,6281,99172945.0,2080478.0,2.09
20200313,6282,516621295.0,81691219.0,15.81
20200313,6283,148079143.0,28490717.0,19.24
20200313,6285,390329302.0,64231555.0,16.45
20200313,6288,171128000.0,2878258.0,1.68
20200313,6289,80778136.0,47714.0,0.05
20200313,6405,65800000.0,94686.0,0.14
20200313,6409,83301492.0,54426896.0,65.33
20200313,6412,386715375.0,47933952.0,12.39
20200313,6414,83574472.0,9464287.0,11.32
20200313,6415,91185063.0,84873735.0,93.07
20200313,6416,68035634.0,952050.0,1.39
20200313,6431,45642835.0,7420338.0,16.25
20200313,6442,69300000.0,23278224.0,33.59
20200313,6443,379016730.0,10353906.0,2.73
20200313,6449,84441912.0,1628022.0,1.92
20200313,6451,105446800.0,66853830.0,63.4
20200313,6452,100000000.0,20575967.0,20.57
20200313,6456,339439800.0,154836898.0,45.61
20200313,6464,122694706.0,595214.0,0.48
20200313,6477,94456570.0,857612.0,0.9
20200313,6491,70000000.0,2939763.0,4.19
20200313,6504,72600000.0,2598932.0,3.57
20200313,6505,9525959652.0,716413238.0,7.52
20200313,6525,129047384.0,14436476.0,11.18
20200313,6531,73830423.0,13841458.0,18.74
20200313,6533,42650911.0,1300847.0,3.04
20200313,6541,264052074.0,103138062.0,39.05
20200313,6552,100000000.0,1035293.0,1.03
20200313,6558,86660750.0,4493046.0,5.18
20200313,6573,67499345.0,46174319.0,68.4
20200313,6579,148498468.0,4476000.0,3.01
20200313,6581,111270887.0,432000.0,0.38
20200313,6582,104877141.0,15783095.0,15.04
20200313,6591,26203000.0,7602089.0,29.01
20200313,6592,515000407.0,120164495.0,23.33
20200313,6605,165816397.0,20543775.0,12.38
20200313,6625,37333423.0,16895.0,0.04
20200313,6641,34000000.0,11095603.0,32.63
20200313,6655,75608500.0,204274.0,0.27
20200313,6666,47388000.0,37647602.0,79.44
20200313,6668,68392302.0,18141621.0,26.52
20200313,6669,174510791.0,40869805.0,23.41
20200313,6670,131030000.0,29740888.0,22.69
20200313,6671,60750000.0,38043634.0,62.62
20200313,6672,70654345.0,27855277.0,39.42
20200313,6674,66837681.0,27000.0,0.04
20200313,6698,66389753.0,3814223.0,5.74
20200313,6706,66744935.0,4538806.0,6.8
20200313,6715,57000000.0,4628580.0,8.12
20200313,8011,118620375.0,2741541.0,2.31
20200313,8016,120136876.0,44564217.0,37.09
20200313,8021,142180467.0,18875817.0,13.27
20200313,8028,132408000.0,16688941.0,12.6
20200313,8033,112629775.0,653442.0,0.58
20200313,8039,209119692.0,50805949.0,24.29
20200313,8046,646165487.0,42264537.0,6.54
20200313,8070,63879937.0,7824964.0,12.24
20200313,8072,80000000.0,857270.0,1.07
20200313,8081,86172072.0,12812566.0,14.86
20200313,8101,208088795.0,654966.0,0.31
20200313,8103,81399413.0,7636605.0,9.38
20200313,8104,67630050.0,752404.0,1.11
20200313,8105,441544851.0,259776939.0,58.83
20200313,8110,506381144.0,32068320.0,6.33
20200313,8112,378496473.0,113542019.0,29.99
20200313,8114,106074919.0,4603912.0,4.34
20200313,8131,442222223.0,29479354.0,6.66
20200313,8150,727240126.0,351501772.0,48.33
20200313,8163,280000001.0,50488836.0,18.03
20200313,8201,62366275.0,1754565.0,2.81
20200313,8210,119725950.0,18722690.0,15.63
20200313,8213,271242488.0,73833732.0,27.22
20200313,8215,320674514.0,6785161.0,2.11
20200313,8222,68546750.0,286821.0,0.41
20200313,8249,127055000.0,19267919.0,15.16
20200313,8261,81340493.0,20842082.0,25.62
20200313,8271,100897807.0,19025115.0,18.85
20200313,8341,111500000.0,27906797.0,25.02
20200313,8367,81131938.0,1144473.0,1.41
20200313,8374,112225487.0,3482038.0,3.1
20200313,8404,315178126.0,175963115.0,55.82
20200313,8411,175398185.0,109161792.0,62.23
20200313,8422,108888000.0,27473491.0,25.23
20200313,8427,104261000.0,36895760.0,35.38
20200313,8429,185747151.0,68457583.0,36.85
20200313,8442,49999682.0,37883396.0,75.76
20200313,8443,66800000.0,4424125.0,6.62
20200313,8454,140058500.0,40771618.0,29.11
20200313,8462,69835558.0,1437944.0,2.05
20200313,8463,150000000.0,929000.0,0.61
20200313,8464,293020200.0,121250106.0,41.37
20200313,8466,66059000.0,40547000.0,61.37
20200313,8467,49534000.0,21929038.0,44.27
20200313,8473,134812297.0,1312711.0,0.97
20200313,8478,90893276.0,51728320.0,56.91
20200313,8480,39270000.0,34167019.0,87.0
20200313,8481,66601866.0,2945000.0,4.42
20200313,8482,111112000.0,99180701.0,89.26
20200313,8488,67500000.0,52361033.0,77.57
20200313,8497,36542810.0,569058.0,1.55
20200313,8499,51286000.0,37835108.0,73.77
20200313,8926,589048595.0,44922828.0,7.62
20200313,8940,67491032.0,5424937.0,8.03
20200313,8996,89384080.0,6231389.0,6.97
20200313,9103,205531500.0,857001.0,0.41
20200313,9105,839284153.0,11543005.0,1.37
20200313,9110,54248500.0,4000.0,0.0
20200313,9136,151104000.0,1818000.0,1.2
20200313,9188,66212000.0,0.0,0.0
20200313,9802,159830923.0,74474630.0,46.59
20200313,9902,98049600.0,429538.0,0.43
20200313,9904,2946787213.0,1699860573.0,57.68
20200313,9905,305000000.0,10119081.0,3.31
20200313,9906,83343981.0,606624.0,0.72
20200313,9907,1579145342.0,218939309.0,13.86
20200313,9908,516358000.0,11330045.0,2.19
20200313,9910,734734249.0,140966791.0,19.18
20200313,9911,221121188.0,48985260.0,22.15
20200313,9912,54350569.0,8650401.0,15.91
20200313,9914,298983800.0,115105458.0,38.49
20200313,9917,451197093.0,192761957.0,42.72
20200313,9918,180537453.0,2276969.0,1.26
20200313,9919,195362750.0,6583412.0,3.36
20200313,9921,375064626.0,182298974.0,48.6
20200313,9924,188452170.0,23628283.0,12.53
20200313,9925,383653075.0,65829485.0,17.15
20200313,9926,179504075.0,296323.0,0.16
20200313,9927,209148167.0,22092053.0,10.56
20200313,9928,150724583.0,0.0,0.0
20200313,9929,168800000.0,13598624.0,8.05
20200313,9930,248540368.0,4921606.0,1.98
20200313,9931,102250512.0,445917.0,0.43
20200313,9933,763273848.0,192300190.0,25.19
20200313,9934,356212962.0,75926012.0,21.31
20200313,9935,169623342.0,9764408.0,5.75
20200313,9937,309043000.0,5953178.0,1.92
20200313,9938,297963902.0,78136939.0,26.22
20200313,9939,292878879.0,77579951.0,26.48
20200313,9940,736846500.0,36110132.0,4.9
20200313,9941,302092125.0,18719722.0,6.19
20200313,9942,83161320.0,3050735.0,3.66
20200313,9943,147317600.0,4280939.0,2.9
20200313,9944,109107100.0,2564160.0,2.35
20200313,9945,1003253999.0,161070859.0,16.05
20200313,9946,300820867.0,31559000.0,10.49
20200313,9955,103208229.0,715492.0,0.69
20200313,9958,209342910.0,8516745.0,4.06
20200316,1101,5465619204.0,1532158248.0,28.03
20200316,1102,3361447198.0,881112710.0,26.21
20200316,1103,774780548.0,37552655.0,4.84
20200316,1104,653609192.0,78478334.0,12.0
20200316,1108,404738049.0,6231730.0,1.53
20200316,1109,341957868.0,11196861.0,3.27
20200316,1110,572000797.0,43882466.0,7.67
20200316,1201,506062914.0,52053334.0,10.28
20200316,1203,240000000.0,5143769.0,2.14
20200316,1210,827339086.0,138476295.0,16.73
20200316,1213,56622627.0,42642.0,0.07
20200316,1215,267990998.0,111291943.0,41.52
20200316,1216,5682015421.0,2940948051.0,51.75
20200316,1217,494513336.0,38236256.0,7.73
20200316,1218,499999038.0,13321797.0,2.66
20200316,1219,322013887.0,11355703.0,3.52
20200316,1220,177077944.0,16381673.0,9.25
20200316,1225,218703051.0,1689906.0,0.77
20200316,1227,915089591.0,211098450.0,23.06
20200316,1229,1104739841.0,149172885.0,13.5
20200316,1231,174595395.0,3889687.0,2.22
20200316,1232,159974915.0,2068421.0,1.29
20200316,1233,90591948.0,4700802.0,5.18
20200316,1234,401871094.0,17429511.0,4.33
20200316,1235,98955436.0,62637.0,0.06
20200316,1236,108342510.0,58329.0,0.05
20200316,1256,33842160.0,1464777.0,4.32
20200316,1301,6365740781.0,2354878254.0,36.99
20200316,1303,7930821589.0,2376748278.0,29.96
20200316,1304,1188763500.0,408114531.0,34.33
20200316,1305,527029927.0,84469412.0,16.02
20200316,1307,397818126.0,45997752.0,11.56
20200316,1308,554382745.0,34730424.0,6.26
20200316,1309,334204892.0,13384279.0,4.0
20200316,1310,527869764.0,95909732.0,18.16
20200316,1312,906620328.0,234872104.0,25.9
20200316,1313,1332347607.0,150081709.0,11.26
20200316,1314,3284850130.0,534108303.0,16.25
20200316,1315,198000000.0,2401149.0,1.21
20200316,1316,179541221.0,1934031.0,1.07
20200316,1319,591477068.0,114529951.0,19.36
20200316,1321,227228268.0,5555995.0,2.44
20200316,1323,91274554.0,2857165.0,3.13
20200316,1324,75121882.0,340215.0,0.45
20200316,1325,85281198.0,2002363.0,2.34
20200316,1326,5861186291.0,2113087387.0,36.05
20200316,1337,268954729.0,70107827.0,26.06
20200316,1338,83840000.0,12475510.0,14.88
20200316,1339,74138875.0,1186038.0,1.59
20200316,1340,152922855.0,47088961.0,30.79
20200316,1341,49400000.0,42894950.0,86.83
20200316,1402,5352875227.0,1033161706.0,19.3
20200316,1409,1618409291.0,250649922.0,15.48
20200316,1410,63000000.0,10425456.0,16.54
20200316,1413,132112454.0,378175.0,0.28
20200316,1414,220000000.0,2551669.0,1.15
20200316,1416,185342168.0,26552289.0,14.32
20200316,1417,189941840.0,4895620.0,2.57
20200316,1418,56834309.0,344219.0,0.6
20200316,1419,300041280.0,6733142.0,2.24
20200316,1423,138400000.0,2841830.0,2.05
20200316,1432,167937642.0,117917.0,0.07
20200316,1434,1684664637.0,277094068.0,16.44
20200316,1435,139780080.0,790879.0,0.56
20200316,1436,95634000.0,126722.0,0.13
20200316,1437,203371284.0,11405065.0,5.6
20200316,1438,102411518.0,80044.0,0.07
20200316,1439,92000000.0,1175935.0,1.27
20200316,1440,1656815857.0,121019074.0,7.3
20200316,1441,100800000.0,1392719.0,1.38
20200316,1442,302117481.0,8477757.0,2.8
20200316,1443,135343011.0,63758.0,0.04
20200316,1444,957302942.0,91461816.0,9.55
20200316,1445,132667034.0,1959715.0,1.47
20200316,1446,137709513.0,1445237.0,1.04
20200316,1447,914487242.0,67825604.0,7.41
20200316,1449,120000000.0,780535.0,0.65
20200316,1451,198000000.0,20227142.0,10.21
20200316,1452,132641400.0,5567732.0,4.19
20200316,1453,98642138.0,62880.0,0.06
20200316,1454,134309848.0,542472.0,0.4
20200316,1455,611763380.0,19085883.0,3.11
20200316,1456,93720000.0,153224.0,0.16
20200316,1457,301647640.0,8963110.0,2.97
20200316,1459,358628907.0,7848150.0,2.18
20200316,1460,509834182.0,23927481.0,4.69
20200316,1463,173268381.0,5583824.0,3.22
20200316,1464,384565652.0,7400490.0,1.92
20200316,1465,103607267.0,451735.0,0.43
20200316,1466,111157320.0,128264.0,0.11
20200316,1467,233624667.0,45040206.0,19.27
20200316,1468,160405244.0,2934115.0,1.82
20200316,1470,85767000.0,40084.0,0.04
20200316,1471,150414536.0,113970.0,0.07
20200316,1472,45672722.0,36667.0,0.08
20200316,1473,147153534.0,15645754.0,10.63
20200316,1474,129896969.0,172888.0,0.13
20200316,1475,16016749.0,11039.0,0.06
20200316,1476,274367111.0,100955976.0,36.79
20200316,1477,219856581.0,29755772.0,13.53
20200316,1503,520972223.0,166040116.0,31.87
20200316,1504,1967692886.0,763165221.0,38.78
20200316,1506,122855501.0,511365.0,0.41
20200316,1507,410820000.0,186285978.0,45.34
20200316,1512,220002494.0,18149048.0,8.24
20200316,1513,420000000.0,55766737.0,13.27
20200316,1514,207099023.0,23651851.0,11.42
20200316,1515,181473500.0,18340926.0,10.1
20200316,1516,33350889.0,45368.0,0.13
20200316,1517,227825007.0,5689321.0,2.49
20200316,1519,261058548.0,17422608.0,6.67
20200316,1521,76230000.0,25700764.0,33.71
20200316,1522,312897881.0,20570589.0,6.57
20200316,1524,179685207.0,238726.0,0.13
20200316,1525,73400135.0,34878.0,0.04
20200316,1526,60000000.0,973638.0,1.62
20200316,1527,138570640.0,12106726.0,8.73
20200316,1528,199331000.0,2423467.0,1.21
20200316,1529,95967982.0,285354.0,0.29
20200316,1530,96594171.0,688681.0,0.71
20200316,1531,185008080.0,18386386.0,9.93
20200316,1532,385252112.0,47237126.0,12.26
20200316,1533,98547486.0,6636588.0,6.73
20200316,1535,123742552.0,491004.0,0.39
20200316,1536,254956513.0,33455564.0,13.12
20200316,1537,81785394.0,19113756.0,23.37
20200316,1538,56135851.0,137355.0,0.24
20200316,1539,65370000.0,63034.0,0.09
20200316,1540,85473612.0,156353.0,0.18
20200316,1541,78800000.0,7675312.0,9.74
20200316,1558,60535631.0,6990116.0,11.54
20200316,1560,141000000.0,19396955.0,13.75
20200316,1568,103086559.0,1898113.0,1.84
20200316,1582,123724171.0,39064249.0,31.57
20200316,1583,110400372.0,73986.0,0.06
20200316,1587,67356618.0,13521742.0,20.07
20200316,1589,105617519.0,10906951.0,10.32
20200316,1590,189024998.0,128170202.0,67.8
20200316,1592,110978250.0,42879412.0,38.63
20200316,1598,115100887.0,829787.0,0.72
20200316,1603,191688000.0,3462859.0,1.8
20200316,1604,387200000.0,47823048.0,12.35
20200316,1605,3326000258.0,743367781.0,22.35
20200316,1608,632773506.0,20856907.0,3.29
20200316,1609,595068022.0,61579726.0,10.34
20200316,1611,358595268.0,41658941.0,11.61
20200316,1612,316080063.0,33824981.0,10.7
20200316,1614,269113406.0,5376013.0,1.99
20200316,1615,111861784.0,109650.0,0.09
20200316,1616,194148515.0,154127.0,0.07
20200316,1617,144233235.0,30616329.0,21.22
20200316,1618,240864684.0,2838787.0,1.17
20200316,1626,136850637.0,67434328.0,49.27
20200316,1701,298081080.0,31028156.0,10.4
20200316,1702,294132962.0,48634663.0,16.53
20200316,1707,136286373.0,31054965.0,22.78
20200316,1708,211520260.0,17309236.0,8.18
20200316,1709,477016272.0,17654188.0,3.7
20200316,1710,885703029.0,83268120.0,9.4
20200316,1711,547752226.0,46741552.0,8.53
20200316,1712,420492585.0,51300758.0,12.2
20200316,1713,150951700.0,7257675.0,4.8
20200316,1714,1016824808.0,183769528.0,18.07
20200316,1717,1240279455.0,167681703.0,13.51
20200316,1718,1621367217.0,170414850.0,10.51
20200316,1720,178696089.0,3506793.0,1.96
20200316,1721,222347344.0,6208121.0,2.79
20200316,1722,980000000.0,138460781.0,14.12
20200316,1723,236904480.0,32194149.0,13.58
20200316,1724,127813900.0,7713934.0,6.03
20200316,1725,181829978.0,249027.0,0.13
20200316,1726,162000000.0,24021727.0,14.82
20200316,1727,110250000.0,1117598.0,1.01
20200316,1730,63233851.0,4779281.0,7.55
20200316,1731,132915244.0,1306790.0,0.98
20200316,1732,42443957.0,242646.0,0.57
20200316,1733,99986192.0,3054146.0,3.05
20200316,1734,167722022.0,5739757.0,3.42
20200316,1735,99388000.0,49906241.0,50.21
20200316,1736,303616617.0,12878171.0,4.24
20200316,1737,200000000.0,18637379.0,9.31
20200316,1760,76739013.0,1438958.0,1.87
20200316,1762,77560000.0,2589279.0,3.33
20200316,1773,150000000.0,3902597.0,2.6
20200316,1776,69986099.0,41001.0,0.05
20200316,1783,69465000.0,5296606.0,7.62
20200316,1786,58100000.0,562073.0,0.96
20200316,1789,790739222.0,33958027.0,4.29
20200316,1795,243113964.0,167854971.0,69.04
20200316,1802,2908060800.0,207017591.0,7.11
20200316,1805,100265400.0,113805.0,0.11
20200316,1806,433782078.0,53345314.0,12.29
20200316,1808,308330531.0,14566679.0,4.72
20200316,1809,167041937.0,5135786.0,3.07
20200316,1810,369853610.0,12334506.0,3.33
20200316,1817,72600000.0,1133000.0,1.56
20200316,1902,402000550.0,20059369.0,4.98
20200316,1903,260039121.0,38809115.0,14.92
20200316,1904,1108274522.0,148946939.0,13.43
20200316,1905,1102835316.0,47712594.0,4.32
20200316,1906,151000000.0,1486509.0,0.98
20200316,1907,1660371495.0,302610027.0,18.22
20200316,1909,1217685727.0,182406395.0,14.97
20200316,2002,15734860997.0,3082099262.0,19.58
20200316,2006,1004060608.0,131035914.0,13.05
20200316,2007,530651613.0,311965.0,0.05
20200316,2008,200852293.0,14325407.0,7.13
20200316,2009,359622165.0,23703265.0,6.59
20200316,2010,647655390.0,29177564.0,4.5
20200316,2012,287774000.0,6923540.0,2.4
20200316,2013,200000000.0,14572962.0,7.28
20200316,2014,1435544446.0,71243148.0,4.96
20200316,2015,581599424.0,55458257.0,9.53
20200316,2017,341867462.0,7928222.0,2.31
20200316,2020,222526100.0,5741869.0,2.58
20200316,2022,479751976.0,14501352.0,3.02
20200316,2023,1913327518.0,130546900.0,6.82
20200316,2024,97500000.0,143093.0,0.14
20200316,2025,281167262.0,119066.0,0.04
20200316,2027,1233790052.0,293111335.0,23.75
20200316,2028,325714800.0,251958.0,0.07
20200316,2029,321180000.0,225482081.0,70.2
20200316,2030,286526027.0,14195668.0,4.95
20200316,2031,310687699.0,30778658.0,9.9
20200316,2032,130521545.0,204736.0,0.15
20200316,2033,80694536.0,106139.0,0.13
20200316,2034,407130743.0,50602791.0,12.42
20200316,2038,181264522.0,415670.0,0.22
20200316,2049,309578886.0,121741939.0,39.32
20200316,2059,95297072.0,23870002.0,25.04
20200316,2062,163014152.0,16763128.0,10.28
20200316,2069,156386836.0,628307.0,0.4
20200316,2101,833934904.0,71183131.0,8.53
20200316,2102,473329207.0,38343645.0,8.1
20200316,2103,825709978.0,288237919.0,34.9
20200316,2104,984733625.0,115318319.0,11.71
20200316,2105,3241415536.0,433185175.0,13.36
20200316,2106,874430000.0,46072706.0,5.26
20200316,2107,350000000.0,34795641.0,9.94
20200316,2108,492416659.0,46896563.0,9.52
20200316,2109,332349134.0,49573660.0,14.91
20200316,2114,70901552.0,1282907.0,1.8
20200316,2115,86063215.0,39648789.0,46.06
20200316,2201,1572919909.0,99696868.0,6.33
20200316,2204,553620342.0,164529384.0,29.71
20200316,2206,853595604.0,87374153.0,10.23
20200316,2207,546179184.0,131183779.0,24.01
20200316,2208,472991749.0,15494344.0,3.27
20200316,2227,300000000.0,122709576.0,40.9
20200316,2228,75780281.0,7175573.0,9.46
20200316,2231,122821241.0,12072562.0,9.82
20200316,2233,60288089.0,5404033.0,8.96
20200316,2236,44826766.0,33327473.0,74.34
20200316,2239,118007000.0,89881639.0,76.16
20200316,2243,45718529.0,19613127.0,42.89
20200316,2301,2350867032.0,1275038581.0,54.23
20200316,2302,166302881.0,6364656.0,3.82
20200316,2303,11773994401.0,5980962144.0,50.79
20200316,2305,205660827.0,9942708.0,4.83
20200316,2308,2597543329.0,1717503696.0,66.12
20200316,2312,1452081211.0,253262398.0,17.44
20200316,2313,1191820589.0,331725118.0,27.83
20200316,2314,228028320.0,2562388.0,1.12
20200316,2316,203045040.0,36620712.0,18.03
20200316,2317,13862990609.0,6341364897.0,45.74
20200316,2321,315332590.0,167111.0,0.05
20200316,2323,1158881200.0,96544968.0,8.33
20200316,2324,4407146625.0,2110680829.0,47.89
20200316,2327,427121695.0,207946863.0,48.68
20200316,2328,518346282.0,89602357.0,17.28
20200316,2329,557328533.0,169732809.0,30.45
20200316,2330,25930380458.0,19725937902.0,76.07
20200316,2331,557402968.0,87730474.0,15.73
20200316,2332,651996166.0,95348376.0,14.62
20200316,2337,1839908862.0,355185652.0,19.3
20200316,2338,252713611.0,2731467.0,1.08
20200316,2340,378622846.0,74292111.0,19.62
20200316,2342,156342161.0,9990439.0,6.39
20200316,2344,3980000193.0,894329296.0,22.47
20200316,2345,557726397.0,318294874.0,57.07
20200316,2347,1667946968.0,579634231.0,34.75
20200316,2348,85600000.0,1736904.0,2.02
20200316,2349,1284157900.0,161844358.0,12.6
20200316,2351,182140249.0,23978398.0,13.16
20200316,2352,1966781958.0,408341412.0,20.76
20200316,2353,3074933828.0,861786056.0,28.02
20200316,2354,1414485192.0,389867692.0,27.56
20200316,2355,397495420.0,114139743.0,28.71
20200316,2356,3587475066.0,982465010.0,27.38
20200316,2357,742760280.0,454135431.0,61.14
20200316,2358,94616172.0,248112.0,0.26
20200316,2359,171471052.0,6573519.0,3.83
20200316,2360,419092587.0,266581201.0,63.6
20200316,2362,669763000.0,86982734.0,12.98
20200316,2363,554062477.0,31066866.0,5.6
20200316,2364,198939797.0,30043266.0,15.1
20200316,2365,234538496.0,14143942.0,6.03
20200316,2367,619407175.0,130884140.0,21.13
20200316,2368,546487841.0,52070002.0,9.52
20200316,2369,380102344.0,57592913.0,15.15
20200316,2371,2339536685.0,921210701.0,39.37
20200316,2373,236202518.0,4546202.0,1.92
20200316,2374,282362812.0,25018951.0,8.86
20200316,2375,194063097.0,6053964.0,3.11
20200316,2376,635688886.0,183717452.0,28.9
20200316,2377,844856199.0,291808276.0,34.53
20200316,2379,508095464.0,307540009.0,60.52
20200316,2380,162444084.0,3006533.0,1.85
20200316,2382,3862627432.0,1020855144.0,26.42
20200316,2383,319708064.0,114811404.0,35.91
20200316,2385,734497521.0,394332474.0,53.68
20200316,2387,196297952.0,12675138.0,6.45
20200316,2388,493303441.0,53216301.0,10.78
20200316,2390,214021602.0,3876325.0,1.81
20200316,2392,512326940.0,71240820.0,13.9
20200316,2393,443056236.0,159175065.0,35.92
20200316,2395,699075510.0,286196331.0,40.93
20200316,2397,114688857.0,24611938.0,21.45
20200316,2399,178100000.0,30365283.0,17.04
20200316,2401,591994919.0,70004505.0,11.82
20200316,2402,307536533.0,42663723.0,13.87
20200316,2404,190586698.0,56115881.0,29.44
20200316,2405,343427303.0,22057651.0,6.42
20200316,2406,205905689.0,19166461.0,9.3
20200316,2408,3053504894.0,669623104.0,21.92
20200316,2409,9624245115.0,3030197099.0,31.48
20200316,2412,7757446545.0,1261689262.0,16.26
20200316,2413,127359200.0,575115.0,0.45
20200316,2414,161735846.0,10029674.0,6.2
20200316,2415,80000000.0,1256951.0,1.57
20200316,2417,192892330.0,5308430.0,2.75
20200316,2419,328986229.0,38993177.0,11.85
20200316,2420,152648688.0,5459474.0,3.57
20200316,2421,250929732.0,69705704.0,27.77
20200316,2423,145047289.0,2368432.0,1.63
20200316,2424,30000000.0,69154.0,0.23
20200316,2425,101498831.0,27797687.0,27.38
20200316,2426,300622252.0,22474643.0,7.47
20200316,2427,184314463.0,3642289.0,1.97
20200316,2428,128112726.0,19828394.0,15.47
20200316,2429,36736200.0,1111997.0,3.02
20200316,2430,166468825.0,5983090.0,3.59
20200316,2431,110927014.0,1184990.0,1.06
20200316,2433,144496011.0,1444704.0,0.99
20200316,2434,70602126.0,801806.0,1.13
20200316,2436,178009961.0,13284029.0,7.46
20200316,2438,95215940.0,39374.0,0.04
20200316,2439,207879134.0,41861209.0,20.13
20200316,2440,139117271.0,107394.0,0.07
20200316,2441,568845921.0,87551574.0,15.39
20200316,2442,267234372.0,9199550.0,3.44
20200316,2443,145687000.0,204195.0,0.14
20200316,2444,105557573.0,1970563.0,1.86
20200316,2448,1088701410.0,193639044.0,17.78
20200316,2449,1222745065.0,532130745.0,43.51
20200316,2450,258252657.0,11630636.0,4.5
20200316,2451,430761675.0,70728929.0,16.41
20200316,2453,100000000.0,1124804.0,1.12
20200316,2454,1589981632.0,978886021.0,61.56
20200316,2455,184905918.0,37326893.0,20.18
20200316,2456,243254748.0,47604744.0,19.56
20200316,2457,337688416.0,25115695.0,7.43
20200316,2458,303880392.0,91003364.0,29.94
20200316,2459,105900615.0,18744235.0,17.69
20200316,2460,169200000.0,1553103.0,0.91
20200316,2461,159324631.0,5827431.0,3.65
20200316,2462,142484596.0,1339712.0,0.94
20200316,2464,195531226.0,16847222.0,8.61
20200316,2465,53587301.0,280927.0,0.52
20200316,2466,156334226.0,18839291.0,12.05
20200316,2467,149205548.0,11505974.0,7.71
20200316,2468,69961249.0,30995.0,0.04
20200316,2471,47253890.0,601916.0,1.27
20200316,2472,129219822.0,3770986.0,2.91
20200316,2474,770391069.0,498212636.0,64.67
20200316,2476,184968298.0,18089143.0,9.77
20200316,2477,198216555.0,44883674.0,22.64
20200316,2478,145248989.0,10018363.0,6.89
20200316,2480,106360291.0,9811697.0,9.22
20200316,2481,332814927.0,37909758.0,11.39
20200316,2482,62072549.0,325301.0,0.52
20200316,2483,110618807.0,193242.0,0.17
20200316,2484,159421022.0,10461976.0,6.56
20200316,2485,317689037.0,20175914.0,6.35
20200316,2486,201958579.0,7073741.0,3.5
20200316,2488,79999433.0,2567631.0,3.2
20200316,2489,809362045.0,102934607.0,12.71
20200316,2491,82008000.0,6379676.0,7.77
20200316,2492,485800000.0,122349772.0,25.18
20200316,2493,114437390.0,7979922.0,6.97
20200316,2495,276290738.0,48288083.0,17.47
20200316,2496,17459400.0,8480869.0,48.57
20200316,2497,118798463.0,1729483.0,1.45
20200316,2498,818808635.0,129455277.0,15.81
20200316,2499,461172003.0,39698238.0,8.6
20200316,2501,1159561059.0,108536217.0,9.36
20200316,2504,1385000335.0,162377956.0,11.72
20200316,2505,696582479.0,28830174.0,4.13
20200316,2506,387000000.0,13254991.0,3.42
20200316,2509,204136846.0,3121604.0,1.52
20200316,2511,1623326147.0,141623044.0,8.72
20200316,2514,404729278.0,18748870.0,4.63
20200316,2515,1530899822.0,155669801.0,10.16
20200316,2516,226278457.0,6225711.0,2.75
20200316,2520,503791000.0,107636276.0,21.36
20200316,2524,384846372.0,8388635.0,2.17
20200316,2527,270306000.0,78344922.0,28.98
20200316,2528,277085409.0,359491.0,0.12
20200316,2530,270752466.0,3174115.0,1.17
20200316,2534,592784962.0,68946319.0,11.63
20200316,2535,290743386.0,27878226.0,9.58
20200316,2536,332808652.0,59186655.0,17.78
20200316,2537,300557795.0,8005782.0,2.66
20200316,2538,438448764.0,58242212.0,13.28
20200316,2539,461314374.0,368105.0,0.07
20200316,2540,146600000.0,132004.0,0.09
20200316,2542,1166628752.0,223210889.0,19.13
20200316,2543,241983788.0,268506.0,0.11
20200316,2545,327734808.0,12408067.0,3.78
20200316,2546,106035660.0,3485988.0,3.28
20200316,2547,912307649.0,202742854.0,22.22
20200316,2548,276812726.0,84786163.0,30.62
20200316,2597,135000000.0,1089171.0,0.8
20200316,2601,630883150.0,76665706.0,12.15
20200316,2603,4812973786.0,1128446817.0,23.44
20200316,2605,585353297.0,192878774.0,32.95
20200316,2606,845055712.0,77783002.0,9.2
20200316,2607,1067141094.0,74102279.0,6.94
20200316,2608,467000498.0,42773523.0,9.15
20200316,2609,2601335728.0,139082509.0,5.34
20200316,2610,5420984650.0,813408014.0,15.0
20200316,2611,175994247.0,156920.0,0.08
20200316,2612,197484593.0,4622744.0,2.34
20200316,2613,148423458.0,118643.0,0.07
20200316,2614,556789889.0,10737704.0,1.92
20200316,2615,2218297466.0,926545985.0,41.76
20200316,2616,137281827.0,4454589.0,3.24
20200316,2617,417294487.0,13922835.0,3.33
20200316,2618,4853569490.0,1356041631.0,27.93
20200316,2630,120120000.0,74000.0,0.06
20200316,2633,5628293058.0,802015920.0,14.24
20200316,2634,941867101.0,19604617.0,2.08
20200316,2636,117157402.0,17028077.0,14.53
20200316,2637,688655903.0,51736497.0,7.51
20200316,2642,95467000.0,5041332.0,5.28
20200316,2701,449967838.0,1856326.0,0.41
20200316,2702,110485538.0,40911363.0,37.02
20200316,2704,366923343.0,31860145.0,8.68
20200316,2705,186536630.0,5632559.0,3.01
20200316,2706,499998346.0,12795990.0,2.55
20200316,2707,126745769.0,18818593.0,14.84
20200316,2712,105000000.0,65592.0,0.06
20200316,2722,111522961.0,90380.0,0.08
20200316,2723,180000000.0,94811203.0,52.67
20200316,2727,76987883.0,7726282.0,10.03
20200316,2731,70000000.0,2156896.0,3.08
20200316,2739,111526000.0,2240800.0,2.0
20200316,2748,65637000.0,439847.0,0.67
20200316,2801,9985311160.0,1470397598.0,14.72
20200316,2809,1131234265.0,192660711.0,17.03
20200316,2812,3708834898.0,510139700.0,13.75
20200316,2816,212960000.0,11839821.0,5.55
20200316,2820,1342960000.0,105263694.0,7.83
20200316,2823,4463582304.0,1069209412.0,23.95
20200316,2832,362200400.0,11648718.0,3.21
20200316,2834,7131984244.0,1656433752.0,23.22
20200316,2836,1080916486.0,79852726.0,7.38
20200316,2838,2884455292.0,87549173.0,3.03
20200316,2841,760943600.0,79870784.0,10.49
20200316,2845,3355819407.0,424917978.0,12.66
20200316,2849,1957910050.0,1154144914.0,58.94
20200316,2850,315963300.0,27131004.0,8.58
20200316,2851,590388750.0,13252566.0,2.24
20200316,2852,301163784.0,12129846.0,4.02
20200316,2855,1372390028.0,146646394.0,10.68
20200316,2867,2371971471.0,166464203.0,7.01
20200316,2880,12172740178.0,2434274844.0,19.99
20200316,2881,10233603995.0,2701663814.0,26.39
20200316,2882,13169210128.0,2853034582.0,21.66
20200316,2883,14965982132.0,3825576858.0,25.56
20200316,2884,11619500000.0,4961696391.0,42.7
20200316,2885,11670611456.0,4568658834.0,39.14
20200316,2886,13599823983.0,3478117066.0,25.57
20200316,2887,10656061370.0,2919005829.0,27.39
20200316,2888,12600394063.0,2738384465.0,21.73
20200316,2889,2848064596.0,356497427.0,12.51
20200316,2890,11281054106.0,3531977059.0,31.3
20200316,2891,19496989569.0,7832930775.0,40.17
20200316,2892,12461942795.0,3332848604.0,26.74
20200316,2897,2413006301.0,29912066.0,1.23
20200316,2901,73043283.0,44994.0,0.06
20200316,2903,1416940589.0,208639690.0,14.72
20200316,2904,69034432.0,54652.0,0.07
20200316,2905,826682688.0,57310423.0,6.93
20200316,2906,209111093.0,3843522.0,1.83
20200316,2908,509887558.0,40484961.0,7.93
20200316,2910,208725000.0,260000.0,0.12
20200316,2911,188941775.0,33076867.0,17.5
20200316,2912,1039622255.0,417439959.0,40.15
20200316,2913,790000000.0,90864550.0,11.5
20200316,2915,564860594.0,100513952.0,17.79
20200316,2923,1740296982.0,1727203274.0,99.24
20200316,2929,94955292.0,47418522.0,49.93
20200316,2936,76555696.0,67950696.0,88.75
20200316,2939,47222665.0,35118893.0,74.36
20200316,3002,102000000.0,259372.0,0.25
20200316,3003,155654890.0,11637386.0,7.47
20200316,3004,52647155.0,999072.0,1.89
20200316,3005,579520150.0,187663251.0,32.38
20200316,3006,285758925.0,43677870.0,15.28
20200316,3008,134140197.0,70531377.0,52.58
20200316,3010,231390138.0,54015250.0,23.34
20200316,3011,112719251.0,122048.0,0.1
20200316,3013,159435018.0,2970158.0,1.86
20200316,3014,161080124.0,35489717.0,22.03
20200316,3015,192261950.0,21985055.0,11.43
20200316,3016,274401315.0,2874055.0,1.04
20200316,3017,353310157.0,119873897.0,33.92
20200316,3018,73512132.0,1845491.0,2.51
20200316,3019,281083901.0,35593429.0,12.66
20200316,3021,95813467.0,2365516.0,2.46
20200316,3022,177289790.0,36854952.0,20.78
20200316,3023,229078860.0,111943126.0,48.86
20200316,3024,277157496.0,4038140.0,1.45
20200316,3025,70920550.0,1494059.0,2.1
20200316,3026,157990779.0,16709455.0,10.57
20200316,3027,98856311.0,183199.0,0.18
20200316,3028,213824864.0,10569615.0,4.94
20200316,3029,124009212.0,3595382.0,2.89
20200316,3030,236216000.0,54002008.0,22.86
20200316,3031,186674224.0,5768937.0,3.09
20200316,3032,113285626.0,2172015.0,1.91
20200316,3033,367751242.0,17446471.0,4.74
20200316,3034,608511469.0,372937983.0,61.28
20200316,3035,248550313.0,57513640.0,23.13
20200316,3036,588121760.0,137672825.0,23.4
20200316,3037,1504732333.0,472115101.0,31.37
20200316,3038,162407603.0,5548365.0,3.41
20200316,3040,63000000.0,10664598.0,16.92
20200316,3041,192539746.0,13740167.0,7.13
20200316,3042,309757040.0,114743003.0,37.04
20200316,3043,194878166.0,2449666.0,1.25
20200316,3044,525605898.0,315591735.0,60.04
20200316,3045,3442720069.0,663527240.0,19.27
20200316,3046,71448013.0,742702.0,1.03
20200316,3047,186491633.0,6986547.0,3.74
20200316,3048,222572540.0,25572242.0,11.48
20200316,3049,806948529.0,72962335.0,9.04
20200316,3050,145984450.0,7549083.0,5.17
20200316,3051,325332396.0,273232.0,0.08
20200316,3052,228713554.0,6209014.0,2.71
20200316,3054,87848033.0,195261.0,0.22
20200316,3055,102441918.0,2488424.0,2.42
20200316,3056,209215308.0,18281643.0,8.73
20200316,3057,161409213.0,7795531.0,4.82
20200316,3058,164937351.0,4421488.0,2.68
20200316,3059,279587325.0,34620942.0,12.38
20200316,3060,139361590.0,10585534.0,7.59
20200316,3062,328605418.0,43291964.0,13.17
20200316,3090,178657150.0,15723370.0,8.8
20200316,3094,84655089.0,1384644.0,1.63
20200316,3130,33190700.0,13637919.0,41.08
20200316,3149,206393604.0,3771085.0,1.82
20200316,3164,88911864.0,683305.0,0.76
20200316,3167,80134116.0,1277490.0,1.59
20200316,3189,451039005.0,75657536.0,16.77
20200316,3209,172915577.0,3279482.0,1.89
20200316,3229,93515881.0,1410777.0,1.5
20200316,3231,2840612050.0,1596861137.0,56.21
20200316,3257,69380277.0,296835.0,0.42
20200316,3266,352314309.0,17767199.0,5.04
20200316,3296,98224450.0,1917054.0,1.95
20200316,3305,118265271.0,3228144.0,2.72
20200316,3308,98569663.0,76319.0,0.07
20200316,3311,60000000.0,468565.0,0.78
20200316,3312,118032122.0,9666120.0,8.18
20200316,3321,126218519.0,556491.0,0.44
20200316,3338,86481985.0,2404284.0,2.78
20200316,3346,75784000.0,3607347.0,4.76
20200316,3356,89871303.0,1321093.0,1.46
20200316,3376,178988346.0,52571693.0,29.37
20200316,3380,542727260.0,36202439.0,6.67
20200316,3383,70000000.0,12087788.0,17.26
20200316,3406,110890463.0,28938582.0,26.09
20200316,3413,82687500.0,16373773.0,19.8
20200316,3416,72181447.0,1599113.0,2.21
20200316,3419,120480417.0,7445468.0,6.17
20200316,3432,66586000.0,3331907.0,5.0
20200316,3437,144548000.0,15170650.0,10.49
20200316,3443,134011911.0,24911345.0,18.58
20200316,3450,145681382.0,15983551.0,10.97
20200316,3454,87033910.0,6483562.0,7.44
20200316,3481,9711071977.0,2739820758.0,28.21
20200316,3494,179450634.0,8060372.0,4.49
20200316,3501,118257927.0,3699862.0,3.12
20200316,3504,114059785.0,2094172.0,1.83
20200316,3515,120647229.0,6621636.0,5.48
20200316,3518,80752230.0,8084563.0,10.01
20200316,3528,65597216.0,5643002.0,8.6
20200316,3530,78025900.0,36628050.0,46.94
20200316,3532,387848300.0,188186752.0,48.52
20200316,3533,103477900.0,25395393.0,24.54
20200316,3535,79052356.0,2680218.0,3.39
20200316,3536,106800000.0,223564.0,0.2
20200316,3545,299416416.0,68324398.0,22.81
20200316,3550,85000000.0,597002.0,0.7
20200316,3557,72300415.0,25417441.0,35.15
20200316,3563,42608234.0,8150796.0,19.12
20200316,3576,2665577382.0,257142850.0,9.64
20200316,3583,81139000.0,6525998.0,8.04
20200316,3588,46882200.0,2134568.0,4.55
20200316,3591,125001379.0,6183207.0,4.94
20200316,3593,83042416.0,52931.0,0.06
20200316,3596,208535090.0,22019442.0,10.55
20200316,3605,122395884.0,11179006.0,9.13
20200316,3607,121662239.0,8972427.0,7.37
20200316,3617,80951000.0,3084694.0,3.81
20200316,3622,151327600.0,3956223.0,2.61
20200316,3645,129420494.0,6710871.0,5.18
20200316,3653,120484239.0,10458620.0,8.68
20200316,3661,60186610.0,23994541.0,39.86
20200316,3665,130517407.0,56837926.0,43.54
20200316,3669,92919950.0,3953568.0,4.25
20200316,3673,406663759.0,165273904.0,40.64
20200316,3679,62296229.0,8584130.0,13.77
20200316,3682,3817196399.0,150847581.0,3.95
20200316,3686,113513643.0,2450915.0,2.15
20200316,3694,150495808.0,1012156.0,0.67
20200316,3698,519386380.0,125943056.0,24.24
20200316,3701,190344554.0,6296144.0,3.3
20200316,3702,1679056833.0,534021653.0,31.8
20200316,3703,823215980.0,174349085.0,21.17
20200316,3704,441177355.0,44436874.0,10.07
20200316,3705,266422983.0,35365494.0,13.27
20200316,3706,1077282847.0,220466377.0,20.46
20200316,3708,93504604.0,13201095.0,14.11
20200316,3711,4323358382.0,3273501054.0,75.71
20200316,3712,246242146.0,2623345.0,1.06
20200316,4104,141148970.0,9663385.0,6.84
20200316,4106,100911557.0,1261366.0,1.24
20200316,4108,163616379.0,690965.0,0.42
20200316,4119,79485310.0,16356371.0,20.57
20200316,4133,60553594.0,10178858.0,16.8
20200316,4137,79492350.0,51222940.0,64.43
20200316,4141,171144968.0,118372333.0,69.16
20200316,4142,362352752.0,15281350.0,4.21
20200316,4144,77139000.0,42000609.0,54.44
20200316,4148,64034001.0,46303001.0,72.31
20200316,4155,78621079.0,389312.0,0.49
20200316,4164,140386871.0,38450614.0,27.38
20200316,4190,60914700.0,38426449.0,63.08
20200316,4306,571834173.0,35193283.0,6.15
20200316,4414,903434949.0,184869154.0,20.46
20200316,4426,161079476.0,12624823.0,7.83
20200316,4438,103375292.0,5435954.0,5.25
20200316,4439,31500000.0,20349000.0,64.6
20200316,4526,254826461.0,19625805.0,7.7
20200316,4532,504915105.0,55327444.0,10.95
20200316,4536,90820000.0,11644107.0,12.82
20200316,4540,96678000.0,1974001.0,2.04
20200316,4545,77000000.0,27084132.0,35.17
20200316,4551,81934000.0,42567859.0,51.95
20200316,4552,116000000.0,58618710.0,50.53
20200316,4555,66880000.0,4349000.0,6.5
20200316,4557,39808000.0,16081330.0,40.39
20200316,4560,67666195.0,56073849.0,82.86
20200316,4562,67546000.0,1002018.0,1.48
20200316,4564,177786553.0,4138936.0,2.32
20200316,4566,66656000.0,2523000.0,3.78
20200316,4571,47600000.0,34052228.0,71.53
20200316,4572,35800000.0,84000.0,0.23
20200316,4576,117908241.0,1977202.0,1.67
20200316,4581,33899000.0,9869000.0,29.11
20200316,4720,88576709.0,2440173.0,2.75
20200316,4722,100009159.0,3250156.0,3.24
20200316,4725,291975000.0,2612827.0,0.89
20200316,4737,59500794.0,18525501.0,31.13
20200316,4739,93029269.0,4155588.0,4.46
20200316,4746,99012550.0,6057164.0,6.11
20200316,4755,90706000.0,29098532.0,32.08
20200316,4763,51076700.0,37962696.0,74.32
20200316,4764,76788615.0,28573285.0,37.21
20200316,4766,120570780.0,13149751.0,10.9
20200316,4807,38470000.0,27946601.0,72.64
20200316,4904,3258500810.0,690348009.0,21.18
20200316,4906,356883496.0,32944044.0,9.23
20200316,4912,47472069.0,16994985.0,35.79
20200316,4915,448580824.0,258425946.0,57.6
20200316,4916,83451568.0,1517466.0,1.81
20200316,4919,287554400.0,13451132.0,4.67
20200316,4927,184752016.0,21854521.0,11.82
20200316,4930,134300000.0,7154690.0,5.32
20200316,4934,200000000.0,7619563.0,3.8
20200316,4935,130937091.0,41336396.0,31.56
20200316,4938,2610791856.0,1128124900.0,43.21
20200316,4942,142367613.0,27121700.0,19.05
20200316,4943,135975732.0,51385249.0,37.79
20200316,4952,108815816.0,2179079.0,2.0
20200316,4956,100408236.0,7894907.0,7.86
20200316,4958,902229887.0,724752815.0,80.32
20200316,4960,665728500.0,82433908.0,12.38
20200316,4961,165687462.0,2216355.0,1.33
20200316,4967,68257489.0,8723878.0,12.78
20200316,4968,60376078.0,10551307.0,17.47
20200316,4976,117182000.0,1586455.0,1.35
20200316,4977,66640551.0,24651923.0,36.99
20200316,4989,153085000.0,1320205.0,0.86
20200316,4994,110639000.0,2631909.0,2.37
20200316,4999,74417200.0,6838666.0,9.18
20200316,5007,294940154.0,10805994.0,3.66
20200316,5203,83709300.0,20427477.0,24.4
20200316,5215,54337500.0,16370713.0,30.12
20200316,5225,61458000.0,36898753.0,60.03
20200316,5234,102715911.0,9323918.0,9.07
20200316,5243,168528915.0,112856414.0,66.96
20200316,5258,89542579.0,2961516.0,3.3
20200316,5264,420456991.0,274776873.0,65.35
20200316,5269,60037861.0,11120794.0,18.52
20200316,5283,76000425.0,486000.0,0.63
20200316,5284,43664608.0,26690208.0,61.12
20200316,5285,86099463.0,1774814.0,2.06
20200316,5288,65826153.0,42502253.0,64.56
20200316,5305,312456688.0,68729570.0,21.99
20200316,5388,245653767.0,64886628.0,26.41
20200316,5434,181699567.0,55408144.0,30.49
20200316,5469,491441352.0,80232699.0,16.32
20200316,5471,167877062.0,18794349.0,11.19
20200316,5484,68115093.0,347104.0,0.5
20200316,5515,267440105.0,13689621.0,5.11
20200316,5519,198544958.0,5505512.0,2.77
20200316,5521,447527413.0,32725229.0,7.31
20200316,5522,806259241.0,87285500.0,10.82
20200316,5525,244991913.0,5349539.0,2.18
20200316,5531,982474245.0,58584466.0,5.96
20200316,5533,285244944.0,9020049.0,3.16
20200316,5534,290325960.0,53508935.0,18.43
20200316,5538,168000000.0,115233125.0,68.59
20200316,5607,229979100.0,7161733.0,3.11
20200316,5608,279267090.0,22006461.0,7.88
20200316,5706,61294353.0,758890.0,1.23
20200316,5871,1328200030.0,1002021746.0,75.44
20200316,5876,4481603140.0,2585247047.0,57.68
20200316,5880,12945848278.0,2611826568.0,20.17
20200316,5906,30000000.0,5888654.0,19.62
20200316,5907,195531000.0,104342237.0,53.36
20200316,6005,2170908097.0,245395020.0,11.3
20200316,6024,176437584.0,4191341.0,2.37
20200316,6108,159899311.0,11160779.0,6.97
20200316,6112,188357336.0,3971336.0,2.1
20200316,6115,187662154.0,23480791.0,12.51
20200316,6116,3133933851.0,346126449.0,11.04
20200316,6117,88650000.0,2479680.0,2.79
20200316,6120,665555114.0,60446842.0,9.08
20200316,6128,127588740.0,2893986.0,2.26
20200316,6131,101926533.0,125259.0,0.12
20200316,6133,117006294.0,5710871.0,4.88
20200316,6136,115536412.0,5122016.0,4.43
20200316,6139,225540929.0,37050010.0,16.42
20200316,6141,129964450.0,3088739.0,2.37
20200316,6142,268235633.0,7151699.0,2.66
20200316,6152,167738463.0,356337.0,0.21
20200316,6153,544279610.0,71908038.0,13.21
20200316,6155,86667589.0,2284407.0,2.63
20200316,6164,100000239.0,521855.0,0.52
20200316,6165,49682403.0,985013.0,1.98
20200316,6166,217497257.0,35479288.0,16.31
20200316,6168,206069801.0,6937050.0,3.36
20200316,6172,30000000.0,199214.0,0.66
20200316,6176,465027263.0,284225718.0,61.12
20200316,6177,256896748.0,6399042.0,2.49
20200316,6183,150000000.0,1352954.0,0.9
20200316,6184,158230657.0,4184468.0,2.64
20200316,6189,179045194.0,8911648.0,4.97
20200316,6191,515546903.0,40583650.0,7.87
20200316,6192,106839745.0,31220935.0,29.22
20200316,6196,185690424.0,9144291.0,4.92
20200316,6197,122085882.0,12120822.0,9.92
20200316,6201,89200000.0,141834.0,0.15
20200316,6202,226168200.0,63044601.0,27.87
20200316,6205,71839079.0,2059032.0,2.86
20200316,6206,143062324.0,30224525.0,21.12
20200316,6209,163119931.0,3163568.0,1.93
20200316,6213,302957218.0,43075443.0,14.21
20200316,6214,269393304.0,42551847.0,15.79
20200316,6215,82789693.0,4475883.0,5.4
20200316,6216,84345637.0,653124.0,0.77
20200316,6224,80001838.0,14018544.0,17.52
20200316,6225,119076655.0,6441406.0,5.4
20200316,6226,114951789.0,826256.0,0.71
20200316,6230,86343396.0,53234798.0,61.65
20200316,6235,168069106.0,2910143.0,1.73
20200316,6239,779146634.0,579824189.0,74.41
20200316,6243,74976693.0,254847.0,0.33
20200316,6251,281059335.0,36255367.0,12.89
20200316,6257,415772017.0,114407887.0,27.51
20200316,6269,335703398.0,116709446.0,34.76
20200316,6271,165357520.0,38122499.0,23.05
20200316,6277,119471166.0,19903235.0,16.65
20200316,6278,292398353.0,84047386.0,28.74
20200316,6281,99172945.0,2060478.0,2.07
20200316,6282,516621295.0,81202219.0,15.71
20200316,6283,148079143.0,28563717.0,19.28
20200316,6285,390329302.0,64039555.0,16.4
20200316,6288,171128000.0,3302258.0,1.92
20200316,6289,80778136.0,47714.0,0.05
20200316,6405,65800000.0,93686.0,0.14
20200316,6409,83301492.0,54440396.0,65.35
20200316,6412,386715375.0,47683952.0,12.33
20200316,6414,83574472.0,9187347.0,10.99
20200316,6415,91185063.0,84789735.0,92.98
20200316,6416,68035634.0,875050.0,1.28
20200316,6431,45642835.0,7422338.0,16.26
20200316,6442,69300000.0,23267224.0,33.57
20200316,6443,379016730.0,10163906.0,2.68
20200316,6449,84441912.0,1638022.0,1.93
20200316,6451,105446800.0,66761830.0,63.31
20200316,6452,100000000.0,21072967.0,21.07
20200316,6456,339439800.0,155571898.0,45.83
20200316,6464,122694706.0,595214.0,0.48
20200316,6477,94456570.0,755612.0,0.79
20200316,6491,70000000.0,2910763.0,4.15
20200316,6504,72600000.0,2862932.0,3.94
20200316,6505,9525959652.0,715366154.0,7.5
20200316,6525,129047384.0,14387476.0,11.14
20200316,6531,73830423.0,13912458.0,18.84
20200316,6533,42650911.0,1394847.0,3.27
20200316,6541,264052074.0,103194062.0,39.08
20200316,6552,100000000.0,1379293.0,1.37
20200316,6558,86660750.0,4981046.0,5.74
20200316,6573,67499345.0,46175319.0,68.4
20200316,6579,148498468.0,4471000.0,3.01
20200316,6581,111270887.0,429000.0,0.38
20200316,6582,104877141.0,15828095.0,15.09
20200316,6591,26203000.0,7549089.0,28.81
20200316,6592,515000407.0,120260495.0,23.35
20200316,6605,165816397.0,20426775.0,12.31
20200316,6625,37333423.0,16895.0,0.04
20200316,6641,34000000.0,11081603.0,32.59
20200316,6655,75608500.0,203274.0,0.26
20200316,6666,47388000.0,37666602.0,79.48
20200316,6668,68392302.0,18168621.0,26.56
20200316,6669,174510791.0,40746510.0,23.34
20200316,6670,131030000.0,29506888.0,22.51
20200316,6671,60750000.0,38041634.0,62.61
20200316,6672,70654345.0,27815277.0,39.36
20200316,6674,66837681.0,29000.0,0.04
20200316,6698,66389753.0,3802223.0,5.72
20200316,6706,66744935.0,4307806.0,6.45
20200316,6715,57000000.0,4557580.0,7.99
20200316,8011,118620375.0,2754541.0,2.32
20200316,8016,120136876.0,44196217.0,36.78
20200316,8021,142180467.0,18201817.0,12.8
20200316,8028,132408000.0,17066941.0,12.88
20200316,8033,112629775.0,650442.0,0.57
20200316,8039,209119692.0,50004949.0,23.91
20200316,8046,646165487.0,42031759.0,6.5
20200316,8070,63879937.0,7791964.0,12.19
20200316,8072,80000000.0,854270.0,1.06
20200316,8081,86172072.0,12680566.0,14.71
20200316,8101,208088795.0,584966.0,0.28
20200316,8103,81399413.0,7608605.0,9.34
20200316,8104,67630050.0,829404.0,1.22
20200316,8105,441544851.0,259304939.0,58.72
20200316,8110,506381144.0,31735320.0,6.26
20200316,8112,378496473.0,113932019.0,30.1
20200316,8114,106074919.0,4622912.0,4.35
20200316,8131,442222223.0,28933354.0,6.54
20200316,8150,727240126.0,350981772.0,48.26
20200316,8163,280000001.0,50590836.0,18.06
20200316,8201,62366275.0,1752565.0,2.81
20200316,8210,119725950.0,18385690.0,15.35
20200316,8213,271242488.0,73553732.0,27.11
20200316,8215,320674514.0,6325161.0,1.97
20200316,8222,68546750.0,284821.0,0.41
20200316,8249,127055000.0,19213919.0,15.12
20200316,8261,81340493.0,20903082.0,25.69
20200316,8271,100897807.0,17918115.0,17.75
20200316,8341,111500000.0,27924797.0,25.04
20200316,8367,81131938.0,1126473.0,1.38
20200316,8374,112225487.0,3481038.0,3.1
20200316,8404,315178126.0,176047115.0,55.85
20200316,8411,175398185.0,109161792.0,62.23
20200316,8422,108888000.0,27438526.0,25.19
20200316,8427,104261000.0,36896760.0,35.38
20200316,8429,185747151.0,68411583.0,36.83
20200316,8442,49999682.0,37884396.0,75.76
20200316,8443,66800000.0,4421125.0,6.61
20200316,8454,140058500.0,40765618.0,29.1
20200316,8462,69835558.0,1426583.0,2.04
20200316,8463,150000000.0,953000.0,0.63
20200316,8464,293020200.0,121365006.0,41.41
20200316,8466,66059000.0,40546000.0,61.37
20200316,8467,49534000.0,21927038.0,44.26
20200316,8473,134812297.0,1303711.0,0.96
20200316,8478,90893276.0,51728320.0,56.91
20200316,8480,39270000.0,34175019.0,87.02
20200316,8481,66601866.0,2946000.0,4.42
20200316,8482,111112000.0,99210701.0,89.28
20200316,8488,67500000.0,52360033.0,77.57
20200316,8497,36542810.0,566058.0,1.54
20200316,8499,51286000.0,37827108.0,73.75
20200316,8926,589048595.0,44821828.0,7.6
20200316,8940,67491032.0,5424937.0,8.03
20200316,8996,89384080.0,5772389.0,6.45
20200316,9103,205531500.0,979001.0,0.47
20200316,9105,839284153.0,10541005.0,1.25
20200316,9110,54248500.0,49000.0,0.09
20200316,9136,151004000.0,1909000.0,1.26
20200316,9188,66272000.0,0.0,0.0
20200316,9802,159830923.0,75185630.0,47.04
20200316,9902,98049600.0,408538.0,0.41
20200316,9904,2946787213.0,1696302705.0,57.56
20200316,9905,305000000.0,10091081.0,3.3
20200316,9906,83343981.0,614624.0,0.73
20200316,9907,1579145342.0,219067309.0,13.87
20200316,9908,516358000.0,11322045.0,2.19
20200316,9910,734734249.0,139976339.0,19.05
20200316,9911,221121188.0,48733260.0,22.03
20200316,9912,54350569.0,8643401.0,15.9
20200316,9914,298983800.0,114405458.0,38.26
20200316,9917,451197093.0,192764957.0,42.72
20200316,9918,180537453.0,2276969.0,1.26
20200316,9919,195362750.0,9643412.0,4.93
20200316,9921,375064626.0,181287325.0,48.33
20200316,9924,188452170.0,23517283.0,12.47
20200316,9925,383653075.0,65548485.0,17.08
20200316,9926,179504075.0,293323.0,0.16
20200316,9927,209148167.0,22020053.0,10.52
20200316,9928,150724583.0,0.0,0.0
20200316,9929,168800000.0,13598624.0,8.05
20200316,9930,248540368.0,4923606.0,1.98
20200316,9931,102250512.0,443917.0,0.43
20200316,9933,763273848.0,191618190.0,25.1
20200316,9934,356212962.0,75467012.0,21.18
20200316,9935,169623342.0,9600408.0,5.65
20200316,9937,309043000.0,5954178.0,1.92
20200316,9938,297963902.0,78232721.0,26.25
20200316,9939,292878879.0,77782951.0,26.55
20200316,9940,736846500.0,36080132.0,4.89
20200316,9941,302092125.0,18509722.0,6.12
20200316,9942,83161320.0,3052735.0,3.67
20200316,9943,147317600.0,4212939.0,2.85
20200316,9944,109107100.0,2849160.0,2.61
20200316,9945,1003253999.0,160562859.0,16.0
20200316,9946,300820867.0,31318000.0,10.41
20200316,9955,103208229.0,1118492.0,1.08
20200316,9958,209342910.0,9121745.0,4.35
20200317,1101,5465619204.0,1514957673.0,27.71
20200317,1102,3361447198.0,877409156.0,26.1
20200317,1103,774780548.0,41173655.0,5.31
20200317,1104,653609192.0,78588334.0,12.02
20200317,1108,404738049.0,6217730.0,1.53
20200317,1109,341957868.0,11226861.0,3.28
20200317,1110,572000797.0,43875466.0,7.67
20200317,1201,506062914.0,52443334.0,10.36
20200317,1203,240000000.0,5138769.0,2.14
20200317,1210,827339086.0,137383700.0,16.6
20200317,1213,56622627.0,42642.0,0.07
20200317,1215,267990998.0,111417943.0,41.57
20200317,1216,5682015421.0,2944370135.0,51.81
20200317,1217,494513336.0,38038256.0,7.69
20200317,1218,499999038.0,13099797.0,2.61
20200317,1219,322013887.0,11351703.0,3.52
20200317,1220,177077944.0,16377673.0,9.24
20200317,1225,218703051.0,1676906.0,0.76
20200317,1227,915089591.0,210741316.0,23.02
20200317,1229,1104739841.0,149298885.0,13.51
20200317,1231,174595395.0,3886687.0,2.22
20200317,1232,159974915.0,2098421.0,1.31
20200317,1233,90591948.0,4703802.0,5.19
20200317,1234,401871094.0,17400511.0,4.32
20200317,1235,98955436.0,58637.0,0.05
20200317,1236,108342510.0,52329.0,0.04
20200317,1256,33842160.0,1480777.0,4.37
20200317,1301,6365740781.0,2351066675.0,36.93
20200317,1303,7930821589.0,2375963078.0,29.95
20200317,1304,1188763500.0,407646531.0,34.29
20200317,1305,527029927.0,85231412.0,16.17
20200317,1307,397818126.0,45909752.0,11.54
20200317,1308,554382745.0,34631424.0,6.24
20200317,1309,334204892.0,13525279.0,4.04
20200317,1310,527869764.0,95680732.0,18.12
20200317,1312,906620328.0,233452104.0,25.74
20200317,1313,1332347607.0,149862709.0,11.24
20200317,1314,3284850130.0,537577303.0,16.36
20200317,1315,198000000.0,2362149.0,1.19
20200317,1316,179541221.0,2088031.0,1.16
20200317,1319,591477068.0,114571620.0,19.37
20200317,1321,227228268.0,5594995.0,2.46
20200317,1323,91274554.0,2879165.0,3.15
20200317,1324,75121882.0,336215.0,0.44
20200317,1325,85281198.0,801363.0,0.93
20200317,1326,5861186291.0,2108094906.0,35.96
20200317,1337,268954729.0,70166827.0,26.08
20200317,1338,83840000.0,12485510.0,14.89
20200317,1339,74138875.0,1189038.0,1.6
20200317,1340,152922855.0,47146961.0,30.83
20200317,1341,49400000.0,42894950.0,86.83
20200317,1402,5352875227.0,1029615545.0,19.23
20200317,1409,1618409291.0,250272922.0,15.46
20200317,1410,63000000.0,10453456.0,16.59
20200317,1413,132112454.0,376175.0,0.28
20200317,1414,220000000.0,2553669.0,1.16
20200317,1416,185342168.0,26519289.0,14.3
20200317,1417,189941840.0,4933620.0,2.59
20200317,1418,56834309.0,344219.0,0.6
20200317,1419,300041280.0,6734142.0,2.24
20200317,1423,138400000.0,2844830.0,2.05
20200317,1432,167937642.0,108917.0,0.06
20200317,1434,1684664637.0,276281474.0,16.39
20200317,1435,139780080.0,939879.0,0.67
20200317,1436,95634000.0,101722.0,0.1
20200317,1437,203371284.0,11460065.0,5.63
20200317,1438,102411518.0,80044.0,0.07
20200317,1439,92000000.0,1360935.0,1.47
20200317,1440,1656815857.0,121214074.0,7.31
20200317,1441,100800000.0,1383719.0,1.37
20200317,1442,302117481.0,8458757.0,2.79
20200317,1443,135343011.0,63758.0,0.04
20200317,1444,957302942.0,91457816.0,9.55
20200317,1445,132667034.0,1947715.0,1.46
20200317,1446,137709513.0,1505237.0,1.09
20200317,1447,914487242.0,67998604.0,7.43
20200317,1449,120000000.0,643535.0,0.53
20200317,1451,198000000.0,20216142.0,10.21
20200317,1452,132641400.0,5588732.0,4.21
20200317,1453,98642138.0,60880.0,0.06
20200317,1454,134309848.0,539472.0,0.4
20200317,1455,611763380.0,19519883.0,3.19
20200317,1456,93720000.0,140224.0,0.14
20200317,1457,301647640.0,9122110.0,3.02
20200317,1459,358628907.0,7842150.0,2.18
20200317,1460,509834182.0,24195481.0,4.74
20200317,1463,173268381.0,5584824.0,3.22
20200317,1464,384565652.0,7208490.0,1.87
20200317,1465,103607267.0,819735.0,0.79
20200317,1466,111157320.0,118264.0,0.1
20200317,1467,233624667.0,45051206.0,19.28
20200317,1468,160405244.0,2932115.0,1.82
20200317,1470,85767000.0,40084.0,0.04
20200317,1471,150414536.0,113970.0,0.07
20200317,1472,45672722.0,46667.0,0.1
20200317,1473,147153534.0,15590754.0,10.59
20200317,1474,129896969.0,173888.0,0.13
20200317,1475,16016749.0,11039.0,0.06
20200317,1476,274367111.0,100452664.0,36.61
20200317,1477,219856581.0,29414722.0,13.37
20200317,1503,520972223.0,166155116.0,31.89
20200317,1504,1967692886.0,757739221.0,38.5
20200317,1506,122855501.0,510365.0,0.41
20200317,1507,410820000.0,186291978.0,45.34
20200317,1512,220002494.0,18049048.0,8.2
20200317,1513,420000000.0,55316737.0,13.17
20200317,1514,207099023.0,23716851.0,11.45
20200317,1515,181473500.0,18324926.0,10.09
20200317,1516,33350889.0,41368.0,0.12
20200317,1517,227825007.0,5701321.0,2.5
20200317,1519,261058548.0,17357608.0,6.64
20200317,1521,76230000.0,25587764.0,33.56
20200317,1522,312897881.0,20627589.0,6.59
20200317,1524,179685207.0,226726.0,0.12
20200317,1525,73400135.0,38878.0,0.05
20200317,1526,60000000.0,1021638.0,1.7
20200317,1527,138570640.0,12085726.0,8.72
20200317,1528,199331000.0,2460467.0,1.23
20200317,1529,95967982.0,287354.0,0.29
20200317,1530,96594171.0,686681.0,0.71
20200317,1531,185008080.0,18311386.0,9.89
20200317,1532,385252112.0,47266126.0,12.26
20200317,1533,98547486.0,6639588.0,6.73
20200317,1535,123742552.0,491004.0,0.39
20200317,1536,254956513.0,33719564.0,13.22
20200317,1537,81785394.0,19165756.0,23.43
20200317,1538,56135851.0,137355.0,0.24
20200317,1539,65370000.0,74034.0,0.11
20200317,1540,85473612.0,188353.0,0.22
20200317,1541,78800000.0,7678312.0,9.74
20200317,1558,60535631.0,6914116.0,11.42
20200317,1560,141000000.0,19359955.0,13.73
20200317,1568,103086559.0,1875113.0,1.81
20200317,1582,123724171.0,38825249.0,31.38
20200317,1583,110400372.0,73986.0,0.06
20200317,1587,67356618.0,13521742.0,20.07
20200317,1589,105617519.0,10850951.0,10.27
20200317,1590,189024998.0,127564359.0,67.48
20200317,1592,110978250.0,42948412.0,38.69
20200317,1598,115100887.0,863787.0,0.75
20200317,1603,191688000.0,3464859.0,1.8
20200317,1604,387200000.0,47879048.0,12.36
20200317,1605,3326000258.0,740176781.0,22.25
20200317,1608,632773506.0,20918907.0,3.3
20200317,1609,595068022.0,61397726.0,10.31
20200317,1611,358595268.0,41634941.0,11.61
20200317,1612,316080063.0,33833981.0,10.7
20200317,1614,269113406.0,5369013.0,1.99
20200317,1615,111861784.0,121650.0,0.1
20200317,1616,194148515.0,143127.0,0.07
20200317,1617,144233235.0,30615329.0,21.22
20200317,1618,240864684.0,2833787.0,1.17
20200317,1626,136850637.0,67310328.0,49.18
20200317,1701,298081080.0,30838156.0,10.34
20200317,1702,294132962.0,48561663.0,16.51
20200317,1707,136286373.0,30787965.0,22.59
20200317,1708,211520260.0,17335236.0,8.19
20200317,1709,477016272.0,17660188.0,3.7
20200317,1710,885703029.0,83761120.0,9.45
20200317,1711,547752226.0,46711552.0,8.52
20200317,1712,420492585.0,51269758.0,12.19
20200317,1713,150951700.0,7258675.0,4.8
20200317,1714,1016824808.0,184153528.0,18.11
20200317,1717,1240279455.0,167358703.0,13.49
20200317,1718,1621367217.0,171512850.0,10.57
20200317,1720,178696089.0,3482793.0,1.94
20200317,1721,222347344.0,6324121.0,2.84
20200317,1722,980000000.0,138642781.0,14.14
20200317,1723,236904480.0,32096149.0,13.54
20200317,1724,127813900.0,7706934.0,6.02
20200317,1725,181829978.0,239027.0,0.13
20200317,1726,162000000.0,24028727.0,14.83
20200317,1727,110250000.0,1081598.0,0.98
20200317,1730,63233851.0,4783281.0,7.56
20200317,1731,132915244.0,1271790.0,0.95
20200317,1732,42443957.0,249646.0,0.58
20200317,1733,99986192.0,3074146.0,3.07
20200317,1734,167722022.0,5624757.0,3.35
20200317,1735,99388000.0,49903241.0,50.21
20200317,1736,303616617.0,13517171.0,4.45
20200317,1737,200000000.0,18655379.0,9.32
20200317,1760,76739013.0,1662958.0,2.16
20200317,1762,77560000.0,2695279.0,3.47
20200317,1773,150000000.0,3888597.0,2.59
20200317,1776,69986099.0,37001.0,0.05
20200317,1783,69465000.0,5328606.0,7.67
20200317,1786,58100000.0,603073.0,1.03
20200317,1789,790739222.0,34559027.0,4.37
20200317,1795,243113964.0,168208971.0,69.18
20200317,1802,2908060800.0,206583591.0,7.1
20200317,1805,100265400.0,110805.0,0.11
20200317,1806,433782078.0,53344314.0,12.29
20200317,1808,308330531.0,14641679.0,4.74
20200317,1809,167041937.0,5403786.0,3.23
20200317,1810,369853610.0,12341506.0,3.33
20200317,1817,72600000.0,1155000.0,1.59
20200317,1902,402000550.0,20277369.0,5.04
20200317,1903,260039121.0,38797115.0,14.91
20200317,1904,1108274522.0,147824939.0,13.33
20200317,1905,1102835316.0,47656594.0,4.32
20200317,1906,151000000.0,1749509.0,1.15
20200317,1907,1660371495.0,301620027.0,18.16
20200317,1909,1217685727.0,180608395.0,14.83
20200317,2002,15734860997.0,3075332827.0,19.54
20200317,2006,1004060608.0,130651914.0,13.01
20200317,2007,530651613.0,304965.0,0.05
20200317,2008,200852293.0,14316407.0,7.12
20200317,2009,359622165.0,23756265.0,6.6
20200317,2010,647655390.0,29235564.0,4.51
20200317,2012,287774000.0,6908540.0,2.4
20200317,2013,200000000.0,14626962.0,7.31
20200317,2014,1435544446.0,71690148.0,4.99
20200317,2015,581599424.0,55155916.0,9.48
20200317,2017,341867462.0,7987222.0,2.33
20200317,2020,222526100.0,5736869.0,2.57
20200317,2022,479751976.0,14632352.0,3.04
20200317,2023,1913327518.0,129677900.0,6.77
20200317,2024,97500000.0,131093.0,0.13
20200317,2025,281167262.0,119066.0,0.04
20200317,2027,1233790052.0,293840335.0,23.81
20200317,2028,325714800.0,269958.0,0.08
20200317,2029,321180000.0,225500081.0,70.2
20200317,2030,286526027.0,14314668.0,4.99
20200317,2031,310687699.0,31898658.0,10.26
20200317,2032,130521545.0,207736.0,0.15
20200317,2033,80694536.0,110139.0,0.13
20200317,2034,407130743.0,50561811.0,12.41
20200317,2038,181264522.0,403670.0,0.22
20200317,2049,309578886.0,122530629.0,39.57
20200317,2059,95297072.0,23735002.0,24.9
20200317,2062,163014152.0,16823128.0,10.32
20200317,2069,156386836.0,663307.0,0.42
20200317,2101,833934904.0,71242131.0,8.54
20200317,2102,473329207.0,38729645.0,8.18
20200317,2103,825709978.0,288322919.0,34.91
20200317,2104,984733625.0,117717319.0,11.95
20200317,2105,3241415536.0,431269984.0,13.3
20200317,2106,874430000.0,45688706.0,5.22
20200317,2107,350000000.0,34710641.0,9.91
20200317,2108,492416659.0,46472563.0,9.43
20200317,2109,332349134.0,49573660.0,14.91
20200317,2114,70901552.0,1284907.0,1.81
20200317,2115,86063215.0,39639789.0,46.05
20200317,2201,1572919909.0,101101868.0,6.42
20200317,2204,553620342.0,164433384.0,29.7
20200317,2206,853595604.0,87495153.0,10.25
20200317,2207,546179184.0,131000588.0,23.98
20200317,2208,472991749.0,15655344.0,3.3
20200317,2227,300000000.0,122661576.0,40.88
20200317,2228,75780281.0,7063573.0,9.32
20200317,2231,122821241.0,11878562.0,9.67
20200317,2233,60288089.0,5486033.0,9.09
20200317,2236,44826766.0,33327473.0,74.34
20200317,2239,118007000.0,89876639.0,76.16
20200317,2243,45718529.0,19625127.0,42.92
20200317,2301,2350867032.0,1267359324.0,53.91
20200317,2302,166302881.0,6350656.0,3.81
20200317,2303,11773994401.0,5972148980.0,50.72
20200317,2305,205660827.0,9942708.0,4.83
20200317,2308,2597543329.0,1714950752.0,66.02
20200317,2312,1452081211.0,252468398.0,17.38
20200317,2313,1191820589.0,327071118.0,27.44
20200317,2314,228028320.0,3086388.0,1.35
20200317,2316,203045040.0,36824712.0,18.13
20200317,2317,13862990609.0,6330679135.0,45.66
20200317,2321,315332590.0,167111.0,0.05
20200317,2323,1158881200.0,103014968.0,8.88
20200317,2324,4407146625.0,2106797285.0,47.8
20200317,2327,427121695.0,207852901.0,48.66
20200317,2328,518346282.0,89354357.0,17.23
20200317,2329,557328533.0,169955809.0,30.49
20200317,2330,25930380458.0,19675417313.0,75.87
20200317,2331,557402968.0,87719474.0,15.73
20200317,2332,651996166.0,95394376.0,14.63
20200317,2337,1839908862.0,354127652.0,19.24
20200317,2338,252713611.0,3106467.0,1.22
20200317,2340,378622846.0,74472111.0,19.66
20200317,2342,156342161.0,11496439.0,7.35
20200317,2344,3980000193.0,898588784.0,22.57
20200317,2345,557726397.0,319528530.0,57.29
20200317,2347,1667946968.0,576973397.0,34.59
20200317,2348,85600000.0,1664904.0,1.94
20200317,2349,1284157900.0,162746358.0,12.67
20200317,2351,182140249.0,24038398.0,13.19
20200317,2352,1966781958.0,408253412.0,20.75
20200317,2353,3074933828.0,862974478.0,28.06
20200317,2354,1414485192.0,387571176.0,27.4
20200317,2355,397495420.0,114250743.0,28.74
20200317,2356,3587475066.0,980312284.0,27.32
20200317,2357,742760280.0,452641212.0,60.94
20200317,2358,94616172.0,279112.0,0.29
20200317,2359,171471052.0,6500519.0,3.79
20200317,2360,419092587.0,268314905.0,64.02
20200317,2362,669763000.0,86977734.0,12.98
20200317,2363,554062477.0,31518866.0,5.68
20200317,2364,198939797.0,30043266.0,15.1
20200317,2365,234538496.0,14791942.0,6.3
20200317,2367,619407175.0,131270140.0,21.19
20200317,2368,546487841.0,54719002.0,10.01
20200317,2369,380102344.0,58475913.0,15.38
20200317,2371,2339536685.0,923280935.0,39.46
20200317,2373,236202518.0,4528202.0,1.91
20200317,2374,282362812.0,25077951.0,8.88
20200317,2375,194063097.0,6743964.0,3.47
20200317,2376,635688886.0,182603452.0,28.72
20200317,2377,844856199.0,290883356.0,34.42
20200317,2379,508095464.0,305490839.0,60.12
20200317,2380,162444084.0,3003533.0,1.84
20200317,2382,3862627432.0,1014646728.0,26.26
20200317,2383,319708064.0,114222404.0,35.72
20200317,2385,734497521.0,391927872.0,53.35
20200317,2387,196297952.0,11297138.0,5.75
20200317,2388,493303441.0,53680301.0,10.88
20200317,2390,214021602.0,4546325.0,2.12
20200317,2392,512326940.0,71533820.0,13.96
20200317,2393,443056236.0,158417981.0,35.75
20200317,2395,699075510.0,285825256.0,40.88
20200317,2397,114688857.0,24606938.0,21.45
20200317,2399,178100000.0,30669283.0,17.22
20200317,2401,591994919.0,70224505.0,11.86
20200317,2402,307536533.0,42643723.0,13.86
20200317,2404,190586698.0,56205901.0,29.49
20200317,2405,343427303.0,22165651.0,6.45
20200317,2406,205905689.0,18208345.0,8.84
20200317,2408,3053504894.0,668731114.0,21.9
20200317,2409,9624245115.0,2986910686.0,31.03
20200317,2412,7757446545.0,1273644531.0,16.41
20200317,2413,127359200.0,645115.0,0.5
20200317,2414,161735846.0,10683014.0,6.6
20200317,2415,80000000.0,1293951.0,1.61
20200317,2417,192892330.0,5045430.0,2.61
20200317,2419,328986229.0,39007177.0,11.85
20200317,2420,152648688.0,5503474.0,3.6
20200317,2421,250929732.0,69506704.0,27.69
20200317,2423,145047289.0,2379432.0,1.64
20200317,2424,30000000.0,69154.0,0.23
20200317,2425,101498831.0,27770687.0,27.36
20200317,2426,300622252.0,22798643.0,7.58
20200317,2427,184314463.0,3649289.0,1.97
20200317,2428,128112726.0,19769394.0,15.43
20200317,2429,36736200.0,1155997.0,3.14
20200317,2430,166468825.0,5953090.0,3.57
20200317,2431,110927014.0,1279990.0,1.15
20200317,2433,144496011.0,1447704.0,1.0
20200317,2434,70602126.0,801806.0,1.13
20200317,2436,178009961.0,13399029.0,7.52
20200317,2438,95215940.0,39374.0,0.04
20200317,2439,207879134.0,42290209.0,20.34
20200317,2440,139117271.0,107394.0,0.07
20200317,2441,568845921.0,87714574.0,15.41
20200317,2442,267234372.0,9108550.0,3.4
20200317,2443,145687000.0,204195.0,0.14
20200317,2444,105557573.0,1961563.0,1.85
20200317,2448,1088701410.0,197412097.0,18.13
20200317,2449,1222745065.0,530069000.0,43.35
20200317,2450,258252657.0,11618636.0,4.49
20200317,2451,430761675.0,70295929.0,16.31
20200317,2453,100000000.0,1092804.0,1.09
20200317,2454,1589981632.0,976772045.0,61.43
20200317,2455,184905918.0,37529278.0,20.29
20200317,2456,243254748.0,48440744.0,19.91
20200317,2457,337688416.0,25279695.0,7.48
20200317,2458,303880392.0,90096364.0,29.64
20200317,2459,105900615.0,18682235.0,17.64
20200317,2460,169200000.0,1554103.0,0.91
20200317,2461,159324631.0,5570431.0,3.49
20200317,2462,142484596.0,1347712.0,0.94
20200317,2464,195531226.0,16863222.0,8.62
20200317,2465,53587301.0,269927.0,0.5
20200317,2466,156334226.0,18833291.0,12.04
20200317,2467,149205548.0,11666974.0,7.81
20200317,2468,69961249.0,29995.0,0.04
20200317,2471,47253890.0,623916.0,1.32
20200317,2472,129219822.0,3905986.0,3.02
20200317,2474,770391069.0,498307064.0,64.68
20200317,2476,184968298.0,18089743.0,9.77
20200317,2477,198216555.0,44850674.0,22.62
20200317,2478,145248989.0,11913363.0,8.2
20200317,2480,106360291.0,9689697.0,9.11
20200317,2481,332814927.0,39133758.0,11.75
20200317,2482,62072549.0,321301.0,0.51
20200317,2483,110618807.0,192242.0,0.17
20200317,2484,159421022.0,10548976.0,6.61
20200317,2485,317689037.0,20646914.0,6.49
20200317,2486,201958579.0,7096741.0,3.51
20200317,2488,79999433.0,2599631.0,3.24
20200317,2489,809362045.0,103301607.0,12.76
20200317,2491,82008000.0,6390676.0,7.79
20200317,2492,485800000.0,121447179.0,24.99
20200317,2493,114437390.0,8004922.0,6.99
20200317,2495,276290738.0,48285083.0,17.47
20200317,2496,17459400.0,8468869.0,48.5
20200317,2497,118798463.0,1727483.0,1.45
20200317,2498,818808635.0,132044277.0,16.12
20200317,2499,461172003.0,40236238.0,8.72
20200317,2501,1159561059.0,108609751.0,9.36
20200317,2504,1385000335.0,161575956.0,11.66
20200317,2505,696582479.0,29104366.0,4.17
20200317,2506,387000000.0,13238991.0,3.42
20200317,2509,204136846.0,3118604.0,1.52
20200317,2511,1623326147.0,141859426.0,8.73
20200317,2514,404729278.0,18316870.0,4.52
20200317,2515,1530899822.0,155968801.0,10.18
20200317,2516,226278457.0,6216711.0,2.74
20200317,2520,503791000.0,107337054.0,21.3
20200317,2524,384846372.0,8336635.0,2.16
20200317,2527,270306000.0,78406922.0,29.0
20200317,2528,277085409.0,381491.0,0.13
20200317,2530,270752466.0,3181115.0,1.17
20200317,2534,592784962.0,69200449.0,11.67
20200317,2535,290743386.0,27383226.0,9.41
20200317,2536,332808652.0,59354587.0,17.83
20200317,2537,300557795.0,8701782.0,2.89
20200317,2538,438448764.0,58367712.0,13.31
20200317,2539,461314374.0,324105.0,0.07
20200317,2540,146600000.0,129004.0,0.08
20200317,2542,1166628752.0,222310791.0,19.05
20200317,2543,241983788.0,262506.0,0.1
20200317,2545,327734808.0,12429465.0,3.79
20200317,2546,106035660.0,3455988.0,3.25
20200317,2547,912307649.0,202614256.0,22.2
20200317,2548,276812726.0,83931795.0,30.32
20200317,2597,135000000.0,1097171.0,0.81
20200317,2601,630883150.0,76996706.0,12.2
20200317,2603,4812973786.0,1136491945.0,23.61
20200317,2605,585353297.0,194743774.0,33.26
20200317,2606,845055712.0,77653002.0,9.18
20200317,2607,1067141094.0,73862279.0,6.92
20200317,2608,467000498.0,42705523.0,9.14
20200317,2609,2601335728.0,138746509.0,5.33
20200317,2610,5420984650.0,812489676.0,14.98
20200317,2611,175994247.0,167920.0,0.09
20200317,2612,197484593.0,4569744.0,2.31
20200317,2613,148423458.0,107643.0,0.07
20200317,2614,556789889.0,10733704.0,1.92
20200317,2615,2218297466.0,926911741.0,41.78
20200317,2616,137281827.0,4497589.0,3.27
20200317,2617,417294487.0,13970835.0,3.34
20200317,2618,4853569490.0,1359382410.0,28.0
20200317,2630,120120000.0,74000.0,0.06
20200317,2633,5628293058.0,800954192.0,14.23
20200317,2634,941867101.0,18938617.0,2.01
20200317,2636,117157402.0,16997077.0,14.5
20200317,2637,688655903.0,51653497.0,7.5
20200317,2642,95467000.0,4968332.0,5.2
20200317,2701,449967838.0,1849326.0,0.41
20200317,2702,110485538.0,40962363.0,37.07
20200317,2704,366923343.0,31811145.0,8.66
20200317,2705,186536630.0,5645559.0,3.02
20200317,2706,499998346.0,12780990.0,2.55
20200317,2707,126745769.0,18705593.0,14.75
20200317,2712,105000000.0,58592.0,0.05
20200317,2722,111522961.0,88380.0,0.07
20200317,2723,180000000.0,94186190.0,52.32
20200317,2727,76987883.0,7704282.0,10.0
20200317,2731,70000000.0,2164896.0,3.09
20200317,2739,111526000.0,2195800.0,1.96
20200317,2748,65637000.0,462847.0,0.7
20200317,2801,9985311160.0,1464726117.0,14.66
20200317,2809,1131234265.0,191809711.0,16.95
20200317,2812,3708834898.0,511102700.0,13.78
20200317,2816,212960000.0,11829821.0,5.55
20200317,2820,1342960000.0,104940159.0,7.81
20200317,2823,4463582304.0,1068078747.0,23.92
20200317,2832,362200400.0,11610718.0,3.2
20200317,2834,7131984244.0,1646890217.0,23.09
20200317,2836,1080916486.0,79513766.0,7.35
20200317,2838,2884455292.0,87081173.0,3.01
20200317,2841,760943600.0,80348746.0,10.55
20200317,2845,3355819407.0,423303978.0,12.61
20200317,2849,1957910050.0,1154126914.0,58.94
20200317,2850,315963300.0,27162004.0,8.59
20200317,2851,590388750.0,13298566.0,2.25
20200317,2852,301163784.0,12146846.0,4.03
20200317,2855,1372390028.0,145996394.0,10.63
20200317,2867,2371971471.0,166408203.0,7.01
20200317,2880,12172740178.0,2411034137.0,19.8
20200317,2881,10233603995.0,2706620767.0,26.44
20200317,2882,13169210128.0,2843383137.0,21.59
20200317,2883,14965982132.0,3818272858.0,25.51
20200317,2884,11619500000.0,4938733889.0,42.5
20200317,2885,11670611456.0,4546268519.0,38.95
20200317,2886,13599823983.0,3436116236.0,25.26
20200317,2887,10656061370.0,2912429121.0,27.33
20200317,2888,12600394063.0,2725383791.0,21.62
20200317,2889,2848064596.0,354386338.0,12.44
20200317,2890,11281054106.0,3516650854.0,31.17
20200317,2891,19496989569.0,7792512268.0,39.96
20200317,2892,12461942795.0,3322541342.0,26.66
20200317,2897,2413006301.0,29714066.0,1.23
20200317,2901,73043283.0,46994.0,0.06
20200317,2903,1416940589.0,208281657.0,14.69
20200317,2904,69034432.0,54652.0,0.07
20200317,2905,826682688.0,57088194.0,6.9
20200317,2906,209111093.0,3836522.0,1.83
20200317,2908,509887558.0,40422961.0,7.92
20200317,2910,208725000.0,259000.0,0.12
20200317,2911,188941775.0,33093867.0,17.51
20200317,2912,1039622255.0,417433733.0,40.15
20200317,2913,790000000.0,91218550.0,11.54
20200317,2915,564860594.0,99952724.0,17.69
20200317,2923,1740296982.0,1727177274.0,99.24
20200317,2929,94955292.0,47391522.0,49.9
20200317,2936,76555696.0,67944696.0,88.75
20200317,2939,47222665.0,35101893.0,74.33
20200317,3002,102000000.0,253372.0,0.24
20200317,3003,155654890.0,11737386.0,7.54
20200317,3004,52647155.0,1056072.0,2.0
20200317,3005,579520150.0,185015251.0,31.92
20200317,3006,285758925.0,43772870.0,15.31
20200317,3008,134140197.0,70419848.0,52.49
20200317,3010,231390138.0,53959250.0,23.31
20200317,3011,112719251.0,124048.0,0.11
20200317,3013,159435018.0,3040158.0,1.9
20200317,3014,161080124.0,34821217.0,21.61
20200317,3015,192261950.0,22013055.0,11.44
20200317,3016,274401315.0,5118055.0,1.86
20200317,3017,353310157.0,120160897.0,34.01
20200317,3018,73512132.0,2011491.0,2.73
20200317,3019,281083901.0,36146429.0,12.85
20200317,3021,95813467.0,2362516.0,2.46
20200317,3022,177289790.0,36894952.0,20.81
20200317,3023,229078860.0,111715126.0,48.76
20200317,3024,277157496.0,4051140.0,1.46
20200317,3025,70920550.0,1536059.0,2.16
20200317,3026,157990779.0,16776455.0,10.61
20200317,3027,98856311.0,176199.0,0.17
20200317,3028,213824864.0,10664615.0,4.98
20200317,3029,124623212.0,3777382.0,3.03
20200317,3030,236216000.0,53910008.0,22.82
20200317,3031,186674224.0,5916937.0,3.16
20200317,3032,113285626.0,2208015.0,1.94
20200317,3033,367751242.0,17673471.0,4.8
20200317,3034,608511469.0,371841708.0,61.1
20200317,3035,248550313.0,58578640.0,23.56
20200317,3036,588121760.0,138754825.0,23.59
20200317,3037,1504732333.0,471086588.0,31.3
20200317,3038,162407603.0,5602365.0,3.44
20200317,3040,63000000.0,10657598.0,16.91
20200317,3041,192539746.0,14632167.0,7.59
20200317,3042,309757040.0,111818003.0,36.09
20200317,3043,194878166.0,2449666.0,1.25
20200317,3044,525605898.0,314285760.0,59.79
20200317,3045,3442720069.0,661922007.0,19.22
20200317,3046,71448013.0,738702.0,1.03
20200317,3047,186491633.0,7008547.0,3.75
20200317,3048,222572540.0,25269242.0,11.35
20200317,3049,806948529.0,73369335.0,9.09
20200317,3050,145984450.0,7529083.0,5.15
20200317,3051,325332396.0,273232.0,0.08
20200317,3052,228713554.0,6677014.0,2.91
20200317,3054,87848033.0,196261.0,0.22
20200317,3055,102441918.0,2468424.0,2.4
20200317,3056,209215308.0,18770643.0,8.97
20200317,3057,161409213.0,7828531.0,4.85
20200317,3058,164937351.0,4431488.0,2.68
20200317,3059,279587325.0,34709942.0,12.41
20200317,3060,139361590.0,10723534.0,7.69
20200317,3062,328605418.0,43800964.0,13.32
20200317,3090,178657150.0,15839370.0,8.86
20200317,3094,84655089.0,1468644.0,1.73
20200317,3130,33190700.0,13614919.0,41.02
20200317,3149,206393604.0,3839085.0,1.86
20200317,3164,88911864.0,687305.0,0.77
20200317,3167,80134116.0,1265490.0,1.57
20200317,3189,451039005.0,75593536.0,16.75
20200317,3209,172915577.0,3539482.0,2.04
20200317,3229,93515881.0,1378777.0,1.47
20200317,3231,2840612050.0,1587014476.0,55.86
20200317,3257,69380277.0,342835.0,0.49
20200317,3266,352314309.0,17767199.0,5.04
20200317,3296,98224450.0,1908054.0,1.94
20200317,3305,118265271.0,3230144.0,2.73
20200317,3308,98569663.0,76319.0,0.07
20200317,3311,60000000.0,456565.0,0.76
20200317,3312,118032122.0,9729120.0,8.24
20200317,3321,126218519.0,670491.0,0.53
20200317,3338,86481985.0,3904284.0,4.51
20200317,3346,75784000.0,3617347.0,4.77
20200317,3356,89871303.0,1393093.0,1.55
20200317,3376,178988346.0,53163693.0,29.7
20200317,3380,542727260.0,36911665.0,6.8
20200317,3383,70000000.0,12087788.0,17.26
20200317,3406,110890463.0,29465604.0,26.57
20200317,3413,82687500.0,16902773.0,20.44
20200317,3416,72181447.0,1617113.0,2.24
20200317,3419,120480417.0,7577468.0,6.28
20200317,3432,66586000.0,3322907.0,4.99
20200317,3437,144548000.0,15496650.0,10.72
20200317,3443,134011911.0,24984258.0,18.64
20200317,3450,145681382.0,16684551.0,11.45
20200317,3454,87033910.0,6489562.0,7.45
20200317,3481,9711071977.0,2725565963.0,28.06
20200317,3494,179450634.0,8079372.0,4.5
20200317,3501,118257927.0,3696862.0,3.12
20200317,3504,114059785.0,2468172.0,2.16
20200317,3515,120647229.0,5815636.0,4.82
20200317,3518,80752230.0,8115563.0,10.04
20200317,3528,65597216.0,5644002.0,8.6
20200317,3530,78025900.0,36907050.0,47.3
20200317,3532,387848300.0,188319360.0,48.55
20200317,3533,103477900.0,25378393.0,24.52
20200317,3535,79052356.0,3125218.0,3.95
20200317,3536,106800000.0,223564.0,0.2
20200317,3545,299416416.0,70092532.0,23.4
20200317,3550,85000000.0,631002.0,0.74
20200317,3557,72300415.0,25505441.0,35.27
20200317,3563,42608234.0,8043796.0,18.87
20200317,3576,2665577382.0,257770850.0,9.67
20200317,3583,81139000.0,6549998.0,8.07
20200317,3588,46882200.0,2115568.0,4.51
20200317,3591,125001379.0,6205207.0,4.96
20200317,3593,83042416.0,48931.0,0.05
20200317,3596,208535090.0,22296442.0,10.69
20200317,3605,122395884.0,11219006.0,9.16
20200317,3607,121662239.0,9032427.0,7.42
20200317,3617,80951000.0,3086694.0,3.81
20200317,3622,151327600.0,3987223.0,2.63
20200317,3645,129420494.0,6842871.0,5.28
20200317,3653,120484239.0,10544620.0,8.75
20200317,3661,60186610.0,24169041.0,40.15
20200317,3665,130517407.0,56904473.0,43.59
20200317,3669,92919950.0,3564568.0,3.83
20200317,3673,406663759.0,167040904.0,41.07
20200317,3679,62296229.0,8583130.0,13.77
20200317,3682,3817196399.0,150634581.0,3.94
20200317,3686,113513643.0,2454915.0,2.16
20200317,3694,150495808.0,1020156.0,0.67
20200317,3698,519386380.0,126605056.0,24.37
20200317,3701,190344554.0,6289144.0,3.3
20200317,3702,1679056833.0,531272198.0,31.64
20200317,3703,823215980.0,174427085.0,21.18
20200317,3704,441177355.0,45970874.0,10.42
20200317,3705,266422983.0,35411494.0,13.29
20200317,3706,1077282847.0,215905377.0,20.04
20200317,3708,93504604.0,13456095.0,14.39
20200317,3711,4323358382.0,3264890215.0,75.51
20200317,3712,246242146.0,2862345.0,1.16
20200317,4104,141148970.0,9593385.0,6.79
20200317,4106,100911557.0,1096366.0,1.08
20200317,4108,163616379.0,709965.0,0.43
20200317,4119,79485310.0,16175371.0,20.35
20200317,4133,60553594.0,9826858.0,16.22
20200317,4137,79492350.0,51346940.0,64.59
20200317,4141,171144968.0,118384333.0,69.17
20200317,4142,362352752.0,13580350.0,3.74
20200317,4144,77139000.0,42006609.0,54.45
20200317,4148,64034001.0,46348001.0,72.38
20200317,4155,78621079.0,414312.0,0.52
20200317,4164,140386871.0,38136614.0,27.16
20200317,4190,60914700.0,38617449.0,63.39
20200317,4306,571834173.0,35236283.0,6.16
20200317,4414,903434949.0,184917154.0,20.46
20200317,4426,161079476.0,12958823.0,8.04
20200317,4438,103375292.0,5444954.0,5.26
20200317,4439,31500000.0,20350000.0,64.6
20200317,4526,254826461.0,19649805.0,7.71
20200317,4532,504915105.0,55374444.0,10.96
20200317,4536,90820000.0,11631107.0,12.8
20200317,4540,96678000.0,2188001.0,2.26
20200317,4545,77000000.0,27075132.0,35.16
20200317,4551,81934000.0,42600859.0,51.99
20200317,4552,116000000.0,58633710.0,50.54
20200317,4555,66880000.0,4349000.0,6.5
20200317,4557,39808000.0,16089330.0,40.41
20200317,4560,67666195.0,56101849.0,82.9
20200317,4562,67546000.0,1002018.0,1.48
20200317,4564,177786553.0,4167936.0,2.34
20200317,4566,66656000.0,2584000.0,3.87
20200317,4571,47600000.0,34071228.0,71.57
20200317,4572,35800000.0,59000.0,0.16
20200317,4576,117908241.0,1989202.0,1.68
20200317,4581,33899000.0,9866000.0,29.1
20200317,4720,88576709.0,2433173.0,2.74
20200317,4722,100009159.0,3284156.0,3.28
20200317,4725,291975000.0,2570827.0,0.88
20200317,4737,59500794.0,18527501.0,31.13
20200317,4739,93029269.0,4380588.0,4.7
20200317,4746,99012550.0,6233164.0,6.29
20200317,4755,90706000.0,29084532.0,32.06
20200317,4763,51076700.0,37965696.0,74.33
20200317,4764,76788615.0,28571285.0,37.2
20200317,4766,120570780.0,13244751.0,10.98
20200317,4807,38470000.0,27948601.0,72.65
20200317,4904,3258500810.0,693072907.0,21.26
20200317,4906,356883496.0,33873044.0,9.49
20200317,4912,47472069.0,17048985.0,35.91
20200317,4915,448730824.0,258911489.0,57.69
20200317,4916,83451568.0,1547466.0,1.85
20200317,4919,287554400.0,13232132.0,4.6
20200317,4927,184752016.0,22215521.0,12.02
20200317,4930,134300000.0,7139690.0,5.31
20200317,4934,200000000.0,8565563.0,4.28
20200317,4935,130937091.0,41942396.0,32.03
20200317,4938,2610791856.0,1122953180.0,43.01
20200317,4942,142367613.0,26691948.0,18.74
20200317,4943,135975732.0,51923249.0,38.18
20200317,4952,108815816.0,2155079.0,1.98
20200317,4956,100408236.0,8049907.0,8.01
20200317,4958,902229887.0,722311870.0,80.05
20200317,4960,665728500.0,82385908.0,12.37
20200317,4961,165687462.0,2453355.0,1.48
20200317,4967,68257489.0,9402878.0,13.77
20200317,4968,60376078.0,10488307.0,17.37
20200317,4976,117182000.0,2019455.0,1.72
20200317,4977,66640551.0,25078923.0,37.63
20200317,4989,153085000.0,1396205.0,0.91
20200317,4994,110639000.0,2764909.0,2.49
20200317,4999,74417200.0,6854666.0,9.21
20200317,5007,294940154.0,10795994.0,3.66
20200317,5203,83709300.0,21096477.0,25.2
20200317,5215,54337500.0,16317713.0,30.03
20200317,5225,61458000.0,36902753.0,60.04
20200317,5234,102715911.0,9306918.0,9.06
20200317,5243,168528915.0,113049414.0,67.08
20200317,5258,89542579.0,3077516.0,3.43
20200317,5264,420456991.0,276207873.0,65.69
20200317,5269,60037861.0,11104794.0,18.49
20200317,5283,76000425.0,493000.0,0.64
20200317,5284,43664608.0,26692208.0,61.13
20200317,5285,86099463.0,1785814.0,2.07
20200317,5288,65826153.0,42571253.0,64.67
20200317,5305,312456688.0,68629570.0,21.96
20200317,5388,245653767.0,64872628.0,26.4
20200317,5434,181699567.0,55050144.0,30.29
20200317,5469,491441352.0,80905829.0,16.46
20200317,5471,167877062.0,19162349.0,11.41
20200317,5484,68115093.0,306104.0,0.44
20200317,5515,267440105.0,13654621.0,5.1
20200317,5519,198544958.0,5501512.0,2.77
20200317,5521,447527413.0,33119229.0,7.4
20200317,5522,806259241.0,87155758.0,10.8
20200317,5525,244991913.0,5339539.0,2.17
20200317,5531,982474245.0,58544730.0,5.95
20200317,5533,285244944.0,9047049.0,3.17
20200317,5534,290325960.0,53249033.0,18.34
20200317,5538,168000000.0,115227125.0,68.58
20200317,5607,229979100.0,7125733.0,3.09
20200317,5608,279267090.0,22016461.0,7.88
20200317,5706,61294353.0,852890.0,1.39
20200317,5871,1328200030.0,998367761.0,75.16
20200317,5876,4481603140.0,2582943797.0,57.63
20200317,5880,12945848278.0,2595582486.0,20.04
20200317,5906,30000000.0,5888654.0,19.62
20200317,5907,195531000.0,104425237.0,53.4
20200317,6005,2170908097.0,245049020.0,11.28
20200317,6024,176437584.0,4233341.0,2.39
20200317,6108,159899311.0,11084779.0,6.93
20200317,6112,188357336.0,4052336.0,2.15
20200317,6115,187662154.0,23480791.0,12.51
20200317,6116,3133933851.0,353032449.0,11.26
20200317,6117,88650000.0,2477680.0,2.79
20200317,6120,665555114.0,61056842.0,9.17
20200317,6128,127588740.0,2906986.0,2.27
20200317,6131,101926533.0,125259.0,0.12
20200317,6133,117006294.0,5702871.0,4.87
20200317,6136,115536412.0,5157016.0,4.46
20200317,6139,225540929.0,37132010.0,16.46
20200317,6141,129964450.0,3231739.0,2.48
20200317,6142,268235633.0,7145699.0,2.66
20200317,6152,167738463.0,375337.0,0.22
20200317,6153,544279610.0,73668378.0,13.53
20200317,6155,86667589.0,2363407.0,2.72
20200317,6164,100000239.0,511855.0,0.51
20200317,6165,49682403.0,990013.0,1.99
20200317,6166,217497257.0,35677132.0,16.4
20200317,6168,206069801.0,7002050.0,3.39
20200317,6172,30000000.0,195214.0,0.65
20200317,6176,465027263.0,281372718.0,60.5
20200317,6177,256896748.0,6604042.0,2.57
20200317,6183,150000000.0,1307954.0,0.87
20200317,6184,158230657.0,4106468.0,2.59
20200317,6189,179045194.0,8939648.0,4.99
20200317,6191,515546903.0,40561650.0,7.86
20200317,6192,106839745.0,31191935.0,29.19
20200317,6196,185690424.0,9025291.0,4.86
20200317,6197,122085882.0,11945822.0,9.78
20200317,6201,89200000.0,157834.0,0.17
20200317,6202,226168200.0,63136601.0,27.91
20200317,6205,71839079.0,2061032.0,2.86
20200317,6206,143062324.0,30135525.0,21.06
20200317,6209,163119931.0,3557568.0,2.18
20200317,6213,302957218.0,44091463.0,14.55
20200317,6214,269393304.0,42421847.0,15.74
20200317,6215,82789693.0,4487883.0,5.42
20200317,6216,84345637.0,660124.0,0.78
20200317,6224,80001838.0,13924544.0,17.4
20200317,6225,119076655.0,6441406.0,5.4
20200317,6226,114951789.0,852256.0,0.74
20200317,6230,86343396.0,54784798.0,63.44
20200317,6235,168069106.0,2964143.0,1.76
20200317,6239,779146634.0,577776004.0,74.15
20200317,6243,74976693.0,253847.0,0.33
20200317,6251,281059335.0,36308367.0,12.91
20200317,6257,415772017.0,113357887.0,27.26
20200317,6269,335703398.0,116537446.0,34.71
20200317,6271,165357520.0,38159499.0,23.07
20200317,6277,119471166.0,19891525.0,16.64
20200317,6278,292398353.0,85000386.0,29.07
20200317,6281,99172945.0,2075478.0,2.09
20200317,6282,516621295.0,81230219.0,15.72
20200317,6283,148079143.0,28746717.0,19.41
20200317,6285,390329302.0,63951555.0,16.38
20200317,6288,171128000.0,4084258.0,2.38
20200317,6289,80778136.0,47714.0,0.05
20200317,6405,65800000.0,86686.0,0.13
20200317,6409,83301492.0,54441242.0,65.35
20200317,6412,386715375.0,47568952.0,12.3
20200317,6414,83574472.0,9227023.0,11.04
20200317,6415,91185063.0,84640091.0,92.82
20200317,6416,68035634.0,822050.0,1.2
20200317,6431,45642835.0,7420338.0,16.25
20200317,6442,69300000.0,23265224.0,33.57
20200317,6443,379016730.0,10117906.0,2.66
20200317,6449,84441912.0,1646022.0,1.94
20200317,6451,105446800.0,66808830.0,63.35
20200317,6452,100000000.0,21257967.0,21.25
20200317,6456,339439800.0,155318898.0,45.75
20200317,6464,122694706.0,590214.0,0.48
20200317,6477,94456570.0,736612.0,0.77
20200317,6491,70000000.0,2936763.0,4.19
20200317,6504,72600000.0,2375932.0,3.27
20200317,6505,9525959652.0,714820332.0,7.5
20200317,6525,129047384.0,14453476.0,11.2
20200317,6531,73830423.0,14475458.0,19.6
20200317,6533,42650911.0,1586847.0,3.72
20200317,6541,264052074.0,103246062.0,39.1
20200317,6552,100000000.0,1810293.0,1.81
20200317,6558,86660750.0,5093046.0,5.87
20200317,6573,67499345.0,46173319.0,68.4
20200317,6579,148498468.0,4457000.0,3.0
20200317,6581,111270887.0,420000.0,0.37
20200317,6582,104877141.0,15800095.0,15.06
20200317,6591,26203000.0,7665089.0,29.25
20200317,6592,515000407.0,120042495.0,23.3
20200317,6605,165816397.0,20432775.0,12.32
20200317,6625,37333423.0,16895.0,0.04
20200317,6641,34000000.0,11094603.0,32.63
20200317,6655,75608500.0,200274.0,0.26
20200317,6666,47388000.0,37679602.0,79.51
20200317,6668,68392302.0,18481621.0,27.02
20200317,6669,174510791.0,40991188.0,23.48
20200317,6670,131030000.0,29452888.0,22.47
20200317,6671,60750000.0,38038634.0,62.61
20200317,6672,70654345.0,27852277.0,39.42
20200317,6674,66837681.0,28000.0,0.04
20200317,6698,66389753.0,3878223.0,5.84
20200317,6706,66744935.0,4379806.0,6.56
20200317,6715,57000000.0,4600580.0,8.07
20200317,8011,118620375.0,2839541.0,2.39
20200317,8016,120136876.0,44167217.0,36.76
20200317,8021,142180467.0,18394817.0,12.93
20200317,8028,132408000.0,17478941.0,13.2
20200317,8033,112629775.0,645442.0,0.57
20200317,8039,209119692.0,48804949.0,23.33
20200317,8046,646165487.0,43716759.0,6.76
20200317,8070,63879937.0,7801744.0,12.21
20200317,8072,80000000.0,853270.0,1.06
20200317,8081,86172072.0,12903566.0,14.97
20200317,8101,208088795.0,694966.0,0.33
20200317,8103,81399413.0,7655605.0,9.4
20200317,8104,67630050.0,877404.0,1.29
20200317,8105,441544851.0,260005939.0,58.88
20200317,8110,506381144.0,31565320.0,6.23
20200317,8112,378496473.0,112756019.0,29.79
20200317,8114,106074919.0,4676912.0,4.4
20200317,8131,442222223.0,28624354.0,6.47
20200317,8150,727240126.0,351766772.0,48.37
20200317,8163,280000001.0,50596836.0,18.07
20200317,8201,62366275.0,1746565.0,2.8
20200317,8210,119725950.0,17866690.0,14.92
20200317,8213,271242488.0,73270732.0,27.01
20200317,8215,320674514.0,7917161.0,2.46
20200317,8222,68546750.0,286821.0,0.41
20200317,8249,127055000.0,19230919.0,15.13
20200317,8261,81340493.0,21072082.0,25.9
20200317,8271,100897807.0,18326115.0,18.16
20200317,8341,111500000.0,28004797.0,25.11
20200317,8367,81131938.0,1133473.0,1.39
20200317,8374,112225487.0,3519038.0,3.13
20200317,8404,315178126.0,176172115.0,55.89
20200317,8411,175398185.0,109163792.0,62.23
20200317,8422,108888000.0,27363526.0,25.12
20200317,8427,104261000.0,36895760.0,35.38
20200317,8429,185747151.0,68542583.0,36.9
20200317,8442,49999682.0,37880396.0,75.76
20200317,8443,66800000.0,4427125.0,6.62
20200317,8454,140058500.0,40779752.0,29.11
20200317,8462,69835558.0,1447583.0,2.07
20200317,8463,150000000.0,924000.0,0.61
20200317,8464,293020200.0,121988892.0,41.63
20200317,8466,66059000.0,40555000.0,61.39
20200317,8467,49534000.0,21926038.0,44.26
20200317,8473,134812297.0,1336711.0,0.99
20200317,8478,90893276.0,51720320.0,56.9
20200317,8480,39270000.0,34180019.0,87.03
20200317,8481,66601866.0,2945000.0,4.42
20200317,8482,111112000.0,99179701.0,89.26
20200317,8488,67500000.0,52358033.0,77.56
20200317,8497,36542810.0,554058.0,1.51
20200317,8499,51286000.0,37825108.0,73.75
20200317,8926,589048595.0,44843828.0,7.61
20200317,8940,67491032.0,5424937.0,8.03
20200317,8996,89384080.0,6863389.0,7.67
20200317,9103,205531500.0,799001.0,0.38
20200317,9105,839284153.0,10309005.0,1.22
20200317,9110,54138500.0,49000.0,0.09
20200317,9136,150904000.0,1919000.0,1.27
20200317,9188,66372000.0,0.0,0.0
20200317,9802,159830923.0,75364630.0,47.15
20200317,9902,98049600.0,434538.0,0.44
20200317,9904,2946787213.0,1692649697.0,57.44
20200317,9905,305000000.0,10058081.0,3.29
20200317,9906,83343981.0,628624.0,0.75
20200317,9907,1579145342.0,219516309.0,13.9
20200317,9908,516358000.0,11307045.0,2.18
20200317,9910,734734249.0,139775236.0,19.02
20200317,9911,221121188.0,48763260.0,22.05
20200317,9912,54350569.0,8645401.0,15.9
20200317,9914,298983800.0,114945458.0,38.44
20200317,9917,451197093.0,192692957.0,42.7
20200317,9918,180537453.0,2274969.0,1.26
20200317,9919,195362750.0,7403412.0,3.78
20200317,9921,375064626.0,181100115.0,48.28
20200317,9924,188452170.0,23350283.0,12.39
20200317,9925,383653075.0,65557485.0,17.08
20200317,9926,179504075.0,293323.0,0.16
20200317,9927,209148167.0,21972053.0,10.5
20200317,9928,150724583.0,0.0,0.0
20200317,9929,168800000.0,13598624.0,8.05
20200317,9930,248540368.0,4930606.0,1.98
20200317,9931,102250512.0,436917.0,0.42
20200317,9933,763273848.0,192402190.0,25.2
20200317,9934,356212962.0,75350012.0,21.15
20200317,9935,169623342.0,10021408.0,5.9
20200317,9937,309043000.0,5955178.0,1.92
20200317,9938,297963902.0,79241721.0,26.59
20200317,9939,292878879.0,78017951.0,26.63
20200317,9940,736846500.0,36109570.0,4.9
20200317,9941,302092125.0,18600522.0,6.15
20200317,9942,83161320.0,3056735.0,3.67
20200317,9943,147317600.0,4222939.0,2.86
20200317,9944,109107100.0,2456160.0,2.25
20200317,9945,1003253999.0,161089635.0,16.05
20200317,9946,300820867.0,31327000.0,10.41
20200317,9955,103208229.0,1199492.0,1.16
20200317,9958,209342910.0,11073177.0,5.28
20200318,1101,5465619204.0,1498063932.0,27.4
20200318,1102,3361447198.0,872818206.0,25.96
20200318,1103,774780548.0,41260655.0,5.32
20200318,1104,653609192.0,78527334.0,12.01
20200318,1108,404738049.0,6206730.0,1.53
20200318,1109,341957868.0,11191861.0,3.27
20200318,1110,572000797.0,43896466.0,7.67
20200318,1201,506062914.0,52424334.0,10.35
20200318,1203,240000000.0,5141769.0,2.14
20200318,1210,827339086.0,136456700.0,16.49
20200318,1213,56622627.0,42642.0,0.07
20200318,1215,267990998.0,111318943.0,41.53
20200318,1216,5682015421.0,2932046151.0,51.6
20200318,1217,494513336.0,37956256.0,7.67
20200318,1218,499999038.0,12855797.0,2.57
20200318,1219,322013887.0,11313703.0,3.51
20200318,1220,177077944.0,16375673.0,9.24
20200318,1225,218703051.0,1659906.0,0.75
20200318,1227,915089591.0,210510429.0,23.0
20200318,1229,1104739841.0,148992885.0,13.48
20200318,1231,174595395.0,3840687.0,2.19
20200318,1232,159974915.0,2109421.0,1.31
20200318,1233,90591948.0,4707802.0,5.19
20200318,1234,401871094.0,17428511.0,4.33
20200318,1235,98955436.0,58637.0,0.05
20200318,1236,108342510.0,63329.0,0.05
20200318,1256,33842160.0,1487777.0,4.39
20200318,1301,6365740781.0,2340360670.0,36.76
20200318,1303,7930821589.0,2375610370.0,29.95
20200318,1304,1188763500.0,407442531.0,34.27
20200318,1305,527029927.0,85564967.0,16.23
20200318,1307,397818126.0,45937752.0,11.54
20200318,1308,554382745.0,34641424.0,6.24
20200318,1309,334204892.0,13456279.0,4.02
20200318,1310,527869764.0,95187732.0,18.03
20200318,1312,906620328.0,232237104.0,25.61
20200318,1313,1332347607.0,149973709.0,11.25
20200318,1314,3284850130.0,541650853.0,16.48
20200318,1315,198000000.0,2209149.0,1.11
20200318,1316,179541221.0,2259031.0,1.25
20200318,1319,591477068.0,114096620.0,19.29
20200318,1321,227228268.0,5588995.0,2.45
20200318,1323,91274554.0,2843165.0,3.11
20200318,1324,75121882.0,338215.0,0.45
20200318,1325,85281198.0,778363.0,0.91
20200318,1326,5861186291.0,2103546119.0,35.88
20200318,1337,268954729.0,70137827.0,26.07
20200318,1338,83840000.0,12516510.0,14.92
20200318,1339,74138875.0,1202038.0,1.62
20200318,1340,152922855.0,47221961.0,30.87
20200318,1341,49400000.0,42897950.0,86.83
20200318,1402,5352875227.0,1025070962.0,19.14
20200318,1409,1618409291.0,249582922.0,15.42
20200318,1410,63000000.0,10477456.0,16.63
20200318,1413,132112454.0,381175.0,0.28
20200318,1414,220000000.0,2566669.0,1.16
20200318,1416,185342168.0,26516289.0,14.3
20200318,1417,189941840.0,4938620.0,2.6
20200318,1418,56834309.0,344219.0,0.6
20200318,1419,300041280.0,6719142.0,2.23
20200318,1423,138400000.0,2845830.0,2.05
20200318,1432,167937642.0,119917.0,0.07
20200318,1434,1684664637.0,274314474.0,16.28
20200318,1435,139780080.0,1017879.0,0.72
20200318,1436,95634000.0,91722.0,0.09
20200318,1437,203371284.0,11411065.0,5.61
20200318,1438,102411518.0,84044.0,0.08
20200318,1439,92000000.0,1301935.0,1.41
20200318,1440,1656815857.0,121089074.0,7.3
20200318,1441,100800000.0,1384719.0,1.37
20200318,1442,302117481.0,8405757.0,2.78
20200318,1443,135343011.0,67758.0,0.05
20200318,1444,957302942.0,91360816.0,9.54
20200318,1445,132667034.0,1945715.0,1.46
20200318,1446,137709513.0,1573237.0,1.14
20200318,1447,914487242.0,68076604.0,7.44
20200318,1449,120000000.0,366535.0,0.3
20200318,1451,198000000.0,20022142.0,10.11
20200318,1452,132641400.0,5491732.0,4.14
20200318,1453,98642138.0,61880.0,0.06
20200318,1454,134309848.0,553472.0,0.41
20200318,1455,611763380.0,19619883.0,3.2
20200318,1456,93720000.0,138224.0,0.14
20200318,1457,301647640.0,9068110.0,3.0
20200318,1459,358628907.0,7851150.0,2.18
20200318,1460,509834182.0,24335481.0,4.77
20200318,1463,173268381.0,5596824.0,3.23
20200318,1464,384565652.0,7248490.0,1.88
20200318,1465,103607267.0,814735.0,0.78
20200318,1466,111157320.0,123264.0,0.11
20200318,1467,233624667.0,45051206.0,19.28
20200318,1468,160405244.0,2934115.0,1.82
20200318,1470,85767000.0,42084.0,0.04
20200318,1471,150414536.0,112970.0,0.07
20200318,1472,45672722.0,48667.0,0.1
20200318,1473,147153534.0,15432754.0,10.48
20200318,1474,129896969.0,174888.0,0.13
20200318,1475,16016749.0,11039.0,0.06
20200318,1476,274367111.0,100008164.0,36.45
20200318,1477,219856581.0,28547872.0,12.98
20200318,1503,520972223.0,166210116.0,31.9
20200318,1504,1967692886.0,752831221.0,38.25
20200318,1506,122855501.0,516365.0,0.42
20200318,1507,410820000.0,186263978.0,45.33
20200318,1512,220002494.0,17970048.0,8.16
20200318,1513,420000000.0,54778737.0,13.04
20200318,1514,207099023.0,23307851.0,11.25
20200318,1515,181473500.0,18618926.0,10.25
20200318,1516,33350889.0,41368.0,0.12
20200318,1517,227825007.0,5680321.0,2.49
20200318,1519,261058548.0,17162608.0,6.57
20200318,1521,76230000.0,25593764.0,33.57
20200318,1522,312897881.0,20607589.0,6.58
20200318,1524,179685207.0,247726.0,0.13
20200318,1525,73400135.0,40878.0,0.05
20200318,1526,60000000.0,1026638.0,1.71
20200318,1527,138570640.0,11844726.0,8.54
20200318,1528,199331000.0,2453467.0,1.23
20200318,1529,95967982.0,291354.0,0.3
20200318,1530,96594171.0,693681.0,0.71
20200318,1531,185008080.0,18178386.0,9.82
20200318,1532,385252112.0,47265126.0,12.26
20200318,1533,98547486.0,6634588.0,6.73
20200318,1535,123742552.0,503004.0,0.4
20200318,1536,254956513.0,33502564.0,13.14
20200318,1537,81785394.0,19048756.0,23.29
20200318,1538,56135851.0,137355.0,0.24
20200318,1539,65370000.0,68034.0,0.1
20200318,1540,85473612.0,170353.0,0.19
20200318,1541,78800000.0,7676312.0,9.74
20200318,1558,60535631.0,6778116.0,11.19
20200318,1560,141000000.0,19223955.0,13.63
20200318,1568,103086559.0,1880113.0,1.82
20200318,1582,123724171.0,38402249.0,31.03
20200318,1583,110400372.0,73986.0,0.06
20200318,1587,67356618.0,13522742.0,20.07
20200318,1589,105617519.0,10813951.0,10.23
20200318,1590,189024998.0,127503905.0,67.45
20200318,1592,110978250.0,42945412.0,38.69
20200318,1598,115100887.0,838787.0,0.72
20200318,1603,191688000.0,3441859.0,1.79
20200318,1604,387200000.0,47630048.0,12.3
20200318,1605,3326000258.0,740452781.0,22.26
20200318,1608,632773506.0,20995907.0,3.31
20200318,1609,595068022.0,61501726.0,10.33
20200318,1611,358595268.0,41662941.0,11.61
20200318,1612,316080063.0,33729981.0,10.67
20200318,1614,269113406.0,5345013.0,1.98
20200318,1615,111861784.0,154650.0,0.13
20200318,1616,194148515.0,148127.0,0.07
20200318,1617,144233235.0,30625329.0,21.23
20200318,1618,240864684.0,2837787.0,1.17
20200318,1626,136850637.0,67306241.0,49.18
20200318,1701,298081080.0,30509156.0,10.23
20200318,1702,294132962.0,48578663.0,16.51
20200318,1707,136286373.0,30377965.0,22.28
20200318,1708,211520260.0,17277236.0,8.16
20200318,1709,477016272.0,17596188.0,3.68
20200318,1710,885703029.0,83885120.0,9.47
20200318,1711,547752226.0,46756552.0,8.53
20200318,1712,420492585.0,50894758.0,12.1
20200318,1713,150951700.0,7259675.0,4.8
20200318,1714,1016824808.0,182465528.0,17.94
20200318,1717,1240279455.0,167117703.0,13.47
20200318,1718,1621367217.0,172120993.0,10.61
20200318,1720,178696089.0,3437793.0,1.92
20200318,1721,222347344.0,6337121.0,2.85
20200318,1722,980000000.0,137812781.0,14.06
20200318,1723,236904480.0,31820149.0,13.43
20200318,1724,127813900.0,7708934.0,6.03
20200318,1725,181829978.0,242027.0,0.13
20200318,1726,162000000.0,24076727.0,14.86
20200318,1727,110250000.0,1090598.0,0.98
20200318,1730,63233851.0,4737281.0,7.49
20200318,1731,132915244.0,1305790.0,0.98
20200318,1732,42443957.0,230646.0,0.54
20200318,1733,99986192.0,2941146.0,2.94
20200318,1734,167722022.0,5493757.0,3.27
20200318,1735,99388000.0,49907241.0,50.21
20200318,1736,303616617.0,13402171.0,4.41
20200318,1737,200000000.0,18591379.0,9.29
20200318,1760,76739013.0,1644958.0,2.14
20200318,1762,77560000.0,2727279.0,3.51
20200318,1773,150000000.0,3805597.0,2.53
20200318,1776,69986099.0,38001.0,0.05
20200318,1783,69465000.0,5315606.0,7.65
20200318,1786,58100000.0,636073.0,1.09
20200318,1789,790739222.0,34193027.0,4.32
20200318,1795,243113964.0,168316971.0,69.23
20200318,1802,2908060800.0,205827591.0,7.07
20200318,1805,100265400.0,113805.0,0.11
20200318,1806,433782078.0,53270314.0,12.28
20200318,1808,308330531.0,14619679.0,4.74
20200318,1809,167041937.0,5240786.0,3.13
20200318,1810,369853610.0,12317506.0,3.33
20200318,1817,72600000.0,1160000.0,1.59
20200318,1902,402000550.0,20129369.0,5.0
20200318,1903,260039121.0,38814115.0,14.92
20200318,1904,1108274522.0,146503939.0,13.21
20200318,1905,1102835316.0,47503594.0,4.3
20200318,1906,151000000.0,1669509.0,1.1
20200318,1907,1660371495.0,299679027.0,18.04
20200318,1909,1217685727.0,179092395.0,14.7
20200318,2002,15734860997.0,3069086743.0,19.5
20200318,2006,1004060608.0,129910914.0,12.93
20200318,2007,530651613.0,301965.0,0.05
20200318,2008,200852293.0,14308407.0,7.12
20200318,2009,359622165.0,23765265.0,6.6
20200318,2010,647655390.0,29191564.0,4.5
20200318,2012,287774000.0,6927540.0,2.4
20200318,2013,200000000.0,14615962.0,7.3
20200318,2014,1435544446.0,70912148.0,4.93
20200318,2015,581599424.0,54683916.0,9.4
20200318,2017,341867462.0,7942222.0,2.32
20200318,2020,222526100.0,5655869.0,2.54
20200318,2022,479751976.0,14616352.0,3.04
20200318,2023,1913327518.0,128924900.0,6.73
20200318,2024,97500000.0,146093.0,0.14
20200318,2025,281167262.0,119066.0,0.04
20200318,2027,1233790052.0,294295316.0,23.85
20200318,2028,325714800.0,279958.0,0.08
20200318,2029,321180000.0,225487081.0,70.2
20200318,2030,286526027.0,14259668.0,4.97
20200318,2031,310687699.0,32116658.0,10.33
20200318,2032,130521545.0,217736.0,0.16
20200318,2033,80694536.0,120139.0,0.14
20200318,2034,407130743.0,50408811.0,12.38
20200318,2038,181264522.0,417670.0,0.23
20200318,2049,309578886.0,122517094.0,39.57
20200318,2059,95297072.0,23651002.0,24.81
20200318,2062,163014152.0,16856128.0,10.34
20200318,2069,156386836.0,673307.0,0.43
20200318,2101,833934904.0,70888131.0,8.5
20200318,2102,473329207.0,38876645.0,8.21
20200318,2103,825709978.0,288236919.0,34.9
20200318,2104,984733625.0,118277129.0,12.01
20200318,2105,3241415536.0,429539751.0,13.25
20200318,2106,874430000.0,45416706.0,5.19
20200318,2107,350000000.0,34042641.0,9.72
20200318,2108,492416659.0,46404563.0,9.42
20200318,2109,332349134.0,49535660.0,14.9
20200318,2114,70901552.0,1236907.0,1.74
20200318,2115,86063215.0,39635789.0,46.05
20200318,2201,1572919909.0,99979868.0,6.35
20200318,2204,553620342.0,164537384.0,29.72
20200318,2206,853595604.0,87399153.0,10.23
20200318,2207,546179184.0,130591089.0,23.9
20200318,2208,472991749.0,15671344.0,3.31
20200318,2227,300000000.0,122649576.0,40.88
20200318,2228,75780281.0,6946573.0,9.16
20200318,2231,122821241.0,11751562.0,9.56
20200318,2233,60288089.0,5394033.0,8.94
20200318,2236,44826766.0,33328473.0,74.34
20200318,2239,118007000.0,89891639.0,76.17
20200318,2243,45718529.0,19624127.0,42.92
20200318,2301,2350867032.0,1262793404.0,53.71
20200318,2302,166302881.0,6348656.0,3.81
20200318,2303,11773994401.0,5973616739.0,50.73
20200318,2305,205660827.0,9947708.0,4.83
20200318,2308,2597543329.0,1714441720.0,66.0
20200318,2312,1452081211.0,251086398.0,17.29
20200318,2313,1191820589.0,323071332.0,27.1
20200318,2314,228028320.0,3224388.0,1.41
20200318,2316,203045040.0,37479712.0,18.45
20200318,2317,13862990609.0,6312345605.0,45.53
20200318,2321,315332590.0,167111.0,0.05
20200318,2323,1158881200.0,102055968.0,8.8
20200318,2324,4407146625.0,2100381435.0,47.65
20200318,2327,427121695.0,208751137.0,48.87
20200318,2328,518346282.0,89214357.0,17.21
20200318,2329,557328533.0,170276809.0,30.55
20200318,2330,25930380458.0,19646716308.0,75.76
20200318,2331,557402968.0,87544474.0,15.7
20200318,2332,651996166.0,95474376.0,14.64
20200318,2337,1839908862.0,358715652.0,19.49
20200318,2338,252713611.0,2931467.0,1.15
20200318,2340,378622846.0,74710111.0,19.73
20200318,2342,156342161.0,10788439.0,6.9
20200318,2344,3980000193.0,897621044.0,22.55
20200318,2345,557726397.0,319791419.0,57.33
20200318,2347,1667946968.0,576354563.0,34.55
20200318,2348,85600000.0,1554904.0,1.81
20200318,2349,1284157900.0,162824358.0,12.67
20200318,2351,182140249.0,23961398.0,13.15
20200318,2352,1966781958.0,408483412.0,20.76
20200318,2353,3074933828.0,863281994.0,28.07
20200318,2354,1414485192.0,386638586.0,27.33
20200318,2355,397495420.0,114367743.0,28.77
20200318,2356,3587475066.0,974010140.0,27.15
20200318,2357,742760280.0,451433022.0,60.77
20200318,2358,94616172.0,297112.0,0.31
20200318,2359,171471052.0,6437519.0,3.75
20200318,2360,419092587.0,269473163.0,64.29
20200318,2362,669763000.0,86916734.0,12.97
20200318,2363,554062477.0,30822866.0,5.56
20200318,2364,198939797.0,30043266.0,15.1
20200318,2365,234538496.0,14988942.0,6.39
20200318,2367,619407175.0,130145140.0,21.01
20200318,2368,546487841.0,55219189.0,10.1
20200318,2369,380102344.0,58165913.0,15.3
20200318,2371,2339536685.0,922551799.0,39.43
20200318,2373,236202518.0,4491202.0,1.9
20200318,2374,282362812.0,25037951.0,8.86
20200318,2375,194063097.0,6807964.0,3.5
20200318,2376,635688886.0,179286452.0,28.2
20200318,2377,844856199.0,290064446.0,34.33
20200318,2379,508095464.0,302991353.0,59.63
20200318,2380,162444084.0,3014533.0,1.85
20200318,2382,3862627432.0,1009941323.0,26.14
20200318,2383,319708064.0,114199404.0,35.71
20200318,2385,734497521.0,390646897.0,53.18
20200318,2387,196297952.0,10720138.0,5.46
20200318,2388,493303441.0,53425301.0,10.83
20200318,2390,214021602.0,4582325.0,2.14
20200318,2392,512326940.0,71112820.0,13.88
20200318,2393,443056236.0,157247981.0,35.49
20200318,2395,699075510.0,285711087.0,40.86
20200318,2397,114688857.0,24577938.0,21.43
20200318,2399,178100000.0,30795283.0,17.29
20200318,2401,591994919.0,70245505.0,11.86
20200318,2402,307536533.0,42478723.0,13.81
20200318,2404,190586698.0,55360901.0,29.04
20200318,2405,343427303.0,22329651.0,6.5
20200318,2406,205905689.0,18096702.0,8.78
20200318,2408,3053504894.0,667139295.0,21.84
20200318,2409,9624245115.0,2963200899.0,30.78
20200318,2412,7757446545.0,1266069797.0,16.32
20200318,2413,127359200.0,594115.0,0.46
20200318,2414,161735846.0,10835014.0,6.69
20200318,2415,80000000.0,1302951.0,1.62
20200318,2417,192892330.0,5066430.0,2.62
20200318,2419,328986229.0,38496177.0,11.7
20200318,2420,152648688.0,5324474.0,3.48
20200318,2421,250929732.0,69279704.0,27.6
20200318,2423,145047289.0,2359432.0,1.62
20200318,2424,30000000.0,71154.0,0.23
20200318,2425,101498831.0,27894687.0,27.48
20200318,2426,300622252.0,22861643.0,7.6
20200318,2427,184314463.0,3642289.0,1.97
20200318,2428,128112726.0,19678394.0,15.36
20200318,2429,36736200.0,1175997.0,3.2
20200318,2430,166468825.0,5955090.0,3.57
20200318,2431,110927014.0,1315990.0,1.18
20200318,2433,144496011.0,1456704.0,1.0
20200318,2434,70602126.0,800806.0,1.13
20200318,2436,178009961.0,13087029.0,7.35
20200318,2438,95215940.0,66374.0,0.06
20200318,2439,207879134.0,42348209.0,20.37
20200318,2440,139117271.0,113394.0,0.08
20200318,2441,568845921.0,87148574.0,15.32
20200318,2442,267234372.0,9124550.0,3.41
20200318,2443,145687000.0,221195.0,0.15
20200318,2444,105557573.0,1921563.0,1.82
20200318,2448,1088701410.0,193586097.0,17.78
20200318,2449,1222745065.0,530437000.0,43.38
20200318,2450,258252657.0,11606636.0,4.49
20200318,2451,430761675.0,69678419.0,16.17
20200318,2453,100000000.0,1060804.0,1.06
20200318,2454,1589981632.0,975416407.0,61.34
20200318,2455,184905918.0,37350278.0,20.19
20200318,2456,243254748.0,47743322.0,19.62
20200318,2457,337688416.0,25101695.0,7.43
20200318,2458,303880392.0,89350364.0,29.4
20200318,2459,105900615.0,18526235.0,17.49
20200318,2460,169200000.0,1569103.0,0.92
20200318,2461,159324631.0,5190431.0,3.25
20200318,2462,142484596.0,1348712.0,0.94
20200318,2464,195531226.0,16726222.0,8.55
20200318,2465,53587301.0,283927.0,0.52
20200318,2466,156334226.0,18820291.0,12.03
20200318,2467,149205548.0,11401974.0,7.64
20200318,2468,69961249.0,30995.0,0.04
20200318,2471,47253890.0,610916.0,1.29
20200318,2472,129219822.0,3861986.0,2.98
20200318,2474,770391069.0,498740767.0,64.73
20200318,2476,184968298.0,17924743.0,9.69
20200318,2477,198216555.0,44815674.0,22.6
20200318,2478,145248989.0,11032363.0,7.59
20200318,2480,106360291.0,9009697.0,8.47
20200318,2481,332814927.0,39393758.0,11.83
20200318,2482,62072549.0,322301.0,0.51
20200318,2483,110618807.0,183242.0,0.16
20200318,2484,159421022.0,10680976.0,6.69
20200318,2485,317689037.0,20695914.0,6.51
20200318,2486,201958579.0,7126741.0,3.52
20200318,2488,79999433.0,2552631.0,3.19
20200318,2489,809362045.0,103345607.0,12.76
20200318,2491,82008000.0,6390676.0,7.79
20200318,2492,485800000.0,121419016.0,24.99
20200318,2493,114437390.0,7792922.0,6.8
20200318,2495,276290738.0,48294083.0,17.47
20200318,2496,17459400.0,8464869.0,48.48
20200318,2497,118798463.0,1721483.0,1.44
20200318,2498,818808635.0,132752277.0,16.21
20200318,2499,461172003.0,39919238.0,8.65
20200318,2501,1159561059.0,108060751.0,9.31
20200318,2504,1385000335.0,160605956.0,11.59
20200318,2505,696582479.0,28681366.0,4.11
20200318,2506,387000000.0,13227991.0,3.41
20200318,2509,204136846.0,3112604.0,1.52
20200318,2511,1623326147.0,141897426.0,8.74
20200318,2514,404729278.0,17453870.0,4.31
20200318,2515,1530899822.0,154812801.0,10.11
20200318,2516,226278457.0,6221711.0,2.74
20200318,2520,503791000.0,106440054.0,21.12
20200318,2524,384846372.0,8282635.0,2.15
20200318,2527,270306000.0,78327922.0,28.97
20200318,2528,277085409.0,360491.0,0.13
20200318,2530,270752466.0,3170115.0,1.17
20200318,2534,592784962.0,69328289.0,11.69
20200318,2535,290743386.0,26888226.0,9.24
20200318,2536,332808652.0,59198587.0,17.78
20200318,2537,300557795.0,8667782.0,2.88
20200318,2538,438448764.0,58216712.0,13.27
20200318,2539,461314374.0,348105.0,0.07
20200318,2540,146600000.0,130004.0,0.08
20200318,2542,1166628752.0,221184291.0,18.95
20200318,2543,241983788.0,268506.0,0.11
20200318,2545,327734808.0,12430465.0,3.79
20200318,2546,106035660.0,3405988.0,3.21
20200318,2547,912307649.0,202714256.0,22.21
20200318,2548,276812726.0,81700795.0,29.51
20200318,2597,135000000.0,1067171.0,0.79
20200318,2601,630883150.0,76968706.0,12.2
20200318,2603,4812973786.0,1138305585.0,23.65
20200318,2605,585353297.0,195149774.0,33.33
20200318,2606,845055712.0,77724002.0,9.19
20200318,2607,1067141094.0,73631279.0,6.89
20200318,2608,467000498.0,42618523.0,9.12
20200318,2609,2601335728.0,138805509.0,5.33
20200318,2610,5420984650.0,808717434.0,14.91
20200318,2611,175994247.0,171920.0,0.09
20200318,2612,197484593.0,4550744.0,2.3
20200318,2613,148423458.0,110643.0,0.07
20200318,2614,556789889.0,10376704.0,1.86
20200318,2615,2218297466.0,926818741.0,41.78
20200318,2616,137281827.0,4444589.0,3.23
20200318,2617,417294487.0,14010835.0,3.35
20200318,2618,4853569490.0,1356683641.0,27.95
20200318,2630,120120000.0,70000.0,0.05
20200318,2633,5628293058.0,798676342.0,14.19
20200318,2634,941867101.0,18595617.0,1.97
20200318,2636,117157402.0,16919077.0,14.44
20200318,2637,688655903.0,51604497.0,7.49
20200318,2642,95467000.0,4959332.0,5.19
20200318,2701,449967838.0,1833326.0,0.4
20200318,2702,110485538.0,41037363.0,37.14
20200318,2704,366923343.0,31751145.0,8.65
20200318,2705,186536630.0,5685559.0,3.04
20200318,2706,499998346.0,12763990.0,2.55
20200318,2707,126745769.0,18810593.0,14.84
20200318,2712,105000000.0,65592.0,0.06
20200318,2722,111522961.0,95380.0,0.08
20200318,2723,180000000.0,94428310.0,52.46
20200318,2727,76987883.0,7708282.0,10.01
20200318,2731,70000000.0,2224896.0,3.17
20200318,2739,111526000.0,2190800.0,1.96
20200318,2748,65637000.0,458847.0,0.69
20200318,2801,9985311160.0,1456934669.0,14.59
20200318,2809,1131234265.0,189602711.0,16.76
20200318,2812,3708834898.0,508292164.0,13.7
20200318,2816,212960000.0,11791821.0,5.53
20200318,2820,1342960000.0,104877159.0,7.8
20200318,2823,4463582304.0,1059067317.0,23.72
20200318,2832,362200400.0,11570718.0,3.19
20200318,2834,7131984244.0,1638868841.0,22.97
20200318,2836,1080916486.0,79090766.0,7.31
20200318,2838,2884455292.0,86732173.0,3.0
20200318,2841,760943600.0,81017746.0,10.64
20200318,2845,3355819407.0,420865414.0,12.54
20200318,2849,1957910050.0,1154132914.0,58.94
20200318,2850,315963300.0,27076004.0,8.56
20200318,2851,590388750.0,13208566.0,2.23
20200318,2852,301163784.0,12129846.0,4.02
20200318,2855,1372390028.0,145651394.0,10.61
20200318,2867,2371971471.0,165215203.0,6.96
20200318,2880,12172740178.0,2397956108.0,19.69
20200318,2881,10233603995.0,2694148165.0,26.32
20200318,2882,13169210128.0,2832705832.0,21.51
20200318,2883,14965982132.0,3797627914.0,25.37
20200318,2884,11619500000.0,4890879935.0,42.09
20200318,2885,11670611456.0,4529016341.0,38.8
20200318,2886,13599823983.0,3410284700.0,25.07
20200318,2887,10656061370.0,2890675355.0,27.12
20200318,2888,12600394063.0,2713098044.0,21.53
20200318,2889,2848064596.0,352749338.0,12.38
20200318,2890,11281054106.0,3501200454.0,31.03
20200318,2891,19496989569.0,7751533328.0,39.75
20200318,2892,12461942795.0,3289610456.0,26.39
20200318,2897,2413006301.0,29688066.0,1.23
20200318,2901,73043283.0,53994.0,0.07
20200318,2903,1416940589.0,207611252.0,14.65
20200318,2904,69034432.0,55652.0,0.08
20200318,2905,826682688.0,56887194.0,6.88
20200318,2906,209111093.0,3848522.0,1.84
20200318,2908,509887558.0,40304961.0,7.9
20200318,2910,208725000.0,270000.0,0.12
20200318,2911,188941775.0,33115867.0,17.52
20200318,2912,1039622255.0,417604410.0,40.16
20200318,2913,790000000.0,91130550.0,11.53
20200318,2915,564860594.0,101325224.0,17.93
20200318,2923,1740296982.0,1727207274.0,99.24
20200318,2929,94955292.0,47295522.0,49.8
20200318,2936,76555696.0,67941696.0,88.74
20200318,2939,47222665.0,35081893.0,74.29
20200318,3002,102000000.0,246372.0,0.24
20200318,3003,155654890.0,11726386.0,7.53
20200318,3004,52647155.0,1028072.0,1.95
20200318,3005,579520150.0,183682251.0,31.69
20200318,3006,285758925.0,43565870.0,15.24
20200318,3008,134140197.0,70175600.0,52.31
20200318,3010,231390138.0,53870250.0,23.28
20200318,3011,112719251.0,130048.0,0.11
20200318,3013,159435018.0,2996158.0,1.87
20200318,3014,161080124.0,33985217.0,21.09
20200318,3015,192261950.0,21958055.0,11.42
20200318,3016,274401315.0,4593055.0,1.67
20200318,3017,353310157.0,120217897.0,34.02
20200318,3018,73512132.0,2003491.0,2.72
20200318,3019,281083901.0,36114429.0,12.84
20200318,3021,95813467.0,2361516.0,2.46
20200318,3022,177289790.0,36994952.0,20.86
20200318,3023,229078860.0,110352555.0,48.17
20200318,3024,277157496.0,3946140.0,1.42
20200318,3025,70920550.0,1539059.0,2.17
20200318,3026,157990779.0,15797455.0,9.99
20200318,3027,98856311.0,174199.0,0.17
20200318,3028,213824864.0,10565615.0,4.94
20200318,3029,124623212.0,3716382.0,2.98
20200318,3030,236216000.0,53515008.0,22.65
20200318,3031,186674224.0,5811937.0,3.11
20200318,3032,113285626.0,2190015.0,1.93
20200318,3033,367751242.0,17674471.0,4.8
20200318,3034,608511469.0,371025922.0,60.97
20200318,3035,248550313.0,58246640.0,23.43
20200318,3036,588121760.0,138405825.0,23.53
20200318,3037,1504732333.0,472029587.0,31.36
20200318,3038,162407603.0,5534365.0,3.4
20200318,3040,63000000.0,10652598.0,16.9
20200318,3041,192539746.0,14238167.0,7.39
20200318,3042,309757040.0,110943003.0,35.81
20200318,3043,194878166.0,2449666.0,1.25
20200318,3044,525605898.0,314282697.0,59.79
20200318,3045,3442720069.0,655995757.0,19.05
20200318,3046,71448013.0,738702.0,1.03
20200318,3047,186491633.0,7008547.0,3.75
20200318,3048,222572540.0,24778242.0,11.13
20200318,3049,806948529.0,77554335.0,9.61
20200318,3050,145984450.0,7994083.0,5.47
20200318,3051,325332396.0,273232.0,0.08
20200318,3052,228713554.0,6742014.0,2.94
20200318,3054,87848033.0,201261.0,0.22
20200318,3055,102441918.0,2411424.0,2.35
20200318,3056,209215308.0,18054643.0,8.62
20200318,3057,161409213.0,7804531.0,4.83
20200318,3058,164937351.0,4440488.0,2.69
20200318,3059,279587325.0,34758942.0,12.43
20200318,3060,139361590.0,10838534.0,7.77
20200318,3062,328605418.0,44092964.0,13.41
20200318,3090,178657150.0,15282370.0,8.55
20200318,3094,84655089.0,1434644.0,1.69
20200318,3130,33190700.0,13607919.0,40.99
20200318,3149,206393604.0,3892085.0,1.88
20200318,3164,88911864.0,690305.0,0.77
20200318,3167,80134116.0,1222490.0,1.52
20200318,3189,451039005.0,74606536.0,16.54
20200318,3209,172915577.0,3444708.0,1.99
20200318,3229,93515881.0,1362777.0,1.45
20200318,3231,2840612050.0,1580061697.0,55.62
20200318,3257,69380277.0,341835.0,0.49
20200318,3266,352314309.0,17768199.0,5.04
20200318,3296,98224450.0,1911054.0,1.94
20200318,3305,118265271.0,3184144.0,2.69
20200318,3308,98569663.0,79319.0,0.08
20200318,3311,60000000.0,448565.0,0.74
20200318,3312,118032122.0,9734120.0,8.24
20200318,3321,126218519.0,663491.0,0.52
20200318,3338,86481985.0,2617284.0,3.02
20200318,3346,75784000.0,3587347.0,4.73
20200318,3356,89871303.0,1403093.0,1.56
20200318,3376,178988346.0,53228693.0,29.73
20200318,3380,542727260.0,36886439.0,6.79
20200318,3383,70000000.0,12087788.0,17.26
20200318,3406,110890463.0,31465727.0,28.37
20200318,3413,82687500.0,16844773.0,20.37
20200318,3416,72181447.0,1600113.0,2.21
20200318,3419,120480417.0,7505468.0,6.22
20200318,3432,66586000.0,3328907.0,4.99
20200318,3437,144548000.0,15546650.0,10.75
20200318,3443,134011911.0,25227258.0,18.82
20200318,3450,145681382.0,15374551.0,10.55
20200318,3454,87033910.0,6448562.0,7.4
20200318,3481,9711071977.0,2701267343.0,27.81
20200318,3494,179450634.0,8101372.0,4.51
20200318,3501,118257927.0,3699862.0,3.12
20200318,3504,114059785.0,2107172.0,1.84
20200318,3515,120647229.0,5322636.0,4.41
20200318,3518,80752230.0,7981563.0,9.88
20200318,3528,65597216.0,5636002.0,8.59
20200318,3530,78025900.0,36757050.0,47.1
20200318,3532,387848300.0,187908360.0,48.44
20200318,3533,103477900.0,24927905.0,24.09
20200318,3535,79052356.0,3034218.0,3.83
20200318,3536,106800000.0,223564.0,0.2
20200318,3545,299416416.0,69030532.0,23.05
20200318,3550,85000000.0,636002.0,0.74
20200318,3557,72300415.0,25470441.0,35.22
20200318,3563,42608234.0,7624796.0,17.89
20200318,3576,2665577382.0,259540850.0,9.73
20200318,3583,81139000.0,6423998.0,7.91
20200318,3588,46882200.0,2158568.0,4.6
20200318,3591,125001379.0,6193207.0,4.95
20200318,3593,83042416.0,46931.0,0.05
20200318,3596,208535090.0,22815442.0,10.94
20200318,3605,122395884.0,11159006.0,9.11
20200318,3607,121662239.0,9016427.0,7.41
20200318,3617,80951000.0,3054694.0,3.77
20200318,3622,151327600.0,3941223.0,2.6
20200318,3645,129420494.0,6777871.0,5.23
20200318,3653,120484239.0,10391620.0,8.62
20200318,3661,60186610.0,24079041.0,40.0
20200318,3665,130517407.0,56588694.0,43.35
20200318,3669,92919950.0,3196568.0,3.44
20200318,3673,406663759.0,167236904.0,41.12
20200318,3679,62296229.0,8556130.0,13.73
20200318,3682,3817196399.0,150143342.0,3.93
20200318,3686,113513643.0,2455915.0,2.16
20200318,3694,150495808.0,1013156.0,0.67
20200318,3698,519386380.0,126441056.0,24.34
20200318,3701,190344554.0,6298144.0,3.3
20200318,3702,1679056833.0,528619272.0,31.48
20200318,3703,823215980.0,174396085.0,21.18
20200318,3704,441177355.0,45499874.0,10.31
20200318,3705,266422983.0,35243494.0,13.22
20200318,3706,1077282847.0,213355377.0,19.8
20200318,3708,93504604.0,13328095.0,14.25
20200318,3711,4323358382.0,3258273735.0,75.36
20200318,3712,246242146.0,2930345.0,1.19
20200318,4104,141148970.0,9595385.0,6.79
20200318,4106,100911557.0,1122366.0,1.11
20200318,4108,163616379.0,703965.0,0.43
20200318,4119,79485310.0,15637404.0,19.67
20200318,4133,60553594.0,9638858.0,15.91
20200318,4137,79492350.0,51307940.0,64.54
20200318,4141,171144968.0,118357333.0,69.15
20200318,4142,362352752.0,13996350.0,3.86
20200318,4144,77139000.0,42012609.0,54.46
20200318,4148,64034001.0,46368001.0,72.41
20200318,4155,78621079.0,191312.0,0.24
20200318,4164,140386871.0,38312614.0,27.29
20200318,4190,60914700.0,38599449.0,63.36
20200318,4306,571834173.0,35271283.0,6.16
20200318,4414,903434949.0,184667154.0,20.44
20200318,4426,161079476.0,13109823.0,8.13
20200318,4438,103375292.0,5438954.0,5.26
20200318,4439,31500000.0,20350000.0,64.6
20200318,4526,254826461.0,19635805.0,7.7
20200318,4532,504915105.0,55345444.0,10.96
20200318,4536,90820000.0,11497107.0,12.65
20200318,4540,96678000.0,2185001.0,2.26
20200318,4545,77000000.0,27076132.0,35.16
20200318,4551,81934000.0,42781859.0,52.21
20200318,4552,116000000.0,58619710.0,50.53
20200318,4555,66880000.0,4354000.0,6.51
20200318,4557,39808000.0,16091330.0,40.42
20200318,4560,67666195.0,56151849.0,82.98
20200318,4562,67546000.0,1009018.0,1.49
20200318,4564,177786553.0,4190936.0,2.35
20200318,4566,66656000.0,2551000.0,3.82
20200318,4571,47600000.0,34096228.0,71.63
20200318,4572,35800000.0,59000.0,0.16
20200318,4576,117908241.0,2013102.0,1.7
20200318,4581,33899000.0,9875000.0,29.13
20200318,4720,88576709.0,2431173.0,2.74
20200318,4722,100009159.0,3259156.0,3.25
20200318,4725,291975000.0,2498827.0,0.85
20200318,4737,59500794.0,18584501.0,31.23
20200318,4739,93029269.0,4424588.0,4.75
20200318,4746,99012550.0,6496164.0,6.56
20200318,4755,90706000.0,29086532.0,32.06
20200318,4763,51076700.0,37932696.0,74.26
20200318,4764,76788615.0,28563285.0,37.19
20200318,4766,120570780.0,13289751.0,11.02
20200318,4807,38470000.0,27950601.0,72.65
20200318,4904,3258500810.0,691382906.0,21.21
20200318,4906,356883496.0,34237044.0,9.59
20200318,4912,47472069.0,17033985.0,35.88
20200318,4915,448730824.0,257845945.0,57.46
20200318,4916,83451568.0,1490466.0,1.78
20200318,4919,287554400.0,12452132.0,4.33
20200318,4927,184752016.0,23248521.0,12.58
20200318,4930,134300000.0,7140690.0,5.31
20200318,4934,200000000.0,8042563.0,4.02
20200318,4935,130937091.0,41995439.0,32.07
20200318,4938,2610791856.0,1119491801.0,42.87
20200318,4942,142367613.0,26472948.0,18.59
20200318,4943,135975732.0,52176295.0,38.37
20200318,4952,108815816.0,2090079.0,1.92
20200318,4956,100408236.0,8071907.0,8.03
20200318,4958,902229887.0,721896222.0,80.01
20200318,4960,665728500.0,82155908.0,12.34
20200318,4961,165687462.0,2469355.0,1.49
20200318,4967,68257489.0,9577878.0,14.03
20200318,4968,60376078.0,11396307.0,18.87
20200318,4976,117182000.0,2028455.0,1.73
20200318,4977,66640551.0,25420923.0,38.14
20200318,4989,153085000.0,1375205.0,0.89
20200318,4994,110639000.0,2666909.0,2.41
20200318,4999,74417200.0,6830666.0,9.17
20200318,5007,294940154.0,10759994.0,3.64
20200318,5203,83709300.0,20982477.0,25.06
20200318,5215,54337500.0,16412713.0,30.2
20200318,5225,61458000.0,36847753.0,59.95
20200318,5234,102715911.0,9234918.0,8.99
20200318,5243,168528915.0,112704414.0,66.87
20200318,5258,89542579.0,3079516.0,3.43
20200318,5264,420456991.0,276685873.0,65.8
20200318,5269,60037861.0,11079794.0,18.45
20200318,5283,76000425.0,462000.0,0.6
20200318,5284,43664608.0,26692208.0,61.13
20200318,5285,86099463.0,1791814.0,2.08
20200318,5288,65826153.0,42562253.0,64.65
20200318,5305,312456688.0,68612570.0,21.95
20200318,5388,245653767.0,64048628.0,26.07
20200318,5434,181699567.0,54730644.0,30.12
20200318,5469,491441352.0,80618730.0,16.4
20200318,5471,167877062.0,19269349.0,11.47
20200318,5484,68115093.0,310104.0,0.45
20200318,5515,267440105.0,13635621.0,5.09
20200318,5519,198544958.0,5334512.0,2.68
20200318,5521,447527413.0,32491229.0,7.26
20200318,5522,806259241.0,86809758.0,10.76
20200318,5525,244991913.0,5345539.0,2.18
20200318,5531,982474245.0,58483730.0,5.95
20200318,5533,285244944.0,8999049.0,3.15
20200318,5534,290325960.0,53078033.0,18.28
20200318,5538,168000000.0,115230125.0,68.58
20200318,5607,229979100.0,6917733.0,3.0
20200318,5608,279267090.0,22017461.0,7.88
20200318,5706,61294353.0,895890.0,1.46
20200318,5871,1328200030.0,997682852.0,75.11
20200318,5876,4481603140.0,2580997529.0,57.59
20200318,5880,12945848278.0,2583586233.0,19.95
20200318,5906,30000000.0,5888654.0,19.62
20200318,5907,195531000.0,104418237.0,53.4
20200318,6005,2170908097.0,244669020.0,11.27
20200318,6024,176437584.0,4116341.0,2.33
20200318,6108,159899311.0,10924779.0,6.83
20200318,6112,188357336.0,3934336.0,2.08
20200318,6115,187662154.0,23467791.0,12.5
20200318,6116,3133933851.0,351186449.0,11.2
20200318,6117,88650000.0,2480680.0,2.79
20200318,6120,665555114.0,60881842.0,9.14
20200318,6128,127588740.0,2906986.0,2.27
20200318,6131,101926533.0,125259.0,0.12
20200318,6133,117006294.0,5711871.0,4.88
20200318,6136,115536412.0,5150016.0,4.45
20200318,6139,225540929.0,37232010.0,16.5
20200318,6141,129964450.0,3063739.0,2.35
20200318,6142,268235633.0,7157699.0,2.66
20200318,6152,167738463.0,376337.0,0.22
20200318,6153,544279610.0,73074438.0,13.42
20200318,6155,86667589.0,2276407.0,2.62
20200318,6164,100000239.0,528855.0,0.52
20200318,6165,49682403.0,986013.0,1.98
20200318,6166,217497257.0,36109132.0,16.6
20200318,6168,206069801.0,6895050.0,3.34
20200318,6172,30000000.0,192214.0,0.64
20200318,6176,465027263.0,279357512.0,60.07
20200318,6177,256896748.0,6532042.0,2.54
20200318,6183,150000000.0,1331954.0,0.88
20200318,6184,158230657.0,4085468.0,2.58
20200318,6189,179045194.0,8848648.0,4.94
20200318,6191,515546903.0,40226650.0,7.8
20200318,6192,106839745.0,31136935.0,29.14
20200318,6196,185690424.0,9179291.0,4.94
20200318,6197,122085882.0,11805822.0,9.67
20200318,6201,89200000.0,161834.0,0.18
20200318,6202,226168200.0,62532601.0,27.64
20200318,6205,71839079.0,2066032.0,2.87
20200318,6206,143062324.0,29974525.0,20.95
20200318,6209,163119931.0,3576568.0,2.19
20200318,6213,302957218.0,44767627.0,14.77
20200318,6214,269393304.0,42142535.0,15.64
20200318,6215,82789693.0,4475883.0,5.4
20200318,6216,84345637.0,658124.0,0.78
20200318,6224,80001838.0,13857544.0,17.32
20200318,6225,119076655.0,6441406.0,5.4
20200318,6226,114951789.0,806256.0,0.7
20200318,6230,86343396.0,55674897.0,64.48
20200318,6235,168069106.0,2945143.0,1.75
20200318,6239,779146634.0,575021829.0,73.8
20200318,6243,74976693.0,233847.0,0.31
20200318,6251,281059335.0,35642367.0,12.68
20200318,6257,415772017.0,112644887.0,27.09
20200318,6269,335703398.0,116416446.0,34.67
20200318,6271,165357520.0,37681499.0,22.78
20200318,6277,119471166.0,19750525.0,16.53
20200318,6278,292398353.0,85608386.0,29.27
20200318,6281,99172945.0,1974478.0,1.99
20200318,6282,516621295.0,80902219.0,15.65
20200318,6283,148079143.0,28823717.0,19.46
20200318,6285,390329302.0,64265555.0,16.46
20200318,6288,171128000.0,3917258.0,2.28
20200318,6289,80778136.0,47714.0,0.05
20200318,6405,65800000.0,90686.0,0.13
20200318,6409,83301492.0,54461284.0,65.37
20200318,6412,386715375.0,47303952.0,12.23
20200318,6414,83574472.0,9460023.0,11.31
20200318,6415,91185063.0,84579927.0,92.75
20200318,6416,68035634.0,937050.0,1.37
20200318,6431,45642835.0,7422338.0,16.26
20200318,6442,69300000.0,23263224.0,33.56
20200318,6443,379016730.0,10043906.0,2.64
20200318,6449,84441912.0,1629022.0,1.92
20200318,6451,105446800.0,66905830.0,63.44
20200318,6452,100000000.0,21327967.0,21.32
20200318,6456,339439800.0,155134898.0,45.7
20200318,6464,122694706.0,589214.0,0.48
20200318,6477,94456570.0,730612.0,0.77
20200318,6491,70000000.0,2943763.0,4.2
20200318,6504,72600000.0,1991932.0,2.74
20200318,6505,9525959652.0,712080082.0,7.47
20200318,6525,129047384.0,14389476.0,11.15
20200318,6531,73830423.0,14485458.0,19.61
20200318,6533,42650911.0,1340847.0,3.14
20200318,6541,264052074.0,103327062.0,39.13
20200318,6552,100000000.0,2063293.0,2.06
20200318,6558,86660750.0,5759746.0,6.64
20200318,6573,67499345.0,46184319.0,68.42
20200318,6579,148498468.0,4454000.0,2.99
20200318,6581,111270887.0,417000.0,0.37
20200318,6582,104877141.0,15635095.0,14.9
20200318,6591,26203000.0,7664089.0,29.24
20200318,6592,515000407.0,119902995.0,23.28
20200318,6605,165816397.0,20362775.0,12.28
20200318,6625,37333423.0,18895.0,0.05
20200318,6641,34000000.0,11093603.0,32.62
20200318,6655,75608500.0,208274.0,0.27
20200318,6666,47388000.0,37707602.0,79.57
20200318,6668,68392302.0,18575621.0,27.16
20200318,6669,174510791.0,40957716.0,23.47
20200318,6670,131030000.0,29422888.0,22.45
20200318,6671,60750000.0,38040634.0,62.61
20200318,6672,70654345.0,27835277.0,39.39
20200318,6674,66837681.0,27000.0,0.04
20200318,6698,66389753.0,3925223.0,5.91
20200318,6706,66744935.0,4251806.0,6.37
20200318,6715,57000000.0,4526580.0,7.94
20200318,8011,118620375.0,2829541.0,2.38
20200318,8016,120136876.0,43090217.0,35.86
20200318,8021,142180467.0,17401817.0,12.23
20200318,8028,132408000.0,17476941.0,13.19
20200318,8033,112629775.0,646442.0,0.57
20200318,8039,209119692.0,48199949.0,23.04
20200318,8046,646165487.0,42203759.0,6.53
20200318,8070,63879937.0,7752744.0,12.13
20200318,8072,80000000.0,851270.0,1.06
20200318,8081,86172072.0,12706566.0,14.74
20200318,8101,208088795.0,815966.0,0.39
20200318,8103,81399413.0,7661605.0,9.41
20200318,8104,67630050.0,917404.0,1.35
20200318,8105,441544851.0,260440939.0,58.98
20200318,8110,506381144.0,31001320.0,6.12
20200318,8112,378496473.0,111473019.0,29.45
20200318,8114,106074919.0,4712912.0,4.44
20200318,8131,442222223.0,27987354.0,6.32
20200318,8150,727240126.0,351254772.0,48.29
20200318,8163,280000001.0,50226836.0,17.93
20200318,8201,62366275.0,1710565.0,2.74
20200318,8210,119725950.0,18248690.0,15.24
20200318,8213,271242488.0,73229732.0,26.99
20200318,8215,320674514.0,8251161.0,2.57
20200318,8222,68546750.0,293821.0,0.42
20200318,8249,127055000.0,19185919.0,15.1
20200318,8261,81340493.0,21083082.0,25.91
20200318,8271,100897807.0,17358115.0,17.2
20200318,8341,111500000.0,28015797.0,25.12
20200318,8367,81131938.0,1117473.0,1.37
20200318,8374,112225487.0,3512038.0,3.12
20200318,8404,315178126.0,176165115.0,55.89
20200318,8411,175398185.0,109174792.0,62.24
20200318,8422,108888000.0,27189526.0,24.97
20200318,8427,104261000.0,36898760.0,35.39
20200318,8429,185747151.0,68555773.0,36.9
20200318,8442,49999682.0,37885396.0,75.77
20200318,8443,66800000.0,4430125.0,6.63
20200318,8454,140058500.0,40830802.0,29.15
20200318,8462,69835558.0,1557583.0,2.23
20200318,8463,150000000.0,941000.0,0.62
20200318,8464,293020200.0,121512892.0,41.46
20200318,8466,66059000.0,40555000.0,61.39
20200318,8467,49534000.0,21929038.0,44.27
20200318,8473,134812297.0,1327711.0,0.98
20200318,8478,90893276.0,51730320.0,56.91
20200318,8480,39270000.0,34191019.0,87.06
20200318,8481,66601866.0,2945000.0,4.42
20200318,8482,111112000.0,99185701.0,89.26
20200318,8488,67500000.0,52360033.0,77.57
20200318,8497,36542810.0,418058.0,1.14
20200318,8499,51286000.0,37826108.0,73.75
20200318,8926,589048595.0,44800828.0,7.6
20200318,8940,67491032.0,5421937.0,8.03
20200318,8996,89384080.0,6970389.0,7.79
20200318,9103,205531500.0,612001.0,0.29
20200318,9105,839284153.0,10362005.0,1.23
20200318,9110,54138500.0,49000.0,0.09
20200318,9136,150804000.0,1944000.0,1.28
20200318,9188,66372000.0,0.0,0.0
20200318,9802,159830923.0,75458630.0,47.21
20200318,9902,98049600.0,440538.0,0.44
20200318,9904,2946787213.0,1687342991.0,57.26
20200318,9905,305000000.0,10034081.0,3.28
20200318,9906,83343981.0,632624.0,0.75
20200318,9907,1579145342.0,219761309.0,13.91
20200318,9908,516358000.0,11343045.0,2.19
20200318,9910,734734249.0,138638280.0,18.86
20200318,9911,221121188.0,48910260.0,22.11
20200318,9912,54350569.0,8645401.0,15.9
20200318,9914,298983800.0,114827458.0,38.4
20200318,9917,451197093.0,192500957.0,42.66
20200318,9918,180537453.0,2273969.0,1.25
20200318,9919,195362750.0,6668412.0,3.41
20200318,9921,375064626.0,180607115.0,48.15
20200318,9924,188452170.0,23192283.0,12.3
20200318,9925,383653075.0,65578485.0,17.09
20200318,9926,179504075.0,302323.0,0.16
20200318,9927,209148167.0,21898053.0,10.47
20200318,9928,150724583.0,0.0,0.0
20200318,9929,168800000.0,13602624.0,8.05
20200318,9930,248540368.0,4938606.0,1.98
20200318,9931,102250512.0,435917.0,0.42
20200318,9933,763273848.0,192068190.0,25.16
20200318,9934,356212962.0,75053012.0,21.06
20200318,9935,169623342.0,11353408.0,6.69
20200318,9937,309043000.0,5955178.0,1.92
20200318,9938,297963902.0,79069721.0,26.53
20200318,9939,292878879.0,77656951.0,26.51
20200318,9940,736846500.0,36024570.0,4.88
20200318,9941,302092125.0,18566222.0,6.14
20200318,9942,83161320.0,3049735.0,3.66
20200318,9943,147317600.0,3942939.0,2.67
20200318,9944,109107100.0,2362160.0,2.16
20200318,9945,1003253999.0,161212794.0,16.06
20200318,9946,300820867.0,31045000.0,10.32
20200318,9955,103208229.0,1109492.0,1.07
20200318,9958,209342910.0,12148177.0,5.8
20200319,1101,5465619204.0,1490640635.0,27.27
20200319,1102,3361447198.0,871762131.0,25.93
20200319,1103,774780548.0,42914655.0,5.53
20200319,1104,653609192.0,78354334.0,11.98
20200319,1108,404738049.0,6175730.0,1.52
20200319,1109,341957868.0,11075861.0,3.23
20200319,1110,572000797.0,43844466.0,7.66
20200319,1201,506062914.0,52599334.0,10.39
20200319,1203,240000000.0,5140769.0,2.14
20200319,1210,827339086.0,136993700.0,16.55
20200319,1213,56622627.0,42642.0,0.07
20200319,1215,267990998.0,111686943.0,41.67
20200319,1216,5682015421.0,2926241696.0,51.5
20200319,1217,494513336.0,37745256.0,7.63
20200319,1218,499999038.0,12173797.0,2.43
20200319,1219,322013887.0,11264703.0,3.49
20200319,1220,177077944.0,16346673.0,9.23
20200319,1225,218703051.0,1644906.0,0.75
20200319,1227,915089591.0,210517202.0,23.0
20200319,1229,1104739841.0,148334885.0,13.42
20200319,1231,174595395.0,3722687.0,2.13
20200319,1232,159974915.0,2122421.0,1.32
20200319,1233,90591948.0,4710802.0,5.2
20200319,1234,401871094.0,17409511.0,4.33
20200319,1235,98955436.0,51637.0,0.05
20200319,1236,108342510.0,55329.0,0.05
20200319,1256,33842160.0,1511777.0,4.46
20200319,1301,6365740781.0,2334107482.0,36.66
20200319,1303,7930821589.0,2372222093.0,29.91
20200319,1304,1188763500.0,407923531.0,34.31
20200319,1305,527029927.0,85519967.0,16.22
20200319,1307,397818126.0,45929752.0,11.54
20200319,1308,554382745.0,34437424.0,6.21
20200319,1309,334204892.0,13831279.0,4.13
20200319,1310,527869764.0,94391732.0,17.88
20200319,1312,906620328.0,232886104.0,25.68
20200319,1313,1332347607.0,150464709.0,11.29
20200319,1314,3284850130.0,542804853.0,16.52
20200319,1315,198000000.0,2314149.0,1.16
20200319,1316,179541221.0,2298031.0,1.27
20200319,1319,591477068.0,114473620.0,19.35
20200319,1321,227228268.0,5506995.0,2.42
20200319,1323,91274554.0,2821165.0,3.09
20200319,1324,75121882.0,331215.0,0.44
20200319,1325,85281198.0,436363.0,0.51
20200319,1326,5861186291.0,2099505456.0,35.82
20200319,1337,268954729.0,70152827.0,26.08
20200319,1338,83840000.0,12623510.0,15.05
20200319,1339,74138875.0,1201038.0,1.61
20200319,1340,152922855.0,47210961.0,30.87
20200319,1341,49400000.0,42896950.0,86.83
20200319,1402,5352875227.0,1022063983.0,19.09
20200319,1409,1618409291.0,249459922.0,15.41
20200319,1410,63000000.0,10566456.0,16.77
20200319,1413,132112454.0,374175.0,0.28
20200319,1414,220000000.0,2538669.0,1.15
20200319,1416,185342168.0,26503289.0,14.29
20200319,1417,189941840.0,4804620.0,2.52
20200319,1418,56834309.0,344219.0,0.6
20200319,1419,300041280.0,6710142.0,2.23
20200319,1423,138400000.0,2841830.0,2.05
20200319,1432,167937642.0,130917.0,0.07
20200319,1434,1684664637.0,273287098.0,16.22
20200319,1435,139780080.0,965879.0,0.69
20200319,1436,95634000.0,80722.0,0.08
20200319,1437,203371284.0,11432065.0,5.62
20200319,1438,102411518.0,79044.0,0.07
20200319,1439,92000000.0,1375935.0,1.49
20200319,1440,1656815857.0,121348074.0,7.32
20200319,1441,100800000.0,1377719.0,1.36
20200319,1442,302117481.0,8411757.0,2.78
20200319,1443,135343011.0,60758.0,0.04
20200319,1444,957302942.0,91820816.0,9.59
20200319,1445,132667034.0,1939715.0,1.46
20200319,1446,137709513.0,1524237.0,1.1
20200319,1447,914487242.0,69038604.0,7.54
20200319,1449,120000000.0,213535.0,0.17
20200319,1451,198000000.0,19992142.0,10.09
20200319,1452,132641400.0,5433732.0,4.09
20200319,1453,98642138.0,80880.0,0.08
20200319,1454,134309848.0,544472.0,0.4
20200319,1455,611763380.0,19696883.0,3.21
20200319,1456,93720000.0,130224.0,0.13
20200319,1457,301647640.0,9021110.0,2.99
20200319,1459,358628907.0,7834150.0,2.18
20200319,1460,509834182.0,24455481.0,4.79
20200319,1463,173268381.0,5558824.0,3.2
20200319,1464,384565652.0,7971490.0,2.07
20200319,1465,103607267.0,819735.0,0.79
20200319,1466,111157320.0,119264.0,0.1
20200319,1467,233624667.0,45071206.0,19.29
20200319,1468,160405244.0,2933115.0,1.82
20200319,1470,85767000.0,41084.0,0.04
20200319,1471,150414536.0,112970.0,0.07
20200319,1472,45672722.0,48667.0,0.1
20200319,1473,147153534.0,15242754.0,10.35
20200319,1474,129896969.0,180888.0,0.13
20200319,1475,16016749.0,11039.0,0.06
20200319,1476,274367111.0,100144435.0,36.5
20200319,1477,219856581.0,28217022.0,12.83
20200319,1503,520972223.0,166281116.0,31.91
20200319,1504,1967692886.0,748689221.0,38.04
20200319,1506,122855501.0,500365.0,0.4
20200319,1507,410820000.0,186291978.0,45.34
20200319,1512,220002494.0,17970048.0,8.16
20200319,1513,420000000.0,53669737.0,12.77
20200319,1514,207099023.0,23053851.0,11.13
20200319,1515,181473500.0,18350926.0,10.11
20200319,1516,33350889.0,38368.0,0.11
20200319,1517,227825007.0,5706321.0,2.5
20200319,1519,261058548.0,17128608.0,6.56
20200319,1521,76230000.0,25596764.0,33.57
20200319,1522,312897881.0,20622589.0,6.59
20200319,1524,179685207.0,222726.0,0.12
20200319,1525,73400135.0,42878.0,0.05
20200319,1526,60000000.0,1048638.0,1.74
20200319,1527,138570640.0,12104726.0,8.73
20200319,1528,199331000.0,2468467.0,1.23
20200319,1529,95967982.0,281354.0,0.29
20200319,1530,96594171.0,676681.0,0.7
20200319,1531,185008080.0,18053386.0,9.75
20200319,1532,385252112.0,47195126.0,12.25
20200319,1533,98547486.0,6638588.0,6.73
20200319,1535,123742552.0,509004.0,0.41
20200319,1536,254956513.0,33338564.0,13.07
20200319,1537,81785394.0,19055756.0,23.29
20200319,1538,56135851.0,137355.0,0.24
20200319,1539,65370000.0,64034.0,0.09
20200319,1540,85473612.0,207353.0,0.24
20200319,1541,78800000.0,7671312.0,9.73
20200319,1558,60535631.0,6735116.0,11.12
20200319,1560,141000000.0,19183955.0,13.6
20200319,1568,103086559.0,1882113.0,1.82
20200319,1582,123724171.0,38302249.0,30.95
20200319,1583,110400372.0,62986.0,0.05
20200319,1587,67356618.0,13518742.0,20.07
20200319,1589,105617519.0,10937951.0,10.35
20200319,1590,189024998.0,127956716.0,67.69
20200319,1592,110978250.0,43019412.0,38.76
20200319,1598,115100887.0,892787.0,0.77
20200319,1603,191688000.0,3413859.0,1.78
20200319,1604,387200000.0,47048048.0,12.15
20200319,1605,3326000258.0,737854781.0,22.18
20200319,1608,632773506.0,21005907.0,3.31
20200319,1609,595068022.0,61056726.0,10.26
20200319,1611,358595268.0,41645941.0,11.61
20200319,1612,316080063.0,33681981.0,10.65
20200319,1614,269113406.0,5311013.0,1.97
20200319,1615,111861784.0,126650.0,0.11
20200319,1616,194148515.0,129127.0,0.06
20200319,1617,144233235.0,30617329.0,21.22
20200319,1618,240864684.0,2832787.0,1.17
20200319,1626,136850637.0,67279241.0,49.16
20200319,1701,298081080.0,30099156.0,10.09
20200319,1702,294132962.0,48563663.0,16.51
20200319,1707,136286373.0,30290965.0,22.22
20200319,1708,211520260.0,17270236.0,8.16
20200319,1709,477016272.0,17999188.0,3.77
20200319,1710,885703029.0,84789120.0,9.57
20200319,1711,547752226.0,46885552.0,8.55
20200319,1712,420492585.0,50387758.0,11.98
20200319,1713,150951700.0,7251675.0,4.8
20200319,1714,1016824808.0,184527528.0,18.14
20200319,1717,1240279455.0,166766703.0,13.44
20200319,1718,1621367217.0,172182993.0,10.61
20200319,1720,178696089.0,3398793.0,1.9
20200319,1721,222347344.0,6383121.0,2.87
20200319,1722,980000000.0,137520781.0,14.03
20200319,1723,236904480.0,31778149.0,13.41
20200319,1724,127813900.0,7701934.0,6.02
20200319,1725,181829978.0,215027.0,0.11
20200319,1726,162000000.0,24086727.0,14.86
20200319,1727,110250000.0,1086598.0,0.98
20200319,1730,63233851.0,4763281.0,7.53
20200319,1731,132915244.0,1293790.0,0.97
20200319,1732,42443957.0,209646.0,0.49
20200319,1733,99986192.0,3058146.0,3.05
20200319,1734,167722022.0,5517757.0,3.28
20200319,1735,99388000.0,49913241.0,50.22
20200319,1736,303616617.0,13327171.0,4.38
20200319,1737,200000000.0,18524379.0,9.26
20200319,1760,76739013.0,1767958.0,2.3
20200319,1762,77560000.0,2945279.0,3.79
20200319,1773,150000000.0,3800597.0,2.53
20200319,1776,69986099.0,34001.0,0.04
20200319,1783,69465000.0,5360606.0,7.71
20200319,1786,58100000.0,669073.0,1.15
20200319,1789,790739222.0,35018027.0,4.42
20200319,1795,243113964.0,168460971.0,69.29
20200319,1802,2908060800.0,206395591.0,7.09
20200319,1805,100265400.0,109805.0,0.1
20200319,1806,433782078.0,53236314.0,12.27
20200319,1808,308330531.0,14784679.0,4.79
20200319,1809,167041937.0,5403786.0,3.23
20200319,1810,369853610.0,12409506.0,3.35
20200319,1817,72600000.0,1176000.0,1.61
20200319,1902,402000550.0,20256369.0,5.03
20200319,1903,260039121.0,38802115.0,14.92
20200319,1904,1108274522.0,144254939.0,13.01
20200319,1905,1102835316.0,48157594.0,4.36
20200319,1906,151000000.0,1616509.0,1.07
20200319,1907,1660371495.0,298551027.0,17.98
20200319,1909,1217685727.0,181529464.0,14.9
20200319,2002,15734860997.0,3059218320.0,19.44
20200319,2006,1004060608.0,129156914.0,12.86
20200319,2007,530651613.0,272965.0,0.05
20200319,2008,200852293.0,14298407.0,7.11
20200319,2009,359622165.0,23749265.0,6.6
20200319,2010,647655390.0,29185564.0,4.5
20200319,2012,287774000.0,6910540.0,2.4
20200319,2013,200000000.0,14641962.0,7.32
20200319,2014,1435544446.0,71841148.0,5.0
20200319,2015,581599424.0,54512916.0,9.37
20200319,2017,341867462.0,7954222.0,2.32
20200319,2020,222526100.0,5627869.0,2.52
20200319,2022,479751976.0,14626352.0,3.04
20200319,2023,1913327518.0,127970431.0,6.68
20200319,2024,97500000.0,127093.0,0.13
20200319,2025,281167262.0,119066.0,0.04
20200319,2027,1233790052.0,294831316.0,23.89
20200319,2028,325714800.0,239958.0,0.07
20200319,2029,321180000.0,225497081.0,70.2
20200319,2030,286526027.0,14091668.0,4.91
20200319,2031,310687699.0,32325658.0,10.4
20200319,2032,130521545.0,204736.0,0.15
20200319,2033,80694536.0,98139.0,0.12
20200319,2034,407130743.0,50127811.0,12.31
20200319,2038,181264522.0,386670.0,0.21
20200319,2049,309578886.0,122103548.0,39.44
20200319,2059,95297072.0,23510002.0,24.67
20200319,2062,163014152.0,16912128.0,10.37
20200319,2069,156386836.0,677307.0,0.43
20200319,2101,833934904.0,70570131.0,8.46
20200319,2102,473329207.0,38659645.0,8.16
20200319,2103,825709978.0,288323919.0,34.91
20200319,2104,984733625.0,120016679.0,12.18
20200319,2105,3241415536.0,429705343.0,13.25
20200319,2106,874430000.0,45373706.0,5.18
20200319,2107,350000000.0,33856641.0,9.67
20200319,2108,492416659.0,46244563.0,9.39
20200319,2109,332349134.0,49524660.0,14.9
20200319,2114,70901552.0,1240907.0,1.75
20200319,2115,86063215.0,39637789.0,46.05
20200319,2201,1572919909.0,100573868.0,6.39
20200319,2204,553620342.0,164123918.0,29.64
20200319,2206,853595604.0,87589153.0,10.26
20200319,2207,546179184.0,130281923.0,23.85
20200319,2208,472991749.0,15119344.0,3.19
20200319,2227,300000000.0,122608576.0,40.86
20200319,2228,75780281.0,6846573.0,9.03
20200319,2231,122821241.0,11800807.0,9.6
20200319,2233,60288089.0,5526033.0,9.16
20200319,2236,44826766.0,33326473.0,74.34
20200319,2239,118007000.0,89906639.0,76.18
20200319,2243,45718529.0,19623127.0,42.92
20200319,2301,2350867032.0,1256694093.0,53.45
20200319,2302,166302881.0,6333656.0,3.8
20200319,2303,11773994401.0,6008497103.0,51.03
20200319,2305,205660827.0,9958708.0,4.84
20200319,2308,2597543329.0,1710012854.0,65.83
20200319,2312,1452081211.0,249802398.0,17.2
20200319,2313,1191820589.0,322867332.0,27.09
20200319,2314,228028320.0,3403388.0,1.49
20200319,2316,203045040.0,37430712.0,18.43
20200319,2317,13862990609.0,6283911123.0,45.32
20200319,2321,315332590.0,167111.0,0.05
20200319,2323,1158881200.0,99857187.0,8.61
20200319,2324,4407146625.0,2098196599.0,47.6
20200319,2327,427121695.0,206742876.0,48.4
20200319,2328,518346282.0,89081357.0,17.18
20200319,2329,557328533.0,170537809.0,30.59
20200319,2330,25930380458.0,19610718741.0,75.62
20200319,2331,557402968.0,87601474.0,15.71
20200319,2332,651996166.0,95325376.0,14.62
20200319,2337,1839908862.0,355633652.0,19.32
20200319,2338,252713611.0,4402467.0,1.74
20200319,2340,378622846.0,75582611.0,19.96
20200319,2342,156342161.0,11192439.0,7.15
20200319,2344,3980000193.0,895222628.0,22.49
20200319,2345,557726397.0,319953998.0,57.36
20200319,2347,1667946968.0,573939659.0,34.4
20200319,2348,85600000.0,1372904.0,1.6
20200319,2349,1284157900.0,161943358.0,12.61
20200319,2351,182140249.0,23924398.0,13.13
20200319,2352,1966781958.0,409100412.0,20.8
20200319,2353,3074933828.0,865457334.0,28.14
20200319,2354,1414485192.0,386663649.0,27.33
20200319,2355,397495420.0,114009743.0,28.68
20200319,2356,3587475066.0,970989639.0,27.06
20200319,2357,742760280.0,449545649.0,60.52
20200319,2358,94616172.0,284112.0,0.3
20200319,2359,171471052.0,6659519.0,3.88
20200319,2360,419092587.0,270292877.0,64.49
20200319,2362,669763000.0,87135734.0,13.0
20200319,2363,554062477.0,32532866.0,5.87
20200319,2364,198939797.0,30043266.0,15.1
20200319,2365,234538496.0,15014942.0,6.4
20200319,2367,619407175.0,127239140.0,20.54
20200319,2368,546487841.0,52543189.0,9.61
20200319,2369,380102344.0,58298913.0,15.33
20200319,2371,2339536685.0,925092445.0,39.54
20200319,2373,236202518.0,4471202.0,1.89
20200319,2374,282362812.0,25042951.0,8.86
20200319,2375,194063097.0,7159964.0,3.68
20200319,2376,635688886.0,179548452.0,28.24
20200319,2377,844856199.0,288470496.0,34.14
20200319,2379,508095464.0,301073955.0,59.25
20200319,2380,162444084.0,3005533.0,1.85
20200319,2382,3862627432.0,1007112228.0,26.07
20200319,2383,319708064.0,114219404.0,35.72
20200319,2385,734497521.0,389166971.0,52.98
20200319,2387,196297952.0,11113138.0,5.66
20200319,2388,493303441.0,53407301.0,10.82
20200319,2390,214021602.0,4381325.0,2.04
20200319,2392,512326940.0,71582820.0,13.97
20200319,2393,443056236.0,156521981.0,35.32
20200319,2395,699075510.0,284887626.0,40.75
20200319,2397,114688857.0,24558938.0,21.41
20200319,2399,178100000.0,30709283.0,17.24
20200319,2401,591994919.0,70557505.0,11.91
20200319,2402,307536533.0,42101723.0,13.68
20200319,2404,190586698.0,55581299.0,29.16
20200319,2405,343427303.0,22115651.0,6.43
20200319,2406,205905689.0,16952702.0,8.23
20200319,2408,3053504894.0,669149746.0,21.91
20200319,2409,9624245115.0,2945611133.0,30.6
20200319,2412,7757446545.0,1265899067.0,16.31
20200319,2413,127359200.0,583115.0,0.45
20200319,2414,161735846.0,11079014.0,6.85
20200319,2415,80000000.0,1401951.0,1.75
20200319,2417,192892330.0,5349430.0,2.77
20200319,2419,328986229.0,38029177.0,11.55
20200319,2420,152648688.0,5214474.0,3.41
20200319,2421,250929732.0,69158704.0,27.56
20200319,2423,145047289.0,2373432.0,1.63
20200319,2424,30000000.0,71154.0,0.23
20200319,2425,101498831.0,27983687.0,27.57
20200319,2426,300622252.0,23073643.0,7.67
20200319,2427,184314463.0,3633289.0,1.97
20200319,2428,128112726.0,19894394.0,15.52
20200319,2429,36736200.0,1170997.0,3.18
20200319,2430,166468825.0,5956090.0,3.57
20200319,2431,110927014.0,1334990.0,1.2
20200319,2433,144496011.0,1435704.0,0.99
20200319,2434,70602126.0,800806.0,1.13
20200319,2436,178009961.0,13299029.0,7.47
20200319,2438,95215940.0,60374.0,0.06
20200319,2439,207879134.0,43163209.0,20.76
20200319,2440,139117271.0,106394.0,0.07
20200319,2441,568845921.0,86590574.0,15.22
20200319,2442,267234372.0,9036550.0,3.38
20200319,2443,145687000.0,209195.0,0.14
20200319,2444,105557573.0,1905563.0,1.8
20200319,2448,1088701410.0,196837097.0,18.07
20200319,2449,1222745065.0,526889769.0,43.09
20200319,2450,258252657.0,11578636.0,4.48
20200319,2451,430761675.0,69333419.0,16.09
20200319,2453,100000000.0,1070804.0,1.07
20200319,2454,1589981632.0,974335045.0,61.27
20200319,2455,184905918.0,37841278.0,20.46
20200319,2456,243254748.0,45921322.0,18.87
20200319,2457,337688416.0,25176695.0,7.45
20200319,2458,303880392.0,88529364.0,29.13
20200319,2459,105900615.0,18480235.0,17.45
20200319,2460,169200000.0,1578103.0,0.93
20200319,2461,159324631.0,5208431.0,3.26
20200319,2462,142484596.0,1379712.0,0.96
20200319,2464,195531226.0,16750222.0,8.56
20200319,2465,53587301.0,284927.0,0.53
20200319,2466,156334226.0,18806291.0,12.02
20200319,2467,149205548.0,10982974.0,7.36
20200319,2468,69961249.0,52995.0,0.07
20200319,2471,47253890.0,593916.0,1.25
20200319,2472,129219822.0,3815986.0,2.95
20200319,2474,770391069.0,496653771.0,64.46
20200319,2476,184968298.0,17871743.0,9.66
20200319,2477,198216555.0,44796674.0,22.59
20200319,2478,145248989.0,10195363.0,7.01
20200319,2480,106360291.0,7810697.0,7.34
20200319,2481,332814927.0,39513758.0,11.87
20200319,2482,62072549.0,333301.0,0.53
20200319,2483,110618807.0,173242.0,0.15
20200319,2484,159421022.0,10929976.0,6.85
20200319,2485,317689037.0,20815914.0,6.55
20200319,2486,201958579.0,7060741.0,3.49
20200319,2488,79999433.0,2600631.0,3.25
20200319,2489,809362045.0,103194607.0,12.75
20200319,2491,82008000.0,6395676.0,7.79
20200319,2492,485800000.0,123066036.0,25.33
20200319,2493,114437390.0,7794922.0,6.81
20200319,2495,276290738.0,48254083.0,17.46
20200319,2496,17459400.0,8456869.0,48.43
20200319,2497,118798463.0,1733483.0,1.45
20200319,2498,818808635.0,133560277.0,16.31
20200319,2499,461172003.0,40284238.0,8.73
20200319,2501,1159561059.0,107698751.0,9.28
20200319,2504,1385000335.0,160983956.0,11.62
20200319,2505,696582479.0,28533366.0,4.09
20200319,2506,387000000.0,13210991.0,3.41
20200319,2509,204136846.0,3091604.0,1.51
20200319,2511,1623326147.0,141905426.0,8.74
20200319,2514,404729278.0,17198870.0,4.24
20200319,2515,1530899822.0,156823801.0,10.24
20200319,2516,226278457.0,6240711.0,2.75
20200319,2520,503791000.0,106309054.0,21.1
20200319,2524,384846372.0,8157154.0,2.11
20200319,2527,270306000.0,78289922.0,28.96
20200319,2528,277085409.0,352491.0,0.12
20200319,2530,270752466.0,3144115.0,1.16
20200319,2534,592784962.0,70040289.0,11.81
20200319,2535,290743386.0,26131226.0,8.98
20200319,2536,332808652.0,59058587.0,17.74
20200319,2537,300557795.0,8602782.0,2.86
20200319,2538,438448764.0,58207712.0,13.27
20200319,2539,461314374.0,343105.0,0.07
20200319,2540,146600000.0,123004.0,0.08
20200319,2542,1166628752.0,221111033.0,18.95
20200319,2543,241983788.0,239506.0,0.09
20200319,2545,327734808.0,12405465.0,3.78
20200319,2546,106035660.0,3411988.0,3.21
20200319,2547,912307649.0,202745316.0,22.22
20200319,2548,276812726.0,81520195.0,29.44
20200319,2597,135000000.0,1071171.0,0.79
20200319,2601,630883150.0,78628706.0,12.46
20200319,2603,4812973786.0,1144212417.0,23.77
20200319,2605,585353297.0,194833774.0,33.28
20200319,2606,845055712.0,75749002.0,8.96
20200319,2607,1067141094.0,73614279.0,6.89
20200319,2608,467000498.0,42440523.0,9.08
20200319,2609,2601335728.0,138768509.0,5.33
20200319,2610,5420984650.0,803142373.0,14.81
20200319,2611,175994247.0,135920.0,0.07
20200319,2612,197484593.0,4556744.0,2.3
20200319,2613,148423458.0,96643.0,0.06
20200319,2614,556789889.0,10574704.0,1.89
20200319,2615,2218297466.0,927588741.0,41.81
20200319,2616,137281827.0,4417589.0,3.21
20200319,2617,417294487.0,13672935.0,3.27
20200319,2618,4853569490.0,1354782655.0,27.91
20200319,2630,120120000.0,65000.0,0.05
20200319,2633,5628293058.0,796336532.0,14.14
20200319,2634,941867101.0,19184617.0,2.03
20200319,2636,117157402.0,16889077.0,14.41
20200319,2637,688655903.0,51939497.0,7.54
20200319,2642,95467000.0,4921332.0,5.15
20200319,2701,449967838.0,1855326.0,0.41
20200319,2702,110485538.0,40997363.0,37.1
20200319,2704,366923343.0,31686145.0,8.63
20200319,2705,186536630.0,5644559.0,3.02
20200319,2706,499998346.0,12787990.0,2.55
20200319,2707,126745769.0,18838593.0,14.86
20200319,2712,105000000.0,60592.0,0.05
20200319,2722,111522961.0,95380.0,0.08
20200319,2723,180000000.0,94725310.0,52.62
20200319,2727,76987883.0,7837282.0,10.17
20200319,2731,70000000.0,2231896.0,3.18
20200319,2739,111526000.0,2182800.0,1.95
20200319,2748,65637000.0,449847.0,0.68
20200319,2801,9985311160.0,1451170460.0,14.53
20200319,2809,1131234265.0,188537711.0,16.66
20200319,2812,3708834898.0,502192164.0,13.54
20200319,2816,212960000.0,11797821.0,5.53
20200319,2820,1342960000.0,104379159.0,7.77
20200319,2823,4463582304.0,1048605856.0,23.49
20200319,2832,362200400.0,11486718.0,3.17
20200319,2834,7131984244.0,1645757239.0,23.07
20200319,2836,1080916486.0,78799766.0,7.29
20200319,2838,2884455292.0,86451173.0,2.99
20200319,2841,760943600.0,81134746.0,10.66
20200319,2845,3355819407.0,419920576.0,12.51
20200319,2849,1957910050.0,1154104914.0,58.94
20200319,2850,315963300.0,27026004.0,8.55
20200319,2851,590388750.0,13158566.0,2.22
20200319,2852,301163784.0,12132846.0,4.02
20200319,2855,1372390028.0,144693394.0,10.54
20200319,2867,2371971471.0,165892203.0,6.99
20200319,2880,12172740178.0,2389291349.0,19.62
20200319,2881,10233603995.0,2686062745.0,26.24
20200319,2882,13169210128.0,2839313609.0,21.56
20200319,2883,14965982132.0,3783757873.0,25.28
20200319,2884,11619500000.0,4847228208.0,41.71
20200319,2885,11670611456.0,4496860614.0,38.53
20200319,2886,13599823983.0,3388311419.0,24.91
20200319,2887,10656061370.0,2871678475.0,26.94
20200319,2888,12600394063.0,2722486582.0,21.6
20200319,2889,2848064596.0,350248338.0,12.29
20200319,2890,11281054106.0,3480619060.0,30.85
20200319,2891,19496989569.0,7725724541.0,39.62
20200319,2892,12461942795.0,3244091855.0,26.03
20200319,2897,2413006301.0,29623066.0,1.22
20200319,2901,73043283.0,55994.0,0.07
20200319,2903,1416940589.0,207932252.0,14.67
20200319,2904,69034432.0,60652.0,0.08
20200319,2905,826682688.0,56702194.0,6.85
20200319,2906,209111093.0,3865522.0,1.84
20200319,2908,509887558.0,40208961.0,7.88
20200319,2910,208725000.0,249000.0,0.11
20200319,2911,188941775.0,33135867.0,17.53
20200319,2912,1039622255.0,417438879.0,40.15
20200319,2913,790000000.0,91262550.0,11.55
20200319,2915,564860594.0,101907812.0,18.04
20200319,2923,1740296982.0,1727183274.0,99.24
20200319,2929,94955292.0,47213522.0,49.72
20200319,2936,76555696.0,67943696.0,88.75
20200319,2939,47222665.0,35061893.0,74.24
20200319,3002,102000000.0,239372.0,0.23
20200319,3003,155654890.0,11712386.0,7.52
20200319,3004,52647155.0,1041072.0,1.97
20200319,3005,579520150.0,182623251.0,31.51
20200319,3006,285758925.0,43691870.0,15.28
20200319,3008,134140197.0,70207159.0,52.33
20200319,3010,231390138.0,53789250.0,23.24
20200319,3011,112719251.0,114048.0,0.1
20200319,3013,159435018.0,3008158.0,1.88
20200319,3014,161080124.0,34142217.0,21.19
20200319,3015,192261950.0,21924055.0,11.4
20200319,3016,274401315.0,3336055.0,1.21
20200319,3017,353310157.0,121466897.0,34.37
20200319,3018,73512132.0,2215491.0,3.01
20200319,3019,281083901.0,37061429.0,13.18
20200319,3021,95813467.0,2353516.0,2.45
20200319,3022,177289790.0,37020952.0,20.88
20200319,3023,229078860.0,108986555.0,47.57
20200319,3024,277157496.0,3858140.0,1.39
20200319,3025,70920550.0,1517059.0,2.13
20200319,3026,157990779.0,16073455.0,10.17
20200319,3027,98856311.0,143199.0,0.14
20200319,3028,213824864.0,10532615.0,4.92
20200319,3029,124623212.0,3848382.0,3.08
20200319,3030,236216000.0,53056008.0,22.46
20200319,3031,186674224.0,5638937.0,3.02
20200319,3032,113285626.0,2119015.0,1.87
20200319,3033,367751242.0,17850471.0,4.85
20200319,3034,608511469.0,369638400.0,60.74
20200319,3035,248550313.0,57310640.0,23.05
20200319,3036,588121760.0,138174825.0,23.49
20200319,3037,1504732333.0,471368687.0,31.32
20200319,3038,162407603.0,5912365.0,3.64
20200319,3040,63000000.0,10648598.0,16.9
20200319,3041,192539746.0,14147167.0,7.34
20200319,3042,309757040.0,109778003.0,35.44
20200319,3043,194878166.0,2449666.0,1.25
20200319,3044,525605898.0,313945397.0,59.73
20200319,3045,3442720069.0,653407860.0,18.97
20200319,3046,71448013.0,738702.0,1.03
20200319,3047,186491633.0,7065547.0,3.78
20200319,3048,222572540.0,24501242.0,11.0
20200319,3049,806948529.0,76494335.0,9.47
20200319,3050,145984450.0,8385083.0,5.74
20200319,3051,325332396.0,273232.0,0.08
20200319,3052,228713554.0,6630014.0,2.89
20200319,3054,87848033.0,194261.0,0.22
20200319,3055,102441918.0,2295424.0,2.24
20200319,3056,209215308.0,18460643.0,8.82
20200319,3057,161409213.0,7805531.0,4.83
20200319,3058,164937351.0,4431488.0,2.68
20200319,3059,279587325.0,34923942.0,12.49
20200319,3060,139361590.0,10394534.0,7.45
20200319,3062,328605418.0,43987964.0,13.38
20200319,3090,178657150.0,15162370.0,8.48
20200319,3094,84655089.0,1569644.0,1.85
20200319,3130,33190700.0,13604919.0,40.99
20200319,3149,206393604.0,3995085.0,1.93
20200319,3164,88911864.0,695305.0,0.78
20200319,3167,80134116.0,1217490.0,1.51
20200319,3189,451039005.0,73596536.0,16.31
20200319,3209,172915577.0,3377708.0,1.95
20200319,3229,93515881.0,1350777.0,1.44
20200319,3231,2840612050.0,1574624234.0,55.43
20200319,3257,69380277.0,473835.0,0.68
20200319,3266,352314309.0,17734199.0,5.03
20200319,3296,98224450.0,1905054.0,1.93
20200319,3305,118265271.0,3153144.0,2.66
20200319,3308,98569663.0,77319.0,0.07
20200319,3311,60000000.0,418565.0,0.69
20200319,3312,118032122.0,9722120.0,8.23
20200319,3321,126218519.0,676491.0,0.53
20200319,3338,86481985.0,2638284.0,3.05
20200319,3346,75784000.0,3591347.0,4.73
20200319,3356,89871303.0,1473093.0,1.63
20200319,3376,178988346.0,54280860.0,30.32
20200319,3380,542727260.0,36895439.0,6.79
20200319,3383,70000000.0,12087788.0,17.26
20200319,3406,110890463.0,30675727.0,27.66
20200319,3413,82687500.0,16662773.0,20.15
20200319,3416,72181447.0,1568113.0,2.17
20200319,3419,120480417.0,7499468.0,6.22
20200319,3432,66586000.0,3323907.0,4.99
20200319,3437,144548000.0,15499650.0,10.72
20200319,3443,134011911.0,25335258.0,18.9
20200319,3450,145681382.0,16002551.0,10.98
20200319,3454,87033910.0,6551562.0,7.52
20200319,3481,9711071977.0,2655227390.0,27.34
20200319,3494,179450634.0,8089372.0,4.5
20200319,3501,118257927.0,3707862.0,3.13
20200319,3504,114059785.0,2148172.0,1.88
20200319,3515,120647229.0,5222636.0,4.32
20200319,3518,80752230.0,8104563.0,10.03
20200319,3528,65597216.0,5630002.0,8.58
20200319,3530,78025900.0,36999050.0,47.41
20200319,3532,387848300.0,187887471.0,48.44
20200319,3533,103477900.0,25029905.0,24.18
20200319,3535,79052356.0,2947218.0,3.72
20200319,3536,106800000.0,223564.0,0.2
20200319,3545,299416416.0,67579532.0,22.57
20200319,3550,85000000.0,608002.0,0.71
20200319,3557,72300415.0,25397441.0,35.12
20200319,3563,42608234.0,7449796.0,17.48
20200319,3576,2665577382.0,258124850.0,9.68
20200319,3583,81139000.0,6364998.0,7.84
20200319,3588,46882200.0,2270568.0,4.84
20200319,3591,125001379.0,6195207.0,4.95
20200319,3593,83042416.0,43931.0,0.05
20200319,3596,208535090.0,22270442.0,10.67
20200319,3605,122395884.0,11453006.0,9.35
20200319,3607,121662239.0,9092427.0,7.47
20200319,3617,80951000.0,2915694.0,3.6
20200319,3622,151327600.0,3835223.0,2.53
20200319,3645,129420494.0,6889871.0,5.32
20200319,3653,120484239.0,10153620.0,8.42
20200319,3661,60186610.0,23787041.0,39.52
20200319,3665,130517407.0,57163694.0,43.79
20200319,3669,92919950.0,3305568.0,3.55
20200319,3673,406663759.0,168622904.0,41.46
20200319,3679,62296229.0,8557130.0,13.73
20200319,3682,3817196399.0,149915342.0,3.92
20200319,3686,113513643.0,2463915.0,2.17
20200319,3694,150495808.0,989156.0,0.65
20200319,3698,519386380.0,126832056.0,24.41
20200319,3701,190344554.0,6295144.0,3.3
20200319,3702,1679056833.0,526684286.0,31.36
20200319,3703,823215980.0,174385085.0,21.18
20200319,3704,441177355.0,45292874.0,10.26
20200319,3705,266422983.0,35059494.0,13.15
20200319,3706,1077282847.0,207063036.0,19.22
20200319,3708,93504604.0,13582095.0,14.52
20200319,3711,4323358382.0,3250934356.0,75.19
20200319,3712,246242146.0,3028345.0,1.22
20200319,4104,141148970.0,9552385.0,6.76
20200319,4106,100911557.0,1228366.0,1.21
20200319,4108,163616379.0,698965.0,0.42
20200319,4119,79485310.0,15512404.0,19.51
20200319,4133,60553594.0,9477858.0,15.65
20200319,4137,79492350.0,51261940.0,64.48
20200319,4141,171144968.0,118345333.0,69.14
20200319,4142,362352752.0,12464350.0,3.43
20200319,4144,77139000.0,42012609.0,54.46
20200319,4148,64034001.0,46388001.0,72.44
20200319,4155,78621079.0,299312.0,0.38
20200319,4164,140386871.0,38291614.0,27.27
20200319,4190,60914700.0,38677449.0,63.49
20200319,4306,571834173.0,35232283.0,6.16
20200319,4414,903434949.0,186039154.0,20.59
20200319,4426,161079476.0,13213823.0,8.2
20200319,4438,103375292.0,5411954.0,5.23
20200319,4439,31500000.0,20348000.0,64.59
20200319,4526,254826461.0,19623805.0,7.7
20200319,4532,504915105.0,55369444.0,10.96
20200319,4536,90820000.0,11332107.0,12.47
20200319,4540,96678000.0,2204001.0,2.27
20200319,4545,77000000.0,27061132.0,35.14
20200319,4551,81934000.0,42595859.0,51.98
20200319,4552,116000000.0,58563710.0,50.48
20200319,4555,66880000.0,4345000.0,6.49
20200319,4557,39808000.0,16092330.0,40.42
20200319,4560,67666195.0,56206849.0,83.06
20200319,4562,67546000.0,1005018.0,1.48
20200319,4564,177786553.0,3840936.0,2.16
20200319,4566,66656000.0,2553000.0,3.83
20200319,4571,47600000.0,34116228.0,71.67
20200319,4572,35800000.0,45000.0,0.12
20200319,4576,117908241.0,2070102.0,1.75
20200319,4581,33899000.0,9864000.0,29.09
20200319,4720,88576709.0,2430173.0,2.74
20200319,4722,100009159.0,3241156.0,3.24
20200319,4725,291975000.0,2573827.0,0.88
20200319,4737,59500794.0,18612501.0,31.28
20200319,4739,93029269.0,4395588.0,4.72
20200319,4746,99012550.0,6556164.0,6.62
20200319,4755,90706000.0,29092532.0,32.07
20200319,4763,51076700.0,37854696.0,74.11
20200319,4764,76788615.0,28550285.0,37.18
20200319,4766,120570780.0,13571751.0,11.25
20200319,4807,38470000.0,27952601.0,72.66
20200319,4904,3258500810.0,691650737.0,21.22
20200319,4906,356883496.0,35424044.0,9.92
20200319,4912,47472069.0,17027985.0,35.86
20200319,4915,448730824.0,258202945.0,57.54
20200319,4916,83451568.0,1545466.0,1.85
20200319,4919,287554400.0,12788132.0,4.44
20200319,4927,184752016.0,23722521.0,12.84
20200319,4930,134300000.0,7131690.0,5.31
20200319,4934,200000000.0,8393563.0,4.19
20200319,4935,130937091.0,40830439.0,31.18
20200319,4938,2610791856.0,1118695947.0,42.84
20200319,4942,142367613.0,26301948.0,18.47
20200319,4943,135975732.0,52116132.0,38.32
20200319,4952,108815816.0,2115079.0,1.94
20200319,4956,100408236.0,8107907.0,8.07
20200319,4958,902229887.0,720615232.0,79.87
20200319,4960,665728500.0,82001908.0,12.31
20200319,4961,165687462.0,2655355.0,1.6
20200319,4967,68257489.0,9460878.0,13.86
20200319,4968,60376078.0,11281307.0,18.68
20200319,4976,117182000.0,2088455.0,1.78
20200319,4977,66640551.0,25411923.0,38.13
20200319,4989,153085000.0,1359205.0,0.88
20200319,4994,110639000.0,2621909.0,2.36
20200319,4999,74417200.0,6818666.0,9.16
20200319,5007,294940154.0,10720994.0,3.63
20200319,5203,83709300.0,21149477.0,25.26
20200319,5215,54337500.0,16384713.0,30.15
20200319,5225,61458000.0,36810753.0,59.89
20200319,5234,102715911.0,9258918.0,9.01
20200319,5243,168528915.0,113226414.0,67.18
20200319,5258,89542579.0,3087516.0,3.44
20200319,5264,420456991.0,277915873.0,66.09
20200319,5269,60037861.0,10722812.0,17.86
20200319,5283,76000425.0,428000.0,0.56
20200319,5284,43664608.0,26689208.0,61.12
20200319,5285,86099463.0,1938814.0,2.25
20200319,5288,65826153.0,42578253.0,64.68
20200319,5305,312456688.0,68372570.0,21.88
20200319,5388,245653767.0,64324628.0,26.18
20200319,5434,181699567.0,54390644.0,29.93
20200319,5469,491441352.0,82438730.0,16.77
20200319,5471,167877062.0,20070349.0,11.95
20200319,5484,68115093.0,321104.0,0.47
20200319,5515,267440105.0,13647621.0,5.1
20200319,5519,198544958.0,5926512.0,2.98
20200319,5521,447527413.0,32744229.0,7.31
20200319,5522,806259241.0,86476758.0,10.72
20200319,5525,244991913.0,5344439.0,2.18
20200319,5531,982474245.0,58642730.0,5.96
20200319,5533,285244944.0,8990049.0,3.15
20200319,5534,290325960.0,53142033.0,18.3
20200319,5538,168000000.0,115212125.0,68.57
20200319,5607,229979100.0,7060733.0,3.07
20200319,5608,279267090.0,22014461.0,7.88
20200319,5706,61294353.0,930890.0,1.51
20200319,5871,1328200030.0,998956673.0,75.21
20200319,5876,4481603140.0,2577904842.0,57.52
20200319,5880,12945848278.0,2567358302.0,19.83
20200319,5906,30000000.0,5888654.0,19.62
20200319,5907,195531000.0,104455237.0,53.42
20200319,6005,2170908097.0,244926020.0,11.28
20200319,6024,176437584.0,4131341.0,2.34
20200319,6108,159899311.0,10898779.0,6.81
20200319,6112,188357336.0,3591336.0,1.9
20200319,6115,187662154.0,23381791.0,12.45
20200319,6116,3133933851.0,353704449.0,11.28
20200319,6117,88650000.0,2477680.0,2.79
20200319,6120,665555114.0,61626842.0,9.25
20200319,6128,127588740.0,2913986.0,2.28
20200319,6131,101926533.0,125259.0,0.12
20200319,6133,117006294.0,5703871.0,4.87
20200319,6136,115536412.0,5172016.0,4.47
20200319,6139,225540929.0,37543010.0,16.64
20200319,6141,129964450.0,3195739.0,2.45
20200319,6142,268235633.0,7164699.0,2.67
20200319,6152,167738463.0,378337.0,0.22
20200319,6153,544279610.0,73196438.0,13.44
20200319,6155,86667589.0,2263407.0,2.61
20200319,6164,100000239.0,521855.0,0.52
20200319,6165,49682403.0,939013.0,1.89
20200319,6166,217497257.0,37457132.0,17.22
20200319,6168,206069801.0,6874050.0,3.33
20200319,6172,30000000.0,194214.0,0.64
20200319,6176,465027263.0,278534812.0,59.89
20200319,6177,256896748.0,6837042.0,2.66
20200319,6183,150000000.0,1382954.0,0.92
20200319,6184,158230657.0,4045468.0,2.55
20200319,6189,179045194.0,8838648.0,4.93
20200319,6191,515546903.0,40496650.0,7.85
20200319,6192,106839745.0,31068935.0,29.07
20200319,6196,185690424.0,9115291.0,4.9
20200319,6197,122085882.0,11732822.0,9.61
20200319,6201,89200000.0,166834.0,0.18
20200319,6202,226168200.0,62638901.0,27.69
20200319,6205,71839079.0,2053032.0,2.85
20200319,6206,143062324.0,29916525.0,20.91
20200319,6209,163119931.0,3653568.0,2.23
20200319,6213,302957218.0,43737370.0,14.43
20200319,6214,269393304.0,42222535.0,15.67
20200319,6215,82789693.0,4483883.0,5.41
20200319,6216,84345637.0,673124.0,0.79
20200319,6224,80001838.0,13720544.0,17.15
20200319,6225,119076655.0,6441406.0,5.4
20200319,6226,114951789.0,835256.0,0.72
20200319,6230,86343396.0,57747897.0,66.88
20200319,6235,168069106.0,2956143.0,1.75
20200319,6239,779146634.0,573870421.0,73.65
20200319,6243,74976693.0,233847.0,0.31
20200319,6251,281059335.0,37935367.0,13.49
20200319,6257,415772017.0,112989659.0,27.17
20200319,6269,335703398.0,120139446.0,35.78
20200319,6271,165357520.0,37825499.0,22.87
20200319,6277,119471166.0,19703525.0,16.49
20200319,6278,292398353.0,85569386.0,29.26
20200319,6281,99172945.0,1970478.0,1.98
20200319,6282,516621295.0,80363219.0,15.55
20200319,6283,148079143.0,28784717.0,19.43
20200319,6285,390329302.0,65348470.0,16.74
20200319,6288,171128000.0,3812258.0,2.22
20200319,6289,80778136.0,47714.0,0.05
20200319,6405,65800000.0,84686.0,0.12
20200319,6409,83301492.0,54462534.0,65.38
20200319,6412,386715375.0,47992952.0,12.41
20200319,6414,83574472.0,9166023.0,10.96
20200319,6415,91661926.0,85166178.0,92.91
20200319,6416,68035634.0,963050.0,1.41
20200319,6431,45642835.0,7413338.0,16.24
20200319,6442,69300000.0,23253224.0,33.55
20200319,6443,379016730.0,10072906.0,2.65
20200319,6449,84441912.0,1572022.0,1.86
20200319,6451,105446800.0,66746830.0,63.29
20200319,6452,100000000.0,21435967.0,21.43
20200319,6456,339439800.0,155091898.0,45.69
20200319,6464,122694706.0,572214.0,0.46
20200319,6477,94456570.0,637612.0,0.67
20200319,6491,70000000.0,2910763.0,4.15
20200319,6504,72600000.0,1898932.0,2.61
20200319,6505,9525959652.0,711674146.0,7.47
20200319,6525,129047384.0,14310576.0,11.08
20200319,6531,73830423.0,14165458.0,19.18
20200319,6533,42650911.0,1432847.0,3.35
20200319,6541,264052074.0,103274062.0,39.11
20200319,6552,100000000.0,1874293.0,1.87
20200319,6558,86660750.0,5760746.0,6.64
20200319,6573,67499345.0,46169319.0,68.39
20200319,6579,148498468.0,4443000.0,2.99
20200319,6581,111270887.0,402000.0,0.36
20200319,6582,104877141.0,15702095.0,14.97
20200319,6591,26203000.0,7726089.0,29.48
20200319,6592,515000407.0,119472995.0,23.19
20200319,6605,165816397.0,20412775.0,12.31
20200319,6625,37333423.0,18895.0,0.05
20200319,6641,34000000.0,11094603.0,32.63
20200319,6655,75608500.0,202274.0,0.26
20200319,6666,47388000.0,37728602.0,79.61
20200319,6668,68392302.0,18598621.0,27.19
20200319,6669,174510791.0,40927727.0,23.45
20200319,6670,131030000.0,29556888.0,22.55
20200319,6671,60750000.0,38044634.0,62.62
20200319,6672,70654345.0,27962277.0,39.57
20200319,6674,66837681.0,24000.0,0.03
20200319,6698,66389753.0,3863223.0,5.81
20200319,6706,66744935.0,4320806.0,6.47
20200319,6715,57000000.0,4487580.0,7.87
20200319,8011,118620375.0,2795541.0,2.35
20200319,8016,120136876.0,43119217.0,35.89
20200319,8021,142180467.0,17377817.0,12.22
20200319,8028,132408000.0,17688941.0,13.35
20200319,8033,112629775.0,648442.0,0.57
20200319,8039,209119692.0,48002949.0,22.95
20200319,8046,646165487.0,40920759.0,6.33
20200319,8070,63879937.0,7734744.0,12.1
20200319,8072,80000000.0,831270.0,1.03
20200319,8081,86172072.0,13044566.0,15.13
20200319,8101,208088795.0,730966.0,0.35
20200319,8103,81399413.0,7711605.0,9.47
20200319,8104,67630050.0,954404.0,1.41
20200319,8105,441544851.0,260179939.0,58.92
20200319,8110,506381144.0,31077320.0,6.13
20200319,8112,378496473.0,111321019.0,29.41
20200319,8114,106074919.0,4767912.0,4.49
20200319,8131,442222223.0,26754354.0,6.04
20200319,8150,727240126.0,353026772.0,48.54
20200319,8163,280000001.0,49516836.0,17.68
20200319,8201,62366275.0,1709565.0,2.74
20200319,8210,119725950.0,17882690.0,14.93
20200319,8213,271242488.0,73706732.0,27.17
20200319,8215,320674514.0,9068161.0,2.82
20200319,8222,68546750.0,291821.0,0.42
20200319,8249,127055000.0,19171919.0,15.08
20200319,8261,81340493.0,21050082.0,25.87
20200319,8271,100897807.0,17330115.0,17.17
20200319,8341,111500000.0,27921797.0,25.04
20200319,8367,81131938.0,1102473.0,1.35
20200319,8374,112225487.0,3512038.0,3.12
20200319,8404,315178126.0,176182478.0,55.89
20200319,8411,175398185.0,109226792.0,62.27
20200319,8422,108888000.0,27204526.0,24.98
20200319,8427,104261000.0,36899760.0,35.39
20200319,8429,185747151.0,68567773.0,36.91
20200319,8442,49999682.0,37880396.0,75.76
20200319,8443,66800000.0,4423125.0,6.62
20200319,8454,140058500.0,40794502.0,29.12
20200319,8462,69835558.0,1607583.0,2.3
20200319,8463,150000000.0,969000.0,0.64
20200319,8464,293020200.0,121058436.0,41.31
20200319,8466,66059000.0,40552000.0,61.38
20200319,8467,49534000.0,21923038.0,44.25
20200319,8473,134812297.0,1333711.0,0.98
20200319,8478,90893276.0,51729320.0,56.91
20200319,8480,39270000.0,34207019.0,87.1
20200319,8481,66601866.0,2934000.0,4.4
20200319,8482,111112000.0,99150701.0,89.23
20200319,8488,67500000.0,52358033.0,77.56
20200319,8497,36542810.0,393058.0,1.07
20200319,8499,51286000.0,37829108.0,73.76
20200319,8926,589048595.0,44104828.0,7.48
20200319,8940,67491032.0,5416937.0,8.02
20200319,8996,89384080.0,6673389.0,7.46
20200319,9103,205531500.0,735001.0,0.35
20200319,9105,839284153.0,8309005.0,0.99
20200319,9110,54038500.0,49000.0,0.09
20200319,9136,150804000.0,1874000.0,1.24
20200319,9188,66372000.0,0.0,0.0
20200319,9802,159830923.0,75143440.0,47.01
20200319,9902,98049600.0,496538.0,0.5
20200319,9904,2946787213.0,1681865553.0,57.07
20200319,9905,305000000.0,10043081.0,3.29
20200319,9906,83343981.0,631624.0,0.75
20200319,9907,1579145342.0,220008309.0,13.93
20200319,9908,516358000.0,11339045.0,2.19
20200319,9910,734734249.0,136953851.0,18.63
20200319,9911,221121188.0,49729260.0,22.48
20200319,9912,54350569.0,8638401.0,15.89
20200319,9914,298983800.0,115133458.0,38.5
20200319,9917,451197093.0,192600957.0,42.68
20200319,9918,180537453.0,2264969.0,1.25
20200319,9919,195362750.0,5936412.0,3.03
20200319,9921,375064626.0,180230155.0,48.05
20200319,9924,188452170.0,23159283.0,12.28
20200319,9925,383653075.0,65597485.0,17.09
20200319,9926,179504075.0,293323.0,0.16
20200319,9927,209148167.0,21862053.0,10.45
20200319,9928,150724583.0,0.0,0.0
20200319,9929,168800000.0,13601624.0,8.05
20200319,9930,248540368.0,4964606.0,1.99
20200319,9931,102250512.0,440917.0,0.43
20200319,9933,763273848.0,192455190.0,25.21
20200319,9934,356212962.0,75183012.0,21.1
20200319,9935,169623342.0,11504408.0,6.78
20200319,9937,309043000.0,5963178.0,1.92
20200319,9938,297963902.0,79715721.0,26.75
20200319,9939,292878879.0,77465951.0,26.44
20200319,9940,736846500.0,36080570.0,4.89
20200319,9941,302092125.0,18469702.0,6.11
20200319,9942,83161320.0,3066735.0,3.68
20200319,9943,147317600.0,4032939.0,2.73
20200319,9944,109107100.0,2465160.0,2.25
20200319,9945,1003253999.0,161572466.0,16.1
20200319,9946,300820867.0,31051000.0,10.32
20200319,9955,103208229.0,1240492.0,1.2
20200319,9958,209342910.0,9752177.0,4.65
20200320,1101,5465619204.0,1480433754.0,27.08
20200320,1102,3361447198.0,867392403.0,25.8
20200320,1103,774780548.0,40059655.0,5.17
20200320,1104,653609192.0,78337334.0,11.98
20200320,1108,404738049.0,6170730.0,1.52
20200320,1109,341957868.0,11103861.0,3.24
20200320,1110,572000797.0,43829466.0,7.66
20200320,1201,506062914.0,53406334.0,10.55
20200320,1203,240000000.0,5142769.0,2.14
20200320,1210,827339086.0,137097746.0,16.57
20200320,1213,56622627.0,42642.0,0.07
20200320,1215,267990998.0,111804943.0,41.71
20200320,1216,5682015421.0,2920590815.0,51.4
20200320,1217,494513336.0,37674256.0,7.61
20200320,1218,499999038.0,11624797.0,2.32
20200320,1219,322013887.0,11259703.0,3.49
20200320,1220,177077944.0,16352673.0,9.23
20200320,1225,218703051.0,1626906.0,0.74
20200320,1227,915089591.0,209059093.0,22.84
20200320,1229,1104739841.0,148330640.0,13.42
20200320,1231,174595395.0,3781687.0,2.16
20200320,1232,159974915.0,2134421.0,1.33
20200320,1233,90591948.0,4715802.0,5.2
20200320,1234,401871094.0,17414511.0,4.33
20200320,1235,98955436.0,53637.0,0.05
20200320,1236,108342510.0,54329.0,0.05
20200320,1256,33842160.0,1548777.0,4.57
20200320,1301,6365740781.0,2325839704.0,36.53
20200320,1303,7930821589.0,2362561262.0,29.78
20200320,1304,1188763500.0,408061531.0,34.32
20200320,1305,527029927.0,85352967.0,16.19
20200320,1307,397818126.0,45939752.0,11.54
20200320,1308,554382745.0,34395424.0,6.2
20200320,1309,334204892.0,14256279.0,4.26
20200320,1310,527869764.0,93746732.0,17.75
20200320,1312,906620328.0,233086104.0,25.7
20200320,1313,1332347607.0,149407399.0,11.21
20200320,1314,3284850130.0,545831203.0,16.61
20200320,1315,198000000.0,2397149.0,1.21
20200320,1316,179541221.0,2434031.0,1.35
20200320,1319,591477068.0,114999774.0,19.44
20200320,1321,227228268.0,5514995.0,2.42
20200320,1323,91274554.0,2813165.0,3.08
20200320,1324,75121882.0,329215.0,0.43
20200320,1325,85281198.0,400363.0,0.46
20200320,1326,5861186291.0,2095112338.0,35.74
20200320,1337,268954729.0,70152827.0,26.08
20200320,1338,83840000.0,12652510.0,15.09
20200320,1339,74138875.0,1273038.0,1.71
20200320,1340,152922855.0,47323961.0,30.94
20200320,1341,49400000.0,42895950.0,86.83
20200320,1402,5352875227.0,1016505772.0,18.98
20200320,1409,1618409291.0,249878922.0,15.43
20200320,1410,63000000.0,10596456.0,16.81
20200320,1413,132112454.0,364175.0,0.27
20200320,1414,220000000.0,2545669.0,1.15
20200320,1416,185342168.0,26503289.0,14.29
20200320,1417,189941840.0,4825620.0,2.54
20200320,1418,56834309.0,344219.0,0.6
20200320,1419,300041280.0,6707142.0,2.23
20200320,1423,138400000.0,2856830.0,2.06
20200320,1432,167937642.0,143917.0,0.08
20200320,1434,1684664637.0,272032098.0,16.14
20200320,1435,139780080.0,1046879.0,0.74
20200320,1436,95634000.0,91722.0,0.09
20200320,1437,203371284.0,11415065.0,5.61
20200320,1438,102411518.0,80044.0,0.07
20200320,1439,92000000.0,1394935.0,1.51
20200320,1440,1656815857.0,121571074.0,7.33
20200320,1441,100800000.0,1397719.0,1.38
20200320,1442,302117481.0,8353757.0,2.76
20200320,1443,135343011.0,60758.0,0.04
20200320,1444,957302942.0,91973816.0,9.6
20200320,1445,132667034.0,1939715.0,1.46
20200320,1446,137709513.0,1535237.0,1.11
20200320,1447,914487242.0,69192604.0,7.56
20200320,1449,120000000.0,189535.0,0.15
20200320,1451,198000000.0,19966142.0,10.08
20200320,1452,132641400.0,5418732.0,4.08
20200320,1453,98642138.0,77880.0,0.07
20200320,1454,134309848.0,544472.0,0.4
20200320,1455,611763380.0,19972883.0,3.26
20200320,1456,93720000.0,130224.0,0.13
20200320,1457,301647640.0,9071110.0,3.0
20200320,1459,358628907.0,7854150.0,2.19
20200320,1460,509834182.0,24834481.0,4.87
20200320,1463,173268381.0,5602824.0,3.23
20200320,1464,384565652.0,7836490.0,2.03
20200320,1465,103607267.0,811735.0,0.78
20200320,1466,111157320.0,127264.0,0.11
20200320,1467,233624667.0,45061206.0,19.28
20200320,1468,160405244.0,2932115.0,1.82
20200320,1470,85767000.0,38084.0,0.04
20200320,1471,150414536.0,112970.0,0.07
20200320,1472,45672722.0,48667.0,0.1
20200320,1473,147153534.0,15126754.0,10.27
20200320,1474,129896969.0,200888.0,0.15
20200320,1475,16016749.0,11039.0,0.06
20200320,1476,274367111.0,100160524.0,36.5
20200320,1477,219856581.0,27915312.0,12.69
20200320,1503,520972223.0,166276116.0,31.91
20200320,1504,1967692886.0,743112936.0,37.76
20200320,1506,122855501.0,520365.0,0.42
20200320,1507,410820000.0,186403288.0,45.37
20200320,1512,220002494.0,17970048.0,8.16
20200320,1513,420000000.0,53206737.0,12.66
20200320,1514,207099023.0,23023851.0,11.11
20200320,1515,181473500.0,16982926.0,9.35
20200320,1516,33350889.0,39368.0,0.11
20200320,1517,227825007.0,5699321.0,2.5
20200320,1519,261058548.0,17059608.0,6.53
20200320,1521,76230000.0,25604764.0,33.58
20200320,1522,312897881.0,20741589.0,6.62
20200320,1524,179685207.0,201726.0,0.11
20200320,1525,73400135.0,40878.0,0.05
20200320,1526,60000000.0,1225638.0,2.04
20200320,1527,138570640.0,12106726.0,8.73
20200320,1528,199331000.0,2502467.0,1.25
20200320,1529,95967982.0,281354.0,0.29
20200320,1530,96594171.0,669681.0,0.69
20200320,1531,185008080.0,17914386.0,9.68
20200320,1532,385252112.0,47305126.0,12.27
20200320,1533,98547486.0,6661588.0,6.75
20200320,1535,123742552.0,518004.0,0.41
20200320,1536,254956513.0,32826564.0,12.87
20200320,1537,81785394.0,19121756.0,23.38
20200320,1538,56135851.0,137355.0,0.24
20200320,1539,65370000.0,76034.0,0.11
20200320,1540,85473612.0,239353.0,0.28
20200320,1541,78800000.0,7678312.0,9.74
20200320,1558,60535631.0,6720116.0,11.1
20200320,1560,141000000.0,19183955.0,13.6
20200320,1568,103086559.0,1891113.0,1.83
20200320,1582,123724171.0,38124249.0,30.81
20200320,1583,110400372.0,61986.0,0.05
20200320,1587,67356618.0,13522742.0,20.07
20200320,1589,105617519.0,10956951.0,10.37
20200320,1590,189024998.0,127818242.0,67.61
20200320,1592,110978250.0,43017412.0,38.76
20200320,1598,115100887.0,898787.0,0.78
20200320,1603,191688000.0,3416859.0,1.78
20200320,1604,387200000.0,47091048.0,12.16
20200320,1605,3326000258.0,736621510.0,22.14
20200320,1608,632773506.0,20963907.0,3.31
20200320,1609,595068022.0,61517726.0,10.33
20200320,1611,358595268.0,41441941.0,11.55
20200320,1612,316080063.0,33693981.0,10.65
20200320,1614,269113406.0,5315013.0,1.97
20200320,1615,111861784.0,131650.0,0.11
20200320,1616,194148515.0,129127.0,0.06
20200320,1617,144233235.0,30615329.0,21.22
20200320,1618,240864684.0,2834787.0,1.17
20200320,1626,136850637.0,67370241.0,49.22
20200320,1701,298081080.0,29966156.0,10.05
20200320,1702,294132962.0,48821663.0,16.59
20200320,1707,136286373.0,29747965.0,21.82
20200320,1708,211520260.0,17221236.0,8.14
20200320,1709,477016272.0,17948238.0,3.76
20200320,1710,885703029.0,85165052.0,9.61
20200320,1711,547752226.0,46880552.0,8.55
20200320,1712,420492585.0,50404758.0,11.98
20200320,1713,150951700.0,7252675.0,4.8
20200320,1714,1016824808.0,184683528.0,18.16
20200320,1717,1240279455.0,166147379.0,13.39
20200320,1718,1621367217.0,172577993.0,10.64
20200320,1720,178696089.0,3479793.0,1.94
20200320,1721,222347344.0,6560121.0,2.95
20200320,1722,980000000.0,136683093.0,13.94
20200320,1723,236904480.0,31622149.0,13.34
20200320,1724,127813900.0,7701934.0,6.02
20200320,1725,181829978.0,195027.0,0.1
20200320,1726,162000000.0,24091727.0,14.87
20200320,1727,110250000.0,1087598.0,0.98
20200320,1730,63233851.0,5051281.0,7.98
20200320,1731,132915244.0,1381790.0,1.03
20200320,1732,42443957.0,125646.0,0.29
20200320,1733,99986192.0,3187146.0,3.18
20200320,1734,167722022.0,5680757.0,3.38
20200320,1735,99388000.0,49913241.0,50.22
20200320,1736,303616617.0,12740171.0,4.19
20200320,1737,200000000.0,18597379.0,9.29
20200320,1760,76739013.0,1673958.0,2.18
20200320,1762,77560000.0,2791279.0,3.59
20200320,1773,150000000.0,3782597.0,2.52
20200320,1776,69986099.0,34001.0,0.04
20200320,1783,69465000.0,5440606.0,7.83
20200320,1786,58100000.0,814073.0,1.4
20200320,1789,790739222.0,34306796.0,4.33
20200320,1795,243113964.0,168531381.0,69.32
20200320,1802,2908060800.0,205969341.0,7.08
20200320,1805,100265400.0,109805.0,0.1
20200320,1806,433782078.0,53150314.0,12.25
20200320,1808,308330531.0,14904679.0,4.83
20200320,1809,167041937.0,5549786.0,3.32
20200320,1810,369853610.0,12244506.0,3.31
20200320,1817,72600000.0,1215000.0,1.67
20200320,1902,402000550.0,20458369.0,5.08
20200320,1903,260039121.0,38802115.0,14.92
20200320,1904,1108274522.0,142558939.0,12.86
20200320,1905,1102835316.0,48812594.0,4.42
20200320,1906,151000000.0,1630509.0,1.07
20200320,1907,1660371495.0,297809027.0,17.93
20200320,1909,1217685727.0,181648464.0,14.91
20200320,2002,15734860997.0,3047686235.0,19.36
20200320,2006,1004060608.0,128775914.0,12.82
20200320,2007,530651613.0,271965.0,0.05
20200320,2008,200852293.0,14295407.0,7.11
20200320,2009,359622165.0,23782265.0,6.61
20200320,2010,647655390.0,29229564.0,4.51
20200320,2012,287774000.0,6900540.0,2.39
20200320,2013,200000000.0,14721962.0,7.36
20200320,2014,1435544446.0,71676148.0,4.99
20200320,2015,581599424.0,54345916.0,9.34
20200320,2017,341867462.0,7936222.0,2.32
20200320,2020,222526100.0,5648869.0,2.53
20200320,2022,479751976.0,14575352.0,3.03
20200320,2023,1913327518.0,128344431.0,6.7
20200320,2024,97500000.0,128093.0,0.13
20200320,2025,281167262.0,119066.0,0.04
20200320,2027,1233790052.0,294953689.0,23.9
20200320,2028,325714800.0,237958.0,0.07
20200320,2029,321180000.0,225536081.0,70.22
20200320,2030,286526027.0,14069668.0,4.91
20200320,2031,310687699.0,32498658.0,10.46
20200320,2032,130521545.0,209736.0,0.16
20200320,2033,80694536.0,98139.0,0.12
20200320,2034,407130743.0,49983811.0,12.27
20200320,2038,181264522.0,388670.0,0.21
20200320,2049,309578886.0,122480036.0,39.56
20200320,2059,95297072.0,23401002.0,24.55
20200320,2062,163014152.0,16919128.0,10.37
20200320,2069,156386836.0,710307.0,0.45
20200320,2101,833934904.0,70621131.0,8.46
20200320,2102,473329207.0,38802645.0,8.19
20200320,2103,825709978.0,288110919.0,34.89
20200320,2104,984733625.0,121807719.0,12.36
20200320,2105,3241415536.0,426279503.0,13.15
20200320,2106,874430000.0,44606544.0,5.1
20200320,2107,350000000.0,33947641.0,9.69
20200320,2108,492416659.0,46142363.0,9.37
20200320,2109,332349134.0,49478660.0,14.88
20200320,2114,70901552.0,1228907.0,1.73
20200320,2115,86063215.0,39635789.0,46.05
20200320,2201,1572919909.0,100518868.0,6.39
20200320,2204,553620342.0,164292142.0,29.67
20200320,2206,853595604.0,87658153.0,10.26
20200320,2207,546179184.0,130088348.0,23.81
20200320,2208,472991749.0,15465344.0,3.26
20200320,2227,300000000.0,122531726.0,40.84
20200320,2228,75780281.0,6879573.0,9.07
20200320,2231,122821241.0,11729880.0,9.55
20200320,2233,60288089.0,5591583.0,9.27
20200320,2236,44826766.0,33326473.0,74.34
20200320,2239,118007000.0,89932639.0,76.2
20200320,2243,45718529.0,19628127.0,42.93
20200320,2301,2350867032.0,1254907562.0,53.38
20200320,2302,166302881.0,6358656.0,3.82
20200320,2303,11773994401.0,5946866943.0,50.5
20200320,2305,205660827.0,9962708.0,4.84
20200320,2308,2597543329.0,1705823920.0,65.67
20200320,2312,1452081211.0,250418398.0,17.24
20200320,2313,1191820589.0,321130332.0,26.94
20200320,2314,228028320.0,3764388.0,1.65
20200320,2316,203045040.0,38023712.0,18.72
20200320,2317,13862990609.0,6257397443.0,45.13
20200320,2321,315332590.0,167111.0,0.05
20200320,2323,1158881200.0,101653187.0,8.77
20200320,2324,4407146625.0,2090982210.0,47.44
20200320,2327,427121695.0,206415325.0,48.32
20200320,2328,518346282.0,88986357.0,17.16
20200320,2329,557328533.0,171604809.0,30.79
20200320,2330,25930380458.0,19592913559.0,75.55
20200320,2331,557402968.0,87780474.0,15.74
20200320,2332,651996166.0,95496376.0,14.64
20200320,2337,1839908862.0,363953207.0,19.78
20200320,2338,252713611.0,4785467.0,1.89
20200320,2340,378622846.0,75972611.0,20.06
20200320,2342,156342161.0,9548439.0,6.1
20200320,2344,3980000193.0,885274960.0,22.24
20200320,2345,557726397.0,318728212.0,57.14
20200320,2347,1667946968.0,571728756.0,34.27
20200320,2348,85600000.0,1421904.0,1.66
20200320,2349,1284157900.0,162839358.0,12.68
20200320,2351,182140249.0,23878398.0,13.1
20200320,2352,1966781958.0,407599412.0,20.72
20200320,2353,3074933828.0,860691300.0,27.99
20200320,2354,1414485192.0,386677508.0,27.33
20200320,2355,397495420.0,114078743.0,28.69
20200320,2356,3587475066.0,969350323.0,27.02
20200320,2357,742760280.0,447226347.0,60.21
20200320,2358,94616172.0,287112.0,0.3
20200320,2359,171471052.0,6820519.0,3.97
20200320,2360,419092587.0,269973347.0,64.41
20200320,2362,669763000.0,87358734.0,13.04
20200320,2363,554062477.0,32501866.0,5.86
20200320,2364,198939797.0,30043266.0,15.1
20200320,2365,234538496.0,15118942.0,6.44
20200320,2367,619407175.0,127906140.0,20.64
20200320,2368,546487841.0,49766189.0,9.1
20200320,2369,380102344.0,58735913.0,15.45
20200320,2371,2339536685.0,924125810.0,39.5
20200320,2373,236202518.0,4456202.0,1.88
20200320,2374,282362812.0,25170951.0,8.91
20200320,2375,194063097.0,7722318.0,3.97
20200320,2376,635688886.0,178334452.0,28.05
20200320,2377,844856199.0,287688886.0,34.05
20200320,2379,508095464.0,300994095.0,59.23
20200320,2380,162444084.0,2991533.0,1.84
20200320,2382,3862627432.0,1003300198.0,25.97
20200320,2383,319708064.0,114255704.0,35.73
20200320,2385,734497521.0,388108702.0,52.84
20200320,2387,196297952.0,10617138.0,5.4
20200320,2388,493303441.0,53415301.0,10.82
20200320,2390,214021602.0,4240325.0,1.98
20200320,2392,512326940.0,71780820.0,14.01
20200320,2393,443056236.0,156044981.0,35.22
20200320,2395,699075510.0,284445699.0,40.68
20200320,2397,114688857.0,24532938.0,21.39
20200320,2399,178100000.0,30783283.0,17.28
20200320,2401,591994919.0,70841505.0,11.96
20200320,2402,307536533.0,41783723.0,13.58
20200320,2404,190586698.0,55623519.0,29.18
20200320,2405,343427303.0,22146651.0,6.44
20200320,2406,205905689.0,16906881.0,8.21
20200320,2408,3053504894.0,664531876.0,21.76
20200320,2409,9624245115.0,2907257031.0,30.2
20200320,2412,7757446545.0,1273390649.0,16.41
20200320,2413,127359200.0,666115.0,0.52
20200320,2414,161735846.0,11090014.0,6.85
20200320,2415,80000000.0,1414951.0,1.76
20200320,2417,192892330.0,5650430.0,2.92
20200320,2419,328986229.0,37600777.0,11.42
20200320,2420,152648688.0,5103474.0,3.34
20200320,2421,250929732.0,68570704.0,27.32
20200320,2423,145047289.0,2390432.0,1.64
20200320,2424,30000000.0,71154.0,0.23
20200320,2425,101498831.0,27981687.0,27.56
20200320,2426,300622252.0,23353643.0,7.76
20200320,2427,184314463.0,3652289.0,1.98
20200320,2428,128112726.0,19913394.0,15.54
20200320,2429,36736200.0,1207997.0,3.28
20200320,2430,166468825.0,5944090.0,3.57
20200320,2431,110927014.0,1463990.0,1.31
20200320,2433,144496011.0,1420704.0,0.98
20200320,2434,70602126.0,800806.0,1.13
20200320,2436,178009961.0,13242029.0,7.43
20200320,2438,95215940.0,60374.0,0.06
20200320,2439,207879134.0,43613225.0,20.98
20200320,2440,139117271.0,103394.0,0.07
20200320,2441,568845921.0,86413574.0,15.19
20200320,2442,267234372.0,9303550.0,3.48
20200320,2443,145687000.0,210195.0,0.14
20200320,2444,105557573.0,1955563.0,1.85
20200320,2448,1088701410.0,196340581.0,18.03
20200320,2449,1222745065.0,520348069.0,42.55
20200320,2450,258252657.0,11639636.0,4.5
20200320,2451,430761675.0,68515743.0,15.9
20200320,2453,100000000.0,1137804.0,1.13
20200320,2454,1589981632.0,975939755.0,61.38
20200320,2455,184905918.0,38250048.0,20.68
20200320,2456,243254748.0,44364322.0,18.23
20200320,2457,337688416.0,25279695.0,7.48
20200320,2458,303880392.0,87683764.0,28.85
20200320,2459,105900615.0,18469235.0,17.44
20200320,2460,169200000.0,1571103.0,0.92
20200320,2461,159324631.0,5442431.0,3.41
20200320,2462,142484596.0,1366712.0,0.95
20200320,2464,195531226.0,16955222.0,8.67
20200320,2465,53587301.0,292927.0,0.54
20200320,2466,156334226.0,18796291.0,12.02
20200320,2467,149205548.0,11127974.0,7.45
20200320,2468,69961249.0,63995.0,0.09
20200320,2471,47253890.0,617916.0,1.3
20200320,2472,129219822.0,3934986.0,3.04
20200320,2474,770391069.0,494621373.0,64.2
20200320,2476,184968298.0,17816743.0,9.63
20200320,2477,198216555.0,44852674.0,22.62
20200320,2478,145248989.0,10854083.0,7.47
20200320,2480,106360291.0,7277697.0,6.84
20200320,2481,332814927.0,39714958.0,11.93
20200320,2482,62072549.0,352301.0,0.56
20200320,2483,110618807.0,193242.0,0.17
20200320,2484,159421022.0,11045976.0,6.92
20200320,2485,317689037.0,21091914.0,6.63
20200320,2486,201958579.0,7173741.0,3.55
20200320,2488,79999433.0,2742631.0,3.42
20200320,2489,809362045.0,103659607.0,12.8
20200320,2491,82008000.0,6395676.0,7.79
20200320,2492,485800000.0,122139886.0,25.14
20200320,2493,114437390.0,7774922.0,6.79
20200320,2495,276290738.0,48358083.0,17.5
20200320,2496,17459400.0,8450869.0,48.4
20200320,2497,118798463.0,1726483.0,1.45
20200320,2498,818808635.0,130998277.0,15.99
20200320,2499,461172003.0,40033238.0,8.68
20200320,2501,1159561059.0,107798751.0,9.29
20200320,2504,1385000335.0,161119956.0,11.63
20200320,2505,696582479.0,28491366.0,4.09
20200320,2506,387000000.0,13209991.0,3.41
20200320,2509,204136846.0,3088604.0,1.51
20200320,2511,1623326147.0,141633426.0,8.72
20200320,2514,404729278.0,16604870.0,4.1
20200320,2515,1530899822.0,157655801.0,10.29
20200320,2516,226278457.0,6223711.0,2.75
20200320,2520,503791000.0,106632054.0,21.16
20200320,2524,384846372.0,8079154.0,2.09
20200320,2527,270306000.0,78306922.0,28.96
20200320,2528,277085409.0,381491.0,0.13
20200320,2530,270752466.0,3163115.0,1.16
20200320,2534,592784962.0,70453289.0,11.88
20200320,2535,290743386.0,25243226.0,8.68
20200320,2536,332808652.0,58717587.0,17.64
20200320,2537,300557795.0,8949782.0,2.97
20200320,2538,438448764.0,58347712.0,13.3
20200320,2539,461314374.0,330105.0,0.07
20200320,2540,146600000.0,125004.0,0.08
20200320,2542,1166628752.0,221337957.0,18.97
20200320,2543,241983788.0,239506.0,0.09
20200320,2545,327734808.0,12372465.0,3.77
20200320,2546,106035660.0,3371988.0,3.18
20200320,2547,912307649.0,202930316.0,22.24
20200320,2548,276812726.0,81253195.0,29.35
20200320,2597,135000000.0,1072171.0,0.79
20200320,2601,630883150.0,79035706.0,12.52
20200320,2603,4812973786.0,1141494859.0,23.71
20200320,2605,585353297.0,194927774.0,33.3
20200320,2606,845055712.0,75812002.0,8.97
20200320,2607,1067141094.0,73408279.0,6.87
20200320,2608,467000498.0,42356523.0,9.06
20200320,2609,2601335728.0,138993509.0,5.34
20200320,2610,5420984650.0,793779841.0,14.64
20200320,2611,175994247.0,148920.0,0.08
20200320,2612,197484593.0,4642744.0,2.35
20200320,2613,148423458.0,97643.0,0.06
20200320,2614,556789889.0,10793704.0,1.93
20200320,2615,2218297466.0,927392293.0,41.8
20200320,2616,137281827.0,4420589.0,3.22
20200320,2617,417294487.0,13698935.0,3.28
20200320,2618,4853569490.0,1339035755.0,27.58
20200320,2630,120120000.0,71000.0,0.05
20200320,2633,5628293058.0,790052422.0,14.03
20200320,2634,941867101.0,18474582.0,1.96
20200320,2636,117157402.0,16876077.0,14.4
20200320,2637,688655903.0,51911497.0,7.53
20200320,2642,95467000.0,4940332.0,5.17
20200320,2701,449967838.0,1858326.0,0.41
20200320,2702,110485538.0,41030363.0,37.13
20200320,2704,366923343.0,31756145.0,8.65
20200320,2705,186536630.0,5652559.0,3.03
20200320,2706,499998346.0,12786990.0,2.55
20200320,2707,126745769.0,18716593.0,14.76
20200320,2712,105000000.0,58592.0,0.05
20200320,2722,111522961.0,95380.0,0.08
20200320,2723,180000000.0,94717310.0,52.62
20200320,2727,76987883.0,7909282.0,10.27
20200320,2731,70000000.0,2239896.0,3.19
20200320,2739,111526000.0,2181800.0,1.95
20200320,2748,65637000.0,465847.0,0.7
20200320,2801,9985311160.0,1439513639.0,14.41
20200320,2809,1131234265.0,188571711.0,16.66
20200320,2812,3708834898.0,498854175.0,13.45
20200320,2816,212960000.0,11793821.0,5.53
20200320,2820,1342960000.0,104549159.0,7.78
20200320,2823,4463582304.0,1041169582.0,23.32
20200320,2832,362200400.0,11429718.0,3.15
20200320,2834,7131984244.0,1638871428.0,22.97
20200320,2836,1080916486.0,78611766.0,7.27
20200320,2838,2884455292.0,85927173.0,2.97
20200320,2841,760943600.0,82036746.0,10.78
20200320,2845,3355819407.0,418150534.0,12.46
20200320,2849,1957910050.0,1154124914.0,58.94
20200320,2850,315963300.0,27035004.0,8.55
20200320,2851,590388750.0,13082316.0,2.21
20200320,2852,301163784.0,12116846.0,4.02
20200320,2855,1372390028.0,144627394.0,10.53
20200320,2867,2371971471.0,166184709.0,7.0
20200320,2880,12172740178.0,2370993395.0,19.47
20200320,2881,10233603995.0,2675482385.0,26.14
20200320,2882,13169210128.0,2833667633.0,21.51
20200320,2883,14965982132.0,3777872881.0,25.24
20200320,2884,11619500000.0,4789933228.0,41.22
20200320,2885,11670611456.0,4474425927.0,38.33
20200320,2886,13599823983.0,3368641708.0,24.76
20200320,2887,10656061370.0,2847851503.0,26.72
20200320,2888,12600394063.0,2700880956.0,21.43
20200320,2889,2848064596.0,347152798.0,12.18
20200320,2890,11281054106.0,3471629139.0,30.77
20200320,2891,19496989569.0,7693025865.0,39.45
20200320,2892,12461942795.0,3230938225.0,25.92
20200320,2897,2413006301.0,29607066.0,1.22
20200320,2901,73043283.0,55994.0,0.07
20200320,2903,1416940589.0,207965252.0,14.67
20200320,2904,69034432.0,57652.0,0.08
20200320,2905,826682688.0,56580194.0,6.84
20200320,2906,209111093.0,3769522.0,1.8
20200320,2908,509887558.0,40158961.0,7.87
20200320,2910,208725000.0,250000.0,0.11
20200320,2911,188941775.0,33173867.0,17.55
20200320,2912,1039622255.0,416002905.0,40.01
20200320,2913,790000000.0,91300550.0,11.55
20200320,2915,564860594.0,101540899.0,17.97
20200320,2923,1740296982.0,1727171274.0,99.24
20200320,2929,94955292.0,47293374.0,49.8
20200320,2936,76555696.0,67943696.0,88.75
20200320,2939,47222665.0,35051893.0,74.22
20200320,3002,102000000.0,239372.0,0.23
20200320,3003,155654890.0,11738386.0,7.54
20200320,3004,52647155.0,1118072.0,2.12
20200320,3005,579520150.0,182160251.0,31.43
20200320,3006,285758925.0,43727870.0,15.3
20200320,3008,134140197.0,70250310.0,52.37
20200320,3010,231390138.0,53644250.0,23.18
20200320,3011,112719251.0,127048.0,0.11
20200320,3013,159435018.0,3053158.0,1.91
20200320,3014,161080124.0,34231217.0,21.25
20200320,3015,192261950.0,21876055.0,11.37
20200320,3016,274401315.0,3043520.0,1.1
20200320,3017,353310157.0,121909897.0,34.5
20200320,3018,73512132.0,2257491.0,3.07
20200320,3019,281083901.0,36908429.0,13.13
20200320,3021,95813467.0,2355516.0,2.45
20200320,3022,177289790.0,37179952.0,20.97
20200320,3023,229078860.0,108494322.0,47.36
20200320,3024,277157496.0,3834140.0,1.38
20200320,3025,70920550.0,1561059.0,2.2
20200320,3026,157990779.0,16107455.0,10.19
20200320,3027,98856311.0,150199.0,0.15
20200320,3028,213824864.0,10527615.0,4.92
20200320,3029,124623212.0,4227382.0,3.39
20200320,3030,236216000.0,52763008.0,22.33
20200320,3031,186674224.0,5690937.0,3.04
20200320,3032,113285626.0,2133015.0,1.88
20200320,3033,367751242.0,17887471.0,4.86
20200320,3034,608511469.0,369025642.0,60.64
20200320,3035,248550313.0,57408640.0,23.09
20200320,3036,588121760.0,137941915.0,23.45
20200320,3037,1504732333.0,473826687.0,31.48
20200320,3038,162407603.0,6376365.0,3.92
20200320,3040,63000000.0,10656598.0,16.91
20200320,3041,192539746.0,14447167.0,7.5
20200320,3042,309757040.0,107349003.0,34.65
20200320,3043,194878166.0,2449666.0,1.25
20200320,3044,525605898.0,313481697.0,59.64
20200320,3045,3442720069.0,649268201.0,18.85
20200320,3046,71448013.0,738702.0,1.03
20200320,3047,186491633.0,7340547.0,3.93
20200320,3048,222572540.0,24585242.0,11.04
20200320,3049,806948529.0,77360335.0,9.58
20200320,3050,145984450.0,8386083.0,5.74
20200320,3051,325332396.0,273232.0,0.08
20200320,3052,228713554.0,6689014.0,2.92
20200320,3054,87848033.0,194261.0,0.22
20200320,3055,102441918.0,2275424.0,2.22
20200320,3056,209215308.0,19115643.0,9.13
20200320,3057,161409213.0,7855531.0,4.86
20200320,3058,164937351.0,4462488.0,2.7
20200320,3059,279587325.0,35077942.0,12.54
20200320,3060,139361590.0,10573534.0,7.58
20200320,3062,328605418.0,44499964.0,13.54
20200320,3090,178657150.0,15073580.0,8.43
20200320,3094,84655089.0,1622644.0,1.91
20200320,3130,33190700.0,13602919.0,40.98
20200320,3149,206393604.0,4137085.0,2.0
20200320,3164,88911864.0,674305.0,0.75
20200320,3167,80134116.0,1229490.0,1.53
20200320,3189,451039005.0,71407536.0,15.83
20200320,3209,172915577.0,3485708.0,2.01
20200320,3229,93515881.0,1350777.0,1.44
20200320,3231,2840612050.0,1570209317.0,55.27
20200320,3257,69380277.0,478835.0,0.69
20200320,3266,352314309.0,17732199.0,5.03
20200320,3296,98224450.0,1907054.0,1.94
20200320,3305,118265271.0,3153144.0,2.66
20200320,3308,98569663.0,77319.0,0.07
20200320,3311,60000000.0,422565.0,0.7
20200320,3312,118032122.0,9739070.0,8.25
20200320,3321,126218519.0,671491.0,0.53
20200320,3338,86481985.0,3225284.0,3.72
20200320,3346,75784000.0,3645347.0,4.81
20200320,3356,89871303.0,1519093.0,1.69
20200320,3376,178988346.0,53974860.0,30.15
20200320,3380,542727260.0,37356439.0,6.88
20200320,3383,70000000.0,12087788.0,17.26
20200320,3406,110890463.0,31057332.0,28.0
20200320,3413,82687500.0,16569423.0,20.03
20200320,3416,72181447.0,1556113.0,2.15
20200320,3419,120480417.0,7626468.0,6.33
20200320,3432,66586000.0,3320907.0,4.98
20200320,3437,144548000.0,15737650.0,10.88
20200320,3443,134011911.0,25326723.0,18.89
20200320,3450,145681382.0,15931551.0,10.93
20200320,3454,87033910.0,6590562.0,7.57
20200320,3481,9711071977.0,2638143091.0,27.16
20200320,3494,179450634.0,8066372.0,4.49
20200320,3501,118257927.0,3708862.0,3.13
20200320,3504,114059785.0,2196172.0,1.92
20200320,3515,120647229.0,5264636.0,4.36
20200320,3518,80752230.0,8216563.0,10.17
20200320,3528,65597216.0,5628002.0,8.57
20200320,3530,78025900.0,36492050.0,46.76
20200320,3532,387848300.0,187592971.0,48.36
20200320,3533,103477900.0,25069919.0,24.22
20200320,3535,79052356.0,3171218.0,4.01
20200320,3536,106800000.0,223564.0,0.2
20200320,3545,299416416.0,66644032.0,22.25
20200320,3550,85000000.0,666002.0,0.78
20200320,3557,72300415.0,25246441.0,34.91
20200320,3563,42608234.0,6998796.0,16.42
20200320,3576,2665577382.0,258687350.0,9.7
20200320,3583,81139000.0,6436998.0,7.93
20200320,3588,46882200.0,2359568.0,5.03
20200320,3591,125001379.0,6225207.0,4.98
20200320,3593,83042416.0,43931.0,0.05
20200320,3596,208535090.0,22455267.0,10.76
20200320,3605,122395884.0,11593006.0,9.47
20200320,3607,121662239.0,9148427.0,7.51
20200320,3617,80951000.0,2932694.0,3.62
20200320,3622,151327600.0,3925223.0,2.59
20200320,3645,129420494.0,6750871.0,5.21
20200320,3653,120484239.0,9212620.0,7.64
20200320,3661,60186610.0,23476127.0,39.0
20200320,3665,130517407.0,56043754.0,42.93
20200320,3669,92919950.0,2668568.0,2.87
20200320,3673,406663759.0,168676904.0,41.47
20200320,3679,62296229.0,8566130.0,13.75
20200320,3682,3817196399.0,150968376.0,3.95
20200320,3686,113513643.0,2428915.0,2.13
20200320,3694,150495808.0,995156.0,0.66
20200320,3698,519386380.0,126961056.0,24.44
20200320,3701,190344554.0,6295144.0,3.3
20200320,3702,1679056833.0,525193526.0,31.27
20200320,3703,823215980.0,174496085.0,21.19
20200320,3704,441177355.0,45065874.0,10.21
20200320,3705,266422983.0,35016494.0,13.14
20200320,3706,1077282847.0,203900176.0,18.92
20200320,3708,93504604.0,13551095.0,14.49
20200320,3711,4323358382.0,3246035757.0,75.08
20200320,3712,246242146.0,3242345.0,1.31
20200320,4104,141148970.0,9569385.0,6.77
20200320,4106,100911557.0,1258366.0,1.24
20200320,4108,163616379.0,780965.0,0.47
20200320,4119,79485310.0,14733404.0,18.53
20200320,4133,60553594.0,9483858.0,15.66
20200320,4137,79492350.0,51227940.0,64.44
20200320,4141,171144968.0,118316333.0,69.13
20200320,4142,362352752.0,11703350.0,3.22
20200320,4144,77139000.0,42022609.0,54.47
20200320,4148,64034001.0,46421001.0,72.49
20200320,4155,78621079.0,578312.0,0.73
20200320,4164,140386871.0,38416614.0,27.36
20200320,4190,60914700.0,38813449.0,63.71
20200320,4306,571834173.0,35311283.0,6.17
20200320,4414,903434949.0,186312154.0,20.62
20200320,4426,161079476.0,13413823.0,8.32
20200320,4438,103375292.0,5418954.0,5.24
20200320,4439,31500000.0,20351000.0,64.6
20200320,4526,254826461.0,19627805.0,7.7
20200320,4532,504915105.0,55546444.0,11.0
20200320,4536,90820000.0,11298107.0,12.44
20200320,4540,96678000.0,2357001.0,2.43
20200320,4545,77000000.0,27079132.0,35.16
20200320,4551,81934000.0,42469859.0,51.83
20200320,4552,116000000.0,58598390.0,50.51
20200320,4555,66880000.0,4346000.0,6.49
20200320,4557,39808000.0,16102330.0,40.44
20200320,4560,67666195.0,56267849.0,83.15
20200320,4562,67546000.0,1003018.0,1.48
20200320,4564,177786553.0,3953936.0,2.22
20200320,4566,66656000.0,2544000.0,3.81
20200320,4571,47600000.0,34149228.0,71.74
20200320,4572,35800000.0,63000.0,0.17
20200320,4576,117908241.0,2127102.0,1.8
20200320,4581,33899000.0,9869000.0,29.11
20200320,4720,88576709.0,2414173.0,2.72
20200320,4722,100009159.0,3247156.0,3.24
20200320,4725,291975000.0,2724827.0,0.93
20200320,4737,59500794.0,18623501.0,31.29
20200320,4739,93029269.0,4337588.0,4.66
20200320,4746,99012550.0,5790164.0,5.84
20200320,4755,90706000.0,29091532.0,32.07
20200320,4763,51076700.0,37847696.0,74.09
20200320,4764,76788615.0,28558285.0,37.19
20200320,4766,120570780.0,13550751.0,11.23
20200320,4807,38470000.0,27950601.0,72.65
20200320,4904,3258500810.0,687770271.0,21.1
20200320,4906,356883496.0,35925044.0,10.06
20200320,4912,47472069.0,17020985.0,35.85
20200320,4915,448730824.0,258796663.0,57.67
20200320,4916,83451568.0,1618466.0,1.93
20200320,4919,287554400.0,12298132.0,4.27
20200320,4927,184752016.0,24119641.0,13.05
20200320,4930,134300000.0,7136690.0,5.31
20200320,4934,200000000.0,8224563.0,4.11
20200320,4935,130937091.0,40418439.0,30.86
20200320,4938,2610791856.0,1116347988.0,42.75
20200320,4942,142367613.0,26266948.0,18.45
20200320,4943,135975732.0,52232178.0,38.41
20200320,4952,108815816.0,2113079.0,1.94
20200320,4956,100408236.0,8219907.0,8.18
20200320,4958,902229887.0,721312105.0,79.94
20200320,4960,665728500.0,81909908.0,12.3
20200320,4961,165687462.0,2853355.0,1.72
20200320,4967,68257489.0,7701878.0,11.28
20200320,4968,60376078.0,11627307.0,19.25
20200320,4976,117182000.0,2513455.0,2.14
20200320,4977,66640551.0,25143923.0,37.73
20200320,4989,153085000.0,1420205.0,0.92
20200320,4994,110639000.0,2497909.0,2.25
20200320,4999,74417200.0,6815666.0,9.15
20200320,5007,294940154.0,10721994.0,3.63
20200320,5203,83709300.0,21245477.0,25.38
20200320,5215,54337500.0,16421713.0,30.22
20200320,5225,61458000.0,36884753.0,60.01
20200320,5234,102715911.0,9279918.0,9.03
20200320,5243,168528915.0,113249414.0,67.19
20200320,5258,89542579.0,3157516.0,3.52
20200320,5264,420456991.0,278093873.0,66.14
20200320,5269,60037861.0,10507079.0,17.5
20200320,5283,76000425.0,396000.0,0.52
20200320,5284,43664608.0,26687208.0,61.11
20200320,5285,86099463.0,2022814.0,2.34
20200320,5288,65826153.0,42586253.0,64.69
20200320,5305,312456688.0,68272570.0,21.85
20200320,5388,245653767.0,63978628.0,26.04
20200320,5434,181699567.0,54303644.0,29.88
20200320,5469,491441352.0,79486730.0,16.17
20200320,5471,167877062.0,20614139.0,12.27
20200320,5484,68115093.0,306104.0,0.44
20200320,5515,267440105.0,13700621.0,5.12
20200320,5519,198544958.0,6140512.0,3.09
20200320,5521,447527413.0,32980229.0,7.36
20200320,5522,806259241.0,86567758.0,10.73
20200320,5525,244991913.0,5368439.0,2.19
20200320,5531,982474245.0,58461730.0,5.95
20200320,5533,285244944.0,8996049.0,3.15
20200320,5534,290325960.0,53193033.0,18.32
20200320,5538,168000000.0,115212125.0,68.57
20200320,5607,229979100.0,7021733.0,3.05
20200320,5608,279267090.0,22018461.0,7.88
20200320,5706,61294353.0,947890.0,1.54
20200320,5871,1328200030.0,998911578.0,75.2
20200320,5876,4481603140.0,2577754023.0,57.51
20200320,5880,12945848278.0,2555267267.0,19.73
20200320,5906,30000000.0,5888654.0,19.62
20200320,5907,195531000.0,104463237.0,53.42
20200320,6005,2170908097.0,245538550.0,11.31
20200320,6024,176437584.0,4266441.0,2.41
20200320,6108,159899311.0,10941779.0,6.84
20200320,6112,188357336.0,3544336.0,1.88
20200320,6115,187662154.0,23363791.0,12.44
20200320,6116,3133933851.0,354768449.0,11.32
20200320,6117,88650000.0,2473680.0,2.79
20200320,6120,665555114.0,61651742.0,9.26
20200320,6128,127588740.0,2938986.0,2.3
20200320,6131,101926533.0,125259.0,0.12
20200320,6133,117006294.0,5708871.0,4.87
20200320,6136,115536412.0,5178016.0,4.48
20200320,6139,225540929.0,37784010.0,16.75
20200320,6141,129964450.0,3328739.0,2.56
20200320,6142,268235633.0,7192699.0,2.68
20200320,6152,167738463.0,352337.0,0.21
20200320,6153,544279610.0,72679438.0,13.35
20200320,6155,86667589.0,2358407.0,2.72
20200320,6164,100000239.0,532855.0,0.53
20200320,6165,49682403.0,942013.0,1.89
20200320,6166,217497257.0,38237210.0,17.58
20200320,6168,206069801.0,6887050.0,3.34
20200320,6172,30000000.0,193214.0,0.64
20200320,6176,465027263.0,276877846.0,59.54
20200320,6177,256896748.0,6842637.0,2.66
20200320,6183,150000000.0,1481954.0,0.98
20200320,6184,158230657.0,4059468.0,2.56
20200320,6189,179045194.0,8777648.0,4.9
20200320,6191,515546903.0,40512650.0,7.85
20200320,6192,106839745.0,30986465.0,29.0
20200320,6196,185690424.0,8852531.0,4.76
20200320,6197,122085882.0,11763822.0,9.63
20200320,6201,89200000.0,172834.0,0.19
20200320,6202,226168200.0,62925201.0,27.82
20200320,6205,71839079.0,2034032.0,2.83
20200320,6206,143062324.0,29894525.0,20.89
20200320,6209,163119931.0,3729568.0,2.28
20200320,6213,302957218.0,43520370.0,14.36
20200320,6214,269393304.0,42306535.0,15.7
20200320,6215,82789693.0,4492883.0,5.42
20200320,6216,84345637.0,682124.0,0.8
20200320,6224,80001838.0,13669544.0,17.08
20200320,6225,119076655.0,6441406.0,5.4
20200320,6226,114951789.0,910256.0,0.79
20200320,6230,86343396.0,57394897.0,66.47
20200320,6235,168069106.0,3060143.0,1.82
20200320,6239,779146634.0,572439891.0,73.47
20200320,6243,74976693.0,231847.0,0.3
20200320,6251,281059335.0,38282367.0,13.62
20200320,6257,415772017.0,113351309.0,27.26
20200320,6269,335703398.0,120175203.0,35.79
20200320,6271,165357520.0,37544499.0,22.7
20200320,6277,119471166.0,19772525.0,16.55
20200320,6278,292398353.0,85096786.0,29.1
20200320,6281,99172945.0,1946478.0,1.96
20200320,6282,516621295.0,80812219.0,15.64
20200320,6283,148079143.0,28713717.0,19.39
20200320,6285,390329302.0,65917785.0,16.88
20200320,6288,171128000.0,3847258.0,2.24
20200320,6289,80778136.0,47714.0,0.05
20200320,6405,65800000.0,87686.0,0.13
20200320,6409,83301492.0,54465587.0,65.38
20200320,6412,386715375.0,46495952.0,12.02
20200320,6414,83574472.0,8864147.0,10.6
20200320,6415,91661926.0,85043538.0,92.77
20200320,6416,68035634.0,871050.0,1.28
20200320,6431,45642835.0,7412338.0,16.23
20200320,6442,69300000.0,23260224.0,33.56
20200320,6443,379016730.0,10352906.0,2.73
20200320,6449,84441912.0,1594022.0,1.88
20200320,6451,105446800.0,66648830.0,63.2
20200320,6452,100000000.0,21381497.0,21.38
20200320,6456,339439800.0,156105658.0,45.98
20200320,6464,122694706.0,572214.0,0.46
20200320,6477,94456570.0,694612.0,0.73
20200320,6491,70000000.0,2800763.0,4.0
20200320,6504,72600000.0,1803932.0,2.48
20200320,6505,9525959652.0,710914666.0,7.46
20200320,6525,129047384.0,14338576.0,11.11
20200320,6531,73830423.0,13619458.0,18.44
20200320,6533,42650911.0,1628847.0,3.81
20200320,6541,264052074.0,103418062.0,39.16
20200320,6552,100000000.0,1785293.0,1.78
20200320,6558,86660750.0,5650946.0,6.52
20200320,6573,67499345.0,46177319.0,68.41
20200320,6579,148498468.0,4441000.0,2.99
20200320,6581,111270887.0,406000.0,0.36
20200320,6582,104877141.0,15689095.0,14.95
20200320,6591,26203000.0,7712089.0,29.43
20200320,6592,515000407.0,119686995.0,23.24
20200320,6605,165816397.0,20443775.0,12.32
20200320,6625,37333423.0,16895.0,0.04
20200320,6641,34000000.0,11105603.0,32.66
20200320,6655,75608500.0,194274.0,0.25
20200320,6666,47388000.0,37750702.0,79.66
20200320,6668,68392302.0,18479621.0,27.02
20200320,6669,174510791.0,40892265.0,23.43
20200320,6670,131030000.0,29852888.0,22.78
20200320,6671,60750000.0,38038634.0,62.61
20200320,6672,70654345.0,28016277.0,39.65
20200320,6674,66837681.0,22000.0,0.03
20200320,6698,66389753.0,3868223.0,5.82
20200320,6706,66744935.0,4230806.0,6.33
20200320,6715,57000000.0,4541580.0,7.96
20200320,8011,118620375.0,2823541.0,2.38
20200320,8016,120136876.0,42543217.0,35.41
20200320,8021,142180467.0,17602817.0,12.38
20200320,8028,132408000.0,18000941.0,13.59
20200320,8033,112629775.0,671442.0,0.59
20200320,8039,209119692.0,47386949.0,22.66
20200320,8046,646165487.0,38885759.0,6.01
20200320,8070,63879937.0,7686744.0,12.03
20200320,8072,80000000.0,827270.0,1.03
20200320,8081,86172072.0,13207566.0,15.32
20200320,8101,208088795.0,824966.0,0.39
20200320,8103,81399413.0,7704605.0,9.46
20200320,8104,67630050.0,989404.0,1.46
20200320,8105,441544851.0,260410939.0,58.97
20200320,8110,506381144.0,31254320.0,6.17
20200320,8112,378496473.0,110657019.0,29.23
20200320,8114,106074919.0,4654174.0,4.38
20200320,8131,442222223.0,26530354.0,5.99
20200320,8150,727240126.0,353457534.0,48.6
20200320,8163,280000001.0,50098836.0,17.89
20200320,8201,62366275.0,1712565.0,2.74
20200320,8210,119725950.0,17932690.0,14.97
20200320,8213,271242488.0,73838732.0,27.22
20200320,8215,320674514.0,9750161.0,3.04
20200320,8222,68546750.0,300821.0,0.43
20200320,8249,127055000.0,19229919.0,15.13
20200320,8261,81340493.0,21158082.0,26.01
20200320,8271,100897807.0,17009115.0,16.85
20200320,8341,111500000.0,27903797.0,25.02
20200320,8367,81131938.0,1113473.0,1.37
20200320,8374,112225487.0,3513038.0,3.13
20200320,8404,315178126.0,176260478.0,55.92
20200320,8411,175398185.0,109234792.0,62.27
20200320,8422,108888000.0,27316526.0,25.08
20200320,8427,104261000.0,36895760.0,35.38
20200320,8429,185747151.0,68757773.0,37.01
20200320,8442,49999682.0,37879396.0,75.75
20200320,8443,66800000.0,4432125.0,6.63
20200320,8454,140058500.0,40768502.0,29.1
20200320,8462,69835558.0,1650583.0,2.36
20200320,8463,150000000.0,1086000.0,0.72
20200320,8464,293020200.0,120936116.0,41.27
20200320,8466,66059000.0,40561000.0,61.4
20200320,8467,49534000.0,21922038.0,44.25
20200320,8473,134812297.0,1353711.0,1.0
20200320,8478,90893276.0,51726320.0,56.9
20200320,8480,39270000.0,34217019.0,87.13
20200320,8481,66601866.0,2934000.0,4.4
20200320,8482,111112000.0,99081701.0,89.17
20200320,8488,67500000.0,52357033.0,77.56
20200320,8497,36542810.0,373058.0,1.02
20200320,8499,51286000.0,37854108.0,73.8
20200320,8926,589048595.0,44022828.0,7.47
20200320,8940,67491032.0,5410937.0,8.01
20200320,8996,89384080.0,5895389.0,6.59
20200320,9103,205531500.0,146001.0,0.07
20200320,9105,839284153.0,8613005.0,1.02
20200320,9110,53968500.0,49000.0,0.09
20200320,9136,150804000.0,1871000.0,1.24
20200320,9188,66522000.0,0.0,0.0
20200320,9802,159830923.0,74346440.0,46.51
20200320,9902,98049600.0,517538.0,0.52
20200320,9904,2946787213.0,1678748423.0,56.96
20200320,9905,305000000.0,10052081.0,3.29
20200320,9906,83343981.0,631624.0,0.75
20200320,9907,1579145342.0,219880309.0,13.92
20200320,9908,516358000.0,11320045.0,2.19
20200320,9910,734734249.0,136577664.0,18.58
20200320,9911,221121188.0,49198260.0,22.24
20200320,9912,54350569.0,8638401.0,15.89
20200320,9914,298983800.0,114918108.0,38.43
20200320,9917,451197093.0,192333088.0,42.62
20200320,9918,180537453.0,2263969.0,1.25
20200320,9919,195362750.0,5918412.0,3.02
20200320,9921,375064626.0,179470365.0,47.85
20200320,9924,188452170.0,23083283.0,12.24
20200320,9925,383653075.0,65587485.0,17.09
20200320,9926,179504075.0,294323.0,0.16
20200320,9927,209148167.0,21858053.0,10.45
20200320,9928,150724583.0,0.0,0.0
20200320,9929,168800000.0,13601624.0,8.05
20200320,9930,248540368.0,4995606.0,2.0
20200320,9931,102250512.0,434917.0,0.42
20200320,9933,763273848.0,193008190.0,25.28
20200320,9934,356212962.0,75003012.0,21.05
20200320,9935,169623342.0,11424408.0,6.73
20200320,9937,309043000.0,5909178.0,1.91
20200320,9938,297963902.0,78868721.0,26.46
20200320,9939,292878879.0,77222951.0,26.36
20200320,9940,736846500.0,36107002.0,4.9
20200320,9941,302092125.0,18400814.0,6.09
20200320,9942,83161320.0,3070735.0,3.69
20200320,9943,147317600.0,4016939.0,2.72
20200320,9944,109107100.0,2732160.0,2.5
20200320,9945,1003253999.0,161349937.0,16.08
20200320,9946,300820867.0,31052000.0,10.32
20200320,9955,103208229.0,1377492.0,1.33
20200320,9958,209342910.0,9673177.0,4.62
20200323,1101,5465619204.0,1473934708.0,26.96
20200323,1102,3361447198.0,862100546.0,25.64
20200323,1103,774780548.0,40001655.0,5.16
20200323,1104,653609192.0,78441334.0,12.0
20200323,1108,404738049.0,6165730.0,1.52
20200323,1109,341957868.0,11112061.0,3.24
20200323,1110,572000797.0,43791466.0,7.65
20200323,1201,506062914.0,53205334.0,10.51
20200323,1203,240000000.0,5150769.0,2.14
20200323,1210,827339086.0,136922986.0,16.54
20200323,1213,56622627.0,42642.0,0.07
20200323,1215,267990998.0,111455943.0,41.58
20200323,1216,5682015421.0,2916703777.0,51.33
20200323,1217,494513336.0,37359256.0,7.55
20200323,1218,499999038.0,11202503.0,2.24
20200323,1219,322013887.0,11265703.0,3.49
20200323,1220,177077944.0,16336673.0,9.22
20200323,1225,218703051.0,1625906.0,0.74
20200323,1227,915089591.0,208918319.0,22.83
20200323,1229,1104739841.0,148654670.0,13.45
20200323,1231,174595395.0,3815237.0,2.18
20200323,1232,159974915.0,2154421.0,1.34
20200323,1233,90591948.0,4725802.0,5.21
20200323,1234,401871094.0,17407511.0,4.33
20200323,1235,98955436.0,46637.0,0.04
20200323,1236,108342510.0,53329.0,0.04
20200323,1256,33842160.0,1575677.0,4.65
20200323,1301,6365740781.0,2322366874.0,36.48
20200323,1303,7930821589.0,2364355628.0,29.81
20200323,1304,1188763500.0,409271740.0,34.42
20200323,1305,527029927.0,85682308.0,16.25
20200323,1307,397818126.0,45972752.0,11.55
20200323,1308,554382745.0,34451160.0,6.21
20200323,1309,334204892.0,14237279.0,4.26
20200323,1310,527869764.0,92998582.0,17.61
20200323,1312,906620328.0,233065104.0,25.7
20200323,1313,1332347607.0,149463936.0,11.21
20200323,1314,3284850130.0,545500853.0,16.6
20200323,1315,198000000.0,2132149.0,1.07
20200323,1316,179541221.0,2468031.0,1.37
20200323,1319,591477068.0,114910218.0,19.42
20200323,1321,227228268.0,5500995.0,2.42
20200323,1323,91274554.0,2825165.0,3.09
20200323,1324,75121882.0,329215.0,0.43
20200323,1325,85281198.0,543363.0,0.63
20200323,1326,5861186291.0,2093226316.0,35.71
20200323,1337,268954729.0,70115827.0,26.06
20200323,1338,83840000.0,12629510.0,15.06
20200323,1339,74138875.0,1279038.0,1.72
20200323,1340,152922855.0,47356961.0,30.96
20200323,1341,49400000.0,42895950.0,86.83
20200323,1402,5352875227.0,1012705272.0,18.91
20200323,1409,1618409291.0,249327922.0,15.4
20200323,1410,63000000.0,10636456.0,16.88
20200323,1413,132112454.0,357175.0,0.27
20200323,1414,220000000.0,2544669.0,1.15
20200323,1416,185342168.0,26490289.0,14.29
20200323,1417,189941840.0,4847130.0,2.55
20200323,1418,56834309.0,344219.0,0.6
20200323,1419,300041280.0,6705142.0,2.23
20200323,1423,138400000.0,2833830.0,2.04
20200323,1432,167937642.0,130917.0,0.07
20200323,1434,1684664637.0,271542524.0,16.11
20200323,1435,139780080.0,1027879.0,0.73
20200323,1436,95634000.0,100722.0,0.1
20200323,1437,203371284.0,11460065.0,5.63
20200323,1438,102411518.0,80044.0,0.07
20200323,1439,92000000.0,1384935.0,1.5
20200323,1440,1656815857.0,121463074.0,7.33
20200323,1441,100800000.0,1391719.0,1.38
20200323,1442,302117481.0,8382757.0,2.77
20200323,1443,135343011.0,60758.0,0.04
20200323,1444,957302942.0,91800816.0,9.58
20200323,1445,132667034.0,1939715.0,1.46
20200323,1446,137709513.0,1529237.0,1.11
20200323,1447,914487242.0,69324604.0,7.58
20200323,1449,120000000.0,152535.0,0.12
20200323,1451,198000000.0,19957142.0,10.07
20200323,1452,132641400.0,5390732.0,4.06
20200323,1453,98642138.0,86880.0,0.08
20200323,1454,134309848.0,548472.0,0.4
20200323,1455,611763380.0,19827883.0,3.24
20200323,1456,93720000.0,130224.0,0.13
20200323,1457,301647640.0,9043110.0,2.99
20200323,1459,358628907.0,7850150.0,2.18
20200323,1460,509834182.0,24946481.0,4.89
20200323,1463,173268381.0,5602824.0,3.23
20200323,1464,384565652.0,7896162.0,2.05
20200323,1465,103607267.0,812735.0,0.78
20200323,1466,111157320.0,120264.0,0.1
20200323,1467,233624667.0,45079206.0,19.29
20200323,1468,160405244.0,2932115.0,1.82
20200323,1470,85767000.0,38084.0,0.04
20200323,1471,150414536.0,112970.0,0.07
20200323,1472,45672722.0,48667.0,0.1
20200323,1473,147153534.0,15067754.0,10.23
20200323,1474,129896969.0,173888.0,0.13
20200323,1475,16016749.0,11039.0,0.06
20200323,1476,274367111.0,100017758.0,36.45
20200323,1477,219856581.0,28008888.0,12.73
20200323,1503,520972223.0,166553116.0,31.96
20200323,1504,1967692886.0,740882936.0,37.65
20200323,1506,122855501.0,502365.0,0.4
20200323,1507,410820000.0,186315329.0,45.35
20200323,1512,220002494.0,17970048.0,8.16
20200323,1513,420000000.0,52755737.0,12.56
20200323,1514,207099023.0,23056171.0,11.13
20200323,1515,181473500.0,16999926.0,9.36
20200323,1516,33350889.0,44368.0,0.13
20200323,1517,227825007.0,5729321.0,2.51
20200323,1519,261058548.0,17055608.0,6.53
20200323,1521,76230000.0,25607764.0,33.59
20200323,1522,312897881.0,20713589.0,6.61
20200323,1524,179685207.0,201726.0,0.11
20200323,1525,73400135.0,48878.0,0.06
20200323,1526,60000000.0,1175638.0,1.95
20200323,1527,138570640.0,12095726.0,8.72
20200323,1528,199331000.0,2485467.0,1.24
20200323,1529,95967982.0,281354.0,0.29
20200323,1530,96594171.0,669681.0,0.69
20200323,1531,185008080.0,17864386.0,9.65
20200323,1532,385252112.0,47325126.0,12.28
20200323,1533,98547486.0,6674588.0,6.77
20200323,1535,123742552.0,531004.0,0.42
20200323,1536,254956513.0,32481424.0,12.73
20200323,1537,81785394.0,19077756.0,23.32
20200323,1538,56135851.0,137355.0,0.24
20200323,1539,65370000.0,76034.0,0.11
20200323,1540,85473612.0,264353.0,0.3
20200323,1541,78800000.0,7677312.0,9.74
20200323,1558,60535631.0,6708116.0,11.08
20200323,1560,141000000.0,19147955.0,13.58
20200323,1568,103086559.0,1866113.0,1.81
20200323,1582,123724171.0,37952249.0,30.67
20200323,1583,110400372.0,61986.0,0.05
20200323,1587,67356618.0,13517742.0,20.06
20200323,1589,105617519.0,10919951.0,10.33
20200323,1590,189024998.0,127738186.0,67.57
20200323,1592,110978250.0,42918412.0,38.67
20200323,1598,115100887.0,878787.0,0.76
20200323,1603,191688000.0,3428859.0,1.78
20200323,1604,387200000.0,46958048.0,12.12
20200323,1605,3326000258.0,731236510.0,21.98
20200323,1608,632773506.0,20939907.0,3.3
20200323,1609,595068022.0,61477926.0,10.33
20200323,1611,358595268.0,41409941.0,11.54
20200323,1612,316080063.0,33737981.0,10.67
20200323,1614,269113406.0,5304013.0,1.97
20200323,1615,111861784.0,137650.0,0.12
20200323,1616,194148515.0,129127.0,0.06
20200323,1617,144233235.0,30620329.0,21.22
20200323,1618,240864684.0,2814787.0,1.16
20200323,1626,136850637.0,67376386.0,49.23
20200323,1701,298081080.0,29597156.0,9.92
20200323,1702,294132962.0,48786663.0,16.58
20200323,1707,136286373.0,29738140.0,21.82
20200323,1708,211520260.0,17240236.0,8.15
20200323,1709,477016272.0,17909238.0,3.75
20200323,1710,885703029.0,85194052.0,9.61
20200323,1711,547752226.0,46878552.0,8.55
20200323,1712,420492585.0,49974758.0,11.88
20200323,1713,150951700.0,7252675.0,4.8
20200323,1714,1016824808.0,184249253.0,18.12
20200323,1717,1240279455.0,166021321.0,13.38
20200323,1718,1621367217.0,172298625.0,10.62
20200323,1720,178696089.0,3411793.0,1.9
20200323,1721,222347344.0,6572121.0,2.95
20200323,1722,980000000.0,136743093.0,13.95
20200323,1723,236904480.0,31626149.0,13.34
20200323,1724,127813900.0,7702934.0,6.02
20200323,1725,181829978.0,193027.0,0.1
20200323,1726,162000000.0,24105727.0,14.88
20200323,1727,110250000.0,1078598.0,0.97
20200323,1730,63233851.0,5142281.0,8.13
20200323,1731,132915244.0,1299790.0,0.97
20200323,1732,42443957.0,193646.0,0.45
20200323,1733,99986192.0,3163146.0,3.16
20200323,1734,167722022.0,5715757.0,3.4
20200323,1735,99388000.0,49921241.0,50.22
20200323,1736,303616617.0,13018171.0,4.28
20200323,1737,200000000.0,18603379.0,9.3
20200323,1760,76739013.0,1510958.0,1.96
20200323,1762,77560000.0,1977279.0,2.54
20200323,1773,150000000.0,3773597.0,2.51
20200323,1776,69986099.0,40001.0,0.05
20200323,1783,69465000.0,5465606.0,7.86
20200323,1786,58100000.0,861465.0,1.48
20200323,1789,790739222.0,34630669.0,4.37
20200323,1795,243113964.0,168549381.0,69.32
20200323,1802,2908060800.0,205795608.0,7.07
20200323,1805,100265400.0,109805.0,0.1
20200323,1806,433782078.0,53152314.0,12.25
20200323,1808,308330531.0,14960679.0,4.85
20200323,1809,167041937.0,5615786.0,3.36
20200323,1810,369853610.0,12287506.0,3.32
20200323,1817,72600000.0,1223000.0,1.68
20200323,1902,402000550.0,20247369.0,5.03
20200323,1903,260039121.0,38797115.0,14.91
20200323,1904,1108274522.0,141998939.0,12.81
20200323,1905,1102835316.0,48975594.0,4.44
20200323,1906,151000000.0,1554509.0,1.02
20200323,1907,1660371495.0,296043027.0,17.82
20200323,1909,1217685727.0,180807294.0,14.84
20200323,2002,15734860997.0,3043041389.0,19.33
20200323,2006,1004060608.0,128617914.0,12.8
20200323,2007,530651613.0,263965.0,0.04
20200323,2008,200852293.0,14293407.0,7.11
20200323,2009,359622165.0,23783265.0,6.61
20200323,2010,647655390.0,29077564.0,4.48
20200323,2012,287774000.0,6908540.0,2.4
20200323,2013,200000000.0,14741962.0,7.37
20200323,2014,1435544446.0,71259148.0,4.96
20200323,2015,581599424.0,54190916.0,9.31
20200323,2017,341867462.0,7977222.0,2.33
20200323,2020,222526100.0,5620869.0,2.52
20200323,2022,479751976.0,14489352.0,3.02
20200323,2023,1913327518.0,128271379.0,6.7
20200323,2024,97500000.0,118093.0,0.12
20200323,2025,281167262.0,119066.0,0.04
20200323,2027,1233790052.0,294452625.0,23.86
20200323,2028,325714800.0,237958.0,0.07
20200323,2029,321180000.0,225535081.0,70.22
20200323,2030,286526027.0,13998668.0,4.88
20200323,2031,310687699.0,32941658.0,10.6
20200323,2032,130521545.0,218736.0,0.16
20200323,2033,80694536.0,98139.0,0.12
20200323,2034,407130743.0,49892511.0,12.25
20200323,2038,181264522.0,384670.0,0.21
20200323,2049,309578886.0,122007739.0,39.41
20200323,2059,95297072.0,23341002.0,24.49
20200323,2062,163014152.0,16970128.0,10.41
20200323,2069,156386836.0,721307.0,0.46
20200323,2101,833934904.0,70484131.0,8.45
20200323,2102,473329207.0,38805645.0,8.19
20200323,2103,825709978.0,288271919.0,34.91
20200323,2104,984733625.0,122552399.0,12.44
20200323,2105,3241415536.0,424770471.0,13.1
20200323,2106,874430000.0,43971344.0,5.02
20200323,2107,350000000.0,34168641.0,9.76
20200323,2108,492416659.0,45955271.0,9.33
20200323,2109,332349134.0,49440660.0,14.87
20200323,2114,70901552.0,1227907.0,1.73
20200323,2115,86063215.0,39635789.0,46.05
20200323,2201,1572919909.0,100385868.0,6.38
20200323,2204,553620342.0,164309742.0,29.67
20200323,2206,853595604.0,87510153.0,10.25
20200323,2207,546179184.0,129945012.0,23.79
20200323,2208,472991749.0,15282282.0,3.23
20200323,2227,300000000.0,122517726.0,40.83
20200323,2228,75780281.0,6820573.0,9.0
20200323,2231,122821241.0,11756576.0,9.57
20200323,2233,60288089.0,5515583.0,9.14
20200323,2236,44826766.0,33326473.0,74.34
20200323,2239,118007000.0,89918639.0,76.19
20200323,2243,45718529.0,19628127.0,42.93
20200323,2301,2350867032.0,1252158666.0,53.26
20200323,2302,166302881.0,6358656.0,3.82
20200323,2303,11773994401.0,5959311971.0,50.61
20200323,2305,205660827.0,9967708.0,4.84
20200323,2308,2597543329.0,1702410043.0,65.53
20200323,2312,1452081211.0,249146398.0,17.15
20200323,2313,1191820589.0,321108332.0,26.94
20200323,2314,228028320.0,3764388.0,1.65
20200323,2316,203045040.0,38122712.0,18.77
20200323,2317,13862990609.0,6226766463.0,44.91
20200323,2321,315332590.0,167111.0,0.05
20200323,2323,1158881200.0,101486517.0,8.75
20200323,2324,4407146625.0,2087600878.0,47.36
20200323,2327,427121695.0,203632318.0,47.67
20200323,2328,518346282.0,88903357.0,17.15
20200323,2329,557328533.0,171313531.0,30.73
20200323,2330,25930380458.0,19577259525.0,75.49
20200323,2331,557402968.0,87837474.0,15.75
20200323,2332,651996166.0,94607376.0,14.51
20200323,2337,1839908862.0,358169207.0,19.46
20200323,2338,252713611.0,4910467.0,1.94
20200323,2340,378622846.0,75780829.0,20.01
20200323,2342,156342161.0,10174857.0,6.5
20200323,2344,3980000193.0,883501968.0,22.19
20200323,2345,557726397.0,315913362.0,56.64
20200323,2347,1667946968.0,568792587.0,34.1
20200323,2348,85600000.0,1357904.0,1.58
20200323,2349,1284157900.0,162828358.0,12.67
20200323,2351,182140249.0,23971398.0,13.16
20200323,2352,1966781958.0,407986412.0,20.74
20200323,2353,3074933828.0,857016371.0,27.87
20200323,2354,1414485192.0,385728270.0,27.26
20200323,2355,397495420.0,113736743.0,28.61
20200323,2356,3587475066.0,968263237.0,26.99
20200323,2357,742760280.0,446568077.0,60.12
20200323,2358,94616172.0,291112.0,0.3
20200323,2359,171471052.0,6592519.0,3.84
20200323,2360,419092587.0,269312434.0,64.26
20200323,2362,669763000.0,87373734.0,13.04
20200323,2363,554062477.0,32559866.0,5.87
20200323,2364,198939797.0,30043266.0,15.1
20200323,2365,234538496.0,15160942.0,6.46
20200323,2367,619407175.0,126586600.0,20.43
20200323,2368,546487841.0,58202189.0,10.65
20200323,2369,380102344.0,58653913.0,15.43
20200323,2371,2339536685.0,921602324.0,39.39
20200323,2373,236202518.0,4453202.0,1.88
20200323,2374,282362812.0,25105951.0,8.89
20200323,2375,194063097.0,7352318.0,3.78
20200323,2376,635688886.0,177072452.0,27.85
20200323,2377,844856199.0,286544493.0,33.91
20200323,2379,508095464.0,300225322.0,59.08
20200323,2380,162444084.0,2987533.0,1.83
20200323,2382,3862627432.0,1001162162.0,25.91
20200323,2383,319708064.0,113688704.0,35.56
20200323,2385,734497521.0,387258553.0,52.72
20200323,2387,196297952.0,10820138.0,5.51
20200323,2388,493303441.0,53473301.0,10.83
20200323,2390,214021602.0,4043325.0,1.88
20200323,2392,512326940.0,71918820.0,14.03
20200323,2393,443056236.0,156337981.0,35.28
20200323,2395,699075510.0,284191925.0,40.65
20200323,2397,114688857.0,24528938.0,21.38
20200323,2399,178100000.0,30663283.0,17.21
20200323,2401,591994919.0,70684505.0,11.94
20200323,2402,307536533.0,41844723.0,13.6
20200323,2404,190586698.0,55613699.0,29.18
20200323,2405,343427303.0,22089651.0,6.43
20200323,2406,205905689.0,16797080.0,8.15
20200323,2408,3053504894.0,666237139.0,21.81
20200323,2409,9624245115.0,2882375999.0,29.94
20200323,2412,7757446545.0,1274853247.0,16.43
20200323,2413,127359200.0,616115.0,0.48
20200323,2414,161735846.0,11086014.0,6.85
20200323,2415,80000000.0,1410951.0,1.76
20200323,2417,192892330.0,5750430.0,2.98
20200323,2419,328986229.0,37661777.0,11.44
20200323,2420,152648688.0,5070474.0,3.32
20200323,2421,250929732.0,68110704.0,27.14
20200323,2423,145047289.0,2409432.0,1.66
20200323,2424,30000000.0,71154.0,0.23
20200323,2425,101498831.0,27962687.0,27.54
20200323,2426,300622252.0,23260643.0,7.73
20200323,2427,184314463.0,3632289.0,1.97
20200323,2428,128112726.0,19920394.0,15.54
20200323,2429,36736200.0,1219997.0,3.32
20200323,2430,166468825.0,5917090.0,3.55
20200323,2431,110927014.0,1452990.0,1.3
20200323,2433,144496011.0,1409704.0,0.97
20200323,2434,70602126.0,800806.0,1.13
20200323,2436,178009961.0,13108030.0,7.36
20200323,2438,95215940.0,60374.0,0.06
20200323,2439,207879134.0,43413934.0,20.88
20200323,2440,139117271.0,103394.0,0.07
20200323,2441,568845921.0,86528574.0,15.21
20200323,2442,267234372.0,9269017.0,3.46
20200323,2443,145687000.0,202195.0,0.13
20200323,2444,105557573.0,1944563.0,1.84
20200323,2448,1088701410.0,193681581.0,17.79
20200323,2449,1222745065.0,515738408.0,42.17
20200323,2450,258252657.0,11622636.0,4.5
20200323,2451,430761675.0,68402273.0,15.87
20200323,2453,100000000.0,1152804.0,1.15
20200323,2454,1589981632.0,975327126.0,61.34
20200323,2455,184905918.0,38256048.0,20.68
20200323,2456,243254748.0,44587474.0,18.32
20200323,2457,337688416.0,25331695.0,7.5
20200323,2458,303880392.0,86687464.0,28.52
20200323,2459,105900615.0,18430235.0,17.4
20200323,2460,169200000.0,1587103.0,0.93
20200323,2461,159324631.0,5377431.0,3.37
20200323,2462,142484596.0,1381712.0,0.96
20200323,2464,195531226.0,16837222.0,8.61
20200323,2465,53587301.0,295927.0,0.55
20200323,2466,156334226.0,18791291.0,12.01
20200323,2467,149205548.0,10996974.0,7.37
20200323,2468,69961249.0,58995.0,0.08
20200323,2471,47253890.0,617916.0,1.3
20200323,2472,129219822.0,3944986.0,3.05
20200323,2474,770391069.0,493120841.0,64.0
20200323,2476,184968298.0,17756743.0,9.59
20200323,2477,198216555.0,44857674.0,22.63
20200323,2478,145248989.0,10111083.0,6.96
20200323,2480,106360291.0,7355697.0,6.91
20200323,2481,332814927.0,39443658.0,11.85
20200323,2482,62072549.0,343301.0,0.55
20200323,2483,110618807.0,193242.0,0.17
20200323,2484,159421022.0,11109976.0,6.96
20200323,2485,317689037.0,21185914.0,6.66
20200323,2486,201958579.0,7132741.0,3.53
20200323,2488,79999433.0,2706631.0,3.38
20200323,2489,809362045.0,103390607.0,12.77
20200323,2491,82008000.0,6396676.0,7.8
20200323,2492,485800000.0,120969944.0,24.9
20200323,2493,114437390.0,7756922.0,6.77
20200323,2495,276290738.0,48299083.0,17.48
20200323,2496,17459400.0,8439869.0,48.33
20200323,2497,118798463.0,1751483.0,1.47
20200323,2498,818808635.0,131298277.0,16.03
20200323,2499,461172003.0,39904238.0,8.65
20200323,2501,1159561059.0,107770751.0,9.29
20200323,2504,1385000335.0,160999956.0,11.62
20200323,2505,696582479.0,28281366.0,4.06
20200323,2506,387000000.0,13207991.0,3.41
20200323,2509,204136846.0,3088604.0,1.51
20200323,2511,1623326147.0,141668426.0,8.72
20200323,2514,404729278.0,16529870.0,4.08
20200323,2515,1530899822.0,157591801.0,10.29
20200323,2516,226278457.0,6225711.0,2.75
20200323,2520,503791000.0,106713054.0,21.18
20200323,2524,384846372.0,8026154.0,2.08
20200323,2527,270306000.0,78281922.0,28.96
20200323,2528,277085409.0,401491.0,0.14
20200323,2530,270752466.0,3152115.0,1.16
20200323,2534,592784962.0,70440009.0,11.88
20200323,2535,290743386.0,25097226.0,8.63
20200323,2536,332808652.0,58766587.0,17.65
20200323,2537,300557795.0,8998782.0,2.99
20200323,2538,438448764.0,58394712.0,13.31
20200323,2539,461314374.0,404105.0,0.08
20200323,2540,146600000.0,122004.0,0.08
20200323,2542,1166628752.0,220779695.0,18.92
20200323,2543,241983788.0,239506.0,0.09
20200323,2545,327734808.0,12363465.0,3.77
20200323,2546,106035660.0,3352988.0,3.16
20200323,2547,912307649.0,203031536.0,22.25
20200323,2548,276812726.0,81400195.0,29.4
20200323,2597,135000000.0,1090171.0,0.8
20200323,2601,630883150.0,78833706.0,12.49
20200323,2603,4812973786.0,1141746367.0,23.72
20200323,2605,585353297.0,195068664.0,33.32
20200323,2606,845055712.0,75895002.0,8.98
20200323,2607,1067141094.0,73256279.0,6.86
20200323,2608,467000498.0,42348523.0,9.06
20200323,2609,2601335728.0,138900509.0,5.33
20200323,2610,5420984650.0,792286043.0,14.61
20200323,2611,175994247.0,142920.0,0.08
20200323,2612,197484593.0,4715744.0,2.38
20200323,2613,148423458.0,95643.0,0.06
20200323,2614,556789889.0,10725704.0,1.92
20200323,2615,2218297466.0,927428293.0,41.8
20200323,2616,137281827.0,4426589.0,3.22
20200323,2617,417294487.0,13677935.0,3.27
20200323,2618,4853569490.0,1341099591.0,27.63
20200323,2630,120120000.0,81000.0,0.06
20200323,2633,5628293058.0,789606762.0,14.02
20200323,2634,941867101.0,17882582.0,1.89
20200323,2636,117157402.0,16881077.0,14.4
20200323,2637,688655903.0,52307567.0,7.59
20200323,2642,95467000.0,4919332.0,5.15
20200323,2701,449967838.0,1914326.0,0.42
20200323,2702,110485538.0,41054363.0,37.15
20200323,2704,366923343.0,31735145.0,8.64
20200323,2705,186536630.0,5642559.0,3.02
20200323,2706,499998346.0,12870990.0,2.57
20200323,2707,126745769.0,18928593.0,14.93
20200323,2712,105000000.0,56592.0,0.05
20200323,2722,111522961.0,95380.0,0.08
20200323,2723,180000000.0,95007121.0,52.78
20200323,2727,76987883.0,7895283.0,10.25
20200323,2731,70000000.0,2246896.0,3.2
20200323,2739,111526000.0,2180800.0,1.95
20200323,2748,65637000.0,482847.0,0.73
20200323,2801,9985311160.0,1437469603.0,14.39
20200323,2809,1131234265.0,188431711.0,16.65
20200323,2812,3708834898.0,499404150.0,13.46
20200323,2816,212960000.0,11595821.0,5.44
20200323,2820,1342960000.0,104665159.0,7.79
20200323,2823,4463582304.0,1035789268.0,23.2
20200323,2832,362200400.0,11410799.0,3.15
20200323,2834,7131984244.0,1633313285.0,22.9
20200323,2836,1080916486.0,78663766.0,7.27
20200323,2838,2884455292.0,85948773.0,2.97
20200323,2841,760943600.0,83010918.0,10.9
20200323,2845,3355819407.0,418550042.0,12.47
20200323,2849,1957910050.0,1154137914.0,58.94
20200323,2850,315963300.0,27095004.0,8.57
20200323,2851,590388750.0,13122316.0,2.22
20200323,2852,301163784.0,12107846.0,4.02
20200323,2855,1372390028.0,144440394.0,10.52
20200323,2867,2371971471.0,166343270.0,7.01
20200323,2880,12172740178.0,2367594638.0,19.44
20200323,2881,10233603995.0,2673273779.0,26.12
20200323,2882,13169210128.0,2834639331.0,21.52
20200323,2883,14965982132.0,3769386327.0,25.18
20200323,2884,11619500000.0,4787312482.0,41.2
20200323,2885,11670611456.0,4465251862.0,38.26
20200323,2886,13599823983.0,3357959210.0,24.69
20200323,2887,10656061370.0,2853104088.0,26.77
20200323,2888,12600394063.0,2710888320.0,21.51
20200323,2889,2848064596.0,346332758.0,12.16
20200323,2890,11281054106.0,3459499312.0,30.66
20200323,2891,19496989569.0,7670129523.0,39.34
20200323,2892,12461942795.0,3226566887.0,25.89
20200323,2897,2413006301.0,29881066.0,1.23
20200323,2901,73043283.0,60994.0,0.08
20200323,2903,1416940589.0,207640252.0,14.65
20200323,2904,69034432.0,71652.0,0.1
20200323,2905,826682688.0,56846194.0,6.87
20200323,2906,209111093.0,3769522.0,1.8
20200323,2908,509887558.0,40155961.0,7.87
20200323,2910,208725000.0,250000.0,0.11
20200323,2911,188941775.0,33160867.0,17.55
20200323,2912,1039622255.0,413816397.0,39.8
20200323,2913,790000000.0,91515550.0,11.58
20200323,2915,564860594.0,101202511.0,17.91
20200323,2923,1740296982.0,1727172274.0,99.24
20200323,2929,94955292.0,47114427.0,49.61
20200323,2936,76555696.0,67955696.0,88.76
20200323,2939,47222665.0,35065893.0,74.25
20200323,3002,102000000.0,234372.0,0.22
20200323,3003,155654890.0,11717386.0,7.52
20200323,3004,52647155.0,1255072.0,2.38
20200323,3005,579520150.0,181409251.0,31.3
20200323,3006,285758925.0,43688870.0,15.28
20200323,3008,134140197.0,70117172.0,52.27
20200323,3010,231390138.0,53620250.0,23.17
20200323,3011,112719251.0,109048.0,0.09
20200323,3013,159435018.0,3066158.0,1.92
20200323,3014,161080124.0,33925217.0,21.06
20200323,3015,192261950.0,21678055.0,11.27
20200323,3016,274401315.0,2909520.0,1.06
20200323,3017,353310157.0,120565897.0,34.12
20200323,3018,73512132.0,2212491.0,3.0
20200323,3019,281083901.0,36602429.0,13.02
20200323,3021,95813467.0,2344516.0,2.44
20200323,3022,177289790.0,37170152.0,20.96
20200323,3023,229078860.0,108400987.0,47.32
20200323,3024,277157496.0,3815140.0,1.37
20200323,3025,70920550.0,1569059.0,2.21
20200323,3026,157990779.0,15948255.0,10.09
20200323,3027,98856311.0,136199.0,0.13
20200323,3028,213824864.0,10511615.0,4.91
20200323,3029,124623212.0,4294382.0,3.44
20200323,3030,236216000.0,52731008.0,22.32
20200323,3031,186674224.0,5646937.0,3.02
20200323,3032,113285626.0,2085015.0,1.84
20200323,3033,367751242.0,18024956.0,4.9
20200323,3034,608511469.0,370719866.0,60.92
20200323,3035,248550313.0,57560840.0,23.15
20200323,3036,592604419.0,138631257.0,23.39
20200323,3037,1504732333.0,466590871.0,31.0
20200323,3038,162407603.0,6341365.0,3.9
20200323,3040,63000000.0,10655598.0,16.91
20200323,3041,192539746.0,14296263.0,7.42
20200323,3042,309757040.0,107688003.0,34.76
20200323,3043,194878166.0,2449666.0,1.25
20200323,3044,525605898.0,312950945.0,59.54
20200323,3045,3442720069.0,646193243.0,18.76
20200323,3046,71448013.0,738702.0,1.03
20200323,3047,186491633.0,7383547.0,3.95
20200323,3048,222572540.0,24743242.0,11.11
20200323,3049,806948529.0,78038725.0,9.67
20200323,3050,145984450.0,8402083.0,5.75
20200323,3051,325332396.0,273232.0,0.08
20200323,3052,228713554.0,6516014.0,2.84
20200323,3054,87848033.0,194261.0,0.22
20200323,3055,102441918.0,2211424.0,2.15
20200323,3056,209215308.0,19253643.0,9.2
20200323,3057,161409213.0,7823531.0,4.84
20200323,3058,164937351.0,4445488.0,2.69
20200323,3059,279587325.0,35061042.0,12.54
20200323,3060,139361590.0,10173534.0,7.3
20200323,3062,328605418.0,44475964.0,13.53
20200323,3090,178657150.0,15001520.0,8.39
20200323,3094,84655089.0,1577644.0,1.86
20200323,3130,33190700.0,13604919.0,40.99
20200323,3149,206393604.0,4207085.0,2.03
20200323,3164,88911864.0,645305.0,0.72
20200323,3167,80134116.0,1243490.0,1.55
20200323,3189,451039005.0,70672536.0,15.66
20200323,3209,172915577.0,3466708.0,2.0
20200323,3229,93515881.0,1347777.0,1.44
20200323,3231,2840612050.0,1564587312.0,55.07
20200323,3257,69380277.0,478835.0,0.69
20200323,3266,352314309.0,17727199.0,5.03
20200323,3296,98224450.0,1910054.0,1.94
20200323,3305,118265271.0,3157144.0,2.66
20200323,3308,98569663.0,77319.0,0.07
20200323,3311,60000000.0,387565.0,0.64
20200323,3312,118032122.0,9790730.0,8.29
20200323,3321,126218519.0,671491.0,0.53
20200323,3338,86481985.0,3603284.0,4.16
20200323,3346,75784000.0,3651347.0,4.81
20200323,3356,89871303.0,1573093.0,1.75
20200323,3376,178988346.0,53943490.0,30.13
20200323,3380,542727260.0,36878539.0,6.79
20200323,3383,70000000.0,12087788.0,17.26
20200323,3406,110890463.0,30552421.0,27.55
20200323,3413,82687500.0,16360273.0,19.78
20200323,3416,72181447.0,1519113.0,2.1
20200323,3419,120480417.0,7602468.0,6.31
20200323,3432,66586000.0,3317907.0,4.98
20200323,3437,144548000.0,15735650.0,10.88
20200323,3443,134011911.0,25443003.0,18.98
20200323,3450,145681382.0,15434857.0,10.59
20200323,3454,87033910.0,6589760.0,7.57
20200323,3481,9711071977.0,2553387071.0,26.29
20200323,3494,179450634.0,8059372.0,4.49
20200323,3501,118257927.0,3695862.0,3.12
20200323,3504,114059785.0,2215172.0,1.94
20200323,3515,120647229.0,4852636.0,4.02
20200323,3518,80752230.0,8123563.0,10.05
20200323,3528,65597216.0,5633002.0,8.58
20200323,3530,78025900.0,36520050.0,46.8
20200323,3532,387848300.0,187451471.0,48.33
20200323,3533,103477900.0,24685103.0,23.85
20200323,3535,79052356.0,3250218.0,4.11
20200323,3536,106800000.0,223564.0,0.2
20200323,3545,299416416.0,66222032.0,22.11
20200323,3550,85000000.0,633002.0,0.74
20200323,3557,72300415.0,25239640.0,34.9
20200323,3563,42608234.0,6942796.0,16.29
20200323,3576,2665577382.0,259386836.0,9.73
20200323,3583,81139000.0,6392998.0,7.87
20200323,3588,46882200.0,2384568.0,5.08
20200323,3591,125001379.0,6235207.0,4.98
20200323,3593,83042416.0,43931.0,0.05
20200323,3596,208535090.0,22275224.0,10.68
20200323,3605,122395884.0,11677006.0,9.54
20200323,3607,121662239.0,9201427.0,7.56
20200323,3617,80951000.0,2907694.0,3.59
20200323,3622,151327600.0,3915223.0,2.58
20200323,3645,129420494.0,6633421.0,5.12
20200323,3653,120484239.0,10012620.0,8.31
20200323,3661,60186610.0,23172541.0,38.5
20200323,3665,130517407.0,55411643.0,42.45
20200323,3669,92919950.0,3036568.0,3.26
20200323,3673,406663759.0,168618904.0,41.46
20200323,3679,62296229.0,8574130.0,13.76
20200323,3682,3817196399.0,150870433.0,3.95
20200323,3686,113513643.0,2427915.0,2.13
20200323,3694,150495808.0,991156.0,0.65
20200323,3698,519386380.0,126911056.0,24.43
20200323,3701,190344554.0,6295144.0,3.3
20200323,3702,1679056833.0,524230818.0,31.22
20200323,3703,823215980.0,174519085.0,21.19
20200323,3704,441177355.0,44881874.0,10.17
20200323,3705,266422983.0,34654494.0,13.0
20200323,3706,1077282847.0,204425641.0,18.97
20200323,3708,93504604.0,13397095.0,14.32
20200323,3711,4323358382.0,3242801904.0,75.0
20200323,3712,246242146.0,3333997.0,1.35
20200323,4104,141148970.0,9574440.0,6.78
20200323,4106,100911557.0,1147366.0,1.13
20200323,4108,163616379.0,778965.0,0.47
20200323,4119,79485310.0,14546404.0,18.3
20200323,4133,60553594.0,9474858.0,15.64
20200323,4137,79492350.0,51140940.0,64.33
20200323,4141,171144968.0,118208333.0,69.06
20200323,4142,362352752.0,14222350.0,3.92
20200323,4144,77139000.0,42021609.0,54.47
20200323,4148,64034001.0,46443001.0,72.52
20200323,4155,78621079.0,578312.0,0.73
20200323,4164,140386871.0,38444614.0,27.38
20200323,4190,60914700.0,38839449.0,63.76
20200323,4306,571834173.0,35266147.0,6.16
20200323,4414,903434949.0,185894299.0,20.57
20200323,4426,161079476.0,13439906.0,8.34
20200323,4438,103375292.0,5436954.0,5.25
20200323,4439,31500000.0,20344000.0,64.58
20200323,4526,254826461.0,19622805.0,7.7
20200323,4532,504915105.0,55586444.0,11.0
20200323,4536,90820000.0,11234107.0,12.36
20200323,4540,96678000.0,2344001.0,2.42
20200323,4545,77000000.0,27080132.0,35.16
20200323,4551,81934000.0,42732859.0,52.15
20200323,4552,116000000.0,58642190.0,50.55
20200323,4555,66880000.0,4346000.0,6.49
20200323,4557,39808000.0,16108330.0,40.46
20200323,4560,67666195.0,56294849.0,83.19
20200323,4562,67546000.0,1000018.0,1.48
20200323,4564,177786553.0,4079936.0,2.29
20200323,4566,66656000.0,2568000.0,3.85
20200323,4571,47600000.0,34159228.0,71.76
20200323,4572,35800000.0,70000.0,0.19
20200323,4576,117908241.0,2139102.0,1.81
20200323,4581,33899000.0,9866000.0,29.1
20200323,4720,88576709.0,2416173.0,2.72
20200323,4722,100009159.0,3270156.0,3.26
20200323,4725,291975000.0,2680827.0,0.91
20200323,4737,59500794.0,18672501.0,31.38
20200323,4739,93029269.0,4248588.0,4.56
20200323,4746,99012550.0,5902164.0,5.96
20200323,4755,90706000.0,29090532.0,32.07
20200323,4763,51076700.0,37839396.0,74.08
20200323,4764,76788615.0,28557285.0,37.18
20200323,4766,120570780.0,13529751.0,11.22
20200323,4807,38470000.0,27948601.0,72.65
20200323,4904,3258500810.0,686110200.0,21.05
20200323,4906,356883496.0,35980044.0,10.08
20200323,4912,47472069.0,17009786.0,35.83
20200323,4915,448730824.0,258674663.0,57.64
20200323,4916,83451568.0,1631566.0,1.95
20200323,4919,287554400.0,11704789.0,4.07
20200323,4927,184752016.0,24572641.0,13.3
20200323,4930,134300000.0,7156690.0,5.32
20200323,4934,200000000.0,7998194.0,3.99
20200323,4935,130937091.0,39721439.0,30.33
20200323,4938,2610791856.0,1112587658.0,42.61
20200323,4942,142367613.0,26069948.0,18.31
20200323,4943,135975732.0,52317284.0,38.47
20200323,4952,108815816.0,2106079.0,1.93
20200323,4956,100408236.0,8217907.0,8.18
20200323,4958,902229887.0,720805545.0,79.89
20200323,4960,665728500.0,81907758.0,12.3
20200323,4961,165687462.0,2868355.0,1.73
20200323,4967,68257489.0,9176878.0,13.44
20200323,4968,60376078.0,11518656.0,19.07
20200323,4976,117182000.0,2583570.0,2.2
20200323,4977,66640551.0,25521610.0,38.29
20200323,4989,153085000.0,1417205.0,0.92
20200323,4994,110639000.0,2467909.0,2.23
20200323,4999,74417200.0,6822666.0,9.16
20200323,5007,294940154.0,10734994.0,3.63
20200323,5203,83709300.0,21313477.0,25.46
20200323,5215,54337500.0,16363713.0,30.11
20200323,5225,61458000.0,37593753.0,61.16
20200323,5234,102715911.0,9295918.0,9.05
20200323,5243,168528915.0,113026414.0,67.06
20200323,5258,89542579.0,3180516.0,3.55
20200323,5264,420456991.0,277813684.0,66.07
20200323,5269,60037861.0,10799922.0,17.98
20200323,5283,76000425.0,358000.0,0.47
20200323,5284,43664608.0,26689208.0,61.12
20200323,5285,86099463.0,1964814.0,2.28
20200323,5288,65826153.0,42519253.0,64.59
20200323,5305,312456688.0,68421570.0,21.89
20200323,5388,245653767.0,63827628.0,25.98
20200323,5434,181699567.0,54149453.0,29.8
20200323,5469,491441352.0,77611728.0,15.79
20200323,5471,167877062.0,20537139.0,12.23
20200323,5484,68115093.0,306104.0,0.44
20200323,5515,267440105.0,13663621.0,5.1
20200323,5519,198544958.0,6163512.0,3.1
20200323,5521,447527413.0,33041229.0,7.38
20200323,5522,806259241.0,86479758.0,10.72
20200323,5525,244991913.0,5362439.0,2.18
20200323,5531,982474245.0,58470730.0,5.95
20200323,5533,285244944.0,8992049.0,3.15
20200323,5534,290325960.0,53344141.0,18.37
20200323,5538,168000000.0,115211125.0,68.57
20200323,5607,229979100.0,7000195.0,3.04
20200323,5608,279267090.0,21964461.0,7.86
20200323,5706,61294353.0,939890.0,1.53
20200323,5871,1328200030.0,998209813.0,75.15
20200323,5876,4481603140.0,2577051892.0,57.5
20200323,5880,12945848278.0,2555728228.0,19.74
20200323,5906,30000000.0,5884654.0,19.61
20200323,5907,195531000.0,104428237.0,53.4
20200323,6005,2170908097.0,244902590.0,11.28
20200323,6024,176437584.0,4292441.0,2.43
20200323,6108,159899311.0,10618779.0,6.64
20200323,6112,188357336.0,3601036.0,1.91
20200323,6115,187662154.0,23365791.0,12.45
20200323,6116,3133933851.0,353866018.0,11.29
20200323,6117,88650000.0,2472680.0,2.78
20200323,6120,665555114.0,61451742.0,9.23
20200323,6128,127588740.0,2927986.0,2.29
20200323,6131,101926533.0,125259.0,0.12
20200323,6133,117006294.0,5710871.0,4.88
20200323,6136,115536412.0,5202016.0,4.5
20200323,6139,225540929.0,37642010.0,16.68
20200323,6141,129964450.0,3239739.0,2.49
20200323,6142,268235633.0,7171699.0,2.67
20200323,6152,167738463.0,344337.0,0.2
20200323,6153,544279610.0,71976634.0,13.22
20200323,6155,86667589.0,2154407.0,2.48
20200323,6164,100000239.0,526855.0,0.52
20200323,6165,49682403.0,982013.0,1.97
20200323,6166,217497257.0,38313743.0,17.61
20200323,6168,206069801.0,6894050.0,3.34
20200323,6172,30000000.0,190214.0,0.63
20200323,6176,465027263.0,276906151.0,59.54
20200323,6177,256896748.0,6831840.0,2.65
20200323,6183,150000000.0,1505954.0,1.0
20200323,6184,158230657.0,4046468.0,2.55
20200323,6189,179045194.0,8805648.0,4.91
20200323,6191,515546903.0,40269650.0,7.81
20200323,6192,106839745.0,30945465.0,28.96
20200323,6196,185690424.0,8880531.0,4.78
20200323,6197,122085882.0,11729822.0,9.6
20200323,6201,89200000.0,182834.0,0.2
20200323,6202,226168200.0,62848201.0,27.78
20200323,6205,71839079.0,2033032.0,2.82
20200323,6206,143062324.0,29892525.0,20.89
20200323,6209,163119931.0,3693568.0,2.26
20200323,6213,302957218.0,43557370.0,14.37
20200323,6214,269393304.0,42347535.0,15.71
20200323,6215,82789693.0,4494883.0,5.42
20200323,6216,84345637.0,681124.0,0.8
20200323,6224,80001838.0,13518544.0,16.89
20200323,6225,119076655.0,6441406.0,5.4
20200323,6226,114951789.0,879256.0,0.76
20200323,6230,86343396.0,57436897.0,66.52
20200323,6235,168069106.0,3079143.0,1.83
20200323,6239,779146634.0,573450341.0,73.59
20200323,6243,74976693.0,218847.0,0.29
20200323,6251,281059335.0,37973367.0,13.51
20200323,6257,415772017.0,112807160.0,27.13
20200323,6269,335703398.0,120130748.0,35.78
20200323,6271,165357520.0,37537499.0,22.7
20200323,6277,119471166.0,19740525.0,16.52
20200323,6278,292398353.0,86254786.0,29.49
20200323,6281,99172945.0,1950478.0,1.96
20200323,6282,516621295.0,80249219.0,15.53
20200323,6283,148079143.0,28728717.0,19.4
20200323,6285,390329302.0,65670952.0,16.82
20200323,6288,171128000.0,4018258.0,2.34
20200323,6289,80778136.0,47714.0,0.05
20200323,6405,65800000.0,86686.0,0.13
20200323,6409,83301492.0,54496137.0,65.42
20200323,6412,386715375.0,45516694.0,11.77
20200323,6414,83574472.0,8885353.0,10.63
20200323,6415,91661926.0,85311611.0,93.07
20200323,6416,68035634.0,872050.0,1.28
20200323,6431,45642835.0,7407338.0,16.22
20200323,6442,69300000.0,23261224.0,33.56
20200323,6443,379016730.0,10167235.0,2.68
20200323,6449,84441912.0,1607022.0,1.9
20200323,6451,105446800.0,66539830.0,63.1
20200323,6452,100000000.0,21292982.0,21.29
20200323,6456,339439800.0,155662658.0,45.85
20200323,6464,122694706.0,571214.0,0.46
20200323,6477,94456570.0,735612.0,0.77
20200323,6491,70000000.0,2818763.0,4.02
20200323,6504,72600000.0,2009932.0,2.76
20200323,6505,9525959652.0,711565312.0,7.46
20200323,6525,129047384.0,14295196.0,11.07
20200323,6531,73830423.0,13992458.0,18.95
20200323,6533,42650911.0,1606847.0,3.76
20200323,6541,264052074.0,103405086.0,39.16
20200323,6552,100000000.0,1925293.0,1.92
20200323,6558,86660750.0,5638946.0,6.5
20200323,6573,67499345.0,46167319.0,68.39
20200323,6579,148498468.0,4441000.0,2.99
20200323,6581,111270887.0,408000.0,0.36
20200323,6582,104877141.0,15760095.0,15.02
20200323,6591,26203000.0,7686089.0,29.33
20200323,6592,515000407.0,119795170.0,23.26
20200323,6605,165816397.0,20460775.0,12.33
20200323,6625,37333423.0,19895.0,0.05
20200323,6641,34000000.0,11104603.0,32.66
20200323,6655,75608500.0,194274.0,0.25
20200323,6666,47388000.0,37732002.0,79.62
20200323,6668,68392302.0,18565621.0,27.14
20200323,6669,174510791.0,41565975.0,23.81
20200323,6670,131030000.0,29768888.0,22.71
20200323,6671,60750000.0,38043634.0,62.62
20200323,6672,70654345.0,27976277.0,39.59
20200323,6674,66837681.0,16000.0,0.02
20200323,6698,66389753.0,3875223.0,5.83
20200323,6706,66744935.0,4309806.0,6.45
20200323,6715,57000000.0,4544580.0,7.97
20200323,8011,118620375.0,2782541.0,2.34
20200323,8016,120136876.0,42526217.0,35.39
20200323,8021,142180467.0,17363817.0,12.21
20200323,8028,132408000.0,17938941.0,13.54
20200323,8033,112629775.0,638442.0,0.56
20200323,8039,209119692.0,47393109.0,22.66
20200323,8046,646165487.0,37525759.0,5.8
20200323,8070,63879937.0,7677744.0,12.01
20200323,8072,80000000.0,826270.0,1.03
20200323,8081,86172072.0,13191566.0,15.3
20200323,8101,208088795.0,823966.0,0.39
20200323,8103,81399413.0,7661605.0,9.41
20200323,8104,67630050.0,1035404.0,1.53
20200323,8105,441544851.0,260353939.0,58.96
20200323,8110,506381144.0,31209320.0,6.16
20200323,8112,378496473.0,110170222.0,29.1
20200323,8114,106074919.0,4484174.0,4.22
20200323,8131,442222223.0,26430354.0,5.97
20200323,8150,727240126.0,353226430.0,48.57
20200323,8163,280000001.0,50010836.0,17.86
20200323,8201,62366275.0,1705565.0,2.73
20200323,8210,119725950.0,17589690.0,14.69
20200323,8213,271242488.0,73576732.0,27.12
20200323,8215,320674514.0,10069161.0,3.13
20200323,8222,68546750.0,301821.0,0.44
20200323,8249,127055000.0,19195919.0,15.1
20200323,8261,81340493.0,21171082.0,26.02
20200323,8271,100897807.0,16571115.0,16.42
20200323,8341,111500000.0,28022797.0,25.13
20200323,8367,81131938.0,1089473.0,1.34
20200323,8374,112225487.0,3499038.0,3.11
20200323,8404,315178126.0,176195961.0,55.9
20200323,8411,175398185.0,109313792.0,62.32
20200323,8422,108888000.0,27247526.0,25.02
20200323,8427,104261000.0,36886760.0,35.37
20200323,8429,185747151.0,68704008.0,36.98
20200323,8442,49999682.0,37879396.0,75.75
20200323,8443,66800000.0,4431125.0,6.63
20200323,8454,140058500.0,40755502.0,29.09
20200323,8462,69835558.0,1712985.0,2.45
20200323,8463,150000000.0,1136000.0,0.75
20200323,8464,293020200.0,121051622.0,41.31
20200323,8466,66059000.0,40566000.0,61.4
20200323,8467,49534000.0,21923038.0,44.25
20200323,8473,134812297.0,1398711.0,1.03
20200323,8478,90893276.0,51731320.0,56.91
20200323,8480,39270000.0,34221019.0,87.14
20200323,8481,66601866.0,2933000.0,4.4
20200323,8482,111112000.0,99051701.0,89.14
20200323,8488,67500000.0,52357033.0,77.56
20200323,8497,36542810.0,361058.0,0.98
20200323,8499,51286000.0,37849108.0,73.8
20200323,8926,589048595.0,43986828.0,7.46
20200323,8940,67491032.0,5408937.0,8.01
20200323,8996,89384080.0,6828389.0,7.63
20200323,9103,205531500.0,59001.0,0.02
20200323,9105,839284153.0,8584005.0,1.02
20200323,9110,53918500.0,49000.0,0.09
20200323,9136,150804000.0,1857000.0,1.23
20200323,9188,66642000.0,0.0,0.0
20200323,9802,159830923.0,74791440.0,46.79
20200323,9902,98049600.0,520538.0,0.53
20200323,9904,2946787213.0,1675716689.0,56.86
20200323,9905,305000000.0,10065081.0,3.3
20200323,9906,83343981.0,630624.0,0.75
20200323,9907,1579145342.0,220099309.0,13.93
20200323,9908,516358000.0,11380045.0,2.2
20200323,9910,734734249.0,135759969.0,18.47
20200323,9911,221121188.0,49007260.0,22.16
20200323,9912,54350569.0,8637401.0,15.89
20200323,9914,298983800.0,115787158.0,38.72
20200323,9917,451197093.0,192198088.0,42.59
20200323,9918,180537453.0,2263969.0,1.25
20200323,9919,195362750.0,6097412.0,3.12
20200323,9921,375064626.0,179613200.0,47.88
20200323,9924,188452170.0,23122283.0,12.26
20200323,9925,383653075.0,65663485.0,17.11
20200323,9926,179504075.0,301323.0,0.16
20200323,9927,209148167.0,21841053.0,10.44
20200323,9928,150724583.0,0.0,0.0
20200323,9929,168800000.0,13595624.0,8.05
20200323,9930,248540368.0,5052606.0,2.03
20200323,9931,102250512.0,443917.0,0.43
20200323,9933,763273848.0,192453190.0,25.21
20200323,9934,356212962.0,74951012.0,21.04
20200323,9935,169623342.0,11333408.0,6.68
20200323,9937,309043000.0,5911178.0,1.91
20200323,9938,297963902.0,78823721.0,26.45
20200323,9939,292878879.0,77105951.0,26.32
20200323,9940,736846500.0,36252701.0,4.91
20200323,9941,302092125.0,18535814.0,6.13
20200323,9942,83161320.0,3060735.0,3.68
20200323,9943,147317600.0,4042939.0,2.74
20200323,9944,109107100.0,2940160.0,2.69
20200323,9945,1003253999.0,161280329.0,16.07
20200323,9946,300820867.0,30272850.0,10.06
20200323,9955,103208229.0,1283492.0,1.24
20200323,9958,209342910.0,10535177.0,5.03
20200324,1101,5465619204.0,1473238849.0,26.95
20200324,1102,3361447198.0,860247143.0,25.59
20200324,1103,774780548.0,39497655.0,5.09
20200324,1104,653609192.0,78433334.0,12.0
20200324,1108,404738049.0,6171730.0,1.52
20200324,1109,341957868.0,11095061.0,3.24
20200324,1110,572000797.0,43766466.0,7.65
20200324,1201,506062914.0,52781624.0,10.42
20200324,1203,240000000.0,5165769.0,2.15
20200324,1210,827339086.0,136009986.0,16.43
20200324,1213,56622627.0,42642.0,0.07
20200324,1215,267990998.0,111054943.0,41.43
20200324,1216,5682015421.0,2918681830.0,51.36
20200324,1217,494513336.0,37195256.0,7.52
20200324,1218,499999038.0,11224503.0,2.24
20200324,1219,322013887.0,11272703.0,3.5
20200324,1220,177077944.0,16348673.0,9.23
20200324,1225,218703051.0,1627906.0,0.74
20200324,1227,915089591.0,210072652.0,22.95
20200324,1229,1104739841.0,148075670.0,13.4
20200324,1231,174595395.0,3768237.0,2.15
20200324,1232,159974915.0,2156421.0,1.34
20200324,1233,90591948.0,4731802.0,5.22
20200324,1234,401871094.0,17408511.0,4.33
20200324,1235,98955436.0,47637.0,0.04
20200324,1236,108342510.0,54329.0,0.05
20200324,1256,33842160.0,1588577.0,4.69
20200324,1301,6365740781.0,2322410028.0,36.48
20200324,1303,7930821589.0,2366433802.0,29.83
20200324,1304,1188763500.0,409994740.0,34.48
20200324,1305,527029927.0,85704268.0,16.26
20200324,1307,397818126.0,45982752.0,11.55
20200324,1308,554382745.0,34173160.0,6.16
20200324,1309,334204892.0,14243279.0,4.26
20200324,1310,527869764.0,92789582.0,17.57
20200324,1312,906620328.0,233204399.0,25.72
20200324,1313,1332347607.0,149613936.0,11.22
20200324,1314,3284850130.0,529255373.0,16.11
20200324,1315,198000000.0,1995149.0,1.0
20200324,1316,179541221.0,2549031.0,1.41
20200324,1319,591477068.0,115497827.0,19.52
20200324,1321,227228268.0,5488995.0,2.41
20200324,1323,91274554.0,2849165.0,3.12
20200324,1324,75121882.0,329215.0,0.43
20200324,1325,85281198.0,563363.0,0.66
20200324,1326,5861186291.0,2095056559.0,35.74
20200324,1337,268954729.0,70099827.0,26.06
20200324,1338,83840000.0,12699510.0,15.14
20200324,1339,74138875.0,1258038.0,1.69
20200324,1340,152922855.0,47376961.0,30.98
20200324,1341,49400000.0,42895950.0,86.83
20200324,1402,5352875227.0,1013206841.0,18.92
20200324,1409,1618409291.0,249739922.0,15.43
20200324,1410,63000000.0,10643456.0,16.89
20200324,1413,132112454.0,357175.0,0.27
20200324,1414,220000000.0,2546669.0,1.15
20200324,1416,185342168.0,26525289.0,14.31
20200324,1417,189941840.0,4803130.0,2.52
20200324,1418,56834309.0,344219.0,0.6
20200324,1419,300041280.0,6702142.0,2.23
20200324,1423,138400000.0,2829830.0,2.04
20200324,1432,167937642.0,130917.0,0.07
20200324,1434,1684664637.0,271446356.0,16.11
20200324,1435,139780080.0,1000879.0,0.71
20200324,1436,95634000.0,111722.0,0.11
20200324,1437,203371284.0,11490065.0,5.64
20200324,1438,102411518.0,80044.0,0.07
20200324,1439,92000000.0,1370935.0,1.49
20200324,1440,1656815857.0,121308074.0,7.32
20200324,1441,100800000.0,1402719.0,1.39
20200324,1442,302117481.0,8378757.0,2.77
20200324,1443,135343011.0,61758.0,0.04
20200324,1444,957302942.0,91667816.0,9.57
20200324,1445,132667034.0,1929715.0,1.45
20200324,1446,137709513.0,1544237.0,1.12
20200324,1447,914487242.0,69368604.0,7.58
20200324,1449,120000000.0,90535.0,0.07
20200324,1451,198000000.0,19991142.0,10.09
20200324,1452,132641400.0,5368732.0,4.04
20200324,1453,98642138.0,86880.0,0.08
20200324,1454,134309848.0,551472.0,0.41
20200324,1455,611763380.0,19894883.0,3.25
20200324,1456,93720000.0,130224.0,0.13
20200324,1457,301647640.0,9059110.0,3.0
20200324,1459,358628907.0,7843150.0,2.18
20200324,1460,509834182.0,24798481.0,4.86
20200324,1463,173268381.0,5590824.0,3.22
20200324,1464,384565652.0,7227162.0,1.87
20200324,1465,103607267.0,812735.0,0.78
20200324,1466,111157320.0,120264.0,0.1
20200324,1467,233624667.0,45048206.0,19.28
20200324,1468,160405244.0,2932115.0,1.82
20200324,1470,85767000.0,37084.0,0.04
20200324,1471,150414536.0,112970.0,0.07
20200324,1472,45672722.0,48667.0,0.1
20200324,1473,147153534.0,14982754.0,10.18
20200324,1474,129896969.0,180888.0,0.13
20200324,1475,16016749.0,11039.0,0.06
20200324,1476,274367111.0,99860487.0,36.39
20200324,1477,219856581.0,27129888.0,12.33
20200324,1503,520972223.0,166725116.0,32.0
20200324,1504,1967692886.0,734871726.0,37.34
20200324,1506,122855501.0,502365.0,0.4
20200324,1507,410820000.0,186007329.0,45.27
20200324,1512,220002494.0,17931048.0,8.15
20200324,1513,420000000.0,52380737.0,12.47
20200324,1514,207099023.0,22958171.0,11.08
20200324,1515,181473500.0,16982171.0,9.35
20200324,1516,33350889.0,44368.0,0.13
20200324,1517,227825007.0,5729321.0,2.51
20200324,1519,261058548.0,17018608.0,6.51
20200324,1521,76230000.0,25616764.0,33.6
20200324,1522,312897881.0,20734589.0,6.62
20200324,1524,179685207.0,192726.0,0.1
20200324,1525,73400135.0,48878.0,0.06
20200324,1526,60000000.0,1161698.0,1.93
20200324,1527,138570640.0,12025726.0,8.67
20200324,1528,199331000.0,2480467.0,1.24
20200324,1529,95967982.0,281354.0,0.29
20200324,1530,96594171.0,673681.0,0.69
20200324,1531,185008080.0,17784386.0,9.61
20200324,1532,385252112.0,47271126.0,12.27
20200324,1533,98547486.0,6681588.0,6.78
20200324,1535,123742552.0,533004.0,0.43
20200324,1536,254956513.0,32233424.0,12.64
20200324,1537,81785394.0,19068756.0,23.31
20200324,1538,56135851.0,137355.0,0.24
20200324,1539,65370000.0,80034.0,0.12
20200324,1540,85473612.0,280353.0,0.32
20200324,1541,78800000.0,7676312.0,9.74
20200324,1558,60535631.0,6670116.0,11.01
20200324,1560,141000000.0,19136955.0,13.57
20200324,1568,103086559.0,1762113.0,1.7
20200324,1582,123724171.0,38026249.0,30.73
20200324,1583,110400372.0,61986.0,0.05
20200324,1587,67356618.0,13517742.0,20.06
20200324,1589,105617519.0,10647951.0,10.08
20200324,1590,189024998.0,127753525.0,67.58
20200324,1592,110978250.0,42985412.0,38.73
20200324,1598,115100887.0,852508.0,0.74
20200324,1603,191688000.0,3398859.0,1.77
20200324,1604,387200000.0,46870048.0,12.1
20200324,1605,3326000258.0,732286260.0,22.01
20200324,1608,632773506.0,20931907.0,3.3
20200324,1609,595068022.0,61284366.0,10.29
20200324,1611,358595268.0,41304941.0,11.51
20200324,1612,316080063.0,33724981.0,10.66
20200324,1614,269113406.0,5274013.0,1.95
20200324,1615,111861784.0,136650.0,0.12
20200324,1616,194148515.0,129127.0,0.06
20200324,1617,144233235.0,30620329.0,21.22
20200324,1618,240864684.0,2810787.0,1.16
20200324,1626,136850637.0,67685386.0,49.45
20200324,1701,298081080.0,28693156.0,9.62
20200324,1702,294132962.0,48810663.0,16.59
20200324,1707,136286373.0,29562140.0,21.69
20200324,1708,211520260.0,17214236.0,8.13
20200324,1709,477016272.0,17748238.0,3.72
20200324,1710,885703029.0,85767774.0,9.68
20200324,1711,547752226.0,46856552.0,8.55
20200324,1712,420492585.0,49792758.0,11.84
20200324,1713,150951700.0,7275675.0,4.81
20200324,1714,1016824808.0,181874253.0,17.88
20200324,1717,1240279455.0,165869360.0,13.37
20200324,1718,1621367217.0,171670625.0,10.58
20200324,1720,178696089.0,3404793.0,1.9
20200324,1721,222347344.0,6569121.0,2.95
20200324,1722,980000000.0,137615115.0,14.04
20200324,1723,236904480.0,31556149.0,13.32
20200324,1724,127813900.0,7702934.0,6.02
20200324,1725,181829978.0,191027.0,0.1
20200324,1726,162000000.0,24101727.0,14.87
20200324,1727,110250000.0,1077598.0,0.97
20200324,1730,63233851.0,5153281.0,8.14
20200324,1731,132915244.0,1239790.0,0.93
20200324,1732,42443957.0,177646.0,0.41
20200324,1733,99986192.0,3116146.0,3.11
20200324,1734,167722022.0,5730757.0,3.41
20200324,1735,99388000.0,49920241.0,50.22
20200324,1736,303616617.0,12670131.0,4.17
20200324,1737,200000000.0,18616379.0,9.3
20200324,1760,76739013.0,1424958.0,1.85
20200324,1762,77560000.0,1774279.0,2.28
20200324,1773,150000000.0,3745597.0,2.49
20200324,1776,69986099.0,48001.0,0.06
20200324,1783,69465000.0,5497606.0,7.91
20200324,1786,58100000.0,883465.0,1.52
20200324,1789,790739222.0,33954326.0,4.29
20200324,1795,243113964.0,168503381.0,69.31
20200324,1802,2908060800.0,204397441.0,7.02
20200324,1805,100265400.0,109805.0,0.1
20200324,1806,433782078.0,53150314.0,12.25
20200324,1808,308330531.0,14986679.0,4.86
20200324,1809,167041937.0,5627786.0,3.36
20200324,1810,369853610.0,12264506.0,3.31
20200324,1817,72600000.0,1136000.0,1.56
20200324,1902,402000550.0,20189369.0,5.02
20200324,1903,260039121.0,38795115.0,14.91
20200324,1904,1108274522.0,141405939.0,12.75
20200324,1905,1102835316.0,48725594.0,4.41
20200324,1906,151000000.0,1527509.0,1.01
20200324,1907,1660371495.0,294892027.0,17.76
20200324,1909,1217685727.0,178816294.0,14.68
20200324,2002,15734860997.0,3041206889.0,19.32
20200324,2006,1004060608.0,128575914.0,12.8
20200324,2007,530651613.0,263965.0,0.04
20200324,2008,200852293.0,14301407.0,7.12
20200324,2009,359622165.0,23784265.0,6.61
20200324,2010,647655390.0,29021564.0,4.48
20200324,2012,287774000.0,6905540.0,2.39
20200324,2013,200000000.0,14762962.0,7.38
20200324,2014,1435544446.0,70866563.0,4.93
20200324,2015,581599424.0,53812916.0,9.25
20200324,2017,341867462.0,7972222.0,2.33
20200324,2020,222526100.0,5555869.0,2.49
20200324,2022,479751976.0,14499352.0,3.02
20200324,2023,1913327518.0,127936249.0,6.68
20200324,2024,97500000.0,118093.0,0.12
20200324,2025,281167262.0,119066.0,0.04
20200324,2027,1233790052.0,295307625.0,23.93
20200324,2028,325714800.0,237958.0,0.07
20200324,2029,321180000.0,225540081.0,70.22
20200324,2030,286526027.0,14036668.0,4.89
20200324,2031,310687699.0,32358658.0,10.41
20200324,2032,130521545.0,218736.0,0.16
20200324,2033,80694536.0,99139.0,0.12
20200324,2034,407130743.0,49678511.0,12.2
20200324,2038,181264522.0,393670.0,0.21
20200324,2049,309578886.0,122475113.0,39.56
20200324,2059,95297072.0,23257002.0,24.4
20200324,2062,163014152.0,16929128.0,10.38
20200324,2069,156386836.0,721307.0,0.46
20200324,2101,833934904.0,69958131.0,8.38
20200324,2102,473329207.0,39013645.0,8.24
20200324,2103,825709978.0,288712919.0,34.96
20200324,2104,984733625.0,120734399.0,12.26
20200324,2105,3241415536.0,426325812.0,13.15
20200324,2106,874430000.0,43479344.0,4.97
20200324,2107,350000000.0,33826078.0,9.66
20200324,2108,492416659.0,45711271.0,9.28
20200324,2109,332349134.0,49440660.0,14.87
20200324,2114,70901552.0,1221907.0,1.72
20200324,2115,86063215.0,39637789.0,46.05
20200324,2201,1572919909.0,100636926.0,6.39
20200324,2204,553620342.0,164372006.0,29.69
20200324,2206,853595604.0,87187153.0,10.21
20200324,2207,546179184.0,129879270.0,23.77
20200324,2208,472991749.0,14920282.0,3.15
20200324,2227,300000000.0,122546726.0,40.84
20200324,2228,75780281.0,6756573.0,8.91
20200324,2231,122821241.0,11780917.0,9.59
20200324,2233,60288089.0,5621583.0,9.32
20200324,2236,44826766.0,33326473.0,74.34
20200324,2239,118007000.0,89945639.0,76.22
20200324,2243,45718529.0,19628127.0,42.93
20200324,2301,2350867032.0,1251472924.0,53.23
20200324,2302,166302881.0,6354656.0,3.82
20200324,2303,11773994401.0,5965443429.0,50.66
20200324,2305,205660827.0,9967708.0,4.84
20200324,2308,2597543329.0,1700580232.0,65.46
20200324,2312,1452081211.0,248084398.0,17.08
20200324,2313,1191820589.0,318408031.0,26.71
20200324,2314,228028320.0,3903388.0,1.71
20200324,2316,203045040.0,37988912.0,18.7
20200324,2317,13862990609.0,6229018901.0,44.93
20200324,2321,315332590.0,167111.0,0.05
20200324,2323,1158881200.0,102954517.0,8.88
20200324,2324,4407146625.0,2091458260.0,47.45
20200324,2327,427121695.0,201403476.0,47.15
20200324,2328,518346282.0,88613357.0,17.09
20200324,2329,557328533.0,172120531.0,30.88
20200324,2330,25930380458.0,19594256756.0,75.56
20200324,2331,557402968.0,88023474.0,15.79
20200324,2332,651996166.0,93603376.0,14.35
20200324,2337,1839908862.0,374391539.0,20.34
20200324,2338,252713611.0,4631467.0,1.83
20200324,2340,378622846.0,75563829.0,19.95
20200324,2342,156342161.0,9963857.0,6.37
20200324,2344,3980000193.0,884121185.0,22.21
20200324,2345,557726397.0,315532168.0,56.57
20200324,2347,1667946968.0,570616321.0,34.21
20200324,2348,85600000.0,1384904.0,1.61
20200324,2349,1284157900.0,162132358.0,12.62
20200324,2351,182140249.0,24198398.0,13.28
20200324,2352,1966781958.0,406730092.0,20.67
20200324,2353,3074933828.0,858325692.0,27.91
20200324,2354,1414485192.0,386323925.0,27.31
20200324,2355,397495420.0,112705743.0,28.35
20200324,2356,3587475066.0,971487324.0,27.07
20200324,2357,742760280.0,446215318.0,60.07
20200324,2358,94616172.0,263112.0,0.27
20200324,2359,171471052.0,6484519.0,3.78
20200324,2360,419092587.0,269695527.0,64.35
20200324,2362,669763000.0,87273734.0,13.03
20200324,2363,554062477.0,32407866.0,5.84
20200324,2364,198939797.0,30043266.0,15.1
20200324,2365,234538496.0,15202942.0,6.48
20200324,2367,619407175.0,123722570.0,19.97
20200324,2368,546487841.0,55736189.0,10.19
20200324,2369,380102344.0,58941913.0,15.5
20200324,2371,2339536685.0,924580324.0,39.51
20200324,2373,236202518.0,4453202.0,1.88
20200324,2374,282362812.0,25110951.0,8.89
20200324,2375,194063097.0,7276318.0,3.74
20200324,2376,635688886.0,175149452.0,27.55
20200324,2377,844856199.0,286425493.0,33.9
20200324,2379,508095464.0,298923777.0,58.83
20200324,2380,162444084.0,2985533.0,1.83
20200324,2382,3862627432.0,1002344327.0,25.94
20200324,2383,319708064.0,114254537.0,35.73
20200324,2385,734497521.0,386405272.0,52.6
20200324,2387,196297952.0,11318138.0,5.76
20200324,2388,493303441.0,53709301.0,10.88
20200324,2390,214021602.0,4110325.0,1.92
20200324,2392,512326940.0,72262710.0,14.1
20200324,2393,443056236.0,156908981.0,35.41
20200324,2395,699075510.0,284126827.0,40.64
20200324,2397,114688857.0,24517938.0,21.37
20200324,2399,178100000.0,30459283.0,17.1
20200324,2401,591994919.0,70992505.0,11.99
20200324,2402,307536533.0,42344723.0,13.76
20200324,2404,190586698.0,54728419.0,28.71
20200324,2405,343427303.0,22278651.0,6.48
20200324,2406,205905689.0,16789080.0,8.15
20200324,2408,3053504894.0,668835037.0,21.9
20200324,2409,9624245115.0,2872421995.0,29.84
20200324,2412,7757446545.0,1284343030.0,16.55
20200324,2413,127359200.0,616115.0,0.48
20200324,2414,161735846.0,11096014.0,6.86
20200324,2415,80000000.0,1394951.0,1.74
20200324,2417,192892330.0,5968430.0,3.09
20200324,2419,328986229.0,37731777.0,11.46
20200324,2420,152648688.0,5032474.0,3.29
20200324,2421,250929732.0,67416704.0,26.86
20200324,2423,145047289.0,2360432.0,1.62
20200324,2424,30000000.0,71154.0,0.23
20200324,2425,101498831.0,27978687.0,27.56
20200324,2426,300622252.0,23357643.0,7.76
20200324,2427,184314463.0,3632289.0,1.97
20200324,2428,128112726.0,19922394.0,15.55
20200324,2429,36736200.0,1228997.0,3.34
20200324,2430,166468825.0,5898090.0,3.54
20200324,2431,110927014.0,1484990.0,1.33
20200324,2433,144496011.0,1423704.0,0.98
20200324,2434,70602126.0,800806.0,1.13
20200324,2436,178009961.0,13211030.0,7.42
20200324,2438,95215940.0,60374.0,0.06
20200324,2439,207879134.0,43480934.0,20.91
20200324,2440,139117271.0,103394.0,0.07
20200324,2441,568845921.0,86399574.0,15.18
20200324,2442,267234372.0,9218017.0,3.44
20200324,2443,145687000.0,193195.0,0.13
20200324,2444,105557573.0,2009563.0,1.9
20200324,2448,1088701410.0,189062581.0,17.36
20200324,2449,1222745065.0,514087476.0,42.04
20200324,2450,258252657.0,11646636.0,4.5
20200324,2451,430761675.0,68219940.0,15.83
20200324,2453,100000000.0,1199804.0,1.19
20200324,2454,1589981632.0,977752472.0,61.49
20200324,2455,184905918.0,38667758.0,20.91
20200324,2456,243254748.0,44277619.0,18.2
20200324,2457,337688416.0,25394695.0,7.52
20200324,2458,303880392.0,83776668.0,27.56
20200324,2459,105900615.0,18362235.0,17.33
20200324,2460,169200000.0,1585103.0,0.93
20200324,2461,159324631.0,5436431.0,3.41
20200324,2462,142484596.0,1376712.0,0.96
20200324,2464,195531226.0,16815222.0,8.59
20200324,2465,53587301.0,296927.0,0.55
20200324,2466,156334226.0,18790291.0,12.01
20200324,2467,149205548.0,10848974.0,7.27
20200324,2468,69961249.0,54995.0,0.07
20200324,2471,47253890.0,630916.0,1.33
20200324,2472,129219822.0,4046986.0,3.13
20200324,2474,770391069.0,492963934.0,63.98
20200324,2476,184968298.0,17693743.0,9.56
20200324,2477,198216555.0,44870674.0,22.63
20200324,2478,145248989.0,10478083.0,7.21
20200324,2480,106360291.0,7313697.0,6.87
20200324,2481,332814927.0,39504658.0,11.86
20200324,2482,62072549.0,343301.0,0.55
20200324,2483,110618807.0,193242.0,0.17
20200324,2484,159421022.0,10959976.0,6.87
20200324,2485,317689037.0,21367914.0,6.72
20200324,2486,201958579.0,7129741.0,3.53
20200324,2488,79999433.0,2662631.0,3.32
20200324,2489,809362045.0,102962607.0,12.72
20200324,2491,82008000.0,6396676.0,7.8
20200324,2492,485800000.0,119007434.0,24.49
20200324,2493,114437390.0,7711922.0,6.73
20200324,2495,276290738.0,48412083.0,17.52
20200324,2496,17459400.0,8419869.0,48.22
20200324,2497,118798463.0,1751483.0,1.47
20200324,2498,818808635.0,130073523.0,15.88
20200324,2499,461172003.0,39745238.0,8.61
20200324,2501,1159561059.0,107816223.0,9.29
20200324,2504,1385000335.0,160060956.0,11.55
20200324,2505,696582479.0,28109823.0,4.03
20200324,2506,387000000.0,13229991.0,3.41
20200324,2509,204136846.0,3109604.0,1.52
20200324,2511,1623326147.0,141590066.0,8.72
20200324,2514,404729278.0,16353870.0,4.04
20200324,2515,1530899822.0,156607801.0,10.22
20200324,2516,226278457.0,6225711.0,2.75
20200324,2520,503791000.0,106216995.0,21.08
20200324,2524,384846372.0,8026154.0,2.08
20200324,2527,270306000.0,78318922.0,28.97
20200324,2528,277085409.0,444491.0,0.16
20200324,2530,270752466.0,3146115.0,1.16
20200324,2534,592784962.0,70441041.0,11.88
20200324,2535,290743386.0,24947226.0,8.58
20200324,2536,332808652.0,58707587.0,17.64
20200324,2537,300557795.0,8703782.0,2.89
20200324,2538,438448764.0,58463704.0,13.33
20200324,2539,461314374.0,473105.0,0.1
20200324,2540,146600000.0,122004.0,0.08
20200324,2542,1166628752.0,220745636.0,18.92
20200324,2543,241983788.0,235506.0,0.09
20200324,2545,327734808.0,12293049.0,3.75
20200324,2546,106035660.0,3296988.0,3.1
20200324,2547,912307649.0,202911536.0,22.24
20200324,2548,276812726.0,81093851.0,29.29
20200324,2597,135000000.0,1087171.0,0.8
20200324,2601,630883150.0,78873706.0,12.5
20200324,2603,4812973786.0,1143565173.0,23.76
20200324,2605,585353297.0,195249664.0,33.35
20200324,2606,845055712.0,75252256.0,8.9
20200324,2607,1067141094.0,73351279.0,6.87
20200324,2608,467000498.0,42374523.0,9.07
20200324,2609,2601335728.0,138732509.0,5.33
20200324,2610,5420984650.0,787955759.0,14.53
20200324,2611,175994247.0,145920.0,0.08
20200324,2612,197484593.0,4773744.0,2.41
20200324,2613,148423458.0,71643.0,0.04
20200324,2614,556789889.0,11012704.0,1.97
20200324,2615,2218297466.0,927894077.0,41.82
20200324,2616,137281827.0,4428589.0,3.22
20200324,2617,417294487.0,13780935.0,3.3
20200324,2618,4853569490.0,1339417542.0,27.59
20200324,2630,120120000.0,81000.0,0.06
20200324,2633,5628293058.0,791661925.0,14.06
20200324,2634,941867101.0,16898582.0,1.79
20200324,2636,117157402.0,16906077.0,14.43
20200324,2637,688655903.0,52106872.0,7.56
20200324,2642,95467000.0,4868332.0,5.09
20200324,2701,449967838.0,1915326.0,0.42
20200324,2702,110485538.0,41107363.0,37.2
20200324,2704,366923343.0,31771145.0,8.65
20200324,2705,186536630.0,5660559.0,3.03
20200324,2706,499998346.0,12865990.0,2.57
20200324,2707,126745769.0,18961593.0,14.96
20200324,2712,105000000.0,56592.0,0.05
20200324,2722,111522961.0,102380.0,0.09
20200324,2723,180000000.0,94768121.0,52.64
20200324,2727,76987883.0,7929283.0,10.29
20200324,2731,70000000.0,2252896.0,3.21
20200324,2739,111526000.0,2181800.0,1.95
20200324,2748,65637000.0,513847.0,0.78
20200324,2801,9985311160.0,1437588953.0,14.39
20200324,2809,1131234265.0,188238161.0,16.64
20200324,2812,3708834898.0,497366382.0,13.41
20200324,2816,212960000.0,11515821.0,5.4
20200324,2820,1342960000.0,105215159.0,7.83
20200324,2823,4463582304.0,1033062607.0,23.14
20200324,2832,362200400.0,11378799.0,3.14
20200324,2834,7131984244.0,1633349231.0,22.9
20200324,2836,1080916486.0,78595766.0,7.27
20200324,2838,2884455292.0,86238603.0,2.98
20200324,2841,760943600.0,82926918.0,10.89
20200324,2845,3355819407.0,417364595.0,12.43
20200324,2849,1957910050.0,1154135914.0,58.94
20200324,2850,315963300.0,27072004.0,8.56
20200324,2851,590388750.0,13102316.0,2.21
20200324,2852,301163784.0,12104846.0,4.01
20200324,2855,1372390028.0,143929394.0,10.48
20200324,2867,2371971471.0,165957270.0,6.99
20200324,2880,12172740178.0,2364748185.0,19.42
20200324,2881,10233603995.0,2669100793.0,26.08
20200324,2882,13169210128.0,2834762972.0,21.52
20200324,2883,14965982132.0,3771745479.0,25.2
20200324,2884,11619500000.0,4795694616.0,41.27
20200324,2885,11670611456.0,4472191973.0,38.32
20200324,2886,13599823983.0,3360638774.0,24.71
20200324,2887,10656061370.0,2862662900.0,26.86
20200324,2888,12600394063.0,2703876353.0,21.45
20200324,2889,2848064596.0,343321749.0,12.05
20200324,2890,11281054106.0,3457681230.0,30.65
20200324,2891,19496989569.0,7660714090.0,39.29
20200324,2892,12461942795.0,3226105811.0,25.88
20200324,2897,2413006301.0,30317066.0,1.25
20200324,2901,73043283.0,60994.0,0.08
20200324,2903,1416940589.0,207420967.0,14.63
20200324,2904,69034432.0,63652.0,0.09
20200324,2905,826682688.0,56895194.0,6.88
20200324,2906,209111093.0,3774522.0,1.8
20200324,2908,509887558.0,40186961.0,7.88
20200324,2910,208725000.0,250000.0,0.11
20200324,2911,188941775.0,33167867.0,17.55
20200324,2912,1039622255.0,412915703.0,39.71
20200324,2913,790000000.0,91335550.0,11.56
20200324,2915,564860594.0,101944290.0,18.04
20200324,2923,1740296982.0,1727173274.0,99.24
20200324,2929,94955292.0,47146385.0,49.65
20200324,2936,76555696.0,67957696.0,88.76
20200324,2939,47222665.0,35063893.0,74.25
20200324,3002,102000000.0,233372.0,0.22
20200324,3003,155654890.0,11729386.0,7.53
20200324,3004,52647155.0,1412072.0,2.68
20200324,3005,579520150.0,180093251.0,31.07
20200324,3006,285758925.0,43831870.0,15.33
20200324,3008,134140197.0,70308147.0,52.41
20200324,3010,231390138.0,53496250.0,23.11
20200324,3011,112719251.0,109048.0,0.09
20200324,3013,159435018.0,3029158.0,1.89
20200324,3014,161080124.0,33146217.0,20.57
20200324,3015,192261950.0,21466055.0,11.16
20200324,3016,274401315.0,2931520.0,1.06
20200324,3017,353310157.0,118718897.0,33.6
20200324,3018,73512132.0,2254491.0,3.06
20200324,3019,281083901.0,36654429.0,13.04
20200324,3021,95813467.0,2347516.0,2.45
20200324,3022,177289790.0,37239552.0,21.0
20200324,3023,229078860.0,108341737.0,47.29
20200324,3024,277157496.0,3825140.0,1.38
20200324,3025,70920550.0,1581059.0,2.22
20200324,3026,157990779.0,15452880.0,9.78
20200324,3027,98856311.0,142199.0,0.14
20200324,3028,213824864.0,10496615.0,4.9
20200324,3029,124623212.0,4287382.0,3.44
20200324,3030,236216000.0,52453008.0,22.2
20200324,3031,186674224.0,5475937.0,2.93
20200324,3032,113285626.0,2081015.0,1.83
20200324,3033,367751242.0,18031956.0,4.9
20200324,3034,608511469.0,370024159.0,60.8
20200324,3035,248550313.0,58189840.0,23.41
20200324,3036,592604419.0,137984257.0,23.28
20200324,3037,1504732333.0,458571922.0,30.47
20200324,3038,162407603.0,6306365.0,3.88
20200324,3040,63000000.0,10658598.0,16.91
20200324,3041,192539746.0,14278263.0,7.41
20200324,3042,309757040.0,106579003.0,34.4
20200324,3043,194878166.0,2449666.0,1.25
20200324,3044,525605898.0,312421972.0,59.44
20200324,3045,3442720069.0,645503412.0,18.74
20200324,3046,71448013.0,738702.0,1.03
20200324,3047,186491633.0,7370547.0,3.95
20200324,3048,222572540.0,24847242.0,11.16
20200324,3049,806948529.0,77608725.0,9.61
20200324,3050,145984450.0,8673083.0,5.94
20200324,3051,325332396.0,273232.0,0.08
20200324,3052,228713554.0,6681014.0,2.92
20200324,3054,87848033.0,197261.0,0.22
20200324,3055,102441918.0,2177424.0,2.12
20200324,3056,209215308.0,18998643.0,9.08
20200324,3057,161409213.0,7821531.0,4.84
20200324,3058,164937351.0,4444488.0,2.69
20200324,3059,279587325.0,35079042.0,12.54
20200324,3060,139361590.0,10054534.0,7.21
20200324,3062,328605418.0,44519964.0,13.54
20200324,3090,178657150.0,14848520.0,8.31
20200324,3094,84655089.0,1586644.0,1.87
20200324,3130,33190700.0,13608919.0,41.0
20200324,3149,206393604.0,4235085.0,2.05
20200324,3164,88911864.0,621305.0,0.69
20200324,3167,80134116.0,1234490.0,1.54
20200324,3189,451039005.0,70901536.0,15.71
20200324,3209,172915577.0,3448601.0,1.99
20200324,3229,93515881.0,1347777.0,1.44
20200324,3231,2840612050.0,1568087363.0,55.2
20200324,3257,69380277.0,475835.0,0.68
20200324,3266,352314309.0,17732199.0,5.03
20200324,3296,98224450.0,1910054.0,1.94
20200324,3305,118265271.0,3116144.0,2.63
20200324,3308,98569663.0,77319.0,0.07
20200324,3311,60000000.0,376565.0,0.62
20200324,3312,118032122.0,9838730.0,8.33
20200324,3321,126218519.0,667491.0,0.52
20200324,3338,86481985.0,2808284.0,3.24
20200324,3346,75784000.0,3701347.0,4.88
20200324,3356,89871303.0,1564093.0,1.74
20200324,3376,178988346.0,53614163.0,29.95
20200324,3380,542727260.0,37196944.0,6.85
20200324,3383,70000000.0,12087788.0,17.26
20200324,3406,110890463.0,30330421.0,27.35
20200324,3413,82687500.0,15767273.0,19.06
20200324,3416,72181447.0,1486113.0,2.05
20200324,3419,120480417.0,7632468.0,6.33
20200324,3432,66586000.0,3320907.0,4.98
20200324,3437,144548000.0,15833650.0,10.95
20200324,3443,134011911.0,25745003.0,19.21
20200324,3450,145681382.0,14875857.0,10.21
20200324,3454,87033910.0,6595809.0,7.57
20200324,3481,9711071977.0,2533140878.0,26.08
20200324,3494,179450634.0,8081372.0,4.5
20200324,3501,118257927.0,3680862.0,3.11
20200324,3504,114059785.0,2099172.0,1.84
20200324,3515,120647229.0,4696636.0,3.89
20200324,3518,80752230.0,8119563.0,10.05
20200324,3528,65597216.0,5633002.0,8.58
20200324,3530,78025900.0,36663050.0,46.98
20200324,3532,387848300.0,187447471.0,48.33
20200324,3533,103477900.0,23958493.0,23.15
20200324,3535,79052356.0,3390218.0,4.28
20200324,3536,106800000.0,223564.0,0.2
20200324,3545,299416416.0,65109032.0,21.74
20200324,3550,85000000.0,626002.0,0.73
20200324,3557,72300415.0,25175640.0,34.82
20200324,3563,42608234.0,6504796.0,15.26
20200324,3576,2665577382.0,260174836.0,9.76
20200324,3583,81139000.0,6474998.0,7.98
20200324,3588,46882200.0,2406568.0,5.13
20200324,3591,125001379.0,6224207.0,4.97
20200324,3593,83042416.0,43931.0,0.05
20200324,3596,208535090.0,21361724.0,10.24
20200324,3605,122395884.0,11692006.0,9.55
20200324,3607,121662239.0,9211427.0,7.57
20200324,3617,80951000.0,2979694.0,3.68
20200324,3622,151327600.0,3919223.0,2.58
20200324,3645,129420494.0,6596571.0,5.09
20200324,3653,120484239.0,9945620.0,8.25
20200324,3661,60186610.0,23011541.0,38.23
20200324,3665,130517407.0,54634643.0,41.86
20200324,3669,92919950.0,2990568.0,3.21
20200324,3673,406663759.0,168386241.0,41.4
20200324,3679,62296229.0,8561130.0,13.74
20200324,3682,3817196399.0,151099433.0,3.95
20200324,3686,113513643.0,2432915.0,2.14
20200324,3694,150495808.0,1032156.0,0.68
20200324,3698,519386380.0,126868056.0,24.42
20200324,3701,190344554.0,6295144.0,3.3
20200324,3702,1679056833.0,526620070.0,31.36
20200324,3703,823215980.0,174415085.0,21.18
20200324,3704,441177355.0,44745874.0,10.14
20200324,3705,266422983.0,34448494.0,12.93
20200324,3706,1077282847.0,202530991.0,18.8
20200324,3708,93504604.0,12905095.0,13.8
20200324,3711,4323358382.0,3243686308.0,75.02
20200324,3712,246242146.0,3312997.0,1.34
20200324,4104,141148970.0,9545440.0,6.76
20200324,4106,100911557.0,1048366.0,1.03
20200324,4108,163616379.0,822965.0,0.5
20200324,4119,79485310.0,13243404.0,16.66
20200324,4133,60553594.0,9485858.0,15.66
20200324,4137,79492350.0,51171940.0,64.37
20200324,4141,171144968.0,118197333.0,69.06
20200324,4142,362352752.0,13964350.0,3.85
20200324,4144,77139000.0,42048609.0,54.51
20200324,4148,64034001.0,46469001.0,72.56
20200324,4155,78621079.0,297312.0,0.37
20200324,4164,140386871.0,38395614.0,27.34
20200324,4190,60914700.0,38826449.0,63.73
20200324,4306,570040173.0,35219147.0,6.17
20200324,4414,903434949.0,185790299.0,20.56
20200324,4426,161079476.0,13479906.0,8.36
20200324,4438,103375292.0,5440954.0,5.26
20200324,4439,31500000.0,20349000.0,64.6
20200324,4526,254826461.0,19622805.0,7.7
20200324,4532,504915105.0,55566444.0,11.0
20200324,4536,90820000.0,11221107.0,12.35
20200324,4540,96678000.0,2366001.0,2.44
20200324,4545,77000000.0,27078132.0,35.16
20200324,4551,81934000.0,42960859.0,52.43
20200324,4552,116000000.0,58704190.0,50.6
20200324,4555,66880000.0,4349000.0,6.5
20200324,4557,39808000.0,16104330.0,40.45
20200324,4560,67666195.0,56324849.0,83.23
20200324,4562,67546000.0,1000018.0,1.48
20200324,4564,177786553.0,4305936.0,2.42
20200324,4566,66656000.0,2583000.0,3.87
20200324,4571,47600000.0,34168228.0,71.78
20200324,4572,35800000.0,92000.0,0.25
20200324,4576,117908241.0,2165102.0,1.83
20200324,4581,33899000.0,9865000.0,29.1
20200324,4720,88576709.0,2416173.0,2.72
20200324,4722,100009159.0,3265156.0,3.26
20200324,4725,291975000.0,2807827.0,0.96
20200324,4737,59500794.0,18668501.0,31.37
20200324,4739,93029269.0,4256588.0,4.57
20200324,4746,99012550.0,5756164.0,5.81
20200324,4755,90706000.0,29094532.0,32.07
20200324,4763,51076700.0,37833396.0,74.07
20200324,4764,76788615.0,28555285.0,37.18
20200324,4766,120570780.0,13450751.0,11.15
20200324,4807,38470000.0,27948601.0,72.65
20200324,4904,3258500810.0,686800460.0,21.07
20200324,4906,356883496.0,35618044.0,9.98
20200324,4912,47472069.0,17011786.0,35.83
20200324,4915,448730824.0,258309473.0,57.56
20200324,4916,83451568.0,1668566.0,1.99
20200324,4919,287554400.0,11757789.0,4.08
20200324,4927,184752016.0,23372641.0,12.65
20200324,4930,134300000.0,7157690.0,5.32
20200324,4934,200000000.0,7864194.0,3.93
20200324,4935,130937091.0,39655439.0,30.28
20200324,4938,2610791856.0,1114241406.0,42.67
20200324,4942,142367613.0,25755824.0,18.09
20200324,4943,135975732.0,52543284.0,38.64
20200324,4952,108815816.0,2070079.0,1.9
20200324,4956,100408236.0,8150907.0,8.11
20200324,4958,902229887.0,718861615.0,79.67
20200324,4960,665728500.0,81122758.0,12.18
20200324,4961,165687462.0,3050355.0,1.84
20200324,4967,68257489.0,8963878.0,13.13
20200324,4968,60376078.0,11507656.0,19.05
20200324,4976,117182000.0,2738570.0,2.33
20200324,4977,66640551.0,25339488.0,38.02
20200324,4989,153085000.0,1439205.0,0.94
20200324,4994,110639000.0,2462609.0,2.22
20200324,4999,74417200.0,6822666.0,9.16
20200324,5007,294940154.0,10746994.0,3.64
20200324,5203,83709300.0,21259477.0,25.39
20200324,5215,54337500.0,16421713.0,30.22
20200324,5225,61458000.0,37713753.0,61.36
20200324,5234,102715911.0,9250918.0,9.0
20200324,5243,168528915.0,112982414.0,67.04
20200324,5258,89542579.0,3204516.0,3.57
20200324,5264,420456991.0,278254684.0,66.17
20200324,5269,60037861.0,10592922.0,17.64
20200324,5283,76000425.0,348000.0,0.45
20200324,5284,43664608.0,26688208.0,61.12
20200324,5285,86099463.0,1891814.0,2.19
20200324,5288,65826153.0,42530253.0,64.6
20200324,5305,312456688.0,68504570.0,21.92
20200324,5388,245653767.0,63596098.0,25.88
20200324,5434,181699567.0,53764153.0,29.58
20200324,5469,491441352.0,77276014.0,15.72
20200324,5471,167877062.0,20423139.0,12.16
20200324,5484,68115093.0,306104.0,0.44
20200324,5515,267440105.0,13673621.0,5.11
20200324,5519,198544958.0,6156512.0,3.1
20200324,5521,447527413.0,33176229.0,7.41
20200324,5522,806259241.0,86207222.0,10.69
20200324,5525,244991913.0,5406439.0,2.2
20200324,5531,982474245.0,58514042.0,5.95
20200324,5533,285244944.0,8994049.0,3.15
20200324,5534,290325960.0,53156325.0,18.3
20200324,5538,168000000.0,115211125.0,68.57
20200324,5607,229979100.0,6871195.0,2.98
20200324,5608,279267090.0,21935461.0,7.85
20200324,5706,61294353.0,966890.0,1.57
20200324,5871,1328200030.0,998304010.0,75.16
20200324,5876,4481603140.0,2581983330.0,57.61
20200324,5880,12945848278.0,2553515228.0,19.72
20200324,5906,30000000.0,5885654.0,19.61
20200324,5907,195531000.0,104465237.0,53.42
20200324,6005,2170908097.0,244807776.0,11.27
20200324,6024,176437584.0,4280441.0,2.42
20200324,6108,159899311.0,10597779.0,6.62
20200324,6112,188357336.0,3466036.0,1.84
20200324,6115,187662154.0,23329791.0,12.43
20200324,6116,3133933851.0,344156018.0,10.98
20200324,6117,88650000.0,2472680.0,2.78
20200324,6120,665555114.0,61813742.0,9.28
20200324,6128,127588740.0,2935986.0,2.3
20200324,6131,101926533.0,125259.0,0.12
20200324,6133,117006294.0,5710871.0,4.88
20200324,6136,115536412.0,5186016.0,4.48
20200324,6139,225540929.0,37547010.0,16.64
20200324,6141,129964450.0,3398739.0,2.61
20200324,6142,268235633.0,7155699.0,2.66
20200324,6152,167738463.0,345337.0,0.2
20200324,6153,544279610.0,73126724.0,13.43
20200324,6155,86667589.0,2147407.0,2.47
20200324,6164,100000239.0,515855.0,0.51
20200324,6165,49682403.0,938013.0,1.88
20200324,6166,217497257.0,38569743.0,17.73
20200324,6168,206069801.0,6831050.0,3.31
20200324,6172,30000000.0,186214.0,0.62
20200324,6176,465027263.0,275690979.0,59.28
20200324,6177,256896748.0,6808840.0,2.65
20200324,6183,150000000.0,1510954.0,1.0
20200324,6184,158230657.0,4058468.0,2.56
20200324,6189,179045194.0,8745648.0,4.88
20200324,6191,515546903.0,40493650.0,7.85
20200324,6192,106839745.0,30911086.0,28.93
20200324,6196,185690424.0,8685531.0,4.67
20200324,6197,122085882.0,11622822.0,9.52
20200324,6201,89200000.0,181834.0,0.2
20200324,6202,226168200.0,61468933.0,27.17
20200324,6205,71839079.0,2033032.0,2.82
20200324,6206,143062324.0,29831525.0,20.85
20200324,6209,163119931.0,3650568.0,2.23
20200324,6213,302957218.0,43225585.0,14.26
20200324,6214,269393304.0,42161535.0,15.65
20200324,6215,82789693.0,4494883.0,5.42
20200324,6216,84345637.0,678124.0,0.8
20200324,6224,80001838.0,13451544.0,16.81
20200324,6225,119076655.0,6441406.0,5.4
20200324,6226,114951789.0,887256.0,0.77
20200324,6230,86343396.0,57192492.0,66.23
20200324,6235,168069106.0,3107143.0,1.84
20200324,6239,779146634.0,573626192.0,73.62
20200324,6243,74976693.0,212847.0,0.28
20200324,6251,281059335.0,37778367.0,13.44
20200324,6257,415772017.0,110571107.0,26.59
20200324,6269,335703398.0,119946510.0,35.72
20200324,6271,165357520.0,37290499.0,22.55
20200324,6277,119471166.0,19756525.0,16.53
20200324,6278,292398353.0,85789061.0,29.33
20200324,6281,99172945.0,1925478.0,1.94
20200324,6282,516621295.0,79622219.0,15.41
20200324,6283,148079143.0,28695717.0,19.37
20200324,6285,390329302.0,65573912.0,16.79
20200324,6288,171128000.0,4406258.0,2.57
20200324,6289,80778136.0,47714.0,0.05
20200324,6405,65800000.0,87686.0,0.13
20200324,6409,83301492.0,54476787.0,65.39
20200324,6412,386715375.0,45073694.0,11.65
20200324,6414,83574472.0,8861353.0,10.6
20200324,6415,91661926.0,85264611.0,93.02
20200324,6416,68035634.0,913050.0,1.34
20200324,6431,45642835.0,7422338.0,16.26
20200324,6442,69300000.0,23276224.0,33.58
20200324,6443,379016730.0,10505176.0,2.77
20200324,6449,84441912.0,1649022.0,1.95
20200324,6451,105446800.0,66614830.0,63.17
20200324,6452,100000000.0,21239136.0,21.23
20200324,6456,339439800.0,155654293.0,45.85
20200324,6464,122694706.0,573214.0,0.46
20200324,6477,94456570.0,743612.0,0.78
20200324,6491,70000000.0,2822763.0,4.03
20200324,6504,72600000.0,1950932.0,2.68
20200324,6505,9525959652.0,714177997.0,7.49
20200324,6525,129047384.0,14295196.0,11.07
20200324,6531,73830423.0,13728458.0,18.59
20200324,6533,42650911.0,1524847.0,3.57
20200324,6541,264052074.0,103399086.0,39.15
20200324,6552,100000000.0,1973293.0,1.97
20200324,6558,86660750.0,5538846.0,6.39
20200324,6573,67499345.0,46166319.0,68.39
20200324,6579,148498468.0,4444000.0,2.99
20200324,6581,111270887.0,411000.0,0.36
20200324,6582,104877141.0,15773095.0,15.03
20200324,6591,26203000.0,7687089.0,29.33
20200324,6592,515000407.0,119937170.0,23.28
20200324,6605,165816397.0,20474775.0,12.34
20200324,6625,37333423.0,18895.0,0.05
20200324,6641,34000000.0,11098603.0,32.64
20200324,6655,75608500.0,199274.0,0.26
20200324,6666,47388000.0,37741002.0,79.64
20200324,6668,68392302.0,18759621.0,27.42
20200324,6669,174510791.0,41164854.0,23.58
20200324,6670,131030000.0,29822747.0,22.76
20200324,6671,60750000.0,38043634.0,62.62
20200324,6672,70654345.0,28010277.0,39.64
20200324,6674,66837681.0,20000.0,0.02
20200324,6698,66389753.0,3854223.0,5.8
20200324,6706,66744935.0,4357806.0,6.52
20200324,6715,57000000.0,4557580.0,7.99
20200324,8011,118620375.0,2763541.0,2.32
20200324,8016,120136876.0,42197722.0,35.12
20200324,8021,142180467.0,17235817.0,12.12
20200324,8028,132408000.0,18314941.0,13.83
20200324,8033,112629775.0,648442.0,0.57
20200324,8039,209119692.0,47285109.0,22.61
20200324,8046,646165487.0,35788854.0,5.53
20200324,8070,63879937.0,7709744.0,12.06
20200324,8072,80000000.0,826270.0,1.03
20200324,8081,86172072.0,13047566.0,15.14
20200324,8101,208088795.0,800966.0,0.38
20200324,8103,81399413.0,7646605.0,9.39
20200324,8104,67630050.0,1052404.0,1.55
20200324,8105,441544851.0,260959939.0,59.1
20200324,8110,506381144.0,31324320.0,6.18
20200324,8112,378496473.0,109166222.0,28.84
20200324,8114,106074919.0,4518174.0,4.25
20200324,8131,442222223.0,26297354.0,5.94
20200324,8150,727240126.0,351318880.0,48.3
20200324,8163,280000001.0,49764836.0,17.77
20200324,8201,62366275.0,1705565.0,2.73
20200324,8210,119725950.0,17359690.0,14.49
20200324,8213,271242488.0,72823559.0,26.84
20200324,8215,320674514.0,10510161.0,3.27
20200324,8222,68546750.0,295821.0,0.43
20200324,8249,127055000.0,19194919.0,15.1
20200324,8261,81340493.0,21224082.0,26.09
20200324,8271,100897807.0,16224115.0,16.07
20200324,8341,111500000.0,28025797.0,25.13
20200324,8367,81131938.0,1085473.0,1.33
20200324,8374,112225487.0,3485038.0,3.1
20200324,8404,315178126.0,176169525.0,55.89
20200324,8411,175398185.0,109306792.0,62.31
20200324,8422,108888000.0,27013526.0,24.8
20200324,8427,104261000.0,36886760.0,35.37
20200324,8429,185747151.0,68878008.0,37.08
20200324,8442,49999682.0,37884396.0,75.76
20200324,8443,66800000.0,4431125.0,6.63
20200324,8454,140058500.0,40778502.0,29.11
20200324,8462,69835558.0,1667985.0,2.38
20200324,8463,150000000.0,1119000.0,0.74
20200324,8464,293020200.0,120905969.0,41.26
20200324,8466,66059000.0,40569000.0,61.41
20200324,8467,49534000.0,21924038.0,44.26
20200324,8473,134812297.0,1401711.0,1.03
20200324,8478,90893276.0,51734320.0,56.91
20200324,8480,39270000.0,34226019.0,87.15
20200324,8481,66601866.0,2935000.0,4.4
20200324,8482,111112000.0,99037701.0,89.13
20200324,8488,67500000.0,52358033.0,77.56
20200324,8497,36542810.0,362058.0,0.99
20200324,8499,51286000.0,37832108.0,73.76
20200324,8926,589048595.0,42978828.0,7.29
20200324,8940,67491032.0,5408937.0,8.01
20200324,8996,89384080.0,6411389.0,7.17
20200324,9103,205531500.0,69001.0,0.03
20200324,9105,839284153.0,8619005.0,1.02
20200324,9110,53918500.0,49000.0,0.09
20200324,9136,150804000.0,1698000.0,1.12
20200324,9188,66642000.0,0.0,0.0
20200324,9802,159830923.0,74648643.0,46.7
20200324,9902,98049600.0,530538.0,0.54
20200324,9904,2946787213.0,1673620498.0,56.79
20200324,9905,305000000.0,10086081.0,3.3
20200324,9906,83343981.0,631624.0,0.75
20200324,9907,1579145342.0,220074309.0,13.93
20200324,9908,516358000.0,11383045.0,2.2
20200324,9910,734734249.0,135586726.0,18.45
20200324,9911,221121188.0,48931260.0,22.12
20200324,9912,54350569.0,8637401.0,15.89
20200324,9914,298983800.0,115392158.0,38.59
20200324,9917,451197093.0,191949113.0,42.54
20200324,9918,180537453.0,2262969.0,1.25
20200324,9919,195362750.0,6747412.0,3.45
20200324,9921,375064626.0,179935195.0,47.97
20200324,9924,188452170.0,23119283.0,12.26
20200324,9925,383653075.0,65606485.0,17.1
20200324,9926,179504075.0,300323.0,0.16
20200324,9927,209148167.0,21815053.0,10.43
20200324,9928,150724583.0,0.0,0.0
20200324,9929,168800000.0,13595624.0,8.05
20200324,9930,248540368.0,5039606.0,2.02
20200324,9931,102250512.0,450917.0,0.44
20200324,9933,763273848.0,191064190.0,25.03
20200324,9934,356212962.0,74801012.0,20.99
20200324,9935,169623342.0,11239408.0,6.62
20200324,9937,309043000.0,5918178.0,1.91
20200324,9938,297963902.0,78812721.0,26.45
20200324,9939,292878879.0,76831951.0,26.23
20200324,9940,736846500.0,36400385.0,4.94
20200324,9941,302092125.0,18430894.0,6.1
20200324,9942,83161320.0,3060735.0,3.68
20200324,9943,147317600.0,3978939.0,2.7
20200324,9944,109107100.0,3046160.0,2.79
20200324,9945,1003253999.0,161678913.0,16.11
20200324,9946,300820867.0,29867850.0,9.92
20200324,9955,103208229.0,1190492.0,1.15
20200324,9958,209342910.0,9703177.0,4.63
20200325,1101,5465619204.0,1470748780.0,26.9
20200325,1102,3361447198.0,856250193.0,25.47
20200325,1103,774780548.0,39611655.0,5.11
20200325,1104,653609192.0,78501334.0,12.01
20200325,1108,404738049.0,6164730.0,1.52
20200325,1109,341957868.0,11094061.0,3.24
20200325,1110,572000797.0,43689466.0,7.63
20200325,1201,506062914.0,53213921.0,10.51
20200325,1203,240000000.0,5166769.0,2.15
20200325,1210,827339086.0,135788986.0,16.41
20200325,1213,56622627.0,42642.0,0.07
20200325,1215,267990998.0,110872943.0,41.37
20200325,1216,5682015421.0,2914472684.0,51.29
20200325,1217,494513336.0,37070256.0,7.49
20200325,1218,499999038.0,11003503.0,2.2
20200325,1219,322013887.0,11270703.0,3.5
20200325,1220,177077944.0,16336673.0,9.22
20200325,1225,218703051.0,1612906.0,0.73
20200325,1227,915089591.0,209599945.0,22.9
20200325,1229,1104739841.0,148164164.0,13.41
20200325,1231,174595395.0,3629879.0,2.07
20200325,1232,159974915.0,2162421.0,1.35
20200325,1233,90591948.0,4726802.0,5.21
20200325,1234,401871094.0,17387511.0,4.32
20200325,1235,98955436.0,18637.0,0.01
20200325,1236,108342510.0,53329.0,0.04
20200325,1256,33842160.0,1591577.0,4.7
20200325,1301,6365740781.0,2319799564.0,36.44
20200325,1303,7930821589.0,2364656420.0,29.81
20200325,1304,1188763500.0,410456740.0,34.52
20200325,1305,527029927.0,86111268.0,16.33
20200325,1307,397818126.0,46004752.0,11.56
20200325,1308,554382745.0,34324160.0,6.19
20200325,1309,334204892.0,14336279.0,4.28
20200325,1310,527869764.0,92733582.0,17.56
20200325,1312,906620328.0,232606419.0,25.65
20200325,1313,1332347607.0,149725936.0,11.23
20200325,1314,3284850130.0,531352438.0,16.17
20200325,1315,198000000.0,1831149.0,0.92
20200325,1316,179541221.0,2500031.0,1.39
20200325,1319,591477068.0,115976350.0,19.6
20200325,1321,227228268.0,5461995.0,2.4
20200325,1323,91274554.0,2837165.0,3.1
20200325,1324,75121882.0,321215.0,0.42
20200325,1325,85281198.0,1345363.0,1.57
20200325,1326,5861186291.0,2095642213.0,35.75
20200325,1337,268954729.0,70104827.0,26.06
20200325,1338,83840000.0,12672510.0,15.11
20200325,1339,74138875.0,1225038.0,1.65
20200325,1340,152922855.0,47419961.0,31.0
20200325,1341,49400000.0,42895950.0,86.83
20200325,1402,5352875227.0,1014125329.0,18.94
20200325,1409,1618409291.0,249744922.0,15.43
20200325,1410,63000000.0,10640456.0,16.88
20200325,1413,132112454.0,352175.0,0.26
20200325,1414,220000000.0,2551669.0,1.15
20200325,1416,185342168.0,26493289.0,14.29
20200325,1417,189941840.0,4795130.0,2.52
20200325,1418,56834309.0,344219.0,0.6
20200325,1419,300041280.0,6694142.0,2.23
20200325,1423,138400000.0,2829830.0,2.04
20200325,1432,167937642.0,125917.0,0.07
20200325,1434,1684664637.0,271524056.0,16.11
20200325,1435,139780080.0,974879.0,0.69
20200325,1436,95634000.0,100722.0,0.1
20200325,1437,203371284.0,11561065.0,5.68
20200325,1438,102411518.0,80044.0,0.07
20200325,1439,92000000.0,898935.0,0.97
20200325,1440,1656815857.0,121995074.0,7.36
20200325,1441,100800000.0,1397719.0,1.38
20200325,1442,302117481.0,8393757.0,2.77
20200325,1443,135343011.0,60758.0,0.04
20200325,1444,957302942.0,91911816.0,9.6
20200325,1445,132667034.0,1925715.0,1.45
20200325,1446,137709513.0,1481237.0,1.07
20200325,1447,914487242.0,69282604.0,7.57
20200325,1449,180030030.0,134703.0,0.07
20200325,1451,198000000.0,20050142.0,10.12
20200325,1452,132641400.0,5383732.0,4.05
20200325,1453,98642138.0,82880.0,0.08
20200325,1454,134309848.0,546472.0,0.4
20200325,1455,611763380.0,19935883.0,3.25
20200325,1456,93720000.0,125224.0,0.13
20200325,1457,301647640.0,9110110.0,3.02
20200325,1459,358628907.0,7843150.0,2.18
20200325,1460,509834182.0,24929481.0,4.88
20200325,1463,173268381.0,5580824.0,3.22
20200325,1464,384565652.0,7255162.0,1.88
20200325,1465,103607267.0,771735.0,0.74
20200325,1466,111157320.0,120264.0,0.1
20200325,1467,233624667.0,45046206.0,19.28
20200325,1468,160405244.0,2932115.0,1.82
20200325,1470,85767000.0,37084.0,0.04
20200325,1471,150414536.0,112970.0,0.07
20200325,1472,45672722.0,46667.0,0.1
20200325,1473,147153534.0,14928754.0,10.14
20200325,1474,129896969.0,212888.0,0.16
20200325,1475,16016749.0,11039.0,0.06
20200325,1476,274367111.0,99667487.0,36.32
20200325,1477,219856581.0,27254166.0,12.39
20200325,1503,520972223.0,166754116.0,32.0
20200325,1504,1967692886.0,733863726.0,37.29
20200325,1506,122855501.0,498365.0,0.4
20200325,1507,410820000.0,185960329.0,45.26
20200325,1512,220002494.0,17874048.0,8.12
20200325,1513,420000000.0,52257737.0,12.44
20200325,1514,207099023.0,22613171.0,10.91
20200325,1515,181473500.0,16754310.0,9.23
20200325,1516,33350889.0,43368.0,0.13
20200325,1517,227825007.0,5731321.0,2.51
20200325,1519,261058548.0,16960608.0,6.49
20200325,1521,76230000.0,25608764.0,33.59
20200325,1522,312897881.0,20744589.0,6.62
20200325,1524,179685207.0,207726.0,0.11
20200325,1525,73400135.0,46878.0,0.06
20200325,1526,60000000.0,1163698.0,1.93
20200325,1527,138570640.0,12063726.0,8.7
20200325,1528,199331000.0,2493467.0,1.25
20200325,1529,95967982.0,283354.0,0.29
20200325,1530,96594171.0,673681.0,0.69
20200325,1531,185008080.0,17632386.0,9.53
20200325,1532,385252112.0,47309126.0,12.28
20200325,1533,98547486.0,6686588.0,6.78
20200325,1535,123742552.0,532004.0,0.42
20200325,1536,254956513.0,32504424.0,12.74
20200325,1537,81785394.0,19040756.0,23.28
20200325,1538,56135851.0,137355.0,0.24
20200325,1539,65370000.0,74034.0,0.11
20200325,1540,85473612.0,251353.0,0.29
20200325,1541,78800000.0,7676312.0,9.74
20200325,1558,60535631.0,6666116.0,11.01
20200325,1560,141000000.0,19025955.0,13.49
20200325,1568,103086559.0,1780113.0,1.72
20200325,1582,123724171.0,37867249.0,30.6
20200325,1583,110400372.0,59986.0,0.05
20200325,1587,67356618.0,13511742.0,20.06
20200325,1589,105617519.0,10476951.0,9.91
20200325,1590,189024998.0,128059470.0,67.74
20200325,1592,110978250.0,43078412.0,38.81
20200325,1598,115100887.0,814508.0,0.7
20200325,1603,191688000.0,3414859.0,1.78
20200325,1604,387200000.0,47008048.0,12.14
20200325,1605,3326000258.0,735693660.0,22.11
20200325,1608,632773506.0,20830907.0,3.29
20200325,1609,595068022.0,61307966.0,10.3
20200325,1611,358595268.0,41254941.0,11.5
20200325,1612,316080063.0,33712981.0,10.66
20200325,1614,269113406.0,5259013.0,1.95
20200325,1615,111861784.0,112650.0,0.1
20200325,1616,194148515.0,128127.0,0.06
20200325,1617,144233235.0,30617329.0,21.22
20200325,1618,240864684.0,2808787.0,1.16
20200325,1626,136850637.0,67416386.0,49.26
20200325,1701,298081080.0,28507156.0,9.56
20200325,1702,294132962.0,48769663.0,16.58
20200325,1707,136286373.0,29106140.0,21.35
20200325,1708,211520260.0,17255236.0,8.15
20200325,1709,477016272.0,17755238.0,3.72
20200325,1710,885703029.0,86293774.0,9.74
20200325,1711,547752226.0,46954552.0,8.57
20200325,1712,420492585.0,49687758.0,11.81
20200325,1713,150951700.0,7264675.0,4.81
20200325,1714,1016824808.0,181570253.0,17.85
20200325,1717,1240279455.0,165874244.0,13.37
20200325,1718,1621367217.0,172968625.0,10.66
20200325,1720,178696089.0,3361793.0,1.88
20200325,1721,222347344.0,6656121.0,2.99
20200325,1722,980000000.0,139178115.0,14.2
20200325,1723,236904480.0,31532149.0,13.31
20200325,1724,127813900.0,7700934.0,6.02
20200325,1725,181829978.0,183027.0,0.1
20200325,1726,162000000.0,24101727.0,14.87
20200325,1727,110250000.0,1071598.0,0.97
20200325,1730,63233851.0,5256281.0,8.31
20200325,1731,132915244.0,1304790.0,0.98
20200325,1732,42443957.0,183646.0,0.43
20200325,1733,99986192.0,3073146.0,3.07
20200325,1734,167722022.0,5741757.0,3.42
20200325,1735,99388000.0,49911241.0,50.21
20200325,1736,303616617.0,12181441.0,4.01
20200325,1737,200000000.0,18632379.0,9.31
20200325,1760,76739013.0,1361958.0,1.77
20200325,1762,77560000.0,1867279.0,2.4
20200325,1773,150000000.0,3763597.0,2.5
20200325,1776,69986099.0,47001.0,0.06
20200325,1783,69465000.0,5553606.0,7.99
20200325,1786,58100000.0,842465.0,1.45
20200325,1789,790739222.0,34144326.0,4.31
20200325,1795,243113964.0,168465381.0,69.29
20200325,1802,2908060800.0,204940441.0,7.04
20200325,1805,100265400.0,109805.0,0.1
20200325,1806,433782078.0,52612314.0,12.12
20200325,1808,308330531.0,14376679.0,4.66
20200325,1809,167041937.0,5602786.0,3.35
20200325,1810,369853610.0,12352506.0,3.33
20200325,1817,72600000.0,1159000.0,1.59
20200325,1902,402000550.0,20463369.0,5.09
20200325,1903,260039121.0,38795115.0,14.91
20200325,1904,1108274522.0,143695894.0,12.96
20200325,1905,1102835316.0,48585594.0,4.4
20200325,1906,151000000.0,1491509.0,0.98
20200325,1907,1660371495.0,294689027.0,17.74
20200325,1909,1217685727.0,176816294.0,14.52
20200325,2002,15734860997.0,3038661318.0,19.31
20200325,2006,1004060608.0,128645914.0,12.81
20200325,2007,530651613.0,260965.0,0.04
20200325,2008,200852293.0,14293407.0,7.11
20200325,2009,359622165.0,23773265.0,6.61
20200325,2010,647655390.0,29025564.0,4.48
20200325,2012,287774000.0,6870540.0,2.38
20200325,2013,200000000.0,14799962.0,7.39
20200325,2014,1435544446.0,70227830.0,4.89
20200325,2015,581599424.0,53248430.0,9.15
20200325,2017,341867462.0,7972222.0,2.33
20200325,2020,222526100.0,5487869.0,2.46
20200325,2022,479751976.0,14497352.0,3.02
20200325,2023,1913327518.0,127784657.0,6.67
20200325,2024,97500000.0,121093.0,0.12
20200325,2025,281167262.0,119066.0,0.04
20200325,2027,1233790052.0,295184320.0,23.92
20200325,2028,325714800.0,237958.0,0.07
20200325,2029,321180000.0,225543081.0,70.22
20200325,2030,286526027.0,14107668.0,4.92
20200325,2031,310687699.0,32385658.0,10.42
20200325,2032,130521545.0,231736.0,0.17
20200325,2033,80694536.0,89139.0,0.11
20200325,2034,407130743.0,49630511.0,12.19
20200325,2038,181264522.0,389670.0,0.21
20200325,2049,309578886.0,122098663.0,39.44
20200325,2059,95297072.0,23190002.0,24.33
20200325,2062,163014152.0,16959128.0,10.4
20200325,2069,156386836.0,717307.0,0.45
20200325,2101,833934904.0,70278131.0,8.42
20200325,2102,473329207.0,39553645.0,8.35
20200325,2103,825709978.0,287643919.0,34.83
20200325,2104,984733625.0,120949399.0,12.28
20200325,2105,3241415536.0,421949883.0,13.01
20200325,2106,874430000.0,43466344.0,4.97
20200325,2107,350000000.0,33037078.0,9.43
20200325,2108,492416659.0,45562271.0,9.25
20200325,2109,332349134.0,49425660.0,14.87
20200325,2114,70901552.0,1226907.0,1.73
20200325,2115,86063215.0,39636789.0,46.05
20200325,2201,1572919909.0,101709702.0,6.46
20200325,2204,553620342.0,164547006.0,29.72
20200325,2206,853595604.0,87135153.0,10.2
20200325,2207,546179184.0,129793256.0,23.76
20200325,2208,472991749.0,14907282.0,3.15
20200325,2227,300000000.0,122542726.0,40.84
20200325,2228,75780281.0,6465573.0,8.53
20200325,2231,122821241.0,11541917.0,9.39
20200325,2233,60288089.0,5648583.0,9.36
20200325,2236,44826766.0,33323473.0,74.33
20200325,2239,118007000.0,89953639.0,76.22
20200325,2243,45718529.0,19623127.0,42.92
20200325,2301,2350867032.0,1250640795.0,53.19
20200325,2302,166302881.0,6359656.0,3.82
20200325,2303,11773994401.0,5920771188.0,50.28
20200325,2305,205660827.0,9934708.0,4.83
20200325,2308,2597543329.0,1698494974.0,65.38
20200325,2312,1452081211.0,247976398.0,17.07
20200325,2313,1191820589.0,315391208.0,26.46
20200325,2314,228028320.0,3625388.0,1.58
20200325,2316,203045040.0,37745912.0,18.58
20200325,2317,13862990609.0,6231216545.0,44.94
20200325,2321,315332590.0,167111.0,0.05
20200325,2323,1158881200.0,104915517.0,9.05
20200325,2324,4407146625.0,2093245032.0,47.49
20200325,2327,427121695.0,200791292.0,47.01
20200325,2328,518346282.0,88716357.0,17.11
20200325,2329,557328533.0,172256531.0,30.9
20200325,2330,25930380458.0,19606514850.0,75.61
20200325,2331,557402968.0,88147474.0,15.81
20200325,2332,651996166.0,93434376.0,14.33
20200325,2337,1839908862.0,371160124.0,20.17
20200325,2338,252713611.0,5050467.0,1.99
20200325,2340,378622846.0,75342829.0,19.89
20200325,2342,156342161.0,8961857.0,5.73
20200325,2344,3980000193.0,875048185.0,21.98
20200325,2345,557726397.0,314233972.0,56.34
20200325,2347,1667946968.0,571316446.0,34.25
20200325,2348,85600000.0,1366904.0,1.59
20200325,2349,1284157900.0,162100358.0,12.62
20200325,2351,182140249.0,24236398.0,13.3
20200325,2352,1966781958.0,406477197.0,20.66
20200325,2353,3074933828.0,860957192.0,27.99
20200325,2354,1414485192.0,386133257.0,27.29
20200325,2355,397495420.0,112201743.0,28.22
20200325,2356,3587475066.0,970507989.0,27.05
20200325,2357,742760280.0,443987872.0,59.77
20200325,2358,94616172.0,260112.0,0.27
20200325,2359,171471052.0,6309519.0,3.67
20200325,2360,419092587.0,270536727.0,64.55
20200325,2362,669763000.0,87418734.0,13.05
20200325,2363,554062477.0,32950866.0,5.94
20200325,2364,198939797.0,30043266.0,15.1
20200325,2365,234538496.0,15201942.0,6.48
20200325,2367,619407175.0,118722090.0,19.16
20200325,2368,546487841.0,55581189.0,10.17
20200325,2369,380102344.0,59264913.0,15.59
20200325,2371,2339536685.0,925118324.0,39.54
20200325,2373,236202518.0,4441202.0,1.88
20200325,2374,282362812.0,25181951.0,8.91
20200325,2375,194063097.0,9130318.0,4.7
20200325,2376,635688886.0,174217452.0,27.4
20200325,2377,844856199.0,284945584.0,33.72
20200325,2379,508095464.0,298302365.0,58.7
20200325,2380,162444084.0,2979533.0,1.83
20200325,2382,3862627432.0,1000574355.0,25.9
20200325,2383,319708064.0,113478507.0,35.49
20200325,2385,734497521.0,385186908.0,52.44
20200325,2387,196297952.0,9867138.0,5.02
20200325,2388,493303441.0,53765301.0,10.89
20200325,2390,214021602.0,4312325.0,2.01
20200325,2392,512326940.0,71964225.0,14.04
20200325,2393,443056236.0,156695981.0,35.36
20200325,2395,699075510.0,283789369.0,40.59
20200325,2397,114688857.0,24518938.0,21.37
20200325,2399,178100000.0,30623283.0,17.19
20200325,2401,591994919.0,70905505.0,11.97
20200325,2402,307536533.0,42473723.0,13.81
20200325,2404,190586698.0,54616354.0,28.65
20200325,2405,343427303.0,22245651.0,6.47
20200325,2406,205905689.0,16717080.0,8.11
20200325,2408,3053504894.0,668272292.0,21.88
20200325,2409,9624245115.0,2852178495.0,29.63
20200325,2412,7757446545.0,1283459633.0,16.54
20200325,2413,127359200.0,662115.0,0.51
20200325,2414,161735846.0,11164014.0,6.9
20200325,2415,80000000.0,1391951.0,1.73
20200325,2417,192892330.0,6525430.0,3.38
20200325,2419,328986229.0,37499777.0,11.39
20200325,2420,152648688.0,4977474.0,3.26
20200325,2421,250929732.0,66776704.0,26.61
20200325,2423,145047289.0,2362432.0,1.62
20200325,2424,30000000.0,71154.0,0.23
20200325,2425,101498831.0,27965687.0,27.55
20200325,2426,300622252.0,23475643.0,7.8
20200325,2427,184314463.0,3630289.0,1.96
20200325,2428,128112726.0,19675394.0,15.35
20200325,2429,36736200.0,1222997.0,3.32
20200325,2430,166468825.0,5889090.0,3.53
20200325,2431,110927014.0,1483990.0,1.33
20200325,2433,144496011.0,1416704.0,0.98
20200325,2434,70602126.0,800806.0,1.13
20200325,2436,178009961.0,13180030.0,7.4
20200325,2438,95215940.0,58374.0,0.06
20200325,2439,207879134.0,43839902.0,21.08
20200325,2440,139117271.0,95394.0,0.06
20200325,2441,568845921.0,86541574.0,15.21
20200325,2442,267234372.0,9189017.0,3.43
20200325,2443,145687000.0,208195.0,0.14
20200325,2444,105557573.0,2022563.0,1.91
20200325,2448,1088701410.0,182753581.0,16.78
20200325,2449,1222745065.0,507084026.0,41.47
20200325,2450,258252657.0,11669636.0,4.51
20200325,2451,430761675.0,67868940.0,15.75
20200325,2453,100000000.0,1188804.0,1.18
20200325,2454,1589981632.0,976666539.0,61.42
20200325,2455,184905918.0,38275658.0,20.7
20200325,2456,243254748.0,43313962.0,17.8
20200325,2457,337688416.0,25508695.0,7.55
20200325,2458,303880392.0,81220668.0,26.72
20200325,2459,105900615.0,18341235.0,17.31
20200325,2460,169200000.0,1582103.0,0.93
20200325,2461,159324631.0,5365431.0,3.36
20200325,2462,142484596.0,1374712.0,0.96
20200325,2464,195531226.0,15806222.0,8.08
20200325,2465,53587301.0,289927.0,0.54
20200325,2466,156334226.0,18809291.0,12.03
20200325,2467,149205548.0,10993974.0,7.36
20200325,2468,69961249.0,24995.0,0.03
20200325,2471,47253890.0,591916.0,1.25
20200325,2472,129219822.0,4050986.0,3.13
20200325,2474,770391069.0,492575638.0,63.93
20200325,2476,184968298.0,17666743.0,9.55
20200325,2477,198216555.0,44889674.0,22.64
20200325,2478,145248989.0,10400125.0,7.16
20200325,2480,106360291.0,6563886.0,6.17
20200325,2481,332814927.0,39214658.0,11.78
20200325,2482,62072549.0,340301.0,0.54
20200325,2483,110618807.0,184242.0,0.16
20200325,2484,159421022.0,10905976.0,6.84
20200325,2485,317689037.0,21490914.0,6.76
20200325,2486,201958579.0,6904741.0,3.41
20200325,2488,79999433.0,2652631.0,3.31
20200325,2489,809362045.0,103235607.0,12.75
20200325,2491,82008000.0,6390676.0,7.79
20200325,2492,485800000.0,116434921.0,23.96
20200325,2493,114437390.0,7654922.0,6.68
20200325,2495,276290738.0,48638083.0,17.6
20200325,2496,17459400.0,8397869.0,48.09
20200325,2497,118798463.0,1746483.0,1.47
20200325,2498,818804335.0,131343523.0,16.04
20200325,2499,461172003.0,39611238.0,8.58
20200325,2501,1159561059.0,108153143.0,9.32
20200325,2504,1385000335.0,160811956.0,11.61
20200325,2505,696582479.0,28020567.0,4.02
20200325,2506,387000000.0,13208991.0,3.41
20200325,2509,204136846.0,3100604.0,1.51
20200325,2511,1623326147.0,142372022.0,8.77
20200325,2514,404729278.0,16154870.0,3.99
20200325,2515,1530899822.0,160818801.0,10.5
20200325,2516,226278457.0,6230711.0,2.75
20200325,2520,503791000.0,106363893.0,21.11
20200325,2524,384846372.0,7950154.0,2.06
20200325,2527,270306000.0,78382922.0,28.99
20200325,2528,277085409.0,450491.0,0.16
20200325,2530,270752466.0,3166115.0,1.16
20200325,2534,592784962.0,70622576.0,11.91
20200325,2535,290743386.0,24825226.0,8.53
20200325,2536,332808652.0,58678261.0,17.63
20200325,2537,300557795.0,8815745.0,2.93
20200325,2538,438448764.0,58638954.0,13.37
20200325,2539,461314374.0,545105.0,0.11
20200325,2540,146600000.0,121004.0,0.08
20200325,2542,1166628752.0,220190356.0,18.87
20200325,2543,241983788.0,235506.0,0.09
20200325,2545,327734808.0,12318310.0,3.75
20200325,2546,106035660.0,3268988.0,3.08
20200325,2547,912307649.0,202990956.0,22.25
20200325,2548,276812726.0,81635175.0,29.49
20200325,2597,135000000.0,1089171.0,0.8
20200325,2601,630883150.0,78223706.0,12.39
20200325,2603,4812973786.0,1145147378.0,23.79
20200325,2605,585353297.0,195513664.0,33.4
20200325,2606,845055712.0,75577256.0,8.94
20200325,2607,1067141094.0,73462279.0,6.88
20200325,2608,467000498.0,42345523.0,9.06
20200325,2609,2601335728.0,139139509.0,5.34
20200325,2610,5420984650.0,799738884.0,14.75
20200325,2611,175994247.0,140920.0,0.08
20200325,2612,197484593.0,4777744.0,2.41
20200325,2613,148423458.0,65643.0,0.04
20200325,2614,556789889.0,10756704.0,1.93
20200325,2615,2218297466.0,927247891.0,41.79
20200325,2616,137281827.0,4435589.0,3.23
20200325,2617,417294487.0,13817935.0,3.31
20200325,2618,4853569490.0,1349766986.0,27.8
20200325,2630,120120000.0,79000.0,0.06
20200325,2633,5628293058.0,789878892.0,14.03
20200325,2634,941867101.0,16648582.0,1.76
20200325,2636,117157402.0,16918077.0,14.44
20200325,2637,688655903.0,52437286.0,7.61
20200325,2642,95467000.0,4836332.0,5.06
20200325,2701,449967838.0,1914326.0,0.42
20200325,2702,110485538.0,41122363.0,37.21
20200325,2704,366923343.0,31786145.0,8.66
20200325,2705,186536630.0,5681559.0,3.04
20200325,2706,499998346.0,12856990.0,2.57
20200325,2707,126745769.0,18910593.0,14.92
20200325,2712,105000000.0,55592.0,0.05
20200325,2722,111522961.0,102380.0,0.09
20200325,2723,180000000.0,94575094.0,52.54
20200325,2727,76987883.0,7897283.0,10.25
20200325,2731,70000000.0,2223896.0,3.17
20200325,2739,111526000.0,2171800.0,1.94
20200325,2748,65637000.0,526847.0,0.8
20200325,2801,9985311160.0,1436601366.0,14.38
20200325,2809,1131234265.0,186522161.0,16.48
20200325,2812,3708834898.0,498679382.0,13.44
20200325,2816,212960000.0,11492821.0,5.39
20200325,2820,1342960000.0,105060159.0,7.82
20200325,2823,4463582304.0,1030687822.0,23.09
20200325,2832,362200400.0,11378799.0,3.14
20200325,2834,7131984244.0,1630912922.0,22.86
20200325,2836,1080916486.0,78635766.0,7.27
20200325,2838,2884455292.0,86931439.0,3.01
20200325,2841,760943600.0,83320918.0,10.94
20200325,2845,3355819407.0,416177528.0,12.4
20200325,2849,1957910050.0,1154117914.0,58.94
20200325,2850,315963300.0,27032004.0,8.55
20200325,2851,590388750.0,13099316.0,2.21
20200325,2852,301163784.0,12098846.0,4.01
20200325,2855,1372390028.0,143816394.0,10.47
20200325,2867,2371971471.0,166302270.0,7.01
20200325,2880,12172740178.0,2361494539.0,19.39
20200325,2881,10233603995.0,2670306709.0,26.09
20200325,2882,13169210128.0,2830705253.0,21.49
20200325,2883,14965982132.0,3766775665.0,25.16
20200325,2884,11619500000.0,4787889377.0,41.2
20200325,2885,11670611456.0,4463494399.0,38.24
20200325,2886,13599823983.0,3358099553.0,24.69
20200325,2887,10656061370.0,2867411655.0,26.9
20200325,2888,12600394063.0,2699216303.0,21.42
20200325,2889,2848064596.0,343234749.0,12.05
20200325,2890,11281054106.0,3459039039.0,30.66
20200325,2891,19496989569.0,7648050595.0,39.22
20200325,2892,12461942795.0,3222157553.0,25.85
20200325,2897,2413006301.0,30698066.0,1.27
20200325,2901,73043283.0,60994.0,0.08
20200325,2903,1416940589.0,207571205.0,14.64
20200325,2904,69034432.0,68652.0,0.09
20200325,2905,826682688.0,56886194.0,6.88
20200325,2906,209111093.0,3774522.0,1.8
20200325,2908,509887558.0,40231961.0,7.89
20200325,2910,208725000.0,247000.0,0.11
20200325,2911,188941775.0,33163867.0,17.55
20200325,2912,1039622255.0,411684373.0,39.59
20200325,2913,790000000.0,91534550.0,11.58
20200325,2915,564860594.0,102030243.0,18.06
20200325,2923,1740296982.0,1727173274.0,99.24
20200325,2929,94955292.0,47109385.0,49.61
20200325,2936,76555696.0,67957696.0,88.76
20200325,2939,47222665.0,35077893.0,74.28
20200325,3002,102000000.0,231372.0,0.22
20200325,3003,155654890.0,11462386.0,7.36
20200325,3004,52647155.0,1439072.0,2.73
20200325,3005,579520150.0,178457251.0,30.79
20200325,3006,285758925.0,44163870.0,15.45
20200325,3008,134140197.0,70467372.0,52.53
20200325,3010,231390138.0,53431250.0,23.09
20200325,3011,112719251.0,108048.0,0.09
20200325,3013,159435018.0,3055158.0,1.91
20200325,3014,161080124.0,32980217.0,20.47
20200325,3015,192261950.0,21432055.0,11.14
20200325,3016,274401315.0,3435520.0,1.25
20200325,3017,353310157.0,119520784.0,33.82
20200325,3018,73512132.0,2180491.0,2.96
20200325,3019,281083901.0,36252429.0,12.89
20200325,3021,95813467.0,2346516.0,2.44
20200325,3022,177289790.0,37117552.0,20.93
20200325,3023,229078860.0,108465763.0,47.34
20200325,3024,277157496.0,3879140.0,1.39
20200325,3025,70920550.0,1600059.0,2.25
20200325,3026,157990779.0,15715559.0,9.94
20200325,3027,98856311.0,127199.0,0.12
20200325,3028,213824864.0,10491615.0,4.9
20200325,3029,124623212.0,4073382.0,3.26
20200325,3030,236216000.0,52421008.0,22.19
20200325,3031,186674224.0,5221937.0,2.79
20200325,3032,113285626.0,2084015.0,1.83
20200325,3033,367751242.0,18300956.0,4.97
20200325,3034,608511469.0,368907790.0,60.62
20200325,3035,248550313.0,58818840.0,23.66
20200325,3036,592604419.0,138158904.0,23.31
20200325,3037,1504732333.0,469848132.0,31.22
20200325,3038,162407603.0,6091365.0,3.75
20200325,3040,63000000.0,10662598.0,16.92
20200325,3041,192539746.0,14129174.0,7.33
20200325,3042,309757040.0,106295003.0,34.31
20200325,3043,194878166.0,2449666.0,1.25
20200325,3044,525605898.0,312410809.0,59.43
20200325,3045,3442720069.0,645876782.0,18.76
20200325,3046,71448013.0,738702.0,1.03
20200325,3047,186491633.0,7037547.0,3.77
20200325,3048,222572540.0,24670242.0,11.08
20200325,3049,806948529.0,76061725.0,9.42
20200325,3050,145984450.0,8929083.0,6.11
20200325,3051,325332396.0,273232.0,0.08
20200325,3052,228713554.0,6610014.0,2.89
20200325,3054,87848033.0,195261.0,0.22
20200325,3055,102441918.0,2142424.0,2.09
20200325,3056,209215308.0,18800643.0,8.98
20200325,3057,161409213.0,7849531.0,4.86
20200325,3058,164937351.0,4441488.0,2.69
20200325,3059,279587325.0,35261043.0,12.61
20200325,3060,139361590.0,9915534.0,7.11
20200325,3062,328605418.0,44222964.0,13.45
20200325,3090,178657150.0,14816520.0,8.29
20200325,3094,84655089.0,1570644.0,1.85
20200325,3130,33190700.0,13609919.0,41.0
20200325,3149,206393604.0,4250085.0,2.05
20200325,3164,88911864.0,621305.0,0.69
20200325,3167,80134116.0,1243490.0,1.55
20200325,3189,451039005.0,70094536.0,15.54
20200325,3209,172915577.0,3476708.0,2.01
20200325,3229,93515881.0,1349777.0,1.44
20200325,3231,2840612050.0,1565205874.0,55.1
20200325,3257,69380277.0,487835.0,0.7
20200325,3266,352314309.0,17710199.0,5.02
20200325,3296,98224450.0,1905054.0,1.93
20200325,3305,118265271.0,3099144.0,2.62
20200325,3308,98569663.0,78319.0,0.07
20200325,3311,60000000.0,354835.0,0.59
20200325,3312,118032122.0,9873730.0,8.36
20200325,3321,126218519.0,667491.0,0.52
20200325,3338,86481985.0,2522284.0,2.91
20200325,3346,75784000.0,3773347.0,4.97
20200325,3356,89871303.0,1554093.0,1.72
20200325,3376,178988346.0,52683163.0,29.43
20200325,3380,542482460.0,37421835.0,6.89
20200325,3383,70000000.0,12087788.0,17.26
20200325,3406,110890463.0,30456840.0,27.46
20200325,3413,82687500.0,15051273.0,18.2
20200325,3416,72181447.0,1480113.0,2.05
20200325,3419,120480417.0,7677468.0,6.37
20200325,3432,66586000.0,3318907.0,4.98
20200325,3437,144548000.0,15752650.0,10.89
20200325,3443,134011911.0,25896003.0,19.32
20200325,3450,145681382.0,14588581.0,10.01
20200325,3454,87033910.0,6594809.0,7.57
20200325,3481,9711071977.0,2536709613.0,26.12
20200325,3494,179450634.0,8080372.0,4.5
20200325,3501,118257927.0,3676862.0,3.1
20200325,3504,114059785.0,2161172.0,1.89
20200325,3515,120647229.0,4941636.0,4.09
20200325,3518,80752230.0,7980563.0,9.88
20200325,3528,65597216.0,5634002.0,8.58
20200325,3530,78025900.0,36421050.0,46.67
20200325,3532,387848300.0,187272471.0,48.28
20200325,3533,103477900.0,23131308.0,22.35
20200325,3535,79052356.0,3247218.0,4.1
20200325,3536,106800000.0,223564.0,0.2
20200325,3545,299416416.0,64967032.0,21.69
20200325,3550,85000000.0,628002.0,0.73
20200325,3557,72300415.0,25109640.0,34.72
20200325,3563,42608234.0,5747796.0,13.48
20200325,3576,2665577382.0,260993592.0,9.79
20200325,3583,81139000.0,6486998.0,7.99
20200325,3588,46882200.0,2422568.0,5.16
20200325,3591,125001379.0,6209207.0,4.96
20200325,3593,83042416.0,43931.0,0.05
20200325,3596,208535090.0,21763116.0,10.43
20200325,3605,122395884.0,11971006.0,9.78
20200325,3607,121662239.0,9205427.0,7.56
20200325,3617,80951000.0,2932694.0,3.62
20200325,3622,151327600.0,3904223.0,2.57
20200325,3645,129420494.0,6595571.0,5.09
20200325,3653,120484239.0,9945620.0,8.25
20200325,3661,60186610.0,21798541.0,36.21
20200325,3665,130517407.0,55088643.0,42.2
20200325,3669,92919950.0,2820568.0,3.03
20200325,3673,406663759.0,168302671.0,41.38
20200325,3679,62296229.0,8539130.0,13.7
20200325,3682,3817196399.0,152597433.0,3.99
20200325,3686,113513643.0,2434915.0,2.14
20200325,3694,150495808.0,1030156.0,0.68
20200325,3698,519386380.0,127060056.0,24.46
20200325,3701,190344554.0,6295144.0,3.3
20200325,3702,1679056833.0,526884509.0,31.37
20200325,3703,823215980.0,174735085.0,21.22
20200325,3704,441177355.0,44856792.0,10.16
20200325,3705,266422983.0,34352494.0,12.89
20200325,3706,1077282847.0,198771991.0,18.45
20200325,3708,93504604.0,13018095.0,13.92
20200325,3711,4323358382.0,3239154361.0,74.92
20200325,3712,246242146.0,3278997.0,1.33
20200325,4104,141148970.0,9513440.0,6.73
20200325,4106,100911557.0,995366.0,0.98
20200325,4108,163616379.0,848965.0,0.51
20200325,4119,79485310.0,13369345.0,16.81
20200325,4133,60553594.0,9591858.0,15.84
20200325,4137,79492350.0,51218940.0,64.43
20200325,4141,171144968.0,118182333.0,69.05
20200325,4142,362352752.0,13224350.0,3.64
20200325,4144,77139000.0,42113609.0,54.59
20200325,4148,64034001.0,46443001.0,72.52
20200325,4155,78621079.0,296312.0,0.37
20200325,4164,140386871.0,38477614.0,27.4
20200325,4190,60914700.0,38807449.0,63.7
20200325,4306,570040173.0,35163147.0,6.16
20200325,4414,903434949.0,184773299.0,20.45
20200325,4426,161079476.0,13484906.0,8.37
20200325,4438,103375292.0,5445954.0,5.26
20200325,4439,31500000.0,20353000.0,64.61
20200325,4526,254826461.0,19629805.0,7.7
20200325,4532,504915105.0,55635444.0,11.01
20200325,4536,90820000.0,11117107.0,12.24
20200325,4540,96678000.0,2364001.0,2.44
20200325,4545,77000000.0,27080132.0,35.16
20200325,4551,81934000.0,43003859.0,52.48
20200325,4552,116000000.0,58903190.0,50.77
20200325,4555,66880000.0,4341000.0,6.49
20200325,4557,39808000.0,16110330.0,40.47
20200325,4560,67666195.0,56293849.0,83.19
20200325,4562,67546000.0,998018.0,1.47
20200325,4564,177786553.0,4312936.0,2.42
20200325,4566,66656000.0,2563000.0,3.84
20200325,4571,47600000.0,34175228.0,71.79
20200325,4572,35800000.0,116000.0,0.32
20200325,4576,117908241.0,2188102.0,1.85
20200325,4581,33899000.0,9863000.0,29.09
20200325,4720,88576709.0,2415173.0,2.72
20200325,4722,100009159.0,3262156.0,3.26
20200325,4725,291975000.0,2814827.0,0.96
20200325,4737,59500794.0,18658501.0,31.35
20200325,4739,93029269.0,4257588.0,4.57
20200325,4746,99012550.0,4116219.0,4.15
20200325,4755,90706000.0,29088532.0,32.06
20200325,4763,51076700.0,37813396.0,74.03
20200325,4764,76788615.0,28535285.0,37.16
20200325,4766,120570780.0,13415751.0,11.12
20200325,4807,38470000.0,27947601.0,72.64
20200325,4904,3258500810.0,687245640.0,21.09
20200325,4906,356883496.0,35615044.0,9.97
20200325,4912,47472069.0,17016786.0,35.84
20200325,4915,448730824.0,259245703.0,57.77
20200325,4916,83451568.0,1682566.0,2.01
20200325,4919,287554400.0,10692189.0,3.71
20200325,4927,184752016.0,23456641.0,12.69
20200325,4930,134300000.0,7140690.0,5.31
20200325,4934,200000000.0,7675194.0,3.83
20200325,4935,130937091.0,39246439.0,29.97
20200325,4938,2610791856.0,1110251477.0,42.52
20200325,4942,142367613.0,25617824.0,17.99
20200325,4943,135975732.0,52727968.0,38.77
20200325,4952,108815816.0,2022079.0,1.85
20200325,4956,100408236.0,8210907.0,8.17
20200325,4958,902229887.0,716766485.0,79.44
20200325,4960,665728500.0,81112758.0,12.18
20200325,4961,165687462.0,3061355.0,1.84
20200325,4967,68257489.0,8960878.0,13.12
20200325,4968,60376078.0,11407977.0,18.89
20200325,4976,117182000.0,2745713.0,2.34
20200325,4977,66640551.0,24793488.0,37.2
20200325,4989,153085000.0,1479205.0,0.96
20200325,4994,110639000.0,2462609.0,2.22
20200325,4999,74417200.0,6834666.0,9.18
20200325,5007,294940154.0,10248994.0,3.47
20200325,5203,83709300.0,21094477.0,25.19
20200325,5215,54337500.0,16400713.0,30.18
20200325,5225,61458000.0,37746753.0,61.41
20200325,5234,102715911.0,9185918.0,8.94
20200325,5243,168528915.0,112976414.0,67.03
20200325,5258,89542579.0,3175516.0,3.54
20200325,5264,420456991.0,278429684.0,66.22
20200325,5269,60037861.0,10283842.0,17.12
20200325,5283,76000425.0,352000.0,0.46
20200325,5284,43664608.0,26689208.0,61.12
20200325,5285,86099463.0,1917814.0,2.22
20200325,5288,65826153.0,42505253.0,64.57
20200325,5305,312456688.0,68722570.0,21.99
20200325,5388,245653767.0,63545827.0,25.86
20200325,5434,181699567.0,53373393.0,29.37
20200325,5469,491441352.0,76931164.0,15.65
20200325,5471,167877062.0,20548139.0,12.23
20200325,5484,68115093.0,301104.0,0.44
20200325,5515,267440105.0,13732621.0,5.13
20200325,5519,198544958.0,6123512.0,3.08
20200325,5521,447527413.0,33673229.0,7.52
20200325,5522,806259241.0,86230260.0,10.69
20200325,5525,244991913.0,5463439.0,2.23
20200325,5531,982474245.0,58715042.0,5.97
20200325,5533,285244944.0,8994049.0,3.15
20200325,5534,290325960.0,53093236.0,18.28
20200325,5538,168000000.0,115210125.0,68.57
20200325,5607,229979100.0,6873195.0,2.98
20200325,5608,279267090.0,21954461.0,7.86
20200325,5706,61294353.0,949890.0,1.54
20200325,5871,1328200030.0,996297605.0,75.01
20200325,5876,4481603140.0,2581975001.0,57.61
20200325,5880,12945848278.0,2548699855.0,19.68
20200325,5906,30000000.0,5885654.0,19.61
20200325,5907,195531000.0,104418237.0,53.4
20200325,6005,2170908097.0,245226776.0,11.29
20200325,6024,176437584.0,4204441.0,2.38
20200325,6108,159899311.0,10502779.0,6.56
20200325,6112,188357336.0,3322770.0,1.76
20200325,6115,187662154.0,23493791.0,12.51
20200325,6116,3133933851.0,350527018.0,11.18
20200325,6117,88650000.0,2472680.0,2.78
20200325,6120,665555114.0,61924742.0,9.3
20200325,6128,127588740.0,2925986.0,2.29
20200325,6131,101926533.0,125259.0,0.12
20200325,6133,117006294.0,5705871.0,4.87
20200325,6136,115536412.0,5164016.0,4.46
20200325,6139,225540929.0,37419010.0,16.59
20200325,6141,129964450.0,3197739.0,2.46
20200325,6142,268235633.0,7223699.0,2.69
20200325,6152,167738463.0,332337.0,0.19
20200325,6153,544279610.0,73066590.0,13.42
20200325,6155,86667589.0,2170407.0,2.5
20200325,6164,100000239.0,513855.0,0.51
20200325,6165,49682403.0,916013.0,1.84
20200325,6166,217497257.0,38847743.0,17.86
20200325,6168,206069801.0,6861050.0,3.32
20200325,6172,30000000.0,199214.0,0.66
20200325,6176,465027263.0,275037380.0,59.14
20200325,6177,256896748.0,6816840.0,2.65
20200325,6183,150000000.0,1537954.0,1.02
20200325,6184,158230657.0,4036468.0,2.55
20200325,6189,179045194.0,8726648.0,4.87
20200325,6191,515546903.0,40656650.0,7.88
20200325,6192,106839745.0,30955086.0,28.97
20200325,6196,185690424.0,8294531.0,4.46
20200325,6197,122085882.0,11542822.0,9.45
20200325,6201,89200000.0,182834.0,0.2
20200325,6202,226168200.0,61567933.0,27.22
20200325,6205,71839079.0,2035032.0,2.83
20200325,6206,143062324.0,29759525.0,20.8
20200325,6209,163119931.0,3551568.0,2.17
20200325,6213,302957218.0,43575063.0,14.38
20200325,6214,269393304.0,42235535.0,15.67
20200325,6215,82789693.0,4499883.0,5.43
20200325,6216,84345637.0,667124.0,0.79
20200325,6224,80001838.0,13389544.0,16.73
20200325,6225,119076655.0,6441406.0,5.4
20200325,6226,114951789.0,928256.0,0.8
20200325,6230,86343396.0,57265093.0,66.32
20200325,6235,168069106.0,3149143.0,1.87
20200325,6239,779146634.0,572608161.0,73.49
20200325,6243,74976693.0,213847.0,0.28
20200325,6251,281059335.0,38064367.0,13.54
20200325,6257,415772017.0,110367496.0,26.54
20200325,6269,335703398.0,118885510.0,35.41
20200325,6271,165357520.0,36358499.0,21.98
20200325,6277,119471166.0,19660776.0,16.45
20200325,6278,292398353.0,85225133.0,29.14
20200325,6281,99172945.0,1925478.0,1.94
20200325,6282,516621295.0,78903219.0,15.27
20200325,6283,148079143.0,28682717.0,19.36
20200325,6285,390329302.0,65904132.0,16.88
20200325,6288,171128000.0,4729258.0,2.76
20200325,6289,80778136.0,47714.0,0.05
20200325,6405,65800000.0,83686.0,0.12
20200325,6409,83301492.0,54500287.0,65.42
20200325,6412,386715375.0,44472694.0,11.5
20200325,6414,83574472.0,8850353.0,10.58
20200325,6415,91661926.0,85285900.0,93.04
20200325,6416,68035634.0,1113050.0,1.63
20200325,6431,45642835.0,7419338.0,16.25
20200325,6442,69300000.0,23265224.0,33.57
20200325,6443,379016730.0,10728176.0,2.83
20200325,6449,84441912.0,1649022.0,1.95
20200325,6451,105446800.0,66636830.0,63.19
20200325,6452,100000000.0,21091135.0,21.09
20200325,6456,339439800.0,155795789.0,45.89
20200325,6464,122694706.0,573214.0,0.46
20200325,6477,94456570.0,772612.0,0.81
20200325,6491,70000000.0,2787763.0,3.98
20200325,6504,72600000.0,2148932.0,2.95
20200325,6505,9525959652.0,713835357.0,7.49
20200325,6525,129047384.0,14188996.0,10.99
20200325,6531,73830423.0,13083458.0,17.72
20200325,6533,42650911.0,1463847.0,3.43
20200325,6541,264052074.0,103394086.0,39.15
20200325,6552,100000000.0,1882293.0,1.88
20200325,6558,86660750.0,5472646.0,6.31
20200325,6573,67499345.0,46161319.0,68.38
20200325,6579,148498468.0,4439000.0,2.98
20200325,6581,111270887.0,409000.0,0.36
20200325,6582,104877141.0,15894095.0,15.15
20200325,6591,26203000.0,7726089.0,29.48
20200325,6592,515000407.0,119960170.0,23.29
20200325,6605,165816397.0,20392775.0,12.29
20200325,6625,37333423.0,17895.0,0.04
20200325,6641,34000000.0,11097603.0,32.64
20200325,6655,75608500.0,189274.0,0.25
20200325,6666,47388000.0,37745002.0,79.65
20200325,6668,68392302.0,18678621.0,27.31
20200325,6669,174510791.0,41223914.0,23.62
20200325,6670,131030000.0,30227186.0,23.06
20200325,6671,60750000.0,38043634.0,62.62
20200325,6672,70654345.0,28088277.0,39.75
20200325,6674,66837681.0,19000.0,0.02
20200325,6698,66389753.0,3835223.0,5.77
20200325,6706,66744935.0,4262806.0,6.38
20200325,6715,57000000.0,4519580.0,7.92
20200325,8011,118620375.0,2780541.0,2.34
20200325,8016,120136876.0,41645343.0,34.66
20200325,8021,142180467.0,16990817.0,11.95
20200325,8028,132408000.0,18244941.0,13.77
20200325,8033,112629775.0,689442.0,0.61
20200325,8039,209119692.0,46792109.0,22.37
20200325,8046,646165487.0,37233463.0,5.76
20200325,8070,63879937.0,7732273.0,12.1
20200325,8072,80000000.0,826270.0,1.03
20200325,8081,86172072.0,13062566.0,15.15
20200325,8101,208088795.0,801966.0,0.38
20200325,8103,81399413.0,7620605.0,9.36
20200325,8104,67630050.0,1063404.0,1.57
20200325,8105,441544851.0,261436939.0,59.2
20200325,8110,506381144.0,31199320.0,6.16
20200325,8112,378496473.0,108479222.0,28.66
20200325,8114,106074919.0,4536174.0,4.27
20200325,8131,442222223.0,26067354.0,5.89
20200325,8150,727240126.0,350969630.0,48.26
20200325,8163,280000001.0,49824836.0,17.79
20200325,8201,62366275.0,1681565.0,2.69
20200325,8210,119725950.0,16714993.0,13.96
20200325,8213,271242488.0,71344559.0,26.3
20200325,8215,320674514.0,9981161.0,3.11
20200325,8222,68546750.0,298821.0,0.43
20200325,8249,127055000.0,19218919.0,15.12
20200325,8261,81340493.0,21163674.0,26.01
20200325,8271,100897807.0,16609362.0,16.46
20200325,8341,111500000.0,28016797.0,25.12
20200325,8367,81131938.0,1092473.0,1.34
20200325,8374,112225487.0,3471038.0,3.09
20200325,8404,315178126.0,176426525.0,55.97
20200325,8411,175398185.0,109298792.0,62.31
20200325,8422,108888000.0,26803654.0,24.61
20200325,8427,104261000.0,36883760.0,35.37
20200325,8429,185747151.0,69027008.0,37.16
20200325,8442,49999682.0,37886396.0,75.77
20200325,8443,66800000.0,4428125.0,6.62
20200325,8454,140058500.0,40778502.0,29.11
20200325,8462,69835558.0,1665985.0,2.38
20200325,8463,150000000.0,1087000.0,0.72
20200325,8464,293020200.0,121101636.0,41.32
20200325,8466,66059000.0,40567000.0,61.41
20200325,8467,49534000.0,21919038.0,44.25
20200325,8473,134812297.0,1353711.0,1.0
20200325,8478,90893276.0,51732320.0,56.91
20200325,8480,39270000.0,34234019.0,87.17
20200325,8481,66601866.0,2934000.0,4.4
20200325,8482,111112000.0,99021701.0,89.11
20200325,8488,67500000.0,52358033.0,77.56
20200325,8497,36542810.0,387058.0,1.05
20200325,8499,51286000.0,37833108.0,73.76
20200325,8926,589048595.0,42503828.0,7.21
20200325,8940,67491032.0,5408937.0,8.01
20200325,8996,89384080.0,5709389.0,6.38
20200325,9103,205531500.0,206001.0,0.1
20200325,9105,839284153.0,8865005.0,1.05
20200325,9110,53918500.0,49000.0,0.09
20200325,9136,150804000.0,1634000.0,1.08
20200325,9188,66642000.0,0.0,0.0
20200325,9802,159830923.0,74615855.0,46.68
20200325,9902,98049600.0,518538.0,0.52
20200325,9904,2946787213.0,1669886510.0,56.66
20200325,9905,305000000.0,10136081.0,3.32
20200325,9906,83343981.0,631624.0,0.75
20200325,9907,1579145342.0,220485309.0,13.96
20200325,9908,516358000.0,11383045.0,2.2
20200325,9910,734734249.0,135574107.0,18.45
20200325,9911,221121188.0,48782260.0,22.06
20200325,9912,54350569.0,8633401.0,15.88
20200325,9914,298983800.0,115753158.0,38.71
20200325,9917,451197093.0,192058113.0,42.56
20200325,9918,180537453.0,2258969.0,1.25
20200325,9919,195362750.0,6157412.0,3.15
20200325,9921,375064626.0,179685195.0,47.9
20200325,9924,188452170.0,23107283.0,12.26
20200325,9925,383653075.0,65624485.0,17.1
20200325,9926,179504075.0,298323.0,0.16
20200325,9927,209148167.0,21776053.0,10.41
20200325,9928,150724583.0,0.0,0.0
20200325,9929,168800000.0,13594624.0,8.05
20200325,9930,248540368.0,5041606.0,2.02
20200325,9931,102250512.0,448917.0,0.43
20200325,9933,763273848.0,190463190.0,24.95
20200325,9934,356212962.0,74712012.0,20.97
20200325,9935,169623342.0,11265408.0,6.64
20200325,9937,309043000.0,5910178.0,1.91
20200325,9938,297963902.0,78229721.0,26.25
20200325,9939,292878879.0,76602951.0,26.15
20200325,9940,736846500.0,36412926.0,4.94
20200325,9941,302092125.0,18231439.0,6.03
20200325,9942,83161320.0,3020735.0,3.63
20200325,9943,147317600.0,4015939.0,2.72
20200325,9944,109107100.0,2921160.0,2.67
20200325,9945,1003253999.0,161221245.0,16.06
20200325,9946,300820867.0,29839640.0,9.91
20200325,9955,103208229.0,1213492.0,1.17
20200325,9958,209342910.0,9693670.0,4.63
20200326,1101,5465619204.0,1466938644.0,26.83
20200326,1102,3361447198.0,854405439.0,25.41
20200326,1103,774780548.0,39225655.0,5.06
20200326,1104,653609192.0,78469334.0,12.0
20200326,1108,404738049.0,5952730.0,1.47
20200326,1109,341957868.0,11058061.0,3.23
20200326,1110,572000797.0,43683466.0,7.63
20200326,1201,506062914.0,53173921.0,10.5
20200326,1203,240000000.0,5179769.0,2.15
20200326,1210,827339086.0,135474072.0,16.37
20200326,1213,56622627.0,42642.0,0.07
20200326,1215,267990998.0,110826943.0,41.35
20200326,1216,5682015421.0,2911683548.0,51.24
20200326,1217,494513336.0,37436256.0,7.57
20200326,1218,499999038.0,11276503.0,2.25
20200326,1219,322013887.0,11282703.0,3.5
20200326,1220,177077944.0,16335673.0,9.22
20200326,1225,218703051.0,1607906.0,0.73
20200326,1227,915089591.0,209777945.0,22.92
20200326,1229,1104739841.0,148258164.0,13.42
20200326,1231,174595395.0,3593879.0,2.05
20200326,1232,159974915.0,2178421.0,1.36
20200326,1233,90591948.0,4721802.0,5.21
20200326,1234,401871094.0,17337511.0,4.31
20200326,1235,98955436.0,17637.0,0.01
20200326,1236,108342510.0,53329.0,0.04
20200326,1256,33842160.0,1587577.0,4.69
20200326,1301,6365740781.0,2317478218.0,36.4
20200326,1303,7930821589.0,2365205732.0,29.82
20200326,1304,1188763500.0,410212740.0,34.5
20200326,1305,527029927.0,85363268.0,16.19
20200326,1307,397818126.0,46013752.0,11.56
20200326,1308,554382745.0,34430160.0,6.21
20200326,1309,334204892.0,14250279.0,4.26
20200326,1310,527869764.0,92403582.0,17.5
20200326,1312,906620328.0,231449419.0,25.52
20200326,1313,1332347607.0,149476277.0,11.21
20200326,1314,3284850130.0,526741438.0,16.03
20200326,1315,198000000.0,1901149.0,0.96
20200326,1316,179541221.0,2533031.0,1.41
20200326,1319,591477068.0,115184961.0,19.47
20200326,1321,227228268.0,5510995.0,2.42
20200326,1323,91274554.0,2822165.0,3.09
20200326,1324,75121882.0,319215.0,0.42
20200326,1325,85281198.0,1192363.0,1.39
20200326,1326,5861186291.0,2095931612.0,35.75
20200326,1337,268954729.0,69866827.0,25.97
20200326,1338,83840000.0,12634510.0,15.06
20200326,1339,74138875.0,1183038.0,1.59
20200326,1340,152922855.0,47445961.0,31.02
20200326,1341,49400000.0,42895950.0,86.83
20200326,1402,5352875227.0,1016624705.0,18.99
20200326,1409,1618409291.0,249527922.0,15.41
20200326,1410,63000000.0,10640456.0,16.88
20200326,1413,132112454.0,356175.0,0.26
20200326,1414,220000000.0,2544669.0,1.15
20200326,1416,185342168.0,26493289.0,14.29
20200326,1417,189941840.0,4768130.0,2.51
20200326,1418,56834309.0,344219.0,0.6
20200326,1419,300041280.0,6694142.0,2.23
20200326,1423,138400000.0,2812830.0,2.03
20200326,1432,167937642.0,126917.0,0.07
20200326,1434,1684664637.0,271690056.0,16.12
20200326,1435,139780080.0,966879.0,0.69
20200326,1436,95634000.0,90722.0,0.09
20200326,1437,203371284.0,11528065.0,5.66
20200326,1438,102411518.0,80044.0,0.07
20200326,1439,92000000.0,992935.0,1.07
20200326,1440,1656815857.0,123001074.0,7.42
20200326,1441,100800000.0,1396719.0,1.38
20200326,1442,302117481.0,8459757.0,2.8
20200326,1443,135343011.0,61758.0,0.04
20200326,1444,957302942.0,91937816.0,9.6
20200326,1445,132667034.0,1916715.0,1.44
20200326,1446,137709513.0,1404237.0,1.01
20200326,1447,914487242.0,69267604.0,7.57
20200326,1449,180030030.0,206703.0,0.11
20200326,1451,198000000.0,20026142.0,10.11
20200326,1452,132641400.0,5373732.0,4.05
20200326,1453,98642138.0,82880.0,0.08
20200326,1454,134309848.0,548472.0,0.4
20200326,1455,611763380.0,20084883.0,3.28
20200326,1456,93720000.0,121224.0,0.12
20200326,1457,301647640.0,9074110.0,3.0
20200326,1459,358628907.0,7776150.0,2.16
20200326,1460,509834182.0,25016481.0,4.9
20200326,1463,173268381.0,5529824.0,3.19
20200326,1464,384565652.0,7217162.0,1.87
20200326,1465,103607267.0,768735.0,0.74
20200326,1466,111157320.0,114264.0,0.1
20200326,1467,233624667.0,45067206.0,19.29
20200326,1468,160405244.0,2930115.0,1.82
20200326,1470,85767000.0,37084.0,0.04
20200326,1471,150414536.0,112970.0,0.07
20200326,1472,45672722.0,47667.0,0.1
20200326,1473,147153534.0,14875754.0,10.1
20200326,1474,129896969.0,202888.0,0.15
20200326,1475,16016749.0,11039.0,0.06
20200326,1476,274367111.0,98880287.0,36.03
20200326,1477,219856581.0,26397166.0,12.0
20200326,1503,520972223.0,166754116.0,32.0
20200326,1504,1967692886.0,728448726.0,37.02
20200326,1506,122855501.0,501365.0,0.4
20200326,1507,410820000.0,185769329.0,45.21
20200326,1512,220002494.0,17774048.0,8.07
20200326,1513,420000000.0,52158737.0,12.41
20200326,1514,207099023.0,22590171.0,10.9
20200326,1515,181473500.0,16518310.0,9.1
20200326,1516,33350889.0,42368.0,0.12
20200326,1517,227825007.0,5736321.0,2.51
20200326,1519,261058548.0,16991608.0,6.5
20200326,1521,76230000.0,25619764.0,33.6
20200326,1522,312897881.0,20556589.0,6.56
20200326,1524,179685207.0,209726.0,0.11
20200326,1525,73400135.0,47878.0,0.06
20200326,1526,60000000.0,1238698.0,2.06
20200326,1527,138570640.0,12051726.0,8.69
20200326,1528,199331000.0,2483467.0,1.24
20200326,1529,95967982.0,281354.0,0.29
20200326,1530,96594171.0,664681.0,0.68
20200326,1531,185008080.0,17512386.0,9.46
20200326,1532,385252112.0,47379126.0,12.29
20200326,1533,98547486.0,6698588.0,6.79
20200326,1535,123742552.0,529004.0,0.42
20200326,1536,254956513.0,33494424.0,13.13
20200326,1537,81785394.0,19018756.0,23.25
20200326,1538,56135851.0,137355.0,0.24
20200326,1539,65370000.0,69034.0,0.1
20200326,1540,85473612.0,245353.0,0.28
20200326,1541,78800000.0,7676312.0,9.74
20200326,1558,60535631.0,6656116.0,10.99
20200326,1560,141000000.0,18951955.0,13.44
20200326,1568,103086559.0,1804113.0,1.75
20200326,1582,123724171.0,37563999.0,30.36
20200326,1583,110400372.0,58986.0,0.05
20200326,1587,67356618.0,13510742.0,20.05
20200326,1589,105617519.0,10421951.0,9.86
20200326,1590,189024998.0,129414402.0,68.46
20200326,1592,110978250.0,43154412.0,38.88
20200326,1598,115100887.0,766508.0,0.66
20200326,1603,191688000.0,3405859.0,1.77
20200326,1604,387200000.0,47155048.0,12.17
20200326,1605,3326000258.0,735308660.0,22.1
20200326,1608,632773506.0,20782907.0,3.28
20200326,1609,595068022.0,61141966.0,10.27
20200326,1611,358595268.0,41229941.0,11.49
20200326,1612,316080063.0,33723981.0,10.66
20200326,1614,269113406.0,5277013.0,1.96
20200326,1615,111861784.0,111650.0,0.09
20200326,1616,194148515.0,128127.0,0.06
20200326,1617,144233235.0,30617329.0,21.22
20200326,1618,240864684.0,2683787.0,1.11
20200326,1626,136850637.0,67312386.0,49.18
20200326,1701,298081080.0,28524156.0,9.56
20200326,1702,294132962.0,48699663.0,16.55
20200326,1707,136286373.0,28946140.0,21.23
20200326,1708,211520260.0,17258236.0,8.15
20200326,1709,477016272.0,17700238.0,3.71
20200326,1710,885703029.0,87402774.0,9.86
20200326,1711,547752226.0,46885552.0,8.55
20200326,1712,420492585.0,49110758.0,11.67
20200326,1713,150951700.0,7264675.0,4.81
20200326,1714,1016824808.0,181764253.0,17.87
20200326,1717,1240279455.0,165822244.0,13.36
20200326,1718,1621367217.0,173893625.0,10.72
20200326,1720,178696089.0,3406793.0,1.9
20200326,1721,222347344.0,6658121.0,2.99
20200326,1722,980000000.0,138204115.0,14.1
20200326,1723,236904480.0,31352149.0,13.23
20200326,1724,127813900.0,7699934.0,6.02
20200326,1725,181829978.0,182027.0,0.1
20200326,1726,162000000.0,24096727.0,14.87
20200326,1727,110250000.0,1073598.0,0.97
20200326,1730,63233851.0,5439281.0,8.6
20200326,1731,132915244.0,1366790.0,1.02
20200326,1732,42443957.0,269646.0,0.63
20200326,1733,99986192.0,3111146.0,3.11
20200326,1734,167722022.0,5838757.0,3.48
20200326,1735,99388000.0,49911241.0,50.21
20200326,1736,303616617.0,11789441.0,3.88
20200326,1737,200000000.0,18640379.0,9.32
20200326,1760,76739013.0,1608958.0,2.09
20200326,1762,77560000.0,1896279.0,2.44
20200326,1773,150000000.0,3725597.0,2.48
20200326,1776,69986099.0,47001.0,0.06
20200326,1783,69465000.0,5528606.0,7.95
20200326,1786,58100000.0,853465.0,1.46
20200326,1789,790739222.0,34240837.0,4.33
20200326,1795,243113964.0,168612381.0,69.35
20200326,1802,2908060800.0,205001783.0,7.04
20200326,1805,100265400.0,108805.0,0.1
20200326,1806,433782078.0,52523314.0,12.1
20200326,1808,308330531.0,14447325.0,4.68
20200326,1809,167041937.0,5566786.0,3.33
20200326,1810,369853610.0,12423506.0,3.35
20200326,1817,72600000.0,1146000.0,1.57
20200326,1902,402000550.0,20899369.0,5.19
20200326,1903,260039121.0,38793115.0,14.91
20200326,1904,1108274522.0,142696894.0,12.87
20200326,1905,1102835316.0,47341594.0,4.29
20200326,1906,151000000.0,1416509.0,0.93
20200326,1907,1660371495.0,295958027.0,17.82
20200326,1909,1217685727.0,176003233.0,14.45
20200326,2002,15734860997.0,3043981655.0,19.34
20200326,2006,1004060608.0,129307914.0,12.87
20200326,2007,530651613.0,261965.0,0.04
20200326,2008,200852293.0,14300407.0,7.11
20200326,2009,359622165.0,23724265.0,6.59
20200326,2010,647655390.0,29102564.0,4.49
20200326,2012,287774000.0,6867540.0,2.38
20200326,2013,200000000.0,14670962.0,7.33
20200326,2014,1435544446.0,67639830.0,4.71
20200326,2015,581599424.0,52857730.0,9.08
20200326,2017,341867462.0,7953222.0,2.32
20200326,2020,222526100.0,5426869.0,2.43
20200326,2022,479751976.0,14497352.0,3.02
20200326,2023,1913327518.0,126962657.0,6.63
20200326,2024,97500000.0,119093.0,0.12
20200326,2025,281167262.0,119066.0,0.04
20200326,2027,1233790052.0,294790320.0,23.89
20200326,2028,325714800.0,237958.0,0.07
20200326,2029,321180000.0,225519081.0,70.21
20200326,2030,286526027.0,14259668.0,4.97
20200326,2031,310687699.0,32820658.0,10.56
20200326,2032,130521545.0,227736.0,0.17
20200326,2033,80694536.0,90139.0,0.11
20200326,2034,407130743.0,49588511.0,12.17
20200326,2038,181264522.0,384670.0,0.21
20200326,2049,309578886.0,117567663.0,37.97
20200326,2059,95297072.0,23053002.0,24.19
20200326,2062,163014152.0,16892128.0,10.36
20200326,2069,156386836.0,681307.0,0.43
20200326,2101,833934904.0,70170131.0,8.41
20200326,2102,473329207.0,39356645.0,8.31
20200326,2103,825709978.0,287388919.0,34.8
20200326,2104,984733625.0,122376399.0,12.42
20200326,2105,3241415536.0,419901566.0,12.95
20200326,2106,874430000.0,43329344.0,4.95
20200326,2107,350000000.0,31873078.0,9.1
20200326,2108,492416659.0,45329912.0,9.2
20200326,2109,332349134.0,49439660.0,14.87
20200326,2114,70901552.0,1225907.0,1.72
20200326,2115,86063215.0,39643789.0,46.06
20200326,2201,1572919909.0,103420702.0,6.57
20200326,2204,553620342.0,164556588.0,29.72
20200326,2206,853595604.0,87061153.0,10.19
20200326,2207,546179184.0,129081065.0,23.63
20200326,2208,472991749.0,14824282.0,3.13
20200326,2227,300000000.0,122508726.0,40.83
20200326,2228,75780281.0,6454573.0,8.51
20200326,2231,122821241.0,11220551.0,9.13
20200326,2233,60288089.0,5636583.0,9.34
20200326,2236,44826766.0,33323473.0,74.33
20200326,2239,118007000.0,89958639.0,76.23
20200326,2243,45718529.0,19622127.0,42.91
20200326,2301,2350867032.0,1251752516.0,53.24
20200326,2302,166302881.0,6349656.0,3.81
20200326,2303,11773994401.0,5917987783.0,50.26
20200326,2305,205660827.0,9923708.0,4.82
20200326,2308,2597543329.0,1699208488.0,65.41
20200326,2312,1452081211.0,248205398.0,17.09
20200326,2313,1191820589.0,310301208.0,26.03
20200326,2314,228028320.0,3570388.0,1.56
20200326,2316,203045040.0,37516912.0,18.47
20200326,2317,13862990609.0,6231415876.0,44.95
20200326,2321,315332590.0,187111.0,0.05
20200326,2323,1158881200.0,107237490.0,9.25
20200326,2324,4407146625.0,2094745708.0,47.53
20200326,2327,427121695.0,199154888.0,46.62
20200326,2328,518346282.0,88859357.0,17.14
20200326,2329,557328533.0,171879531.0,30.83
20200326,2330,25930380458.0,19626525037.0,75.68
20200326,2331,557402968.0,88200474.0,15.82
20200326,2332,651996166.0,93408376.0,14.32
20200326,2337,1839908862.0,360603826.0,19.59
20200326,2338,252713611.0,5564467.0,2.2
20200326,2340,378622846.0,75740829.0,20.0
20200326,2342,156342161.0,9045857.0,5.78
20200326,2344,3980000193.0,871873185.0,21.9
20200326,2345,557726397.0,314011141.0,56.3
20200326,2347,1667946968.0,574063828.0,34.41
20200326,2348,85600000.0,1380904.0,1.61
20200326,2349,1284157900.0,162238358.0,12.63
20200326,2351,182140249.0,24346398.0,13.36
20200326,2352,1966781958.0,407046197.0,20.69
20200326,2353,3074933828.0,861570707.0,28.01
20200326,2354,1414485192.0,386062527.0,27.29
20200326,2355,397495420.0,111173743.0,27.96
20200326,2356,3587475066.0,969303443.0,27.01
20200326,2357,742760280.0,444120097.0,59.79
20200326,2358,94616172.0,271112.0,0.28
20200326,2359,171471052.0,6297519.0,3.67
20200326,2360,419092587.0,271258727.0,64.72
20200326,2362,669763000.0,87601734.0,13.07
20200326,2363,554062477.0,31782866.0,5.73
20200326,2364,198939797.0,30043266.0,15.1
20200326,2365,234538496.0,15209942.0,6.48
20200326,2367,619407175.0,117107090.0,18.9
20200326,2368,546487841.0,57649189.0,10.54
20200326,2369,380102344.0,58315913.0,15.34
20200326,2371,2339536685.0,928629324.0,39.69
20200326,2373,236202518.0,4435202.0,1.87
20200326,2374,282362812.0,25194951.0,8.92
20200326,2375,194063097.0,8957007.0,4.61
20200326,2376,635688886.0,172424381.0,27.12
20200326,2377,844856199.0,286745867.0,33.94
20200326,2379,508095464.0,298480484.0,58.74
20200326,2380,162444084.0,2894533.0,1.78
20200326,2382,3862627432.0,1002448607.0,25.95
20200326,2383,319708064.0,113056507.0,35.36
20200326,2385,734497521.0,384888375.0,52.4
20200326,2387,196297952.0,9929138.0,5.05
20200326,2388,493303441.0,53690301.0,10.88
20200326,2390,214021602.0,4335325.0,2.02
20200326,2392,512326940.0,71869225.0,14.02
20200326,2393,443056236.0,156840981.0,35.39
20200326,2395,699075510.0,283531129.0,40.55
20200326,2397,114688857.0,24526938.0,21.38
20200326,2399,178100000.0,31039283.0,17.42
20200326,2401,591994919.0,71148505.0,12.01
20200326,2402,307536533.0,42745723.0,13.89
20200326,2404,190586698.0,53565354.0,28.1
20200326,2405,343427303.0,22412651.0,6.52
20200326,2406,205905689.0,16883080.0,8.19
20200326,2408,3053504894.0,666922098.0,21.84
20200326,2409,9624245115.0,2842850643.0,29.53
20200326,2412,7757446545.0,1276394374.0,16.45
20200326,2413,127359200.0,659115.0,0.51
20200326,2414,161735846.0,11080824.0,6.85
20200326,2415,80000000.0,1380951.0,1.72
20200326,2417,192892330.0,6654430.0,3.44
20200326,2419,328986229.0,37415305.0,11.37
20200326,2420,152648688.0,4937474.0,3.23
20200326,2421,250929732.0,66084704.0,26.33
20200326,2423,145047289.0,2375432.0,1.63
20200326,2424,30000000.0,71154.0,0.23
20200326,2425,101498831.0,28032687.0,27.61
20200326,2426,300622252.0,23551643.0,7.83
20200326,2427,184314463.0,3628289.0,1.96
20200326,2428,128112726.0,19563394.0,15.27
20200326,2429,36736200.0,1232997.0,3.35
20200326,2430,166468825.0,5884090.0,3.53
20200326,2431,110927014.0,1382990.0,1.24
20200326,2433,144496011.0,1418704.0,0.98
20200326,2434,70602126.0,800806.0,1.13
20200326,2436,178009961.0,13113030.0,7.36
20200326,2438,95215940.0,58374.0,0.06
20200326,2439,207879134.0,43855902.0,21.09
20200326,2440,139117271.0,95394.0,0.06
20200326,2441,568845921.0,86295574.0,15.17
20200326,2442,267234372.0,9268017.0,3.46
20200326,2443,145687000.0,208195.0,0.14
20200326,2444,105557573.0,2195563.0,2.07
20200326,2448,1088701410.0,181395581.0,16.66
20200326,2449,1222745065.0,510256026.0,41.73
20200326,2450,258252657.0,11634636.0,4.5
20200326,2451,430761675.0,67884930.0,15.75
20200326,2453,100000000.0,1094804.0,1.09
20200326,2454,1589981632.0,978708646.0,61.55
20200326,2455,184905918.0,38230658.0,20.67
20200326,2456,243254748.0,43582962.0,17.91
20200326,2457,337688416.0,25458695.0,7.53
20200326,2458,303880392.0,81916195.0,26.95
20200326,2459,105900615.0,18283235.0,17.26
20200326,2460,169200000.0,1577103.0,0.93
20200326,2461,159324631.0,5595431.0,3.51
20200326,2462,142484596.0,1280712.0,0.89
20200326,2464,195531226.0,15709222.0,8.03
20200326,2465,53587301.0,278927.0,0.52
20200326,2466,156334226.0,18804291.0,12.02
20200326,2467,149205548.0,11003974.0,7.37
20200326,2468,69961249.0,24995.0,0.03
20200326,2471,47253890.0,632916.0,1.33
20200326,2472,129219822.0,4030986.0,3.11
20200326,2474,770391069.0,491796499.0,63.83
20200326,2476,184968298.0,17655743.0,9.54
20200326,2477,198216555.0,44920674.0,22.66
20200326,2478,145248989.0,10945125.0,7.53
20200326,2480,106360291.0,6667682.0,6.26
20200326,2481,332814927.0,39459658.0,11.85
20200326,2482,62072549.0,241301.0,0.38
20200326,2483,110618807.0,180242.0,0.16
20200326,2484,159421022.0,10960976.0,6.87
20200326,2485,317689037.0,20266914.0,6.37
20200326,2486,201958579.0,6847741.0,3.39
20200326,2488,79999433.0,2647631.0,3.3
20200326,2489,809362045.0,103474607.0,12.78
20200326,2491,82008000.0,6390676.0,7.79
20200326,2492,485800000.0,115530921.0,23.78
20200326,2493,114437390.0,7557922.0,6.6
20200326,2495,276290738.0,48607083.0,17.59
20200326,2496,17459400.0,8391869.0,48.06
20200326,2497,118798463.0,1652483.0,1.39
20200326,2498,818804335.0,126736523.0,15.47
20200326,2499,461172003.0,40228238.0,8.72
20200326,2501,1159561059.0,107864443.0,9.3
20200326,2504,1385000335.0,160706956.0,11.6
20200326,2505,696582479.0,27784567.0,3.98
20200326,2506,387000000.0,13194991.0,3.4
20200326,2509,204136846.0,3133604.0,1.53
20200326,2511,1623326147.0,142098022.0,8.75
20200326,2514,404729278.0,15993870.0,3.95
20200326,2515,1530899822.0,158099801.0,10.32
20200326,2516,226278457.0,6206711.0,2.74
20200326,2520,503791000.0,105953893.0,21.03
20200326,2524,384846372.0,7898154.0,2.05
20200326,2527,270306000.0,78403922.0,29.0
20200326,2528,277085409.0,453491.0,0.16
20200326,2530,270752466.0,3150115.0,1.16
20200326,2534,592784962.0,70423216.0,11.88
20200326,2535,290743386.0,24957226.0,8.58
20200326,2536,332808652.0,58620261.0,17.61
20200326,2537,300557795.0,8653745.0,2.87
20200326,2538,438448764.0,58694954.0,13.38
20200326,2539,461314374.0,753105.0,0.16
20200326,2540,146600000.0,118004.0,0.08
20200326,2542,1166628752.0,220302356.0,18.88
20200326,2543,241983788.0,235506.0,0.09
20200326,2545,327734808.0,12316310.0,3.75
20200326,2546,106035660.0,3127988.0,2.94
20200326,2547,912307649.0,202252756.0,22.16
20200326,2548,276812726.0,81397175.0,29.4
20200326,2597,135000000.0,1069171.0,0.79
20200326,2601,630883150.0,77351706.0,12.26
20200326,2603,4812973786.0,1144787378.0,23.78
20200326,2605,585353297.0,195589664.0,33.41
20200326,2606,845055712.0,75923256.0,8.98
20200326,2607,1067141094.0,72219279.0,6.76
20200326,2608,467000498.0,42337523.0,9.06
20200326,2609,2601335728.0,139152509.0,5.34
20200326,2610,5420984650.0,792508884.0,14.61
20200326,2611,175994247.0,135920.0,0.07
20200326,2612,197484593.0,4795744.0,2.42
20200326,2613,148423458.0,64643.0,0.04
20200326,2614,556789889.0,10454704.0,1.87
20200326,2615,2218297466.0,928278891.0,41.84
20200326,2616,137281827.0,4419589.0,3.21
20200326,2617,417294487.0,13439935.0,3.22
20200326,2618,4853569490.0,1347853015.0,27.77
20200326,2630,120120000.0,79000.0,0.06
20200326,2633,5628293058.0,789726672.0,14.03
20200326,2634,941867101.0,15556233.0,1.65
20200326,2636,117157402.0,16958077.0,14.47
20200326,2637,688655903.0,52411304.0,7.61
20200326,2642,95467000.0,4924332.0,5.15
20200326,2701,449967838.0,1835326.0,0.4
20200326,2702,110485538.0,41161363.0,37.25
20200326,2704,366923343.0,31745145.0,8.65
20200326,2705,186536630.0,5697559.0,3.05
20200326,2706,499998346.0,12847990.0,2.56
20200326,2707,126745769.0,18968593.0,14.96
20200326,2712,105000000.0,56592.0,0.05
20200326,2722,111522961.0,101380.0,0.09
20200326,2723,180000000.0,94989654.0,52.77
20200326,2727,76987883.0,7889284.0,10.24
20200326,2731,70000000.0,2214896.0,3.16
20200326,2739,111526000.0,2170800.0,1.94
20200326,2748,65637000.0,539847.0,0.82
20200326,2801,9985311160.0,1436635896.0,14.38
20200326,2809,1131234265.0,186231161.0,16.46
20200326,2812,3708834898.0,494372970.0,13.32
20200326,2816,212960000.0,11513821.0,5.4
20200326,2820,1342960000.0,104763159.0,7.8
20200326,2823,4463582304.0,1033028281.0,23.14
20200326,2832,362200400.0,11406799.0,3.14
20200326,2834,7131984244.0,1629315622.0,22.84
20200326,2836,1080916486.0,78716899.0,7.28
20200326,2838,2884455292.0,87086439.0,3.01
20200326,2841,760943600.0,83702918.0,10.99
20200326,2845,3355819407.0,415972594.0,12.39
20200326,2849,1957910050.0,1154116914.0,58.94
20200326,2850,315963300.0,27027004.0,8.55
20200326,2851,590388750.0,13149316.0,2.22
20200326,2852,301163784.0,12069846.0,4.0
20200326,2855,1372390028.0,143697394.0,10.47
20200326,2867,2371971471.0,166522270.0,7.02
20200326,2880,12172740178.0,2365493009.0,19.43
20200326,2881,10233603995.0,2674092714.0,26.13
20200326,2882,13169210128.0,2834088522.0,21.52
20200326,2883,14965982132.0,3769764080.0,25.18
20200326,2884,11619500000.0,4789242549.0,41.21
20200326,2885,11670611456.0,4462429763.0,38.23
20200326,2886,13599823983.0,3362398127.0,24.72
20200326,2887,10656061370.0,2868558483.0,26.91
20200326,2888,12600394063.0,2708439457.0,21.49
20200326,2889,2848064596.0,343666749.0,12.06
20200326,2890,11281054106.0,3461309565.0,30.68
20200326,2891,19496989569.0,7629281242.0,39.13
20200326,2892,12461942795.0,3220989483.0,25.84
20200326,2897,2413006301.0,30804066.0,1.27
20200326,2901,73043283.0,58994.0,0.08
20200326,2903,1416940589.0,207372205.0,14.63
20200326,2904,69034432.0,63652.0,0.09
20200326,2905,826682688.0,56771499.0,6.86
20200326,2906,209111093.0,3781522.0,1.8
20200326,2908,509887558.0,40334961.0,7.91
20200326,2910,208725000.0,245000.0,0.11
20200326,2911,188941775.0,33130867.0,17.53
20200326,2912,1039622255.0,411682675.0,39.59
20200326,2913,790000000.0,91178839.0,11.54
20200326,2915,564860594.0,102971843.0,18.22
20200326,2923,1740296982.0,1727173274.0,99.24
20200326,2929,94955292.0,47104385.0,49.6
20200326,2936,76555696.0,67963696.0,88.77
20200326,2939,47222665.0,35087893.0,74.3
20200326,3002,102000000.0,229372.0,0.22
20200326,3003,155654890.0,11281386.0,7.24
20200326,3004,52647155.0,1425072.0,2.7
20200326,3005,579520150.0,177607251.0,30.64
20200326,3006,285758925.0,44688870.0,15.63
20200326,3008,134140197.0,70537916.0,52.58
20200326,3010,231390138.0,53087250.0,22.94
20200326,3011,112719251.0,101048.0,0.08
20200326,3013,159435018.0,3044158.0,1.9
20200326,3014,161080124.0,33265217.0,20.65
20200326,3015,192261950.0,21466055.0,11.16
20200326,3016,274401315.0,3034520.0,1.1
20200326,3017,353310157.0,120463784.0,34.09
20200326,3018,73512132.0,2213491.0,3.01
20200326,3019,281083901.0,36124429.0,12.85
20200326,3021,95813467.0,2346516.0,2.44
20200326,3022,177289790.0,37216552.0,20.99
20200326,3023,229078860.0,108246498.0,47.25
20200326,3024,277157496.0,3841140.0,1.38
20200326,3025,70920550.0,1616059.0,2.27
20200326,3026,157990779.0,15817659.0,10.01
20200326,3027,98856311.0,130199.0,0.13
20200326,3028,213824864.0,10477615.0,4.9
20200326,3029,124623212.0,4087382.0,3.27
20200326,3030,236216000.0,52375008.0,22.17
20200326,3031,186674224.0,5133937.0,2.75
20200326,3032,113285626.0,2090015.0,1.84
20200326,3033,367751242.0,18285956.0,4.97
20200326,3034,608511469.0,369462002.0,60.71
20200326,3035,248550313.0,58891840.0,23.69
20200326,3036,592604419.0,138146904.0,23.31
20200326,3037,1504732333.0,461926132.0,30.69
20200326,3038,162407603.0,6259365.0,3.85
20200326,3040,63000000.0,10669598.0,16.93
20200326,3041,192539746.0,13977174.0,7.25
20200326,3042,309757040.0,106813003.0,34.48
20200326,3043,194878166.0,2449666.0,1.25
20200326,3044,525605898.0,312224809.0,59.4
20200326,3045,3442720069.0,644256320.0,18.71
20200326,3046,71448013.0,738702.0,1.03
20200326,3047,186491633.0,7058547.0,3.78
20200326,3048,222572540.0,24776242.0,11.13
20200326,3049,806948529.0,76395725.0,9.46
20200326,3050,145984450.0,8916083.0,6.1
20200326,3051,325332396.0,273232.0,0.08
20200326,3052,228713554.0,6759014.0,2.95
20200326,3054,87848033.0,195261.0,0.22
20200326,3055,102441918.0,2139424.0,2.08
20200326,3056,209215308.0,18550743.0,8.86
20200326,3057,161409213.0,7844531.0,4.86
20200326,3058,164937351.0,4428488.0,2.68
20200326,3059,279587325.0,35262044.0,12.61
20200326,3060,139361590.0,9816534.0,7.04
20200326,3062,328605418.0,43803964.0,13.33
20200326,3090,178657150.0,14529520.0,8.13
20200326,3094,84655089.0,1488644.0,1.75
20200326,3130,33190700.0,13608919.0,41.0
20200326,3149,206393604.0,3989085.0,1.93
20200326,3164,88911864.0,594305.0,0.66
20200326,3167,80134116.0,1225490.0,1.52
20200326,3189,451039005.0,70456536.0,15.62
20200326,3209,172915577.0,3413708.0,1.97
20200326,3229,93515881.0,1347777.0,1.44
20200326,3231,2840612050.0,1561963214.0,54.98
20200326,3257,69380277.0,491835.0,0.7
20200326,3266,352314309.0,17710199.0,5.02
20200326,3296,98224450.0,1904054.0,1.93
20200326,3305,118265271.0,3087144.0,2.61
20200326,3308,98569663.0,78319.0,0.07
20200326,3311,60000000.0,355835.0,0.59
20200326,3312,118032122.0,10025730.0,8.49
20200326,3321,126218519.0,666491.0,0.52
20200326,3338,86481985.0,2811284.0,3.25
20200326,3346,75784000.0,3761347.0,4.96
20200326,3356,89871303.0,1490093.0,1.65
20200326,3376,178988346.0,53035163.0,29.63
20200326,3380,542482460.0,37282835.0,6.87
20200326,3383,70000000.0,12087788.0,17.26
20200326,3406,110890463.0,31152840.0,28.09
20200326,3413,82687500.0,14469273.0,17.49
20200326,3416,72181447.0,1464113.0,2.02
20200326,3419,120480417.0,7720468.0,6.4
20200326,3432,66586000.0,3318907.0,4.98
20200326,3437,144548000.0,15872650.0,10.98
20200326,3443,134011911.0,26153003.0,19.51
20200326,3450,145681382.0,14873581.0,10.2
20200326,3454,87033910.0,6578809.0,7.55
20200326,3481,9711071977.0,2540978863.0,26.16
20200326,3494,179450634.0,8080372.0,4.5
20200326,3501,118257927.0,3673862.0,3.1
20200326,3504,114059785.0,2106172.0,1.84
20200326,3515,120647229.0,4926636.0,4.08
20200326,3518,80752230.0,7885563.0,9.76
20200326,3528,65597216.0,5634002.0,8.58
20200326,3530,78025900.0,36557050.0,46.85
20200326,3532,387848300.0,187145471.0,48.25
20200326,3533,103477900.0,22870885.0,22.1
20200326,3535,79052356.0,3205218.0,4.05
20200326,3536,106800000.0,223564.0,0.2
20200326,3545,299416416.0,65067532.0,21.73
20200326,3550,85000000.0,626002.0,0.73
20200326,3557,72300415.0,25094640.0,34.7
20200326,3563,42608234.0,5192796.0,12.18
20200326,3576,2665577382.0,261667592.0,9.81
20200326,3583,81139000.0,6477998.0,7.98
20200326,3588,46882200.0,2440568.0,5.2
20200326,3591,125001379.0,6184207.0,4.94
20200326,3593,83042416.0,43931.0,0.05
20200326,3596,208535090.0,21864782.0,10.48
20200326,3605,122395884.0,11928006.0,9.74
20200326,3607,121662239.0,9223427.0,7.58
20200326,3617,80951000.0,3014694.0,3.72
20200326,3622,151327600.0,3958223.0,2.61
20200326,3645,129420494.0,6846571.0,5.29
20200326,3653,120484239.0,9280620.0,7.7
20200326,3661,60186610.0,22208541.0,36.89
20200326,3665,130517407.0,55143643.0,42.25
20200326,3669,92919950.0,2547568.0,2.74
20200326,3673,406663759.0,167404671.0,41.16
20200326,3679,62296229.0,8536130.0,13.7
20200326,3682,3817196399.0,153120433.0,4.01
20200326,3686,113513643.0,2425915.0,2.13
20200326,3694,150495808.0,1031156.0,0.68
20200326,3698,519386380.0,127213056.0,24.49
20200326,3701,190344554.0,6295144.0,3.3
20200326,3702,1679056833.0,528553706.0,31.47
20200326,3703,823215980.0,174516642.0,21.19
20200326,3704,441177355.0,44585792.0,10.1
20200326,3705,266422983.0,34408494.0,12.91
20200326,3706,1077282847.0,199385991.0,18.5
20200326,3708,93504604.0,12740095.0,13.62
20200326,3711,4323358382.0,3236180988.0,74.85
20200326,3712,246242146.0,3217997.0,1.3
20200326,4104,141148970.0,9524440.0,6.74
20200326,4106,100911557.0,1002366.0,0.99
20200326,4108,163616379.0,885965.0,0.54
20200326,4119,79485310.0,13373345.0,16.82
20200326,4133,60553594.0,9587858.0,15.83
20200326,4137,79492350.0,51225940.0,64.44
20200326,4141,171144968.0,118176333.0,69.05
20200326,4142,362352752.0,13163350.0,3.63
20200326,4144,77139000.0,42131609.0,54.61
20200326,4148,64034001.0,46426001.0,72.5
20200326,4155,78621079.0,366312.0,0.46
20200326,4164,140386871.0,38544614.0,27.45
20200326,4190,60914700.0,38824449.0,63.73
20200326,4306,570040173.0,35227147.0,6.17
20200326,4414,903434949.0,184384299.0,20.4
20200326,4426,161079476.0,12978906.0,8.05
20200326,4438,103375292.0,5462954.0,5.28
20200326,4439,31500000.0,20356000.0,64.62
20200326,4526,254826461.0,19635805.0,7.7
20200326,4532,504915105.0,55744444.0,11.04
20200326,4536,90820000.0,11105107.0,12.22
20200326,4540,96678000.0,2373001.0,2.45
20200326,4545,77000000.0,27081132.0,35.17
20200326,4551,81934000.0,43054859.0,52.54
20200326,4552,116000000.0,58882190.0,50.76
20200326,4555,66880000.0,4340000.0,6.48
20200326,4557,39808000.0,16121330.0,40.49
20200326,4560,67666195.0,56287849.0,83.18
20200326,4562,67546000.0,995018.0,1.47
20200326,4564,177786553.0,4420936.0,2.48
20200326,4566,66656000.0,2598000.0,3.89
20200326,4571,47600000.0,34175228.0,71.79
20200326,4572,35800000.0,114000.0,0.31
20200326,4576,117908241.0,2172102.0,1.84
20200326,4581,33899000.0,9863000.0,29.09
20200326,4720,88576709.0,2415173.0,2.72
20200326,4722,100009159.0,3211156.0,3.21
20200326,4725,291975000.0,2915827.0,0.99
20200326,4737,59500794.0,18655501.0,31.35
20200326,4739,93029269.0,4255588.0,4.57
20200326,4746,99012550.0,4348219.0,4.39
20200326,4755,90706000.0,29086532.0,32.06
20200326,4763,51076700.0,37826396.0,74.05
20200326,4764,76788615.0,28541285.0,37.16
20200326,4766,120570780.0,13371751.0,11.09
20200326,4807,38470000.0,27945601.0,72.64
20200326,4904,3258500810.0,685482414.0,21.03
20200326,4906,356883496.0,35419044.0,9.92
20200326,4912,47472069.0,16943786.0,35.69
20200326,4915,448730824.0,258368703.0,57.57
20200326,4916,83451568.0,1711566.0,2.05
20200326,4919,287554400.0,11561189.0,4.02
20200326,4927,184752016.0,23018641.0,12.45
20200326,4930,134300000.0,7139690.0,5.31
20200326,4934,200000000.0,7011194.0,3.5
20200326,4935,130937091.0,38998439.0,29.78
20200326,4938,2610791856.0,1109082164.0,42.48
20200326,4942,142367613.0,25235700.0,17.72
20200326,4943,135975732.0,52220817.0,38.4
20200326,4952,108815816.0,2021079.0,1.85
20200326,4956,100408236.0,8013907.0,7.98
20200326,4958,902229887.0,717693485.0,79.54
20200326,4960,665728500.0,81013758.0,12.16
20200326,4961,165687462.0,3139355.0,1.89
20200326,4967,68257489.0,8946878.0,13.1
20200326,4968,60376078.0,11374977.0,18.84
20200326,4976,117182000.0,2647103.0,2.25
20200326,4977,66640551.0,24945488.0,37.43
20200326,4989,153085000.0,1489205.0,0.97
20200326,4994,110639000.0,2455609.0,2.21
20200326,4999,74417200.0,6843666.0,9.19
20200326,5007,294940154.0,10261994.0,3.47
20200326,5203,83709300.0,20918477.0,24.98
20200326,5215,54337500.0,16354713.0,30.09
20200326,5225,61458000.0,37781753.0,61.47
20200326,5234,102715911.0,9216918.0,8.97
20200326,5243,168528915.0,112863414.0,66.96
20200326,5258,89542579.0,3169516.0,3.53
20200326,5264,420456991.0,277587684.0,66.02
20200326,5269,60037861.0,10202842.0,16.99
20200326,5283,76000425.0,340000.0,0.44
20200326,5284,43664608.0,26687208.0,61.11
20200326,5285,86099463.0,1888814.0,2.19
20200326,5288,65826153.0,42485253.0,64.54
20200326,5305,312456688.0,68845570.0,22.03
20200326,5388,245653767.0,63912827.0,26.01
20200326,5434,181699567.0,53436773.0,29.4
20200326,5469,491441352.0,76686164.0,15.6
20200326,5471,167877062.0,20939139.0,12.47
20200326,5484,68115093.0,301104.0,0.44
20200326,5515,267440105.0,13718621.0,5.12
20200326,5519,198544958.0,6168512.0,3.1
20200326,5521,447527413.0,34625229.0,7.73
20200326,5522,806259241.0,86142260.0,10.68
20200326,5525,244991913.0,5484439.0,2.23
20200326,5531,982474245.0,58807042.0,5.98
20200326,5533,285244944.0,9022049.0,3.16
20200326,5534,290325960.0,53122227.0,18.29
20200326,5538,168000000.0,115209125.0,68.57
20200326,5607,229979100.0,6907195.0,3.0
20200326,5608,279267090.0,21974461.0,7.86
20200326,5706,61294353.0,936890.0,1.52
20200326,5871,1328200030.0,993977904.0,74.83
20200326,5876,4481603140.0,2580761301.0,57.58
20200326,5880,12945848278.0,2552841573.0,19.71
20200326,5906,30000000.0,5884654.0,19.61
20200326,5907,195531000.0,104322237.0,53.35
20200326,6005,2170908097.0,245092776.0,11.28
20200326,6024,176437584.0,4240441.0,2.4
20200326,6108,159899311.0,10442779.0,6.53
20200326,6112,188357336.0,3294770.0,1.74
20200326,6115,187662154.0,23467791.0,12.5
20200326,6116,3133933851.0,344182018.0,10.98
20200326,6117,88650000.0,2472680.0,2.78
20200326,6120,665555114.0,62039742.0,9.32
20200326,6128,127588740.0,2933986.0,2.29
20200326,6131,101926533.0,125259.0,0.12
20200326,6133,117006294.0,5705871.0,4.87
20200326,6136,115536412.0,5134016.0,4.44
20200326,6139,225540929.0,37496010.0,16.62
20200326,6141,129964450.0,3315739.0,2.55
20200326,6142,268235633.0,7138699.0,2.66
20200326,6152,167738463.0,333337.0,0.19
20200326,6153,544279610.0,72351590.0,13.29
20200326,6155,86667589.0,2211407.0,2.55
20200326,6164,100000239.0,536855.0,0.53
20200326,6165,49682403.0,865013.0,1.74
20200326,6166,217497257.0,39388572.0,18.1
20200326,6168,206069801.0,6759050.0,3.27
20200326,6172,30000000.0,203214.0,0.67
20200326,6176,465027263.0,274583620.0,59.04
20200326,6177,256896748.0,6944840.0,2.7
20200326,6183,150000000.0,1534954.0,1.02
20200326,6184,158230657.0,3993468.0,2.52
20200326,6189,179045194.0,8733648.0,4.87
20200326,6191,515546903.0,39648650.0,7.69
20200326,6192,106839745.0,30951086.0,28.96
20200326,6196,185690424.0,8448531.0,4.54
20200326,6197,122085882.0,11793822.0,9.66
20200326,6201,89200000.0,178834.0,0.2
20200326,6202,226168200.0,61562933.0,27.21
20200326,6205,71839079.0,1922032.0,2.67
20200326,6206,143062324.0,29736525.0,20.78
20200326,6209,163119931.0,3685568.0,2.25
20200326,6213,302957218.0,43470313.0,14.34
20200326,6214,269393304.0,42141535.0,15.64
20200326,6215,82789693.0,4498883.0,5.43
20200326,6216,84345637.0,659124.0,0.78
20200326,6224,80001838.0,13433544.0,16.79
20200326,6225,119076655.0,6441406.0,5.4
20200326,6226,114951789.0,1024256.0,0.89
20200326,6230,86343396.0,57334093.0,66.4
20200326,6235,168069106.0,3072143.0,1.82
20200326,6239,779146634.0,574077871.0,73.68
20200326,6243,74976693.0,217847.0,0.29
20200326,6251,281059335.0,37567367.0,13.36
20200326,6257,415772017.0,110458114.0,26.56
20200326,6269,335703398.0,120309510.0,35.83
20200326,6271,165357520.0,36391499.0,22.0
20200326,6277,119471166.0,19680776.0,16.47
20200326,6278,292398353.0,83483319.0,28.55
20200326,6281,99172945.0,1921478.0,1.93
20200326,6282,516621295.0,78421219.0,15.17
20200326,6283,148079143.0,28576717.0,19.29
20200326,6285,390329302.0,65556132.0,16.79
20200326,6288,171128000.0,4907258.0,2.86
20200326,6289,80778136.0,47714.0,0.05
20200326,6405,65800000.0,82686.0,0.12
20200326,6409,83301492.0,54484287.0,65.4
20200326,6412,386715375.0,44350619.0,11.46
20200326,6414,83574472.0,8824353.0,10.55
20200326,6415,91661926.0,85294900.0,93.05
20200326,6416,68035634.0,1224050.0,1.79
20200326,6431,45642835.0,7418338.0,16.25
20200326,6442,69300000.0,23256224.0,33.55
20200326,6443,379016730.0,10555176.0,2.78
20200326,6449,84441912.0,1635022.0,1.93
20200326,6451,105446800.0,66672830.0,63.22
20200326,6452,100000000.0,21239777.0,21.23
20200326,6456,339439800.0,156659789.0,46.15
20200326,6464,122694706.0,573214.0,0.46
20200326,6477,94456570.0,850612.0,0.9
20200326,6491,70000000.0,2854763.0,4.07
20200326,6504,72600000.0,2206932.0,3.03
20200326,6505,9525959652.0,715166469.0,7.5
20200326,6525,129047384.0,14216996.0,11.01
20200326,6531,73830423.0,13244458.0,17.93
20200326,6533,42650911.0,1440847.0,3.37
20200326,6541,264052074.0,103372533.0,39.14
20200326,6552,100000000.0,2031293.0,2.03
20200326,6558,86660750.0,5368646.0,6.19
20200326,6573,67499345.0,46149070.0,68.36
20200326,6579,148498468.0,4438000.0,2.98
20200326,6581,111270887.0,411000.0,0.36
20200326,6582,104877141.0,15882095.0,15.14
20200326,6591,26203000.0,7768089.0,29.64
20200326,6592,515000407.0,119999170.0,23.3
20200326,6605,165816397.0,20393775.0,12.29
20200326,6625,37333423.0,17895.0,0.04
20200326,6641,34000000.0,11096603.0,32.63
20200326,6655,75608500.0,190274.0,0.25
20200326,6666,47388000.0,37749002.0,79.65
20200326,6668,68392302.0,18905621.0,27.64
20200326,6669,174510791.0,41419534.0,23.73
20200326,6670,131030000.0,30499150.0,23.27
20200326,6671,60750000.0,38043634.0,62.62
20200326,6672,70654345.0,28189277.0,39.89
20200326,6674,66837681.0,24000.0,0.03
20200326,6698,66389753.0,3846223.0,5.79
20200326,6706,66744935.0,4301806.0,6.44
20200326,6715,57000000.0,4519580.0,7.92
20200326,8011,118620375.0,2798541.0,2.35
20200326,8016,120136876.0,41514343.0,34.55
20200326,8021,142180467.0,17073817.0,12.0
20200326,8028,132408000.0,18491941.0,13.96
20200326,8033,112629775.0,708442.0,0.62
20200326,8039,209119692.0,46988109.0,22.46
20200326,8046,646165487.0,38259663.0,5.92
20200326,8070,63879937.0,7716273.0,12.07
20200326,8072,80000000.0,826270.0,1.03
20200326,8081,86172072.0,13234566.0,15.35
20200326,8101,208088795.0,863966.0,0.41
20200326,8103,81399413.0,7620605.0,9.36
20200326,8104,67630050.0,1073404.0,1.58
20200326,8105,441544851.0,261357939.0,59.19
20200326,8110,506381144.0,31165320.0,6.15
20200326,8112,378496473.0,108493222.0,28.66
20200326,8114,106074919.0,4514174.0,4.25
20200326,8131,442222223.0,25671854.0,5.8
20200326,8150,727240126.0,350928630.0,48.25
20200326,8163,280000001.0,48443836.0,17.3
20200326,8201,62366275.0,1682565.0,2.69
20200326,8210,119725950.0,16660993.0,13.91
20200326,8213,271242488.0,70797559.0,26.1
20200326,8215,320674514.0,9556161.0,2.98
20200326,8222,68546750.0,303821.0,0.44
20200326,8249,127055000.0,19236919.0,15.14
20200326,8261,81340493.0,21159674.0,26.01
20200326,8271,100897807.0,16210362.0,16.06
20200326,8341,111500000.0,28076797.0,25.18
20200326,8367,81131938.0,1106473.0,1.36
20200326,8374,112225487.0,3424038.0,3.05
20200326,8404,315178126.0,176354525.0,55.95
20200326,8411,175398185.0,109298792.0,62.31
20200326,8422,108888000.0,26763654.0,24.57
20200326,8427,104261000.0,36884760.0,35.37
20200326,8429,185747151.0,68988008.0,37.14
20200326,8442,49999682.0,37879396.0,75.75
20200326,8443,66800000.0,4427125.0,6.62
20200326,8454,140058500.0,40798502.0,29.12
20200326,8462,69835558.0,1614985.0,2.31
20200326,8463,150000000.0,1175000.0,0.78
20200326,8464,293020200.0,121402636.0,41.43
20200326,8466,66059000.0,40567000.0,61.41
20200326,8467,49534000.0,21919038.0,44.25
20200326,8473,134812297.0,1342711.0,0.99
20200326,8478,90893276.0,51731320.0,56.91
20200326,8480,39270000.0,34236019.0,87.18
20200326,8481,66601866.0,2933000.0,4.4
20200326,8482,111112000.0,99014701.0,89.11
20200326,8488,67500000.0,52358033.0,77.56
20200326,8497,36542810.0,420058.0,1.14
20200326,8499,51286000.0,37854108.0,73.8
20200326,8926,589048595.0,42313828.0,7.18
20200326,8940,67491032.0,5408937.0,8.01
20200326,8996,89384080.0,5579389.0,6.24
20200326,9103,205531500.0,673001.0,0.32
20200326,9105,839284153.0,9335005.0,1.11
20200326,9110,53918500.0,49000.0,0.09
20200326,9136,150804000.0,1616000.0,1.07
20200326,9188,66692000.0,0.0,0.0
20200326,9802,159830923.0,74003836.0,46.3
20200326,9902,98049600.0,501538.0,0.51
20200326,9904,2946787213.0,1668959431.0,56.63
20200326,9905,305000000.0,10151081.0,3.32
20200326,9906,83343981.0,631624.0,0.75
20200326,9907,1579145342.0,220289309.0,13.94
20200326,9908,516358000.0,11311045.0,2.19
20200326,9910,734734249.0,135373207.0,18.42
20200326,9911,221121188.0,48836260.0,22.08
20200326,9912,54350569.0,8632401.0,15.88
20200326,9914,298983800.0,115797958.0,38.73
20200326,9917,451197093.0,192107113.0,42.57
20200326,9918,180537453.0,2258969.0,1.25
20200326,9919,195362750.0,6583412.0,3.36
20200326,9921,375064626.0,180033995.0,48.0
20200326,9924,188452170.0,23110283.0,12.26
20200326,9925,383653075.0,65617485.0,17.1
20200326,9926,179504075.0,297323.0,0.16
20200326,9927,209148167.0,21782053.0,10.41
20200326,9928,150724583.0,0.0,0.0
20200326,9929,168800000.0,13594624.0,8.05
20200326,9930,248540368.0,5078606.0,2.04
20200326,9931,102250512.0,448917.0,0.43
20200326,9933,763273848.0,189460190.0,24.82
20200326,9934,356212962.0,74680012.0,20.96
20200326,9935,169623342.0,11285408.0,6.65
20200326,9937,309043000.0,5901178.0,1.9
20200326,9938,297963902.0,79253722.0,26.59
20200326,9939,292878879.0,76623610.0,26.16
20200326,9940,736846500.0,36343926.0,4.93
20200326,9941,302092125.0,18258839.0,6.04
20200326,9942,83161320.0,3003735.0,3.61
20200326,9943,147317600.0,3970939.0,2.69
20200326,9944,109107100.0,3166160.0,2.9
20200326,9945,1003253999.0,161368768.0,16.08
20200326,9946,300820867.0,29796640.0,9.9
20200326,9955,103208229.0,1284492.0,1.24
20200326,9958,209342910.0,7559291.0,3.61
