date,stock_id,close_before,ref_price,div_value,kind
2018-01-11,6477,23.15,22.74,0.400184,權
2018-01-24,00710B,19.51,19.46,0.042,息
2018-01-24,00711B,19.72,19.51,0.202,息
2018-01-24,00712,18.43,18.34,0.09,息
2018-01-25,00702,20.91,20.66,0.25,息
2018-01-29,0050,87.5,85.3,2.2,息
2018-01-29,006203,40.31,39.51,0.8,息
2018-02-05,6153,43.75,43.02,0.720376,權
2018-03-19,6128,41.0,39.11,1.881044,權
2018-03-19,9105,2.87,2.83,0.038624,息
2018-03-22,00710B,19.37,19.28,0.081,息
2018-03-22,00711B,18.76,18.56,0.193,息
2018-03-22,00712,17.73,17.72,0.009,息
2018-04-02,01004T,12.64,12.44,0.193775,息
2018-04-19,00714,18.2,17.97,0.23,息
2018-04-26,01003T,14.9,14.52,0.37097,息
2018-04-26,6449,63.4,62.38,1.013108,權
2018-05-03,0052,53.5,51.78,1.72,息
2018-05-03,01001T,13.67,13.26,0.405716,息
2018-05-09,2430,24.9,23.54,1.36,息
2018-05-17,01002T,13.81,13.37,0.438168,息
2018-05-17,01007T,14.53,14.31,0.219533,息
2018-05-21,2101,25.0,24.29,0.706857,息
2018-05-22,9136,6.83,6.52,0.3008,息
2018-05-29,2528,20.0,18.51,1.482821,權
2018-06-01,3443,255.0,250.0,5.0,息
2018-06-01,6416,148.0,144.47,3.529364,息
2018-06-04,8454,240.0,232.0,8.0,息
2018-06-05,2809,36.0,34.5,1.5,息
2018-06-06,2444,16.15,16.04,0.103926,息
2018-06-07,1773,91.4,86.8,4.6,息
2018-06-07,910322,33.7,33.33,0.367897,息
2018-06-11,912000,3.32,2.89,0.426832,息
2018-06-12,2017,11.15,10.23,0.910766,權息
2018-06-12,6579,93.0,88.25,4.75,息
2018-06-13,8427,40.3,39.95,0.35,息
2018-06-14,1786,79.0,78.8,0.2,息
2018-06-14,2480,42.85,40.23,2.62,息
2018-06-14,2727,107.0,101.5,5.5,息
2018-06-14,3030,77.9,74.9,3.0,息
2018-06-15,1605,24.15,23.15,1.0,息
2018-06-15,2467,28.75,27.25,1.5,息
2018-06-15,2612,29.25,28.75,0.5,息
2018-06-15,6024,67.8,64.93,2.87,息
2018-06-15,8070,149.0,138.0,11.0,息
2018-06-15,912398,7.31,7.02,0.281175,息
2018-06-19,1760,99.6,98.1,1.5,息
2018-06-19,2461,15.45,14.89,0.56,息
2018-06-19,8467,31.9,30.4,1.5,息
2018-06-19,9940,42.55,35.41,7.13886,權息
2018-06-20,2421,44.55,42.25,2.3,息
2018-06-20,6281,67.5,63.5,4.0,息
2018-06-21,00710B,20.23,19.99,0.236,息
2018-06-21,00711B,18.55,18.37,0.178,息
2018-06-21,00712,19.37,18.81,0.555,息
2018-06-21,2359,23.05,22.05,1.0,息
2018-06-21,2385,73.2,68.75,4.45,息
2018-06-21,2723,332.0,295.19,36.800478,權息
2018-06-21,3094,24.0,23.1,0.9,息
2018-06-21,6456,206.0,197.0,9.0,息
2018-06-22,2722,30.7,29.13,1.565385,權息
2018-06-22,5533,16.5,15.8,0.7,息
2018-06-22,6164,11.8,11.4,0.4,息
2018-06-25,1731,14.55,13.95,0.6,息
2018-06-25,2330,227.5,219.5,8.0,息
2018-06-26,1324,12.8,12.5,0.3,息
2018-06-26,2881,53.2,50.9,2.3,息
2018-06-26,2881A,65.6,63.14,2.46,息
2018-06-26,2882,55.6,53.1,2.5,息
2018-06-26,2882A,64.6,62.32,2.28,息
2018-06-26,3040,57.9,48.9,9.0,息
2018-06-26,3669,20.75,20.35,0.399405,息
2018-06-26,5234,92.0,80.45,11.545454,權息
2018-06-26,8261,46.75,46.3,0.45,息
2018-06-26,8341,210.5,204.5,6.0,息
2018-06-27,2107,15.1,14.45,0.65,息
2018-06-27,2483,21.85,20.55,1.3,息
2018-06-27,2739,32.4,31.4,1.0,息
2018-06-27,2748,70.0,67.25,2.75,息
2018-06-27,3031,17.7,16.85,0.85,息
2018-06-27,4557,71.0,66.0,5.0,息
2018-06-27,5225,22.0,21.29,0.703772,息
2018-06-27,6442,37.8,35.8,2.0,息
2018-06-27,8271,39.95,37.35,2.6,息
2018-06-28,1437,19.7,19.2,0.5,息
2018-06-28,1451,25.05,23.55,1.5,息
2018-06-28,1598,34.8,34.3,0.5,息
2018-06-28,1906,20.15,19.15,1.0,息
2018-06-28,2024,11.05,10.25,0.8,息
2018-06-28,2408,87.2,83.69,3.508727,息
2018-06-28,2501,17.3,16.1,1.2,息
2018-06-28,2548,71.3,66.1,5.2,息
2018-06-28,2630,29.7,28.45,1.25,息
2018-06-28,3010,55.5,52.2,3.3,息
2018-06-28,3054,19.2,18.8,0.4,息
2018-06-28,3305,23.15,22.12,1.02726,息
2018-06-28,4148,114.5,111.85,2.65,息
2018-06-28,6108,23.7,22.35,1.35,息
2018-06-28,9934,19.0,17.5,1.499672,息
2018-06-29,1568,28.35,27.55,0.8,息
2018-06-29,1902,18.8,18.46,0.333,息
2018-06-29,2006,24.0,22.6,1.4,息
2018-07-02,1710,32.9,31.15,1.75,息
2018-07-02,1802,17.2,16.7,0.5,息
2018-07-02,2012,19.85,19.1,0.75,息
2018-07-02,2308,109.5,104.5,5.0,息
2018-07-02,2404,66.4,60.4,6.0,息
2018-07-02,2459,41.8,38.8,3.0,息
2018-07-02,2606,33.5,32.3,1.2,息
2018-07-02,3003,51.7,49.9,1.8,息
2018-07-02,4155,29.4,27.06,2.332039,權息
2018-07-02,6196,72.2,69.71,2.482537,息
2018-07-02,9911,39.3,36.7,2.6,息
2018-07-03,1560,70.7,67.2,3.5,息
2018-07-03,2010,11.2,10.7,0.5,息
2018-07-03,2357,273.0,258.0,15.0,息
2018-07-03,2373,90.3,84.3,6.0,息
2018-07-03,2415,23.7,22.7,1.0,息
2018-07-03,2464,43.0,41.5,1.5,息
2018-07-03,2642,25.45,24.4,1.05,息
2018-07-03,4755,55.8,53.2,2.6,息
2018-07-03,6405,19.75,19.25,0.5,息
2018-07-03,6412,51.6,48.49,3.10008,息
2018-07-03,8046,27.95,27.45,0.5,息
2018-07-03,9943,58.0,54.0,4.0,息
2018-07-04,1419,47.15,43.42,3.726111,息
2018-07-04,1536,143.0,139.25,3.75,息
2018-07-04,1615,19.2,18.3,0.9,息
2018-07-04,1733,28.65,27.14,1.500541,息
2018-07-04,1909,25.25,23.5,1.75,息
2018-07-04,2239,165.5,160.49,5.004202,權息
2018-07-04,2312,9.9,9.59,0.308498,息
2018-07-04,2369,12.1,11.6,0.5,息
2018-07-04,2451,84.1,78.1,6.0,息
2018-07-04,2820,14.35,13.64,0.71,息
2018-07-04,2832,21.0,19.9,1.1,息
2018-07-04,2885,13.55,12.99,0.556315,息
2018-07-04,2887E,54.1,51.72,2.375,息
2018-07-04,2939,151.0,136.0,15.0,息
2018-07-04,3006,39.45,37.2,2.241214,息
2018-07-04,3021,15.55,14.8,0.75,息
2018-07-04,5706,37.4,34.4,3.0,息
2018-07-04,6155,44.1,43.65,0.45,息
2018-07-04,6505,123.0,116.7,6.3,息
2018-07-04,6581,111.5,106.15,5.35,息
2018-07-04,8081,66.0,61.5,4.5,息
2018-07-04,9939,52.0,49.5,2.5,息
2018-07-05,1326,127.0,120.0,7.0,息
2018-07-05,1444,10.55,10.05,0.5,息
2018-07-05,1457,14.9,14.2,0.7,息
2018-07-05,1504,22.7,21.84,0.86,息
2018-07-05,1521,80.8,75.6,5.2,息
2018-07-05,1608,11.2,10.47,0.73,息
2018-07-05,1612,11.15,10.65,0.5,息
2018-07-05,1711,18.2,17.7,0.5,息
2018-07-05,2353,23.5,22.8,0.7,息
2018-07-05,2397,80.3,76.1,4.2,息
2018-07-05,2433,46.45,42.95,3.5,息
2018-07-05,2456,180.5,178.55,1.945394,息
2018-07-05,2850,35.8,33.98,1.82,息
2018-07-05,3019,90.2,88.6,1.6,息
2018-07-05,3048,17.75,16.75,1.0,息
2018-07-05,3060,20.2,19.6,0.6,息
2018-07-05,3528,36.3,33.33,2.966667,權息
2018-07-05,4133,36.25,35.45,0.8,息
2018-07-05,4746,53.4,51.31,2.084838,權息
2018-07-05,4915,59.0,55.79,3.201296,息
2018-07-05,5007,55.5,52.5,3.0,息
2018-07-05,5388,70.0,66.25,3.75,息
2018-07-05,6116,8.95,8.45,0.5,息
2018-07-05,6141,22.75,22.25,0.5,息
2018-07-05,9188,5.1,4.96,0.13426,息
2018-07-06,1256,161.0,156.0,5.0,息
2018-07-06,2015,58.3,54.8,3.5,息
2018-07-06,2032,9.95,9.85,0.1,息
2018-07-06,2423,23.6,22.1,1.5,息
2018-07-06,2856,10.3,10.04,0.257942,息
2018-07-06,3698,17.7,17.49,0.200281,息
2018-07-06,6215,19.35,18.75,0.6,息
2018-07-06,8210,40.5,37.5,3.0,息
2018-07-06,9904,35.5,33.5,2.0,息
2018-07-06,9931,32.15,30.95,1.2,息
2018-07-09,1236,16.8,16.7,0.1,息
2018-07-09,1452,20.1,18.7,1.4,息
2018-07-09,1476,355.0,345.5,9.5,息
2018-07-09,1558,129.5,121.0,8.5,息
2018-07-09,1707,229.0,222.32,6.67601,息
2018-07-09,2327,1175.0,968.29,206.70095,權息
2018-07-09,2362,33.75,32.9,0.841122,息
2018-07-09,2395,193.0,186.4,6.595155,息
2018-07-09,2417,12.4,12.3,0.1,息
2018-07-09,2436,26.65,26.04,0.600037,息
2018-07-09,2454,285.0,275.0,10.0,息
2018-07-09,2455,100.5,98.0,2.5,息
2018-07-09,2535,23.25,21.65,1.597526,息
2018-07-09,2597,37.4,35.05,2.35,息
2018-07-09,2891,21.5,20.42,1.08,息
2018-07-09,2891B,61.9,61.85,0.04315,息
2018-07-09,3028,24.1,22.28,1.82,息
2018-07-09,4164,31.7,30.6,1.1,息
2018-07-09,4737,55.9,51.76,4.14,息
2018-07-09,4739,117.0,113.99,3.009508,息
2018-07-09,4952,40.8,37.8,3.0,息
2018-07-09,5215,24.85,23.85,1.0,息
2018-07-09,6136,23.9,22.1,1.8,息
2018-07-09,6224,68.2,65.2,3.0,息
2018-07-09,6257,36.95,35.18,1.76136,息
2018-07-09,8072,24.0,23.5,0.5,息
2018-07-09,8463,25.95,25.12,0.83,息
2018-07-09,9802,60.0,55.88,4.112912,息
2018-07-09,9907,12.4,11.9,0.5,息
2018-07-09,9918,33.4,32.2,1.2,息
2018-07-10,1104,20.15,19.05,1.1,息
2018-07-10,1233,39.0,36.75,2.25,息
2018-07-10,1303,87.5,82.4,5.1,息
2018-07-10,1307,30.0,28.3,1.7,息
2018-07-10,1589,55.7,54.16,1.533691,息
2018-07-10,2115,32.65,31.15,1.5,息
2018-07-10,2303,17.65,16.93,0.711643,息
2018-07-10,2313,31.15,29.95,1.2,息
2018-07-10,2314,25.05,24.85,0.2,息
2018-07-10,2538,11.05,10.25,0.8,息
2018-07-10,3045,111.5,105.9,5.6,息
2018-07-10,3050,11.45,10.85,0.6,息
2018-07-10,3673,61.0,58.0,3.0,息
2018-07-10,4562,39.2,37.2,2.0,息
2018-07-10,4977,87.5,82.85,4.64049,息
2018-07-10,6415,744.0,738.02,5.979887,息
2018-07-10,6541,95.2,94.14,1.053754,權
2018-07-10,8163,74.7,72.7,2.0,息
2018-07-10,8213,27.95,26.43,1.512902,息
2018-07-10,8422,188.5,177.5,11.0,息
2018-07-10,8926,26.8,25.5,1.3,息
2018-07-11,1301,112.0,106.3,5.7,息
2018-07-11,1463,22.5,19.5,3.0,息
2018-07-11,1713,17.95,17.51,0.44,息
2018-07-11,2345,97.2,93.06,4.1311,息
2018-07-11,2505,12.6,12.35,0.25,息
2018-07-11,2636,23.85,22.55,1.3,息
2018-07-11,3130,175.5,165.89,9.600289,息
2018-07-11,3481,11.75,10.95,0.8,息
2018-07-11,3532,146.5,144.42,2.08,息
2018-07-11,3705,40.9,38.9,2.0,息
2018-07-11,4807,62.7,59.7,3.0,息
2018-07-11,4904,79.3,75.55,3.75,息
2018-07-11,4999,52.5,49.5,3.0,息
2018-07-11,6464,119.5,113.36,6.133663,權息
2018-07-11,6591,71.5,69.5,2.0,息
2018-07-11,8443,14.05,13.77,0.28,息
2018-07-12,1215,59.3,56.3,3.0,息
2018-07-12,1323,36.9,35.6,1.3,息
2018-07-12,1338,101.0,96.0,5.0,息
2018-07-12,1455,10.1,9.7,0.4,息
2018-07-12,1515,40.05,38.85,1.2,息
2018-07-12,1535,39.6,38.35,1.25,息
2018-07-12,1611,11.55,10.55,1.0,息
2018-07-12,1702,60.0,57.3,2.7,息
2018-07-12,1904,17.1,16.4,0.7,息
2018-07-12,1907,11.9,11.3,0.6,息
2018-07-12,2114,95.0,90.0,5.0,息
2018-07-12,2331,17.95,16.95,1.0,息
2018-07-12,2356,24.3,22.65,1.65,息
2018-07-12,2376,62.6,58.6,4.0,息
2018-07-12,2401,15.1,14.4,0.7,息
2018-07-12,2409,13.4,11.9,1.5,息
2018-07-12,2608,39.9,38.3,1.6,息
2018-07-12,2883,11.45,10.85,0.6,息
2018-07-12,2904,20.45,19.25,1.2,息
2018-07-12,2911,12.2,11.68,0.515126,息
2018-07-12,3014,37.0,34.49,2.501093,息
2018-07-12,3026,243.0,237.7,5.3,息
2018-07-12,3034,138.5,131.4,7.1,息
2018-07-12,3406,468.0,464.5,3.5,息
2018-07-12,4722,34.05,31.0,3.05,權息
2018-07-12,4956,22.8,22.3,0.5,息
2018-07-12,6166,49.6,48.1,1.5,息
2018-07-12,6192,62.5,59.2,3.3,息
2018-07-12,6213,73.9,70.8,3.1,息
2018-07-12,6278,26.0,24.7,1.3,息
2018-07-12,6409,519.0,498.99,20.000813,息
2018-07-12,6477,21.0,20.58,0.42,息
2018-07-12,8131,36.9,34.4,2.5,息
2018-07-12,9924,34.2,32.2,2.0,息
2018-07-13,1410,24.25,22.85,1.4,息
2018-07-13,1477,137.5,131.5,6.0,息
2018-07-13,1614,24.25,23.55,0.696474,息
2018-07-13,1708,28.25,27.25,1.0,息
2018-07-13,2020,15.8,14.38,1.42,息
2018-07-13,2105,46.0,44.2,1.8,息
2018-07-13,2348,45.0,41.4,3.6,息
2018-07-13,2360,163.5,159.02,4.475399,息
2018-07-13,2419,21.05,19.82,1.2256,息
2018-07-13,2427,10.95,10.7,0.25,息
2018-07-13,2453,13.95,13.25,0.7,息
2018-07-13,2493,26.6,24.85,1.75,息
2018-07-13,2605,15.45,14.85,0.6,息
2018-07-13,2897,8.37,8.07,0.3,息
2018-07-13,3596,74.7,72.7,2.0,息
2018-07-13,3607,25.8,25.0,0.799999,息
2018-07-13,4958,67.7,64.4,3.3,息
2018-07-13,5538,41.15,38.65,2.5,息
2018-07-13,6115,45.0,42.0,3.0,息
2018-07-13,8464,254.5,244.5,10.0,息
2018-07-16,1232,97.0,92.0,5.0,息
2018-07-16,1312,29.9,28.9,1.0,息
2018-07-16,1312A,34.95,33.35,1.6,息
2018-07-16,1313,21.0,18.51,2.481482,權息
2018-07-16,1325,17.95,17.6,0.35,息
2018-07-16,2034,26.6,24.8,1.8,息
2018-07-16,2426,24.1,23.4,0.699997,息
2018-07-16,2615,17.2,16.7,0.5,息
2018-07-16,2908,23.5,22.3,1.2,息
2018-07-16,3056,22.55,20.55,2.0,息
2018-07-16,3550,21.85,20.35,1.5,息
2018-07-16,3645,77.8,76.3,1.5,息
2018-07-16,4906,28.45,27.46,0.98646,息
2018-07-16,6120,28.5,28.1,0.4,息
2018-07-16,6214,66.9,61.9,5.0,息
2018-07-16,6230,86.6,82.65,3.95,息
2018-07-16,8016,113.5,107.99,5.500684,息
2018-07-16,8481,45.0,42.0,3.0,息
2018-07-16,9926,41.5,39.9,1.6,息
2018-07-17,00714,20.09,19.88,0.209,息
2018-07-17,1109,15.4,15.3,0.1,息
2018-07-17,1524,10.75,10.3,0.45,息
2018-07-17,1532,29.0,27.5,1.5,息
2018-07-17,1582,62.8,57.8,5.0,息
2018-07-17,1592,27.05,26.05,1.0,息
2018-07-17,1618,9.38,9.08,0.3,息
2018-07-17,1721,10.2,10.0,0.2,息
2018-07-17,2207,273.0,261.0,12.0,息
2018-07-17,2731,115.0,109.8,5.2,息
2018-07-17,2816,17.8,17.1,0.7,息
2018-07-17,2849,15.2,14.6,0.6,息
2018-07-17,3015,25.05,23.55,1.5,息
2018-07-17,3023,86.6,82.6,4.0,息
2018-07-17,3044,85.5,80.25,5.25,息
2018-07-17,3454,81.0,75.12,5.878049,權息
2018-07-17,3617,93.1,88.1,5.0,息
2018-07-17,4306,19.45,18.85,0.59696,息
2018-07-17,5471,30.5,29.0,1.5,息
2018-07-17,6128,35.6,35.1,0.5,息
2018-07-17,6206,81.1,76.6,4.5,息
2018-07-17,6451,149.5,148.56,0.94,息
2018-07-17,9910,163.0,158.0,5.0,息
2018-07-17,9942,88.8,84.6,4.2,息
2018-07-18,1219,18.6,18.3,0.3,息
2018-07-18,1220,12.25,11.85,0.4,息
2018-07-18,1319,44.45,42.4,2.05,息
2018-07-18,1434,33.65,31.75,1.9,息
2018-07-18,1727,14.5,13.9,0.6,息
2018-07-18,1736,30.2,29.9,0.3,息
2018-07-18,1808,58.0,54.46,3.53781,息
2018-07-18,1809,13.75,13.55,0.2,息
2018-07-18,2029,26.0,24.25,1.75,息
2018-07-18,2031,39.1,37.12,1.97667,息
2018-07-18,2103,30.8,29.84,0.96,息
2018-07-18,2201,21.25,20.67,0.58,息
2018-07-18,2231,402.5,349.72,52.777688,權息
2018-07-18,2243,28.65,28.15,0.5,息
2018-07-18,2448,37.85,37.05,0.8,息
2018-07-18,2449,28.0,26.2,1.797838,息
2018-07-18,2520,21.45,20.95,0.5,息
2018-07-18,2546,25.4,23.24,2.16,息
2018-07-18,2903,18.65,17.65,1.0,息
2018-07-18,3032,33.25,31.25,2.0,息
2018-07-18,3055,28.2,27.4,0.8,息
2018-07-18,3679,76.2,70.08,6.110414,息
2018-07-18,4560,58.8,56.32,2.475531,息
2018-07-18,5469,28.35,27.55,0.8,息
2018-07-18,6525,89.7,78.81,10.881818,權息
2018-07-19,1110,14.1,14.0,0.1,息
2018-07-19,1315,27.25,26.15,1.1,息
2018-07-19,1402,33.25,32.05,1.2,息
2018-07-19,1414,7.66,7.34,0.32,息
2018-07-19,1519,22.15,21.75,0.4,息
2018-07-19,1723,149.0,144.4,4.6,息
2018-07-19,1724,14.0,13.4,0.6,息
2018-07-19,1905,10.6,10.1,0.5,息
2018-07-19,2013,28.8,28.56,0.24,息
2018-07-19,2204,28.55,26.75,1.8,息
2018-07-19,2385,68.8,68.45,0.342289,權
2018-07-19,2616,33.4,30.88,2.512062,息
2018-07-19,3432,20.0,18.0,2.0,息
2018-07-19,3708,78.1,76.1,1.990486,息
2018-07-19,4555,70.4,68.4,2.0,息
2018-07-19,4935,38.3,37.3,1.0,息
2018-07-19,4989,35.3,32.09,3.200836,息
2018-07-19,6189,28.5,26.7,1.8,息
2018-07-19,8249,24.6,23.0,1.6,息
2018-07-19,8411,16.0,15.65,0.35,息
2018-07-19,9919,12.3,11.95,0.35,息
2018-07-20,1225,90.0,88.75,1.25,息
2018-07-20,1587,19.45,19.0,0.443205,息
2018-07-20,1609,13.85,13.5,0.35,息
2018-07-20,2030,15.6,14.6,1.0,息
2018-07-20,2340,27.1,25.75,1.35,息
2018-07-20,2496,135.5,122.85,12.642858,權息
2018-07-20,3338,20.05,19.74,0.300494,息
2018-07-20,5305,41.9,40.3,1.597021,息
2018-07-20,6625,51.0,48.09,2.904762,權息
2018-07-20,8497,45.5,42.5,3.0,息
2018-07-20,9917,90.5,86.5,4.0,息
2018-07-23,0050,84.65,83.95,0.7,息
2018-07-23,006203,39.17,38.82,0.35,息
2018-07-23,1218,18.6,18.2,0.4,息
2018-07-23,1734,21.55,21.35,0.2,息
2018-07-23,2049,310.5,296.13,14.36048,權息
2018-07-23,2324,19.85,18.65,1.2,息
2018-07-23,2412,111.5,106.7,4.796,息
2018-07-23,2458,50.1,47.52,2.58,息
2018-07-23,2613,12.6,12.27,0.33,息
2018-07-23,2906,11.2,10.8,0.4,息
2018-07-23,3380,22.45,21.45,1.0,息
2018-07-23,3545,25.45,24.93,0.51205,息
2018-07-23,5515,11.5,11.0,0.5,息
2018-07-23,8222,18.5,18.2,0.3,息
2018-07-23,8374,28.05,27.55,0.499354,息
2018-07-23,9945,34.9,32.9,2.0,息
2018-07-24,1310,23.15,21.55,1.6,息
2018-07-24,1473,20.4,19.89,0.503429,息
2018-07-24,1540,15.25,14.65,0.6,息
2018-07-24,1762,25.2,24.7,0.5,息
2018-07-24,1783,29.4,29.24,0.150338,息
2018-07-24,2069,24.0,22.45,1.54048,息
2018-07-24,2206,21.7,20.68,1.018155,息
2018-07-24,3413,191.0,176.19,14.809524,權息
2018-07-24,3450,107.0,94.54,12.454546,權息
2018-07-24,4144,35.5,34.5,1.0,息
2018-07-24,5522,32.95,30.45,2.5,息
2018-07-24,6205,26.65,25.45,1.2,息
2018-07-24,6573,46.1,45.1,1.0,息
2018-07-24,8473,71.6,68.6,3.0,息
2018-07-25,1234,31.7,30.2,1.5,息
2018-07-25,1459,8.53,8.43,0.1,息
2018-07-25,1701,20.05,19.45,0.6,息
2018-07-25,2033,11.15,10.95,0.2,息
2018-07-25,2108,30.1,27.71,2.385715,權息
2018-07-25,2317,85.2,83.2,2.0,息
2018-07-25,2354,80.0,76.4,3.6,息
2018-07-25,2414,21.75,20.35,1.4,息
2018-07-25,2468,11.75,11.35,0.4,息
2018-07-25,2511,11.35,10.7,0.65,息
2018-07-25,2634,30.9,29.77,1.13,息
2018-07-25,2851,21.2,19.23,1.961905,權息
2018-07-25,2855,15.0,13.8,1.2,息
2018-07-25,3416,56.3,53.8,2.5,息
2018-07-25,3605,21.35,20.95,0.4,息
2018-07-25,3702,43.65,41.25,2.4,息
2018-07-25,4190,132.5,130.0,2.5,息
2018-07-25,4545,35.0,34.5,0.5,息
2018-07-25,5284,61.6,58.43,3.169702,息
2018-07-25,6117,16.2,15.0,1.2,息
2018-07-25,6176,61.8,57.0,4.8,息
2018-07-25,6288,21.5,21.15,0.349913,息
2018-07-25,8215,19.4,18.5,0.9,息
2018-07-25,9941,118.5,112.6,5.9,息
2018-07-26,006208,49.08,48.43,0.65,息
2018-07-26,00692,21.75,21.66,0.083,息
2018-07-26,00701,21.7,21.53,0.17,息
2018-07-26,00702,20.83,20.53,0.3,息
2018-07-26,00717,20.34,19.75,0.581,息
2018-07-26,1101,45.1,39.63,5.463637,權息
2018-07-26,1304,14.05,13.48,0.569608,權息
2018-07-26,1305,30.4,28.05,2.341748,權息
2018-07-26,1308,17.95,16.58,1.361215,權息
2018-07-26,1437,19.25,18.33,0.916667,權
2018-07-26,1522,32.0,30.4,1.6,息
2018-07-26,1617,13.95,13.35,0.6,息
2018-07-26,1717,28.15,25.84,2.308879,權息
2018-07-26,1730,56.4,54.13,2.268444,息
2018-07-26,1789,31.7,31.22,0.48,息
2018-07-26,1810,9.18,8.88,0.3,息
2018-07-26,2002,24.8,23.92,0.88,息
2018-07-26,2002A,42.75,41.35,1.4,息
2018-07-26,2495,12.45,12.05,0.399976,息
2018-07-26,2707,149.0,142.08,6.912,息
2018-07-26,2884,22.45,20.57,1.873155,權息
2018-07-26,3501,52.0,48.8,3.2,息
2018-07-26,3583,84.0,82.0,2.0,息
2018-07-26,4106,27.3,26.5,0.8,息
2018-07-26,4137,293.0,284.95,8.042696,息
2018-07-26,4532,31.85,30.09,1.754673,息
2018-07-26,4536,86.8,83.8,3.0,息
2018-07-26,4566,51.6,49.21,2.39,息
2018-07-26,6271,105.5,99.5,6.0,息
2018-07-26,6412,45.5,45.27,0.226375,權
2018-07-26,8996,51.6,50.6,1.0,息
2018-07-26,9908,27.9,26.8,1.1,息
2018-07-26,9925,38.3,36.3,2.0,息
2018-07-26,9933,49.85,46.61,3.233704,息
2018-07-27,1626,20.1,20.0,0.1,息
2018-07-27,1704,53.9,51.0,2.899245,息
2018-07-27,3338,20.1,19.69,0.405158,權
2018-07-27,4943,296.0,264.54,31.454546,權息
2018-07-27,6226,9.75,9.63,0.12,息
2018-07-27,8021,21.05,20.65,0.4,息
2018-07-27,8110,14.75,13.9,0.85,息
2018-07-27,9937,40.35,38.35,2.0,息
2018-07-30,1474,12.5,11.9,0.6,息
2018-07-30,1503,41.15,39.85,1.3,息
2018-07-30,1528,14.4,14.25,0.14047,權
2018-07-30,1725,17.5,16.67,0.83,息
2018-07-30,2382,55.6,52.2,3.4,息
2018-07-30,2852,14.1,13.5,0.6,息
2018-07-30,2915,62.0,58.0,4.0,息
2018-07-30,3022,36.25,35.75,0.5,息
2018-07-30,3037,16.7,16.2,0.49822,息
2018-07-30,4720,13.95,13.75,0.2,息
2018-07-30,4938,69.2,65.19,4.001665,息
2018-07-30,6112,37.5,32.72,4.772727,權息
2018-07-30,8480,142.0,125.45,16.545455,權息
2018-07-30,9188,5.12,4.73,0.3898,息
2018-07-30,9905,27.1,25.4,1.7,息
2018-07-31,1227,60.4,58.4,2.0,息
2018-07-31,1525,70.8,68.4,2.4,息
2018-07-31,2351,83.7,81.2,2.5,息
2018-07-31,2355,39.9,37.65,2.25,息
2018-07-31,2633,25.1,24.35,0.75,息
2018-07-31,2812,10.65,9.95,0.698781,權息
2018-07-31,3090,82.1,74.39,7.707477,權息
2018-07-31,3533,230.0,224.5,5.5,息
2018-07-31,4119,69.1,66.95,2.15,息
2018-07-31,5525,22.2,21.0,1.2,息
2018-07-31,5871,107.0,101.17,5.823529,權息
2018-07-31,6239,91.2,86.7,4.5,息
2018-07-31,6414,383.0,374.12,8.877651,息
2018-07-31,6582,54.5,51.01,3.48649,息
2018-07-31,8103,26.15,25.15,1.0,息
2018-07-31,8404,50.7,45.81,4.881818,權息
2018-07-31,9930,61.0,54.54,6.454546,權息
2018-07-31,9938,67.5,64.5,3.0,息
2018-08-01,1470,18.25,17.75,0.5,息
2018-08-01,1507,48.8,46.8,2.0,息
2018-08-01,2228,89.9,84.66,5.24,息
2018-08-01,2393,40.3,37.31,2.98545,息
2018-08-01,2485,25.0,24.6,0.4,息
2018-08-01,2504,9.9,9.4,0.5,息
2018-08-01,2545,27.95,26.45,1.5,息
2018-08-01,2912,336.5,311.5,25.0,息
2018-08-01,3005,46.65,44.15,2.498077,息
2018-08-01,3016,72.2,71.7,0.5,息
2018-08-01,3038,9.25,8.84,0.408276,息
2018-08-01,3231,23.65,21.84,1.807597,權息
2018-08-01,5285,80.8,77.63,3.162804,息
2018-08-01,8488,25.0,23.8,1.2,息
2018-08-02,1216,78.8,73.3,5.5,息
2018-08-02,1530,37.6,36.35,1.25,息
2018-08-02,1720,34.6,33.0,1.6,息
2018-08-02,2352,23.3,21.95,1.35,息
2018-08-02,2392,33.05,31.05,2.0,息
2018-08-02,2450,50.0,46.83,3.166211,息
2018-08-02,2478,96.8,96.0,0.8,息
2018-08-02,2607,13.35,13.0,0.35,息
2018-08-02,2889,11.45,10.67,0.778064,權息
2018-08-02,3018,72.8,67.52,5.271432,權
2018-08-02,3665,203.0,196.17,6.827772,息
2018-08-02,3703,13.3,12.7,0.6,息
2018-08-03,1103,15.15,14.65,0.5,息
2018-08-03,2823,32.85,30.23,2.614151,權息
2018-08-03,2905,25.45,22.82,2.625951,權息
2018-08-03,6024,60.2,54.72,5.472727,權
2018-08-03,6277,89.8,84.3,5.5,息
2018-08-03,6573,45.0,44.81,0.189817,權
2018-08-03,8466,67.7,61.7,6.0,息
2018-08-06,2476,26.95,25.35,1.6,息
2018-08-06,3036,45.15,42.65,2.5,息
2018-08-07,1514,15.55,15.05,0.5,息
2018-08-07,2712,28.7,28.58,0.112,息
2018-08-07,2867,17.35,14.99,2.354322,權
2018-08-07,3062,17.95,17.59,0.350155,息
2018-08-07,3209,21.05,19.28,1.764286,權息
2018-08-07,3653,69.8,67.8,2.0,息
2018-08-07,5607,16.9,16.7,0.2,息
2018-08-07,6605,79.5,77.0,2.5,息
2018-08-08,2471,15.55,14.55,1.0,息
2018-08-08,2492,320.5,316.48,4.018694,息
2018-08-08,2610,9.78,9.56,0.218182,息
2018-08-08,2704,22.65,22.25,0.4,息
2018-08-08,4912,235.0,232.5,2.5,息
2018-08-08,6201,32.15,30.05,2.1,息
2018-08-08,6269,111.5,106.48,5.015348,息
2018-08-08,8114,120.0,113.8,6.2,息
2018-08-09,1440,13.6,13.24,0.36,息
2018-08-09,1464,25.4,23.2,2.2,息
2018-08-09,1712,17.65,16.64,1.001735,息
2018-08-09,1817,42.0,39.7,2.3,息
2018-08-09,2886,27.35,25.85,1.5,息
2018-08-09,3035,61.5,58.8,2.7,息
2018-08-09,4104,50.5,47.7,2.793298,息
2018-08-09,4551,135.5,129.15,6.35,息
2018-08-09,6197,27.3,25.62,1.675763,息
2018-08-09,6285,79.0,73.82,5.176913,權息
2018-08-09,8039,46.15,43.65,2.5,息
2018-08-09,8112,34.95,32.15,2.799216,息
2018-08-09,9914,144.0,142.0,2.0,息
2018-08-09,9958,68.5,67.4,1.097828,權息
2018-08-10,1465,14.95,14.55,0.4,息
2018-08-10,2301,39.85,36.93,2.92,息
2018-08-10,2367,21.0,20.29,0.705883,權息
2018-08-10,2439,173.5,157.67,15.824603,息
2018-08-10,2838,10.75,10.04,0.701457,權息
2018-08-10,2838A,51.7,51.24,0.453698,息
2018-08-10,2892,21.35,20.24,1.102476,權息
2018-08-10,3711,78.5,76.0,2.499257,息
2018-08-13,4919,62.5,60.0,2.5,息
2018-08-13,5203,74.5,72.8,1.691306,息
2018-08-14,1442,19.6,17.8,1.797296,息
2018-08-14,1528,13.3,12.8,0.5,息
2018-08-14,2344,18.5,17.5,1.0,息
2018-08-14,2534,40.6,32.16,8.433334,權息
2018-08-14,3189,50.3,48.8,1.5,息
2018-08-14,6184,39.0,36.5,2.5,息
2018-08-14,6202,77.4,73.3,4.1,息
2018-08-14,6504,168.0,163.5,4.5,息
2018-08-15,2890,11.45,10.73,0.714706,權息
2018-08-15,3042,37.5,35.0,2.5,息
2018-08-15,6191,15.1,14.5,0.6,息
2018-08-16,1737,31.65,30.15,1.5,息
2018-08-16,2536,22.3,20.8,1.5,息
2018-08-16,2880,18.65,17.36,1.281579,權息
2018-08-16,2936,24.35,24.04,0.301972,息
2018-08-16,3008,4455.0,4382.5,72.5,息
2018-08-16,3376,90.5,88.0,2.5,息
2018-08-16,4916,35.35,34.36,0.989092,息
2018-08-16,5434,83.1,78.9,4.2,息
2018-08-17,2374,15.7,14.9,0.8,息
2018-08-17,3059,33.55,33.05,0.493262,息
2018-08-17,4763,128.5,123.5,5.0,息
2018-08-17,5521,10.3,9.7,0.6,息
2018-08-17,9921,131.5,128.0,3.5,息
2018-08-17,9927,39.0,36.0,3.0,息
2018-08-20,1454,8.1,7.9,0.2,息
2018-08-20,2505,12.35,12.11,0.232564,權
2018-08-20,3004,56.7,54.7,2.0,息
2018-08-20,5288,92.5,88.5,4.0,息
2018-08-21,1445,8.02,7.82,0.2,息
2018-08-21,1537,154.0,144.5,9.5,息
2018-08-21,2227,265.5,244.5,21.0,息
2018-08-21,2399,14.1,13.3,0.8,息
2018-08-21,3029,22.45,21.15,1.299639,息
2018-08-21,3033,22.9,20.83,2.061782,權息
2018-08-21,3515,66.1,62.1,4.0,息
2018-08-21,5269,440.0,434.0,6.0,息
2018-08-21,5880,18.9,17.62,1.278641,權息
2018-08-21,6452,376.0,368.0,8.0,息
2018-08-21,8478,49.0,46.93,2.066915,息
2018-08-22,1604,13.55,13.35,0.2,息
2018-08-22,2347,42.95,40.75,2.2,息
2018-08-22,2377,99.9,95.4,4.5,息
2018-08-22,2701,13.1,12.53,0.564652,權息
2018-08-22,2887,15.35,14.17,1.170593,權息
2018-08-22,2923,21.65,21.29,0.36,息
2018-08-22,4438,132.0,127.44,4.56,息
2018-08-22,6139,31.5,30.0,1.5,息
2018-08-22,6552,66.7,66.4,0.3,息
2018-08-23,1460,14.25,13.97,0.279412,權
2018-08-23,1709,19.15,17.65,1.495739,息
2018-08-23,1722,43.5,41.4,2.1,息
2018-08-23,1726,80.9,77.4,3.5,息
2018-08-23,2023,10.5,10.0,0.5,權息
2018-08-23,2375,70.5,67.5,3.0,息
2018-08-23,2428,88.0,84.0,4.0,息
2018-08-23,2477,21.25,19.95,1.3,息
2018-08-23,3013,15.75,15.25,0.5,息
2018-08-23,4426,43.5,40.66,2.839623,權息
2018-08-23,5531,11.5,10.95,0.54762,權
2018-08-24,1340,33.05,29.77,3.277273,權息
2018-08-24,1541,35.35,33.85,1.5,息
2018-08-24,2027,49.1,45.54,3.557827,權息
2018-08-24,2337,33.25,31.61,1.632818,權息
2018-08-24,2441,53.4,50.4,3.0,息
2018-08-24,4942,28.5,27.3,1.2,息
2018-08-24,5534,86.0,79.8,6.2,息
2018-08-24,6005,11.25,10.32,0.922898,權息
2018-08-24,6153,52.1,51.9,0.2,息
2018-08-27,1229,41.1,35.72,5.372727,權息
2018-08-27,1231,38.2,35.38,2.815385,權息
2018-08-27,1533,35.25,34.95,0.3,息
2018-08-27,2104,48.6,41.6,6.993425,權息
2018-08-27,2106,32.0,30.8,1.2,息
2018-08-27,3025,26.25,26.12,0.128,息
2018-08-27,3167,51.5,49.0,2.5,息
2018-08-27,3588,25.7,25.19,0.500749,息
2018-08-27,3622,17.45,17.15,0.3,息
2018-08-27,4144,30.35,30.29,0.05698,權
2018-08-27,5243,34.3,32.3,2.0,息
2018-08-27,6183,34.55,33.05,1.5,息
2018-08-27,6216,29.85,27.79,2.058878,息
2018-08-27,6531,68.1,63.45,4.645827,權息
2018-08-27,6533,117.0,111.42,5.571429,權
2018-08-27,9935,16.95,16.95,-0.004716,權
2018-08-27,9944,16.05,15.75,0.3,息
2018-08-28,1409,14.15,13.65,0.5,息
2018-08-28,1516,18.3,17.43,0.862406,權
2018-08-28,1603,25.35,24.35,1.0,息
2018-08-28,1735,15.8,15.3,0.5,息
2018-08-28,2484,21.25,20.25,1.0,息
2018-08-28,2527,29.8,29.0,0.8,息
2018-08-28,2611,7.61,7.51,0.1,息
2018-08-28,2617,19.65,18.95,0.7,息
2018-08-28,2706,15.0,14.32,0.672862,權息
2018-08-28,3002,10.7,10.45,0.25,息
2018-08-28,3346,57.9,55.4,2.5,息
2018-08-28,3437,22.6,22.0,0.6,息
2018-08-28,5264,57.6,55.09,2.504459,息
2018-08-28,5907,32.1,30.9,1.2,息
2018-08-28,9906,12.45,11.13,1.3112,權
2018-08-29,1416,17.15,15.95,1.2,息
2018-08-29,1513,21.4,20.4,1.0,息
2018-08-29,1531,19.3,18.5,0.8,息
2018-08-29,1718,12.4,11.54,0.850705,權息
2018-08-29,2059,406.0,401.0,5.0,息
2018-08-29,2328,21.5,20.7,0.8,息
2018-08-29,2509,34.3,29.73,4.563158,權息
2018-08-29,2603,13.55,12.71,0.835715,權息
2018-08-29,6168,17.35,16.35,1.0,息
2018-08-29,8499,77.0,71.95,5.045236,息
2018-08-29,9188,4.58,4.44,0.137095,息
2018-08-30,1102,45.4,44.2,1.2,息
2018-08-30,1203,26.7,25.4,1.3,息
2018-08-30,1262,36.8,36.5,0.3,息
2018-08-30,1339,43.35,41.35,2.0,息
2018-08-30,1446,25.8,25.5,0.3,息
2018-08-30,1526,33.85,32.85,1.0,息
2018-08-30,1590,305.5,298.05,7.4448,息
2018-08-30,2383,94.4,89.6,4.8,息
2018-08-30,2472,60.7,58.5,2.2,息
2018-08-30,2524,23.05,21.05,2.0,息
2018-08-30,3257,56.6,56.1,0.5,息
2018-08-30,3661,113.0,111.93,1.066604,息
2018-08-30,4764,84.0,81.3,2.7,息
2018-08-30,6177,34.3,29.88,4.415299,息
2018-08-30,6282,20.6,19.7,0.9,息
2018-08-30,8429,20.15,19.68,0.464651,權息
2018-08-31,1337,8.44,8.41,0.024782,權息
2018-08-31,1527,61.9,60.5,1.4,息
2018-08-31,1539,24.3,23.3,1.0,息
2018-08-31,2387,16.55,16.14,0.403061,息
2018-08-31,2901,25.05,24.64,0.406165,息
2018-08-31,6449,52.3,50.44,1.854031,息
2018-09-03,1436,41.35,37.0,4.35,權息
2018-09-03,6235,17.9,17.6,0.297842,息
2018-09-03,9105,2.68,2.62,0.055098,息
2018-09-04,2801,19.2,18.02,1.171154,權息
2018-09-05,1210,41.4,36.82,4.577571,權息
2018-09-05,1583,65.6,63.1,2.5,息
2018-09-05,2069,23.9,23.64,0.255068,權
2018-09-05,2836,9.75,9.27,0.473241,權息
2018-09-05,3706,35.4,29.66,5.739406,權息
2018-09-06,1517,10.65,10.45,0.2,息
2018-09-06,2379,149.5,144.0,5.5,息
2018-09-06,2420,36.6,33.9,2.7,息
2018-09-06,2539,31.05,27.36,3.688889,權息
2018-09-06,2834,11.1,10.41,0.684616,權息
2018-09-06,2845,11.15,10.42,0.72161,權息
2018-09-06,9946,14.7,13.11,1.583721,權息
2018-09-07,2542,49.15,45.65,3.5,息
2018-09-10,2236,38.6,35.15,3.443996,權息
2018-09-11,2618,15.1,14.19,0.909524,權息
2018-09-11,5519,11.4,11.0,0.4,息
2018-09-12,2637,30.4,29.4,0.997833,息
2018-09-13,2488,33.55,31.65,1.9,息
2018-09-17,1776,21.5,20.0,1.5,息
2018-09-18,2474,360.5,348.5,12.0,息
2018-09-18,3052,9.77,9.07,0.7,息
2018-09-18,4968,55.1,49.51,5.581818,權息
2018-09-19,6133,9.36,9.11,0.25,息
2018-09-20,2365,10.7,10.39,0.301869,息
2018-09-20,2514,15.2,14.58,0.614635,權息
2018-09-20,2888,12.15,11.64,0.503746,權息
2018-09-21,1598,29.3,28.7,0.59336,權
2018-09-21,3312,12.15,12.0,0.144072,權
2018-09-21,8105,12.05,11.85,0.2,息
2018-09-25,01004T,13.0,12.81,0.188806,息
2018-09-26,00710B,20.65,20.26,0.382,息
2018-09-26,00711B,19.42,19.12,0.293,息
2018-09-26,00712,19.47,18.6,0.862,息
2018-09-27,3017,27.95,26.65,1.3,息
2018-10-03,912398,7.04,6.81,0.224467,息
2018-10-16,00714,18.88,18.68,0.2,息
2018-10-16,2515,7.66,7.47,0.187,息
2018-10-18,2506,11.35,11.2,0.15,息
2018-10-18,2812,10.4,10.39,0.00851,權
2018-10-18,4190,92.1,91.77,0.32018,權
2018-10-19,2022,7.1,6.88,0.218864,權
2018-10-23,0056,25.81,24.36,1.45,息
2018-10-25,1526,19.85,18.85,1.0,權
2018-10-26,1714,6.9,6.6,0.3,息
2018-10-30,006204,48.98,47.04,1.94,息
2018-10-30,00717,19.54,19.32,0.216,息
2018-10-30,00730,18.14,17.16,0.979,息
2018-10-31,2062,28.9,28.6,0.3,息
2018-10-31,2603,11.35,11.3,0.043209,權
2018-11-07,4552,59.5,54.5,5.0,息
2018-11-13,1235,43.1,29.72,13.375862,權
2018-11-13,4739,90.2,89.18,1.014143,權
2018-11-15,1909,15.75,15.76,-0.013102,權
2018-11-15,2342,23.7,22.83,0.866303,權
2018-11-20,01007T,14.99,14.77,0.214486,息
2018-11-20,1316,16.8,14.06,2.732744,權息
2018-11-22,0051,29.65,28.65,1.0,息
2018-11-22,0053,31.48,30.38,1.1,息
2018-11-22,0054,20.53,19.78,0.75,息
2018-11-22,0055,17.94,17.29,0.65,息
2018-11-22,00713,29.89,28.34,1.55,息
2018-11-26,3533,174.0,170.71,3.285726,權
2018-11-26,5258,15.45,14.7,0.743413,權息
2018-11-26,9802,46.7,46.37,0.323103,權
2018-11-27,2929,95.6,86.44,9.152381,權息
2018-11-28,00690,20.35,19.69,0.66,息
2018-11-28,2913,17.25,16.76,0.487341,息
2018-11-29,006208,44.61,42.61,2.0,息
2018-11-29,00692,20.5,19.75,0.743,息
2018-11-29,3321,10.95,10.45,0.497678,權
2018-12-04,2867,13.35,13.22,0.129639,權
2018-12-05,2618,15.75,15.57,0.176203,權
2018-12-21,00731,48.87,46.37,2.492,息
2018-12-22,2208,25.2,24.63,0.566607,權
2018-12-26,2439,127.5,127.19,0.306001,權
2018-12-27,00710B,19.8,19.57,0.224,息
2018-12-27,00711B,19.06,18.98,0.079,息
2018-12-27,00712,17.11,16.75,0.357,息
2018-12-27,00742,19.17,18.22,0.95,息
2018-12-28,6591,42.8,41.76,1.039542,權
2019-01-02,8473,56.2,56.09,0.105651,權
2019-01-07,1786,69.0,67.19,1.807229,權
2019-01-16,00714,19.09,18.92,0.17,息
2019-01-17,00701,21.25,20.78,0.47,息
2019-01-17,00702,20.19,19.91,0.28,息
2019-01-17,00735,17.05,16.56,0.49,息
2019-01-17,00736,18.8,18.59,0.21,息
2019-01-18,911608,1.52,1.2,0.312,權
2019-01-22,0050,76.5,74.2,2.3,息
2019-01-22,006203,35.25,34.4,0.85,息
2019-01-24,00717,19.22,19.01,0.204,息
2019-01-24,00728,18.15,17.02,1.123,息
2019-02-18,2613,13.65,13.33,0.311609,權
2019-02-21,6414,257.5,254.78,2.713476,權
2019-02-25,1472,37.0,36.0,0.998408,權
2019-02-26,3346,38.95,37.96,0.984707,權
2019-03-20,9105,2.55,2.52,0.029493,息
2019-03-21,00710B,20.73,20.47,0.253,息
2019-03-21,00711B,20.04,19.85,0.181,息
2019-03-21,00712,18.82,18.68,0.135,息
2019-03-26,01004T,13.38,13.2,0.177265,息
2019-03-26,01009T,9.15,9.0,0.146854,息
2019-04-09,912000,2.5,2.42,0.07812,息
2019-04-17,00714,21.52,21.37,0.15,息
2019-04-18,4142,21.95,20.65,1.293629,權
2019-04-25,01003T,16.9,16.51,0.383219,息
2019-04-26,01001T,15.4,15.0,0.397677,息
2019-05-02,0052,56.4,55.35,1.047,息
2019-05-02,00717,19.89,19.63,0.255,息
2019-05-02,00733,17.63,17.23,0.4,息
2019-05-08,2430,20.95,20.05,0.9,息
2019-05-21,01002T,15.26,14.83,0.420609,息
2019-05-21,01007T,16.0,15.77,0.224729,息
2019-05-21,9136,8.0,7.6,0.392,息
2019-05-23,00775B,42.18,41.93,0.25,息
2019-05-23,8482,142.0,134.0,8.0,息
2019-05-31,2101,35.35,35.14,0.200103,息
2019-06-03,2823,24.4,24.01,0.383101,權
2019-06-03,3443,228.5,223.5,5.0,息
2019-06-03,8454,262.0,253.0,9.0,息
2019-06-06,910322,25.7,24.69,1.008,息
2019-06-12,1218,22.0,21.2,0.8,息
2019-06-13,1773,86.8,81.8,5.0,息
2019-06-13,5234,90.0,85.0,5.0,息
2019-06-14,2739,29.0,28.0,1.0,息
2019-06-14,3030,51.1,47.4,3.7,息
2019-06-14,3167,41.0,37.5,3.5,息
2019-06-17,2231,264.0,244.3,19.691696,權息
2019-06-17,2939,105.0,96.0,9.0,息
2019-06-17,8028,44.75,43.15,1.6,息
2019-06-18,1605,16.0,14.8,1.2,息
2019-06-18,2614,12.4,11.4,1.0,息
2019-06-19,2851,18.65,17.75,0.9,息
2019-06-19,5007,55.1,52.1,3.0,息
2019-06-19,6155,21.6,20.6,1.0,息
2019-06-19,6456,102.5,98.5,4.0,息
2019-06-19,9940,32.9,31.6,1.3,息
2019-06-20,2415,23.95,22.45,1.5,息
2019-06-20,2642,22.95,22.35,0.6,息
2019-06-20,6505,118.5,113.7,4.8,息
2019-06-24,1707,220.0,213.5,6.5,息
2019-06-24,1711,17.0,16.5,0.5,息
2019-06-24,1906,13.55,13.05,0.5,息
2019-06-24,2107,17.95,17.27,0.68,息
2019-06-24,2330,248.5,240.5,8.0,息
2019-06-24,2722,24.8,24.6,0.2,息
2019-06-24,2727,84.5,80.1,4.393263,息
2019-06-24,3048,13.65,12.95,0.7,息
2019-06-24,3416,55.2,52.6,2.6,息
2019-06-24,4722,30.1,28.3,1.8,息
2019-06-24,6024,47.8,44.4,3.4,息
2019-06-24,6164,7.47,7.27,0.2,息
2019-06-24,6641,66.2,62.4,3.8,息
2019-06-25,00710B,21.12,20.85,0.264,息
2019-06-25,00711B,21.53,21.35,0.176,息
2019-06-25,00712,18.79,18.35,0.438,息
2019-06-25,1731,13.65,13.15,0.5,息
2019-06-25,2385,78.6,74.8,3.8,息
2019-06-26,1326,110.0,103.8,6.2,息
2019-06-26,1457,14.65,13.95,0.7,息
2019-06-26,1702,56.7,54.0,2.7,息
2019-06-26,2024,10.6,10.0,0.6,息
2019-06-26,3563,401.0,374.0,27.0,息
2019-06-26,5225,34.1,32.79,1.300411,息
2019-06-26,5533,16.25,15.55,0.7,息
2019-06-26,8466,72.8,69.8,3.0,息
2019-06-27,1314,11.6,10.57,1.028572,權息
2019-06-27,1515,86.1,84.1,2.0,息
2019-06-27,1760,92.7,90.9,1.8,息
2019-06-27,2359,22.1,21.0,1.1,息
2019-06-27,2455,80.3,77.8,2.5,息
2019-06-27,2461,19.05,18.64,0.41,息
2019-06-27,2478,47.0,44.5,2.5,息
2019-06-27,2480,54.7,51.28,3.42,息
2019-06-27,3056,21.2,19.7,1.5,息
2019-06-27,3515,62.7,58.69,4.000616,息
2019-06-27,4155,28.9,26.65,2.25,息
2019-06-27,6412,49.9,47.9,2.0,息
2019-06-27,8271,32.9,30.4,2.5,息
2019-06-27,8422,169.0,159.0,10.0,息
2019-06-28,1444,10.15,9.75,0.4,息
2019-06-28,1447,7.53,7.32,0.201765,息
2019-06-28,1909,15.05,14.55,0.5,息
2019-06-28,3003,41.7,39.9,1.8,息
2019-06-28,3029,29.6,28.1,1.497073,息
2019-06-28,3669,16.6,16.2,0.4,息
2019-07-01,1315,31.5,30.3,1.2,息
2019-07-01,1452,20.9,19.5,1.4,息
2019-07-01,1733,31.25,30.4,0.847793,息
2019-07-01,2015,62.9,58.9,4.0,息
2019-07-01,2032,8.66,8.53,0.13,息
2019-07-01,2340,21.1,20.6,0.5,息
2019-07-01,2423,28.05,26.25,1.8,息
2019-07-01,2425,31.5,30.0,1.5,息
2019-07-01,2731,85.5,81.7,3.8,息
2019-07-01,2882,43.0,41.5,1.5,息
2019-07-01,2882A,64.0,61.72,2.28,息
2019-07-01,2882B,62.3,61.2,1.097095,息
2019-07-01,4755,46.7,44.0,2.7,息
2019-07-01,6112,36.9,32.18,4.718182,權息
2019-07-01,6176,104.0,97.0,7.0,息
2019-07-01,6215,16.8,16.3,0.5,息
2019-07-01,8039,43.2,40.7,2.5,息
2019-07-01,9934,17.95,16.65,1.29815,息
2019-07-02,1301,115.0,109.2,5.8,息
2019-07-02,2034,27.05,25.25,1.8,息
2019-07-02,2308,160.5,155.5,5.0,息
2019-07-02,2501,27.85,25.75,2.1,息
2019-07-02,2597,61.6,56.8,4.8,息
2019-07-02,2723,176.0,171.0,5.0,息
2019-07-02,2850,39.95,37.3,2.65,息
2019-07-02,2885,18.95,18.05,0.9,息
2019-07-02,3010,55.1,51.9,3.2,息
2019-07-02,4532,26.15,24.95,1.2,息
2019-07-02,6184,37.55,35.05,2.5,息
2019-07-02,6579,85.0,80.9,4.1,息
2019-07-03,1303,78.3,73.3,5.0,息
2019-07-03,1307,24.65,24.15,0.5,息
2019-07-03,1437,21.15,20.65,0.5,息
2019-07-03,1504,23.05,22.15,0.9,息
2019-07-03,1560,61.2,57.7,3.5,息
2019-07-03,2362,31.5,30.5,1.0,息
2019-07-03,2397,87.9,82.62,5.28,息
2019-07-03,2451,71.3,66.3,5.0,息
2019-07-03,2548,85.0,80.0,5.0,息
2019-07-03,2820,15.0,14.21,0.79,息
2019-07-03,3006,32.3,30.8,1.5,息
2019-07-03,3016,46.45,45.45,1.0,息
2019-07-03,4557,76.5,69.47,7.024719,權息
2019-07-03,4952,36.8,34.3,2.5,息
2019-07-03,6281,66.9,62.9,4.0,息
2019-07-03,6405,13.85,13.35,0.5,息
2019-07-03,8341,278.0,271.5,6.5,息
2019-07-03,8463,25.15,24.45,0.7,息
2019-07-03,8467,43.1,40.6,2.5,息
2019-07-03,9931,33.45,32.15,1.3,息
2019-07-04,1451,28.5,26.5,2.0,息
2019-07-04,1521,64.5,60.7,3.8,息
2019-07-04,1529,16.9,14.91,1.981845,權息
2019-07-04,1536,108.5,105.0,3.5,息
2019-07-04,1558,148.0,137.0,11.0,息
2019-07-04,1568,20.0,19.35,0.65,息
2019-07-04,1710,25.7,23.95,1.75,息
2019-07-04,1712,21.25,19.95,1.3,息
2019-07-04,1727,13.4,12.8,0.6,息
2019-07-04,2316,24.15,23.15,1.0,息
2019-07-04,2353,19.3,18.53,0.77,息
2019-07-04,2408,65.2,58.08,7.110499,息
2019-07-04,2436,26.55,25.54,1.000168,息
2019-07-04,2456,93.7,85.71,7.985546,息
2019-07-04,2481,25.2,24.7,0.5,息
2019-07-04,2520,27.55,26.55,1.0,息
2019-07-04,2538,12.35,11.75,0.6,息
2019-07-04,2546,38.9,35.9,3.0,息
2019-07-04,2630,21.7,20.7,1.0,息
2019-07-04,2748,62.0,59.25,2.75,息
2019-07-04,2832,20.65,19.75,0.9,息
2019-07-04,2881,46.1,44.1,2.0,息
2019-07-04,2883,9.5,9.2,0.3,息
2019-07-04,3005,45.85,42.85,2.998317,息
2019-07-04,3019,87.0,84.7,2.3,息
2019-07-04,3038,18.35,17.85,0.5,息
2019-07-04,3040,32.05,30.05,2.0,息
2019-07-04,3296,16.45,15.45,1.0,息
2019-07-04,3338,63.2,62.0,1.2,息
2019-07-04,3530,82.2,80.2,1.998769,息
2019-07-04,3607,19.85,19.35,0.5,息
2019-07-04,4148,52.0,49.6,2.4,息
2019-07-04,4545,22.3,21.95,0.35,息
2019-07-04,4916,36.15,33.67,2.472703,息
2019-07-04,5388,67.6,65.1,2.496941,息
2019-07-04,6224,59.5,55.75,3.75,息
2019-07-04,6655,51.0,49.0,2.0,息
2019-07-05,2421,33.65,31.65,2.0,息
2019-07-05,2453,14.75,14.25,0.5,息
2019-07-05,2493,31.05,28.55,2.5,息
2019-07-05,2915,76.0,70.5,5.5,息
2019-07-05,3021,15.25,14.5,0.75,息
2019-07-05,4968,92.3,90.8,1.492018,息
2019-07-05,4989,25.6,24.0,1.6,息
2019-07-05,9188,4.8,4.65,0.140805,息
2019-07-05,9939,56.7,54.4,2.3,息
2019-07-05,9945,44.55,42.55,2.0,息
2019-07-08,1582,84.9,78.4,6.5,息
2019-07-08,1802,12.25,11.95,0.3,息
2019-07-08,2017,8.02,7.62,0.4,息
2019-07-08,2357,232.0,217.0,15.0,息
2019-07-08,2433,50.1,46.6,3.5,息
2019-07-08,2454,321.0,312.0,9.0,息
2019-07-08,2612,34.45,32.85,1.6,息
2019-07-08,3028,23.45,21.75,1.7,息
2019-07-08,3035,54.5,53.7,0.8,息
2019-07-08,3090,60.3,53.8,6.5,息
2019-07-08,3130,173.5,164.98,8.510256,息
2019-07-08,3698,15.2,15.0,0.197021,息
2019-07-08,4739,84.2,81.0,3.2,息
2019-07-08,4958,104.5,100.04,4.459774,息
2019-07-08,5876,57.4,55.4,2.0,息
2019-07-08,6136,21.25,19.75,1.5,息
2019-07-08,6205,27.85,26.35,1.5,息
2019-07-08,8462,301.0,269.1,31.895918,權息
2019-07-08,8481,61.3,58.3,3.0,息
2019-07-08,9904,39.1,37.6,1.5,息
2019-07-09,1464,26.4,24.9,1.5,息
2019-07-09,1507,67.5,65.7,1.8,息
2019-07-09,1612,10.2,9.88,0.32,息
2019-07-09,1615,17.95,16.6,1.35,息
2019-07-09,2312,10.6,10.3,0.3,息
2019-07-09,2314,25.6,25.4,0.2,息
2019-07-09,2395,264.0,257.2,6.795671,息
2019-07-09,2404,157.5,147.5,10.0,息
2019-07-09,2467,33.65,31.15,2.5,息
2019-07-09,2634,34.4,33.06,1.34,息
2019-07-09,2809,34.35,32.85,1.5,息
2019-07-09,2887E,55.5,53.12,2.375,息
2019-07-09,2887F,51.7,51.53,0.166575,息
2019-07-09,3031,12.35,11.83,0.52,息
2019-07-09,3044,112.0,106.1,5.9,息
2019-07-09,3045,122.0,116.45,5.54897,息
2019-07-09,3708,84.8,79.8,5.0,息
2019-07-09,4144,29.35,28.82,0.525,息
2019-07-09,4164,45.0,43.2,1.793888,息
2019-07-09,4560,55.6,52.12,3.470516,息
2019-07-09,5215,43.8,41.3,2.5,息
2019-07-09,6197,31.7,29.7,2.0,息
2019-07-09,6525,76.5,65.9,10.590909,權息
2019-07-09,6591,43.05,41.55,1.497589,息
2019-07-09,8046,40.4,39.7,0.7,息
2019-07-09,8163,46.5,43.0,3.5,息
2019-07-09,8926,27.55,26.05,1.5,息
2019-07-10,1232,130.0,125.0,5.0,息
2019-07-10,1233,39.6,37.7,1.9,息
2019-07-10,1618,8.5,8.2,0.3,息
2019-07-10,1723,135.0,129.7,5.3,息
2019-07-10,2369,8.4,8.2,0.1999,息
2019-07-10,2464,48.95,45.65,3.3,息
2019-07-10,3094,18.0,17.2,0.8,息
2019-07-10,3532,120.5,111.5,9.0,息
2019-07-10,5471,32.2,30.12,2.08,息
2019-07-10,5538,35.85,33.85,2.0,息
2019-07-10,6213,117.5,113.7,3.8,息
2019-07-10,6671,47.45,44.45,3.0,息
2019-07-10,9802,74.6,70.97,3.6257,息
2019-07-11,1338,70.4,66.9,3.5,息
2019-07-11,1341,58.0,55.0,3.0,息
2019-07-11,1419,41.8,40.95,0.847522,息
2019-07-11,1476,398.0,387.0,11.0,息
2019-07-11,1531,16.1,15.6,0.5,息
2019-07-11,1592,27.0,26.15,0.843409,權
2019-07-11,1713,18.7,17.99,0.71,息
2019-07-11,1809,12.85,12.65,0.2,息
2019-07-11,1904,20.6,19.5,1.1,息
2019-07-11,2012,24.0,22.7,1.3,息
2019-07-11,2313,26.3,25.5,0.8,息
2019-07-11,2344,16.85,15.85,1.0,息
2019-07-11,2345,133.0,129.0,3.9984,息
2019-07-11,2356,25.5,24.0,1.5,息
2019-07-11,2373,99.2,93.2,6.0,息
2019-07-11,2409,9.3,8.8,0.5,息
2019-07-11,2459,39.7,36.7,3.0,息
2019-07-11,2606,34.6,32.8,1.8,息
2019-07-11,2888,9.5,9.3,0.2,息
2019-07-11,2890,13.0,12.36,0.636,息
2019-07-11,3014,36.4,33.69,2.700234,息
2019-07-11,3026,108.0,99.0,9.0,息
2019-07-11,3050,11.45,11.15,0.3,息
2019-07-11,3705,44.25,42.05,2.2,息
2019-07-11,4133,28.5,27.9,0.6,息
2019-07-11,4306,13.15,12.57,0.571554,權息
2019-07-11,5305,34.85,32.65,2.19919,息
2019-07-11,6115,43.9,40.9,3.0,息
2019-07-11,6214,77.3,72.3,5.0,息
2019-07-11,6278,70.0,68.7,1.3,息
2019-07-11,6477,23.8,23.0,0.8,息
2019-07-11,6666,227.0,200.0,27.0,權息
2019-07-11,6669,356.5,340.5,16.0,息
2019-07-11,8072,20.55,20.05,0.5,息
2019-07-11,8104,57.5,54.5,3.0,息
2019-07-11,8210,68.2,64.2,4.0,息
2019-07-11,8464,251.5,241.5,10.0,息
2019-07-11,8478,42.2,40.19,2.00066,息
2019-07-11,9924,46.85,44.45,2.4,息
2019-07-11,9930,53.3,51.3,2.0,息
2019-07-12,1325,16.05,15.55,0.5,息
2019-07-12,1611,9.59,9.44,0.15,息
2019-07-12,2020,16.6,15.2,1.4,息
2019-07-12,2375,45.8,42.8,3.0,息
2019-07-12,2462,28.25,27.75,0.5,息
2019-07-12,2615,19.45,18.84,0.605629,息
2019-07-12,2838A,55.3,52.9,2.4,息
2019-07-12,2897A,10.35,10.31,0.038424,息
2019-07-12,3024,7.0,6.68,0.32,息
2019-07-12,3034,183.0,174.2,8.8,息
2019-07-12,3055,26.2,25.2,1.0,息
2019-07-12,3481,7.41,7.35,0.06,息
2019-07-12,4977,95.7,89.41,6.2871,權息
2019-07-12,4999,47.2,43.7,3.5,息
2019-07-12,5515,10.75,10.25,0.5,息
2019-07-12,6166,40.55,39.24,1.300016,息
2019-07-12,6192,82.0,78.7,3.3,息
2019-07-15,1104,20.0,19.0,1.0,息
2019-07-15,1215,69.4,66.4,3.0,息
2019-07-15,1410,27.25,25.95,1.3,息
2019-07-15,1614,28.6,27.69,0.908598,息
2019-07-15,2324,20.45,19.25,1.2,息
2019-07-15,2376,53.5,50.5,3.0,息
2019-07-15,2401,13.1,12.74,0.36,息
2019-07-15,2608,37.6,36.04,1.56,息
2019-07-15,2616,30.85,29.24,1.600002,息
2019-07-15,2891,21.6,20.6,1.0,息
2019-07-15,2891B,65.0,62.75,2.25,息
2019-07-15,2903,23.7,22.85,0.85,息
2019-07-15,6257,31.25,29.19,2.059843,息
2019-07-15,6533,127.5,126.8,0.697086,息
2019-07-15,6670,199.0,188.0,11.0,息
2019-07-15,8016,145.5,140.5,5.0,息
2019-07-15,9902,9.9,9.6,0.3,息
2019-07-15,9907,13.25,12.78,0.47,息
2019-07-16,00714,22.25,22.11,0.135,息
2019-07-16,1109,19.2,18.4,0.8,息
2019-07-16,1312A,33.95,33.35,0.6,息
2019-07-16,1313,11.25,11.05,0.198454,息
2019-07-16,1454,8.12,7.92,0.2,息
2019-07-16,1524,10.45,9.95,0.5,息
2019-07-16,1532,36.4,33.7,2.7,息
2019-07-16,1717,26.65,25.75,0.9,息
2019-07-16,1907,12.55,11.95,0.6,息
2019-07-16,2006,23.65,22.45,1.2,息
2019-07-16,2031,31.4,29.9,1.5,息
2019-07-16,2207,492.0,480.0,12.0,息
2019-07-16,2303,14.9,14.31,0.589893,息
2019-07-16,2419,21.3,20.48,0.813529,息
2019-07-16,2483,21.35,20.06,1.288024,息
2019-07-16,2855,13.75,13.05,0.699069,息
2019-07-16,2906,11.8,11.4,0.4,息
2019-07-16,2908,22.15,20.84,1.303704,息
2019-07-16,3305,20.75,19.72,1.02726,息
2019-07-16,3450,59.8,56.8,3.0,息
2019-07-16,3545,23.6,23.07,0.520108,息
2019-07-16,3679,48.9,45.9,3.0,息
2019-07-16,4904,76.0,72.25,3.75,息
2019-07-16,5284,60.7,58.1,2.6,息
2019-07-16,5469,32.65,31.03,1.61706,權息
2019-07-16,5522,41.0,38.0,3.0,息
2019-07-16,6141,19.65,19.55,0.1,息
2019-07-16,6196,53.1,50.1,2.996839,息
2019-07-16,6415,650.0,643.47,6.523673,息
2019-07-16,8070,172.5,160.5,12.0,息
2019-07-16,8131,36.95,34.45,2.5,息
2019-07-17,00702,21.67,21.22,0.45,息
2019-07-17,00735,18.26,18.07,0.19,息
2019-07-17,00736,20.37,20.2,0.17,息
2019-07-17,1236,13.75,13.35,0.4,息
2019-07-17,1256,240.0,212.54,27.454546,權息
2019-07-17,1434,39.4,37.3,2.1,息
2019-07-17,1463,16.15,14.75,1.4,息
2019-07-17,1734,19.8,19.7,0.1,息
2019-07-17,1736,79.0,78.35,0.65,息
2019-07-17,2029,19.6,19.35,0.25,息
2019-07-17,2030,13.4,12.4,1.0,息
2019-07-17,2426,17.9,16.7,1.2,息
2019-07-17,2448,24.6,24.3,0.3,息
2019-07-17,3015,20.35,19.1,1.25,息
2019-07-17,6206,80.6,75.6,5.0,息
2019-07-17,8996,44.55,42.55,2.0,息
2019-07-18,006208,47.41,46.74,0.661,息
2019-07-18,00692,21.69,21.43,0.256,息
2019-07-18,00717,20.08,19.85,0.225,息
2019-07-18,1110,16.9,16.8,0.1,息
2019-07-18,1219,18.0,17.9,0.1,息
2019-07-18,1227,61.5,59.0,2.5,息
2019-07-18,1414,7.06,6.86,0.2,息
2019-07-18,1519,27.8,27.5,0.3,息
2019-07-18,1535,33.45,32.35,1.1,息
2019-07-18,1905,10.85,10.5,0.35,息
2019-07-18,2013,25.2,24.73,0.47,息
2019-07-18,2204,28.35,26.65,1.7,息
2019-07-18,2417,11.2,11.1,0.1,息
2019-07-18,2449,32.55,31.2,1.35,息
2019-07-18,2496,82.9,78.9,4.0,息
2019-07-18,2535,21.95,20.32,1.621114,息
2019-07-18,2613,13.45,13.16,0.282731,息
2019-07-18,2707,188.0,176.98,11.017956,息
2019-07-18,3032,29.05,26.8,2.25,息
2019-07-18,3550,15.8,14.8,1.0,息
2019-07-18,3591,14.45,14.15,0.299996,息
2019-07-18,3617,97.7,92.4,5.3,息
2019-07-18,4562,33.5,32.0,1.5,息
2019-07-18,4935,59.5,58.7,0.8,息
2019-07-18,6189,35.15,32.52,2.63,息
2019-07-18,6451,112.0,109.66,2.333239,息
2019-07-18,8222,20.5,20.0,0.5,息
2019-07-18,8249,23.15,21.85,1.3,息
2019-07-18,8497,53.2,49.7,3.5,息
2019-07-18,9911,48.9,46.25,2.65,息
2019-07-18,9917,89.9,85.9,4.0,息
2019-07-18,9919,10.75,10.55,0.2,息
2019-07-19,0050,82.7,82.0,0.7,息
2019-07-19,006203,39.0,38.6,0.4,息
2019-07-19,1319,47.7,46.0,1.7,息
2019-07-19,1323,35.15,33.35,1.8,息
2019-07-19,1402,33.9,32.1,1.8,息
2019-07-19,2010,10.8,10.24,0.56,息
2019-07-19,2206,22.55,21.55,1.0,息
2019-07-19,2367,24.25,23.85,0.4,息
2019-07-19,4564,58.0,55.5,2.5,息
2019-07-19,5706,39.0,35.6,3.390476,權息
2019-07-19,6672,80.6,77.25,3.347,息
2019-07-19,8374,19.8,19.3,0.5,息
2019-07-22,1455,9.19,8.99,0.2,息
2019-07-22,1477,214.0,197.04,16.952381,權息
2019-07-22,1708,28.0,26.19,1.809524,權息
2019-07-22,1735,16.15,16.0,0.15,息
2019-07-22,2105,40.4,39.3,1.1,息
2019-07-22,2301,47.1,44.18,2.92,息
2019-07-22,2387,32.8,31.79,1.005361,息
2019-07-22,2442,15.4,13.53,1.860769,權息
2019-07-22,2636,26.55,24.35,2.2,息
2019-07-22,3164,28.4,26.9,1.5,息
2019-07-22,3231,25.3,23.81,1.487932,息
2019-07-22,3380,20.85,19.84,1.000373,息
2019-07-22,3413,130.5,123.5,7.0,息
2019-07-22,3504,96.2,95.7,0.5,息
2019-07-22,4915,53.5,51.09,2.400257,息
2019-07-22,6120,18.0,17.66,0.34,息
2019-07-22,6442,39.8,36.47,3.32381,權息
2019-07-22,8112,31.9,28.9,3.0,息
2019-07-22,8473,53.9,51.34,2.555632,息
2019-07-22,9918,34.55,33.4,1.15,息
2019-07-22,9926,41.0,39.5,1.5,息
2019-07-23,1220,11.25,10.79,0.46,息
2019-07-23,1465,14.9,14.6,0.3,息
2019-07-23,2201,23.2,22.53,0.67,息
2019-07-23,2610,9.89,9.68,0.209607,息
2019-07-23,3583,65.4,62.9,2.5,息
2019-07-23,4119,107.5,103.3,4.2,息
2019-07-23,4190,116.0,111.5,4.5,息
2019-07-23,4536,180.0,174.5,5.5,息
2019-07-23,4555,55.8,53.8,2.0,息
2019-07-23,5434,87.1,81.8,5.3,息
2019-07-23,6153,32.3,31.06,1.232039,權息
2019-07-23,6226,7.69,7.57,0.12,息
2019-07-23,9910,237.0,209.36,27.636364,權息
2019-07-24,1102,46.8,44.0,2.8,息
2019-07-24,1540,22.05,20.55,1.5,息
2019-07-24,1762,37.4,36.2,1.2,息
2019-07-24,1783,27.5,26.81,0.680498,息
2019-07-24,2352,20.25,19.4,0.85,息
2019-07-24,2633,43.45,42.33,1.12,息
2019-07-24,3645,52.1,48.19,3.909524,權息
2019-07-24,4720,13.8,13.65,0.15,息
2019-07-24,6108,30.65,28.15,2.5,息
2019-07-24,8443,12.55,12.12,0.43,息
2019-07-24,9941,132.0,115.0,16.999999,權息
2019-07-24,9941A,54.1,53.67,0.421917,息
2019-07-25,1234,33.3,31.7,1.6,息
2019-07-25,1304,12.05,11.75,0.3,息
2019-07-25,1305,24.15,21.77,2.371154,權息
2019-07-25,1308,14.25,13.95,0.3,息
2019-07-25,1309,10.65,10.24,0.404902,權息
2019-07-25,1473,26.45,25.95,0.5,息
2019-07-25,1522,28.2,26.9,1.3,息
2019-07-25,1528,9.48,9.28,0.2,息
2019-07-25,1701,19.55,18.75,0.8,息
2019-07-25,1789,25.5,25.01,0.49,息
2019-07-25,1810,7.89,7.69,0.2,息
2019-07-25,2002,25.0,24.0,1.0,息
2019-07-25,2002A,48.7,47.3,1.4,息
2019-07-25,2014,10.65,10.55,0.1,息
2019-07-25,2069,24.7,22.2,2.5,息
2019-07-25,2317,81.3,77.3,4.0,息
2019-07-25,2354,66.7,63.5,3.2,息
2019-07-25,2412,112.0,107.52,4.479,息
2019-07-25,2414,22.2,20.75,1.45,息
2019-07-25,2511,11.9,11.25,0.65,息
2019-07-25,2884,28.1,25.57,2.528178,權息
2019-07-25,3013,15.1,14.8,0.3,息
2019-07-25,3406,416.5,413.0,3.4954,息
2019-07-25,3605,22.55,21.85,0.7,息
2019-07-25,4104,54.7,51.7,3.0,息
2019-07-25,4106,27.3,26.65,0.65,息
2019-07-25,4137,275.5,263.5,12.0,息
2019-07-25,4526,18.3,18.0,0.3,息
2019-07-25,4540,74.0,70.4,3.6,息
2019-07-25,4566,45.0,43.0,1.994206,息
2019-07-25,6128,35.15,33.15,2.0,息
2019-07-25,6191,15.7,15.4,0.3,息
2019-07-25,6271,134.0,128.0,6.0,息
2019-07-25,6277,93.5,85.5,8.0,息
2019-07-25,6288,20.05,19.5,0.55,息
2019-07-25,6416,80.8,77.3,3.5,息
2019-07-25,6558,64.2,62.99,1.203624,息
2019-07-25,6573,26.25,25.36,0.884147,權息
2019-07-25,6655,44.75,44.2,0.541606,權
2019-07-25,8021,20.25,19.05,1.2,息
2019-07-25,8110,10.5,10.2,0.3,息
2019-07-25,8215,24.4,23.8,0.6,息
2019-07-25,9905,25.2,24.2,1.0,息
2019-07-25,9908,29.95,28.85,1.1,息
2019-07-25,9925,38.75,36.75,2.0,息
2019-07-25,9933,47.0,44.74,2.254929,息
2019-07-26,2360,159.5,155.32,4.177826,息
2019-07-26,2427,10.5,10.1,0.4,息
2019-07-26,2495,13.55,13.15,0.4,息
2019-07-26,2637,35.2,33.71,1.48709,息
2019-07-26,3022,35.2,33.7,1.5,息
2019-07-26,4551,125.5,122.4,3.1,息
2019-07-26,5283,106.5,97.5,9.0,息
2019-07-26,6414,234.0,227.0,7.0,息
2019-07-29,1503,46.55,45.05,1.5,息
2019-07-29,2382,61.5,57.95,3.55,息
2019-07-29,2420,38.6,35.8,2.8,息
2019-07-29,2471,18.65,17.45,1.2,息
2019-07-29,2536,21.45,20.45,1.0,息
2019-07-29,3037,41.15,40.34,0.800053,息
2019-07-29,4943,176.5,163.67,12.821696,權息
2019-07-29,6269,96.4,91.4,4.99504,息
2019-07-29,9937,43.5,41.5,2.0,息
2019-07-30,1201,30.65,29.85,0.8,息
2019-07-30,1725,15.55,14.71,0.84,息
2019-07-30,2348,49.8,46.0,3.8,息
2019-07-30,2355,33.75,33.25,0.5,息
2019-07-30,6116,6.95,6.65,0.3,息
2019-07-30,6504,154.0,149.0,5.0,息
2019-07-30,6582,55.4,51.8,3.59262,息
2019-07-30,9188,4.82,4.42,0.3988,息
2019-07-31,1525,59.7,57.9,1.8,息
2019-07-31,1598,45.8,43.91,1.886189,權息
2019-07-31,2351,66.5,63.7,2.8,息
2019-07-31,2392,35.15,33.65,1.5,息
2019-07-31,2504,8.61,8.36,0.25,息
2019-07-31,2912,306.5,297.7,8.8,息
2019-07-31,3501,54.6,51.1,3.5,息
2019-07-31,3533,234.0,225.3,8.7,息
2019-07-31,3653,129.5,125.97,3.527518,息
2019-07-31,4938,56.0,52.49,3.500896,息
2019-07-31,5871,139.5,131.35,8.140776,權息
2019-07-31,8404,50.5,46.57,3.925926,權息
2019-07-31,9938,92.9,90.3,2.6,息
2019-07-31,9942,75.0,70.8,4.2,息
2019-08-01,1216,80.8,78.3,2.5,息
2019-08-01,1316,15.45,13.56,1.885037,息
2019-08-01,1470,22.65,22.25,0.4,息
2019-08-01,1530,31.05,29.05,2.0,息
2019-08-01,1720,33.6,32.1,1.5,息
2019-08-01,1724,13.6,13.1,0.5,息
2019-08-01,1730,88.4,84.9,3.5,息
2019-08-01,2033,9.72,9.52,0.2,息
2019-08-01,2115,41.65,38.71,2.935714,權息
2019-08-01,2228,109.0,104.0,5.0,息
2019-08-01,2393,30.05,28.55,1.499781,息
2019-08-01,2485,22.7,22.2,0.5,息
2019-08-01,2849,16.25,15.25,1.0,息
2019-08-01,2852,15.05,14.56,0.49,息
2019-08-01,3023,133.0,128.52,4.477053,息
2019-08-01,3046,23.7,23.4,0.3,息
2019-08-01,3209,20.0,18.62,1.372549,權息
2019-08-01,3703,17.4,16.5,0.9,息
2019-08-01,4737,50.9,48.9,1.998121,息
2019-08-01,6177,29.9,28.0,1.898405,權息
2019-08-01,6230,246.0,241.3,4.7,息
2019-08-01,6239,85.6,80.8,4.8,息
2019-08-01,6464,110.0,103.45,6.542642,權息
2019-08-01,6625,49.85,46.04,3.802381,權息
2019-08-01,8081,99.8,94.8,5.0,息
2019-08-01,8114,116.0,109.8,6.2,息
2019-08-02,1604,18.4,17.0,1.4,息
2019-08-02,2838,11.95,11.16,0.781776,權
2019-08-02,3596,106.0,102.5,3.5,息
2019-08-02,3665,248.0,240.5,7.5,息
2019-08-02,4766,176.5,171.5,5.0,息
2019-08-02,8103,24.7,23.7,1.0,息
2019-08-02,8213,40.5,38.31,2.183484,息
2019-08-05,1464,24.0,23.73,0.260034,權
2019-08-05,1609,11.0,10.7,0.3,息
2019-08-05,2332,12.65,12.45,0.2,息
2019-08-05,2476,24.4,23.14,1.26,息
2019-08-05,3049,14.25,14.18,0.06506,權
2019-08-05,3712,23.8,21.3,2.5,息
2019-08-05,5531,9.63,9.53,0.095347,權
2019-08-05,6201,36.7,34.0,2.7,息
2019-08-06,1453,9.0,8.18,0.818182,權
2019-08-06,1718,9.1,8.45,0.649296,權息
2019-08-06,2477,21.1,20.24,0.86,息
2019-08-06,2801,21.15,20.1,1.042157,權息
2019-08-06,2889,10.9,10.45,0.45,息
2019-08-06,3008,3875.0,3807.0,68.0,息
2019-08-07,2049,249.0,234.95,14.048542,權息
2019-08-07,2539,30.45,26.76,3.680089,權息
2019-08-07,3058,7.72,7.51,0.203255,息
2019-08-07,3062,14.85,14.45,0.4,息
2019-08-07,5243,38.35,36.85,1.5,息
2019-08-07,5607,22.4,22.0,0.4,息
2019-08-07,6285,74.8,71.29,3.500717,息
2019-08-07,6605,69.4,67.1,2.3,息
2019-08-07,8150,28.25,27.04,1.20004,息
2019-08-08,1440,12.1,11.7,0.4,息
2019-08-08,1817,39.2,36.9,2.3,息
2019-08-08,2108,33.35,31.55,1.8,息
2019-08-08,2450,31.6,30.15,1.45,息
2019-08-08,2492,165.5,149.16,16.331528,息
2019-08-08,2545,30.75,28.95,1.8,息
2019-08-08,2547,13.45,12.4,1.04804,權息
2019-08-08,2607,14.1,13.75,0.35,息
2019-08-08,2704,21.45,21.05,0.4,息
2019-08-08,4764,81.8,69.81,11.981818,權息
2019-08-08,8480,122.5,117.2,5.3,息
2019-08-08,9914,188.5,185.0,3.5,息
2019-08-09,1442,16.55,15.55,1.0,息
2019-08-09,2337,28.3,27.09,1.200125,息
2019-08-09,2458,79.5,74.5,5.0,息
2019-08-09,2886,31.1,29.4,1.7,息
2019-08-09,2892,22.8,21.58,1.215842,權息
2019-08-12,1786,69.7,68.1,1.6,息
2019-08-12,2887,14.3,13.51,0.78932,權息
2019-08-12,4919,48.3,45.8,2.5,息
2019-08-12,4927,56.5,54.03,2.461032,息
2019-08-12,6005,9.35,8.95,0.4,息
2019-08-12,6581,94.8,89.82,4.98,息
2019-08-12,6668,63.3,62.29,1.000263,息
2019-08-13,1101,43.95,37.98,5.968005,權息
2019-08-13,1101B,52.5,52.4,0.091095,息
2019-08-13,1537,159.0,149.0,10.0,息
2019-08-13,3454,112.0,106.82,5.170731,權息
2019-08-13,3711,68.9,66.4,2.498682,息
2019-08-13,5285,63.6,60.06,3.537865,息
2019-08-13,6202,71.4,66.7,4.7,息
2019-08-14,2027,45.4,42.4,3.0,息
2019-08-14,2834,13.4,12.47,0.92381,權息
2019-08-14,4746,36.7,36.2,0.5,息
2019-08-14,4977,84.6,83.1,1.493298,權
2019-08-14,5203,85.0,82.0,2.990238,息
2019-08-14,5880,20.7,19.36,1.331068,權息
2019-08-15,2880,21.5,19.87,1.628023,權息
2019-08-15,3042,39.55,37.55,2.0,息
2019-08-15,3376,122.0,118.01,3.988729,息
2019-08-15,4912,141.5,115.84,25.654376,權息
2019-08-15,5269,556.0,544.0,12.0,息
2019-08-15,6139,27.4,25.9,1.5,息
2019-08-15,6449,29.5,28.51,0.985102,息
2019-08-19,2374,16.3,15.8,0.5,息
2019-08-19,2498,34.2,33.82,0.38,息
2019-08-19,3004,92.2,89.7,2.5,息
2019-08-19,5288,136.5,131.5,5.0,息
2019-08-19,9921,233.5,228.9,4.6,息
2019-08-19,9946,26.3,24.29,2.000935,權息
2019-08-20,1340,18.0,16.18,1.818181,權息
2019-08-20,1722,47.95,45.75,2.2,息
2019-08-20,1737,33.95,32.15,1.8,息
2019-08-20,3257,55.9,51.9,4.0,息
2019-08-20,3702,40.2,37.5,2.7,息
2019-08-20,6443,8.39,8.15,0.23838,權
2019-08-21,1445,7.44,7.24,0.2,息
2019-08-21,2227,270.0,252.33,17.67,息
2019-08-21,2472,41.0,38.7,2.3,息
2019-08-21,2701,13.35,12.95,0.4,息
2019-08-21,2881A,65.9,63.44,2.46,息
2019-08-21,2881B,64.4,62.67,1.722082,息
2019-08-21,3189,37.95,36.45,1.499066,息
2019-08-22,00775B,47.21,47.07,0.135,息
2019-08-22,2101,38.2,37.7,0.5,息
2019-08-22,2439,152.5,144.0,8.497657,息
2019-08-22,2617,21.05,19.75,1.3,息
2019-08-22,2702,19.95,18.28,1.662963,權息
2019-08-22,3661,118.0,116.46,1.530463,息
2019-08-23,1225,51.1,49.95,1.15,息
2019-08-23,1516,15.25,14.58,0.666326,權
2019-08-23,1609,10.05,9.66,0.386539,權
2019-08-23,1709,13.15,12.65,0.497241,息
2019-08-23,1902,20.1,19.75,0.35,息
2019-08-23,2114,89.2,80.19,9.009524,權息
2019-08-23,2338,27.2,26.36,0.834,息
2019-08-23,2347,38.65,36.65,2.0,息
2019-08-23,2484,21.65,20.2,1.45,息
2019-08-23,2913,15.65,15.35,0.3,息
2019-08-23,3622,18.3,17.8,0.5,息
2019-08-23,4942,39.3,36.8,2.5,息
2019-08-23,6183,37.0,35.34,1.66,息
2019-08-23,6282,23.4,22.4,1.0,息
2019-08-23,6552,100.0,98.0,2.0,息
2019-08-23,9927,31.7,30.32,1.38,息
2019-08-26,1310,24.5,22.5,2.0,息
2019-08-26,1313,10.25,9.95,0.296303,權
2019-08-26,1324,10.55,10.25,0.3,息
2019-08-26,1460,10.25,10.04,0.200981,權
2019-08-26,1533,37.65,36.85,0.8,息
2019-08-26,1541,36.3,35.3,1.0,息
2019-08-26,1587,18.6,18.13,0.462746,權息
2019-08-26,1617,13.35,12.35,1.0,息
2019-08-26,1726,72.0,68.5,3.5,息
2019-08-26,2327,258.0,213.16,44.834894,息
2019-08-26,2377,88.8,83.8,5.0,息
2019-08-26,2904,25.05,23.53,1.514495,息
2019-08-26,3266,14.5,14.0,0.5,息
2019-08-26,3588,23.7,22.94,0.750191,息
2019-08-26,4807,34.85,30.84,4.003119,息
2019-08-26,5525,27.95,23.59,4.359091,權息
2019-08-26,6531,42.25,41.73,0.510234,息
2019-08-27,1210,39.55,36.23,3.311905,權息
2019-08-27,1339,45.9,43.9,2.0,息
2019-08-27,1457,14.0,13.5,0.5,息
2019-08-27,1474,9.46,9.16,0.3,息
2019-08-27,2023,9.05,8.77,0.275491,權息
2019-08-27,2059,340.0,330.5,9.5,息
2019-08-27,2106,30.15,29.15,1.0,息
2019-08-27,2428,80.2,76.4,3.8,息
2019-08-27,2441,43.45,40.75,2.7,息
2019-08-27,2514,15.05,14.8,0.25,息
2019-08-27,2706,15.0,14.55,0.45,息
2019-08-27,2812,12.45,11.56,0.881559,權息
2019-08-27,3312,16.1,14.48,1.614019,權息
2019-08-27,3528,39.8,37.3,2.5,息
2019-08-27,5534,88.4,81.4,7.0,息
2019-08-27,5876,50.0,48.63,1.368389,權
2019-08-27,8367,22.55,21.55,1.0,息
2019-08-28,1409,12.5,11.65,0.85,息
2019-08-28,1416,15.15,13.95,1.2,息
2019-08-28,1513,20.85,19.85,1.0,息
2019-08-28,1514,17.25,16.06,1.182039,權息
2019-08-28,1527,55.3,51.3,4.0,息
2019-08-28,1776,15.7,14.9,0.8,息
2019-08-28,2104,37.0,31.41,5.584071,權息
2019-08-28,2365,8.06,7.86,0.2,息
2019-08-28,2530,16.2,15.9,0.3,息
2019-08-28,3706,31.55,26.13,5.419566,權息
2019-08-28,6168,14.25,13.25,1.0,息
2019-08-28,6216,28.9,26.91,1.98399,息
2019-08-28,6674,32.0,30.2,1.8,息
2019-08-28,8442,58.0,56.5,1.5,息
2019-08-29,1103,16.4,15.4,1.0,息
2019-08-29,1229,36.1,32.85,3.242857,權息
2019-08-29,1231,46.0,42.09,3.904762,權息
2019-08-29,1436,41.5,32.91,8.583334,權息
2019-08-29,1441,13.9,10.46,3.438517,權息
2019-08-29,1446,30.55,30.25,0.3,息
2019-08-29,1526,29.95,28.95,1.0,息
2019-08-29,2328,24.15,23.05,1.1,息
2019-08-29,2383,135.5,131.7,3.8,息
2019-08-29,2402,16.05,15.55,0.5,息
2019-08-29,2505,12.5,12.0,0.5,息
2019-08-29,2509,29.4,24.4,4.993221,權息
2019-08-29,2527,23.2,22.0,1.2,息
2019-08-29,2611,7.99,7.57,0.414659,息
2019-08-29,2845,12.3,11.54,0.755919,權息
2019-08-29,2923,24.5,23.78,0.72,息
2019-08-29,3033,19.75,17.67,2.077343,權息
2019-08-29,3036,40.05,37.69,2.351148,息
2019-08-29,5264,51.6,50.6,1.0,息
2019-08-29,9188,3.81,3.73,0.076114,息
2019-08-30,1517,9.6,9.35,0.25,息
2019-08-30,1539,23.9,22.1,1.8,息
2019-08-30,2103,24.95,23.97,0.98,息
2019-08-30,2468,12.85,12.35,0.5,息
2019-08-30,4961,40.7,39.39,1.300818,息
2019-09-02,1583,55.1,52.1,3.0,息
2019-09-02,2901,23.1,22.71,0.386695,息
2019-09-02,2905,18.25,17.75,0.5,息
2019-09-02,6409,705.0,651.42,53.571429,權息
2019-09-02,8429,13.9,13.53,0.360177,權息
2019-09-02,8488,17.85,17.35,0.5,息
2019-09-02,9105,2.37,2.3,0.060576,息
2019-09-03,1590,327.5,322.26,5.23972,息
2019-09-03,4438,159.0,153.0,6.0,息
2019-09-03,5607,23.45,21.63,1.813209,權
2019-09-03,5907,31.3,29.6,1.693776,息
2019-09-04,1203,27.05,26.05,1.0,息
2019-09-04,2816,20.3,19.4,0.9,息
2019-09-04,3346,33.3,31.8,1.495717,息
2019-09-04,4763,149.0,131.81,17.181819,權息
2019-09-05,2379,220.0,213.0,7.0,息
2019-09-05,2618,14.25,13.35,0.895725,權息
2019-09-05,4426,61.3,56.21,5.082288,權息
2019-09-06,9943,70.2,64.8,5.4,息
2019-09-09,2236,24.8,22.61,2.187296,權息
2019-09-09,2888,9.34,9.31,0.020023,權
2019-09-09,5519,16.75,15.79,0.95148,息
2019-09-09,8499,142.0,137.0,5.0,息
2019-09-10,01010T,10.2,10.08,0.113498,息
2019-09-10,4919,52.8,50.62,2.170025,權
2019-09-11,2707,164.0,157.87,6.1248,息
2019-09-11,2836,9.88,9.4,0.476728,權息
2019-09-11,8261,28.7,27.7,1.0,息
2019-09-12,910861,8.75,8.68,0.06155,息
2019-09-16,2474,235.0,223.0,12.0,息
2019-09-17,3059,24.9,24.4,0.497368,息
2019-09-17,3432,14.3,13.8,0.5,息
2019-09-18,2601,12.35,12.25,0.1,息
2019-09-18,6133,8.54,8.29,0.25,息
2019-09-18,9958,77.3,77.0,0.299932,息
2019-09-19,2330,267.0,265.0,2.0,息
2019-09-19,6235,13.3,12.8,0.497576,息
2019-09-20,2605,17.2,16.5,0.695146,權息
2019-09-23,2342,21.3,21.03,0.27,息
2019-09-24,2062,30.7,30.4,0.3,息
2019-09-24,2488,39.15,36.65,2.5,息
2019-09-24,2889,10.95,10.84,0.108416,權
2019-09-25,00710B,21.04,20.76,0.275,息
2019-09-25,00711B,22.98,22.72,0.255,息
2019-09-25,00712,17.86,17.75,0.104,息
2019-09-25,01004T,13.45,13.26,0.186602,息
2019-09-25,01009T,9.0,8.84,0.152173,息
2019-09-25,4552,51.8,42.67,9.127587,權息
2019-09-26,2506,11.45,11.29,0.16,息
2019-09-26,3017,40.55,39.55,1.0,息
2019-09-30,4967,25.45,23.45,2.0,息
2019-10-02,2542,49.95,45.45,4.5,息
2019-10-04,5521,7.1,6.96,0.13407,權
2019-10-09,2515,7.88,7.68,0.197,息
2019-10-14,2882,40.55,40.32,0.228757,權
2019-10-14,2882A,63.8,63.61,0.182963,權
2019-10-14,2882B,63.8,63.61,0.182963,權
2019-10-17,00714,22.67,22.57,0.1,息
2019-10-17,1603,22.0,21.5,0.5,息
2019-10-22,00717,20.06,19.84,0.215,息
2019-10-22,00730,18.61,17.86,0.746,息
2019-10-22,00733,19.72,19.16,0.56,息
2019-10-23,0056,29.03,27.23,1.8,息
2019-10-23,00660,26.32,25.57,0.75,息
2019-10-23,00774B,39.2,38.86,0.34,息
2019-10-23,00774C,9.02,8.94,0.0777,息
2019-10-23,3596,95.1,93.43,1.661432,權
2019-10-24,6257,36.5,36.09,0.408915,權
2019-10-25,1714,7.4,7.25,0.15,息
2019-10-28,2239,101.5,97.0,4.5,息
2019-10-29,006204,58.25,56.73,1.52,息
2019-10-29,9935,45.85,45.52,0.33,息
2019-11-04,1808,68.4,60.4,8.0,息
2019-11-04,3406,447.0,438.7,8.296475,權
2019-11-04,6541,53.7,53.26,0.431734,權
2019-11-05,2603,12.8,12.68,0.112197,權
2019-11-06,1909,13.7,13.67,0.024637,權
2019-11-14,1235,29.25,26.0,3.25,權
2019-11-20,006208,53.1,51.96,1.138,息
2019-11-20,00692,24.05,23.52,0.53,息
2019-11-20,01007T,17.35,17.14,0.201648,息
2019-11-21,1626,29.7,29.37,0.324442,權
2019-11-21,8442,57.0,55.49,1.500008,權
2019-11-22,0051,35.36,34.16,1.2,息
2019-11-22,0053,41.3,39.8,1.5,息
2019-11-22,0054,24.58,23.83,0.75,息
2019-11-22,0055,19.5,18.8,0.7,息
2019-11-22,00713,33.66,32.06,1.6,息
2019-11-22,00771,20.8,20.55,0.25,息
2019-11-22,00775B,45.62,45.49,0.13,息
2019-11-22,00776,22.37,21.98,0.39,息
2019-11-26,00731,50.7,48.43,2.266,息
2019-11-27,5284,52.0,51.51,0.480939,權
2019-11-27,6452,257.0,197.96,59.036,權息
2019-11-28,00690,24.53,23.41,1.12,息
2019-11-28,2929,107.5,90.84,16.659021,權息
2019-12-04,1598,40.05,39.87,0.179567,權
2019-12-04,3576,7.19,7.15,0.037704,權
2019-12-05,3321,17.0,15.69,1.308021,權
2019-12-12,8070,177.5,173.4,4.1,息
2019-12-19,2330,344.5,342.0,2.5,息
2019-12-24,00710B,20.55,20.28,0.266,息
2019-12-24,00711B,22.36,22.12,0.24,息
2019-12-24,00712,18.36,18.09,0.264,息
2019-12-25,4104,54.1,53.26,0.838122,權
2019-12-30,00742,22.16,21.16,1.0,息
2020-01-16,00714,22.13,21.92,0.21,息
2020-01-30,00701,25.12,23.46,1.66,息
2020-01-30,00702,21.78,21.55,0.23,息
2020-01-30,00717,19.85,19.65,0.2,息
2020-01-30,00728,21.85,21.11,0.737,息
2020-01-30,00735,22.47,22.09,0.38,息
2020-01-30,00736,21.12,20.87,0.25,息
2020-01-30,00770,26.53,25.77,0.76,息
2020-01-31,0050,92.15,89.25,2.9,息
2020-01-31,006203,43.5,42.1,1.4,息
2020-02-13,6213,140.0,137.29,2.70305,權
2020-02-19,5215,61.8,60.8,0.994313,權
2020-02-20,2542,46.2,45.2,1.0,息
2020-02-21,00771,20.96,20.78,0.18,息
2020-02-24,00775B,47.8,47.35,0.45,息
2020-03-04,6024,44.75,43.07,1.67223,權
2020-03-05,1449,12.55,12.04,0.51,權
2020-03-05,4746,41.9,41.47,0.420727,權
2020-03-10,1506,11.9,11.43,0.465796,權
2020-03-11,01010T,10.3,10.09,0.207351,息
2020-03-12,2101,41.55,40.8,0.75,息
2020-03-16,2406,10.15,10.1,0.041972,權
2020-03-16,2483,18.35,17.35,1.0,息
2020-03-16,5225,23.1,22.59,0.51,息
2020-03-19,00710B,17.17,16.9,0.261,息
2020-03-19,00711B,19.42,19.17,0.25,息
2020-03-19,00712,11.65,11.37,0.278,息
2020-03-19,01009T,9.47,9.31,0.150963,息
2020-03-19,2330,260.0,257.5,2.5,息
2020-03-20,5283,82.1,78.1,4.0,息
2020-03-20,9105,2.21,2.18,0.029166,息
2020-03-26,01004T,14.34,14.14,0.193512,息
2020-03-26,2613,10.55,10.38,0.17,息
2020-03-26,2939,92.3,87.8,4.5,息
2020-03-27,3005,45.55,42.75,2.795972,息
2020-03-27,3563,237.0,237.61,-0.616165,權
2020-03-30,3004,53.6,50.93,2.67,息
2020-03-31,1313,8.13,7.93,0.2,息
2020-04-08,1712,19.15,17.85,1.3,息
2020-04-09,1457,11.8,11.3,0.5,息
2020-04-09,1524,8.83,8.43,0.4,息
2020-04-09,2385,82.8,76.9,5.9,息
2020-04-09,6412,57.6,54.4,3.2,息
2020-04-17,2888,8.43,8.4,0.020259,權
2020-04-17,2888A,44.05,44.03,0.014952,權
2020-04-20,00714,18.16,18.04,0.12,息
2020-04-22,0052,65.0,63.07,1.927,息
2020-04-22,00717,16.39,16.2,0.189,息
2020-04-22,2910,30.9,30.2,0.7,息
2020-04-23,5215,67.8,66.3,1.499895,權
2020-04-23,5469,39.35,39.11,0.234558,權
2020-04-23,6224,65.5,61.5,4.0,息
2020-04-23,8112,34.95,32.25,2.7,息
2020-04-24,00774B,40.81,40.21,0.6,息
2020-04-24,00774C,9.6,9.45,0.1401,息
2020-04-24,01001T,16.6,16.23,0.367472,息
2020-04-24,01003T,18.6,18.21,0.38153,息
2020-05-20,01002T,17.2,16.79,0.403678,息
2020-05-20,01007T,17.54,17.34,0.19647,息
2020-05-21,00775B,44.8,44.46,0.34,息
2020-05-22,00771,18.62,18.41,0.21,息
2020-05-28,2809,34.1,32.6,1.5,息
2020-05-28,6251,19.55,19.2,0.342379,權
2020-06-01,3443,231.0,226.0,5.0,息
2020-06-02,8454,585.0,576.5,8.5,息
2020-06-03,9136,9.7,9.31,0.3834,息
2020-06-08,2467,33.0,30.5,2.5,息
2020-06-09,1218,25.25,24.35,0.9,息
2020-06-09,910322,25.05,23.77,1.272,息
2020-06-09,9940,29.3,28.1,1.2,息
2020-06-10,2406,9.28,9.06,0.218254,權
2020-06-10,2548,98.5,91.0,7.5,息
2020-06-10,3029,38.2,36.18,2.010132,息
2020-06-11,1504,28.65,27.66,0.99,息
2020-06-11,2890,12.35,11.65,0.7,息
2020-06-11,3030,59.2,55.9,3.3,息
2020-06-11,6491,169.0,166.5,2.5,息
2020-06-11,8213,38.2,35.65,2.54668,息
2020-06-12,1587,13.25,12.74,0.502463,息
2020-06-12,2006,24.3,22.95,1.35,息
2020-06-12,2832,20.5,19.5,1.0,息
2020-06-12,6579,67.8,64.6,3.2,息
2020-06-12,8482,113.0,106.96,6.037303,息
2020-06-15,1611,13.65,12.45,1.2,息
2020-06-15,1727,9.42,9.22,0.2,息
2020-06-15,2458,126.5,120.0,6.5,息
2020-06-15,2642,36.7,35.5,1.2,息
2020-06-15,3416,61.1,58.1,3.0,息
2020-06-15,3563,322.0,312.0,10.0,息
2020-06-15,6581,62.0,59.4,2.6,息
2020-06-16,2347,46.1,43.5,2.6,息
2020-06-16,3167,40.95,38.95,2.0,息
2020-06-17,00710B,18.94,18.68,0.26,息
2020-06-17,00711B,21.71,21.46,0.25,息
2020-06-17,00712,11.49,11.15,0.338,息
2020-06-17,1711,14.85,14.55,0.3,息
2020-06-17,2404,224.0,211.0,13.0,息
2020-06-17,6112,45.95,42.95,3.0,息
2020-06-17,6505,90.8,87.9,2.9,息
2020-06-18,2020,18.9,17.05,1.85,息
2020-06-18,2330,315.0,312.5,2.5,息
2020-06-18,2480,72.7,68.25,4.45,息
2020-06-18,2851,19.7,18.8,0.9,息
2020-06-18,9924,42.35,39.75,2.6,息
2020-06-19,1315,59.5,55.85,3.65,息
2020-06-19,2430,19.2,18.2,1.0,息
2020-06-22,2327,404.5,391.43,13.061654,息
2020-06-22,2359,21.5,20.7,0.8,息
2020-06-22,2375,36.2,35.7,0.5,息
2020-06-22,2723,104.0,101.0,3.0,息
2020-06-22,4155,31.75,29.6,2.149169,權息
2020-06-22,6573,19.25,18.8,0.444103,權
2020-06-23,1319,39.8,38.0,1.8,息
2020-06-23,1410,34.05,33.05,1.0,息
2020-06-23,1605,14.7,14.19,0.506086,息
2020-06-23,1731,15.25,14.65,0.6,息
2020-06-23,2301,53.1,49.9,3.2,息
2020-06-23,2426,13.85,13.54,0.302674,息
2020-06-23,2722,35.95,35.75,0.2,息
2020-06-23,3583,49.3,47.3,2.0,息
2020-06-23,5871,128.0,118.65,9.346153,權息
2020-06-23,9911,49.35,46.7,2.65,息
2020-06-24,1707,198.0,191.5,6.5,息
2020-06-24,2357,246.5,232.5,14.0,息
2020-06-24,4977,123.0,119.5,3.5,息
2020-06-24,8028,59.1,57.1,2.0,息
2020-06-24,8271,46.6,44.05,2.55,息
2020-06-29,1215,72.2,68.2,4.0,息
2020-06-29,1341,68.0,63.0,5.0,息
2020-06-29,1536,106.0,104.0,2.0,息
2020-06-29,2015,54.8,51.8,3.0,息
2020-06-29,2616,31.2,29.4,1.8,息
2020-06-29,2838A,55.5,53.1,2.4,息
2020-06-29,2885,18.4,17.75,0.65,息
2020-06-29,3003,42.15,41.15,1.0,息
2020-06-29,4144,26.6,26.27,0.328,息
2020-06-29,4557,70.6,65.6,5.0,息
2020-06-29,5533,16.85,16.35,0.5,息
2020-06-29,6282,20.95,19.85,1.1,息
2020-06-29,6288,22.6,21.81,0.781987,息
2020-06-30,1437,22.5,21.4,1.1,息
2020-06-30,1760,142.0,140.2,1.8,息
2020-06-30,2450,30.7,29.25,1.45,息
2020-06-30,3031,15.05,14.22,0.8233,息
2020-06-30,3528,39.4,36.9,2.5,息
2020-06-30,3669,32.4,31.9,0.5,息
2020-06-30,4938,69.8,65.29,4.500484,息
2020-06-30,6525,64.7,61.2,3.5,息
2020-07-01,1326,75.7,71.9,3.8,息
2020-07-01,1558,139.0,130.2,8.8,息
2020-07-01,1604,21.55,20.05,1.5,息
2020-07-01,1702,46.0,44.0,2.0,息
2020-07-01,1733,27.5,26.39,1.106342,息
2020-07-01,1817,34.0,32.28,1.712359,息
2020-07-01,2423,24.65,23.15,1.5,息
2020-07-01,2436,28.1,26.6,1.5,息
2020-07-01,2455,91.5,88.99,2.500027,息
2020-07-01,2606,31.3,29.4,1.9,息
2020-07-01,2731,78.5,76.5,2.0,息
2020-07-01,2881,43.9,41.9,2.0,息
2020-07-01,2881A,65.5,63.04,2.46,息
2020-07-01,2881B,64.8,62.64,2.16,息
2020-07-01,2882,41.85,39.85,2.0,息
2020-07-01,2882A,64.6,62.32,2.28,息
2020-07-01,2882B,64.1,61.97,2.13,息
2020-07-01,3040,38.8,37.3,1.5,息
2020-07-01,3679,65.0,61.0,4.0,息
2020-07-01,4739,58.6,57.37,1.2267,息
2020-07-01,6281,72.1,68.1,4.0,息
2020-07-01,6666,133.0,126.0,7.0,息
2020-07-01,8150,33.8,32.0,1.8,息
2020-07-01,8341,257.5,249.5,8.0,息
2020-07-01,9931,41.8,41.3,0.5,息
2020-07-02,1301,87.6,83.2,4.4,息
2020-07-02,1909,14.35,14.05,0.3,息
2020-07-02,2024,14.45,14.1,0.35,息
2020-07-02,2308,169.5,164.5,5.0,息
2020-07-02,2344,13.55,13.45,0.1,息
2020-07-02,2353,17.9,17.12,0.776841,息
2020-07-02,2408,61.0,59.5,1.497289,息
2020-07-02,2412,116.5,112.27,4.226,息
2020-07-02,2415,17.7,17.2,0.5,息
2020-07-02,2451,73.5,69.0,4.5,息
2020-07-02,2464,39.0,36.5,2.5,息
2020-07-02,2887E,56.5,54.12,2.375,息
2020-07-02,2887F,54.0,52.1,1.9,息
2020-07-02,3010,56.9,53.6,3.3,息
2020-07-02,3035,47.75,46.65,1.1,息
2020-07-02,3305,21.05,20.04,1.005005,息
2020-07-02,4148,41.9,40.9,1.0,息
2020-07-02,4545,30.8,30.45,0.35,息
2020-07-02,4916,28.25,26.25,2.0,息
2020-07-02,5007,45.1,43.1,2.0,息
2020-07-02,6184,44.7,41.7,3.0,息
2020-07-02,6698,50.2,48.6,1.6,息
2020-07-02,8422,169.0,159.0,10.0,息
2020-07-02,9934,13.45,12.85,0.6,息
2020-07-03,1612,10.85,10.35,0.5,息
2020-07-03,1724,13.0,12.5,0.5,息
2020-07-03,2012,18.05,16.85,1.2,息
2020-07-03,2107,18.45,17.63,0.817933,息
2020-07-03,3006,40.2,39.2,1.0,息
2020-07-03,4952,32.55,30.75,1.8,息
2020-07-03,4994,74.5,73.5,1.0,息
2020-07-03,6669,844.0,821.0,22.998816,息
2020-07-03,9943,72.6,67.69,4.901896,息
2020-07-06,1452,17.8,16.6,1.2,息
2020-07-06,1560,66.2,63.4,2.8,息
2020-07-06,1735,17.35,16.7,0.65,息
2020-07-06,1904,23.95,22.75,1.2,息
2020-07-06,2032,8.7,8.35,0.35,息
2020-07-06,2417,28.95,28.84,0.10158,息
2020-07-06,2433,55.8,52.0,3.8,息
2020-07-06,2454,585.0,574.49,10.500859,息
2020-07-06,2617,17.0,16.2,0.8,息
2020-07-06,2637,25.2,23.23,1.966683,權息
2020-07-06,2820,15.5,14.78,0.72,息
2020-07-06,2883,9.47,8.87,0.6,息
2020-07-06,2904,25.25,23.6,1.65,息
2020-07-06,3024,10.25,10.03,0.22,息
2020-07-06,3033,15.55,14.97,0.577706,息
2020-07-06,3591,11.2,11.09,0.102211,息
2020-07-06,4532,17.2,16.69,0.500019,息
2020-07-06,4755,55.0,52.5,2.5,息
2020-07-06,6213,150.5,145.5,5.0,息
2020-07-06,6605,51.2,49.7,1.5,息
2020-07-06,8039,50.6,48.1,2.5,息
2020-07-06,910861,9.65,9.52,0.121472,息
2020-07-07,1303,67.0,64.8,2.2,息
2020-07-07,1477,163.0,158.0,5.0,息
2020-07-07,2453,19.05,18.05,1.0,息
2020-07-07,2456,94.3,90.93,3.369441,息
2020-07-07,2459,42.15,39.14,3.008665,息
2020-07-07,2538,10.55,10.05,0.5,息
2020-07-07,3019,72.1,70.1,2.0,息
2020-07-07,3038,25.0,23.8,1.2,息
2020-07-07,3044,141.0,133.75,7.25,息
2020-07-07,3130,168.0,159.38,8.62,息
2020-07-07,3231,38.65,36.6,2.042251,息
2020-07-07,3338,90.5,88.41,2.086405,息
2020-07-07,4572,99.9,94.9,5.0,息
2020-07-07,4722,28.15,26.35,1.8,息
2020-07-07,4906,25.15,24.64,0.50315,息
2020-07-07,4930,10.75,10.25,0.5,息
2020-07-07,6136,19.75,18.35,1.4,息
2020-07-07,6176,126.5,118.5,8.0,息
2020-07-07,8081,171.0,163.5,7.5,息
2020-07-08,1219,21.5,21.09,0.400452,息
2020-07-08,1507,57.8,55.6,2.2,息
2020-07-08,1608,9.98,9.32,0.66,息
2020-07-08,1773,129.0,105.66,23.333334,權息
2020-07-08,2373,94.5,88.5,6.0,息
2020-07-08,2421,52.8,50.8,2.0,息
2020-07-08,2425,24.95,24.65,0.3,息
2020-07-08,2605,15.85,15.35,0.5,息
2020-07-08,2608,41.65,40.2,1.45,息
2020-07-08,2612,26.1,25.3,0.8,息
2020-07-08,2633,37.15,35.93,1.2101,息
2020-07-08,3048,18.35,17.35,1.0,息
2020-07-08,3056,39.4,36.4,3.0,息
2020-07-08,3532,136.0,132.5,3.5,息
2020-07-08,4958,137.0,132.5,4.5,息
2020-07-08,6108,23.3,21.7,1.6,息
2020-07-08,6115,45.2,42.2,3.0,息
2020-07-08,6205,40.4,39.18,1.210565,息
2020-07-08,6215,15.4,14.9,0.5,息
2020-07-08,8072,27.3,27.1,0.2,息
2020-07-08,8481,64.0,61.0,3.0,息
2020-07-08,8499,134.0,129.0,5.0,息
2020-07-08,9188,3.08,2.98,0.09565,息
2020-07-09,1232,127.0,122.0,5.0,息
2020-07-09,1338,59.1,55.6,3.5,息
2020-07-09,1464,21.65,20.15,1.5,息
2020-07-09,1476,345.5,334.5,11.0,息
2020-07-09,1521,63.5,59.5,4.0,息
2020-07-09,1708,27.3,24.53,2.762963,權息
2020-07-09,1713,18.55,17.97,0.58,息
2020-07-09,1717,34.3,32.9,1.4,息
2020-07-09,1906,13.05,12.55,0.5,息
2020-07-09,2010,10.05,9.75,0.3,息
2020-07-09,2231,156.5,146.49,10.003676,權息
2020-07-09,2312,10.85,10.54,0.305909,息
2020-07-09,2313,49.8,48.6,1.2,息
2020-07-09,2338,28.9,27.9,1.0,息
2020-07-09,2362,30.65,30.25,0.4,息
2020-07-09,2493,36.95,34.45,2.5,息
2020-07-09,2634,29.75,28.56,1.19,息
2020-07-09,3028,20.0,18.99,1.000351,息
2020-07-09,3266,13.95,13.45,0.5,息
2020-07-09,3705,50.6,48.4,2.2,息
2020-07-09,5234,92.0,87.0,5.0,息
2020-07-09,5388,86.2,83.17,3.024261,息
2020-07-09,6024,40.1,38.2,1.9,息
2020-07-09,6197,43.7,40.7,3.0,息
2020-07-09,8046,88.1,87.4,0.7,息
2020-07-09,8131,39.85,37.65,2.2,息
2020-07-09,8163,40.2,37.9,2.3,息
2020-07-09,8249,19.4,18.2,1.2,息
2020-07-09,8367,25.7,24.6,1.1,息
2020-07-09,8374,21.85,21.55,0.3,息
2020-07-10,1233,38.25,36.65,1.6,息
2020-07-10,1323,33.7,32.1,1.6,息
2020-07-10,1417,10.95,10.45,0.5,息
2020-07-10,1568,16.4,15.89,0.503634,息
2020-07-10,2114,85.3,80.3,5.0,息
2020-07-10,2597,66.6,62.1,4.5,息
2020-07-10,3014,74.6,71.3,3.3,息
2020-07-10,3016,72.2,71.95,0.247216,息
2020-07-10,3090,54.0,50.5,3.5,息
2020-07-10,3296,13.2,12.92,0.274187,息
2020-07-10,4164,48.5,46.5,1.996702,息
2020-07-10,5434,122.0,115.5,6.5,息
2020-07-10,6271,147.5,145.05,2.444841,息
2020-07-10,8463,39.5,39.01,0.49,息
2020-07-13,1414,7.21,7.01,0.2,息
2020-07-13,1434,36.25,33.75,2.5,息
2020-07-13,1598,68.0,66.89,1.105891,息
2020-07-13,1710,16.8,16.5,0.3,息
2020-07-13,2108,38.5,36.4,2.1,息
2020-07-13,2316,31.3,30.8,0.5,息
2020-07-13,2348,78.8,74.47,4.329747,息
2020-07-13,2401,12.3,12.0,0.3,息
2020-07-13,2449,38.55,36.75,1.8,息
2020-07-13,2547,10.65,10.04,0.608141,息
2020-07-13,2891,20.9,19.9,1.0,息
2020-07-13,2891B,67.5,65.25,2.25,息
2020-07-13,2891C,64.4,62.96,1.436054,息
2020-07-13,3013,13.5,13.2,0.3,息
2020-07-13,3034,285.5,275.0,10.5,息
2020-07-13,3050,10.1,9.6,0.5,息
2020-07-13,3376,161.5,155.02,6.476283,權息
2020-07-13,4119,133.5,127.7,5.8,息
2020-07-13,4571,67.6,64.3,3.3,息
2020-07-13,4912,89.3,86.77,2.52688,息
2020-07-13,5215,145.0,142.0,3.0,息
2020-07-13,5538,29.55,28.05,1.5,息
2020-07-13,6155,24.2,23.16,1.04,息
2020-07-13,6192,69.7,66.4,3.3,息
2020-07-13,6214,88.3,83.3,5.0,息
2020-07-13,6533,158.0,157.65,0.340122,息
2020-07-13,6592,86.1,83.0,3.1,息
2020-07-13,6641,69.2,64.63,4.567164,息
2020-07-13,6655,42.55,40.55,2.0,息
2020-07-13,8104,53.5,53.15,0.35,息
2020-07-13,8210,96.9,92.3,4.6,息
2020-07-13,8222,14.75,14.3,0.45,息
2020-07-13,9926,42.6,40.9,1.7,息
2020-07-14,1236,13.0,12.7,0.3,息
2020-07-14,1256,213.5,207.3,6.2,息
2020-07-14,1312A,30.25,29.65,0.6,息
2020-07-14,1515,80.9,77.9,3.0,息
2020-07-14,2207,748.0,734.0,14.0,息
2020-07-14,2462,26.55,25.85,0.7,息
2020-07-14,2477,23.4,21.8,1.6,息
2020-07-14,2816,20.05,19.17,0.88,息
2020-07-14,2889,12.2,11.54,0.65229,息
2020-07-14,2908,22.0,21.29,0.709999,息
2020-07-14,3450,78.6,77.6,1.0,息
2020-07-14,3645,39.8,39.3,0.5,息
2020-07-14,3706,34.2,29.64,4.557143,權息
2020-07-14,4904,69.0,65.75,3.25,息
2020-07-14,6166,85.2,83.6,1.6,息
2020-07-14,6451,128.5,124.83,3.669145,息
2020-07-14,6456,117.5,114.0,3.5,息
2020-07-14,9802,106.5,100.98,5.518897,息
2020-07-14,9908,31.65,30.55,1.1,息
2020-07-15,1582,82.8,78.3,4.5,息
2020-07-15,1618,8.76,8.46,0.3,息
2020-07-15,1723,105.0,100.0,5.0,息
2020-07-15,1907,14.3,13.6,0.7,息
2020-07-15,2027,25.8,24.31,1.486275,權息
2020-07-15,2031,24.55,23.74,0.809114,息
2020-07-15,2034,25.5,24.0,1.5,息
2020-07-15,2303,16.8,15.99,0.803956,息
2020-07-15,2356,27.7,26.4,1.3,息
2020-07-15,2376,73.7,71.5,2.2,息
2020-07-15,2501,20.1,19.1,1.0,息
2020-07-15,2520,32.55,31.05,1.5,息
2020-07-15,2546,44.45,41.45,3.0,息
2020-07-15,2903,25.2,24.4,0.8,息
2020-07-15,3037,52.2,51.1,1.09186,息
2020-07-15,3665,217.5,208.5,9.0,息
2020-07-15,4935,118.0,116.5,1.5,息
2020-07-15,5546,67.6,63.6,4.0,息
2020-07-15,6285,68.0,65.49,2.500051,息
2020-07-15,6405,15.4,14.9,0.5,息
2020-07-15,8926,41.35,39.65,1.7,息
2020-07-16,00714,18.19,18.04,0.15,息
2020-07-16,1104,18.4,17.4,1.0,息
2020-07-16,1109,18.1,17.0,1.1,息
2020-07-16,1227,67.6,64.95,2.65,息
2020-07-16,1234,34.1,32.4,1.7,息
2020-07-16,1325,153.5,153.2,0.3,息
2020-07-16,1535,33.0,31.8,1.2,息
2020-07-16,1609,11.25,10.94,0.302798,息
2020-07-16,1614,38.0,37.16,0.83287,息
2020-07-16,1725,14.75,13.94,0.81,息
2020-07-16,2029,17.8,17.65,0.15,息
2020-07-16,2397,84.8,79.8,5.0,息
2020-07-16,2402,13.85,13.35,0.5,息
2020-07-16,2419,22.6,21.8,0.8,息
2020-07-16,2481,28.65,27.59,1.052213,息
2020-07-16,2504,18.0,17.7,0.3,息
2020-07-16,2614,17.2,16.2,1.0,息
2020-07-16,2707,147.0,143.07,3.9206,息
2020-07-16,2823,22.45,21.85,0.6,息
2020-07-16,2915,71.4,66.4,5.0,息
2020-07-16,3015,24.3,22.75,1.54005,息
2020-07-16,3026,128.0,121.0,7.0,息
2020-07-16,3032,31.05,29.01,2.036291,息
2020-07-16,3454,74.6,72.1,2.5,息
2020-07-16,3530,86.0,84.0,2.0,息
2020-07-16,4133,110.5,110.4,0.1,息
2020-07-16,5471,58.2,56.1,2.1,息
2020-07-16,5876,47.75,45.7,2.05,息
2020-07-16,6128,30.5,28.1,2.4,息
2020-07-16,6196,107.5,104.9,2.596178,息
2020-07-16,6206,72.9,68.4,4.5,息
2020-07-16,6278,138.5,135.7,2.8,息
2020-07-16,8070,165.5,157.0,8.5,息
2020-07-16,8464,342.0,332.0,10.0,息
2020-07-16,9939,58.0,54.94,3.053091,息
2020-07-16,9945,53.8,52.8,1.0,息
2020-07-17,1310,16.75,15.75,1.0,息
2020-07-17,2103,17.4,16.9,0.5,息
2020-07-17,2323,7.64,7.44,0.2,息
2020-07-17,2324,20.0,18.8,1.2,息
2020-07-17,2906,14.2,13.9,0.3,息
2020-07-17,3045,114.0,109.25,4.75,息
2020-07-17,3413,200.0,196.0,3.99882,息
2020-07-17,3481,8.4,8.3,0.1,息
2020-07-17,3596,84.0,79.29,4.700112,息
2020-07-17,4439,147.0,138.96,8.038533,息
2020-07-17,4999,45.55,43.05,2.5,息
2020-07-17,6591,67.8,66.33,1.464063,息
2020-07-17,8215,19.15,18.65,0.5,息
2020-07-17,8462,196.5,182.01,14.488953,權息
2020-07-20,00702,16.49,16.28,0.21,息
2020-07-20,1436,39.9,37.4,2.5,息
2020-07-20,1463,12.25,11.65,0.6,息
2020-07-20,1589,82.9,82.4,0.5,息
2020-07-20,1615,24.15,21.04,3.104546,權息
2020-07-20,3021,13.9,13.49,0.407799,息
2020-07-20,3545,35.45,34.94,0.50291,息
2020-07-20,4190,81.0,77.0,4.0,息
2020-07-20,4915,46.3,43.89,2.40032,息
2020-07-20,6674,32.3,30.9,1.4,息
2020-07-20,9919,37.5,37.3,0.2,息
2020-07-20,9930,46.5,44.5,2.0,息
2020-07-21,0050,97.05,96.35,0.7,息
2020-07-21,006203,45.7,45.42,0.28,息
2020-07-21,006208,55.5,55.01,0.481,息
2020-07-21,00692,24.98,24.74,0.231,息
2020-07-21,00717,16.45,16.28,0.167,息
2020-07-21,1201,22.45,21.11,1.3339,息
2020-07-21,1626,28.45,27.1,1.342157,權息
2020-07-21,1809,9.71,9.51,0.2,息
2020-07-21,2013,26.45,25.64,0.81,息
2020-07-21,2206,21.65,20.63,1.010088,息
2020-07-21,2427,10.95,10.6,0.35,息
2020-07-21,3257,85.3,79.02,6.274979,權息
2020-07-21,3605,26.15,25.4,0.75,息
2020-07-21,4720,13.5,13.2,0.299295,息
2020-07-21,5515,11.15,10.63,0.519421,息
2020-07-21,6415,1740.0,1732.52,7.475263,息
2020-07-21,6671,41.5,38.5,3.0,息
2020-07-21,9902,10.85,10.45,0.4,息
2020-07-22,1540,16.45,15.45,1.0,息
2020-07-22,2033,9.25,9.05,0.2,息
2020-07-22,2392,43.5,41.0,2.5,息
2020-07-22,2834,11.15,10.42,0.721429,權息
2020-07-22,3055,31.45,31.05,0.4,息
2020-07-22,3406,779.0,770.0,8.991,息
2020-07-22,3543,18.25,17.45,0.8,息
2020-07-22,3550,12.95,12.45,0.5,息
2020-07-22,4560,47.95,43.95,3.990367,息
2020-07-22,9918,36.8,35.45,1.35,息
2020-07-23,1102,46.3,43.3,3.0,息
2020-07-23,1103,18.0,16.99,1.001862,息
2020-07-23,1304,12.55,12.05,0.5,息
2020-07-23,1305,19.2,17.8,1.390477,權息
2020-07-23,1308,19.6,18.09,1.504762,權息
2020-07-23,1309,16.2,15.43,0.763107,權息
2020-07-23,1423,13.5,13.38,0.12,息
2020-07-23,1522,25.3,23.9,1.4,息
2020-07-23,1529,17.2,16.7,0.5,息
2020-07-23,1701,24.5,23.7,0.8,息
2020-07-23,1734,38.8,38.6,0.2,息
2020-07-23,1762,54.7,53.9,0.8,息
2020-07-23,1789,33.5,33.23,0.27,息
2020-07-23,2030,10.7,10.18,0.510694,息
2020-07-23,2105,35.65,34.65,1.0,息
2020-07-23,2317,85.9,81.7,4.2,息
2020-07-23,2345,247.0,240.8,6.1903,息
2020-07-23,2352,18.55,17.8,0.75,息
2020-07-23,2354,58.0,55.5,2.5,息
2020-07-23,2414,29.4,27.9,1.5,息
2020-07-23,2496,68.5,60.83,7.662748,權息
2020-07-23,2727,79.5,75.05,4.443687,息
2020-07-23,2838,11.5,10.65,0.845795,權息
2020-07-23,3515,172.0,168.0,4.0,息
2020-07-23,4581,41.95,38.95,3.0,息
2020-07-23,4737,74.0,72.0,1.992511,息
2020-07-23,5469,45.4,43.72,1.673968,息
2020-07-23,5522,48.95,45.33,3.610441,息
2020-07-23,5706,33.15,29.97,3.179417,權息
2020-07-23,6189,35.1,32.82,2.28,息
2020-07-23,6191,16.45,15.94,0.500631,息
2020-07-23,6226,8.7,8.29,0.4039,息
2020-07-23,6504,253.0,248.5,4.5,息
2020-07-23,6558,40.1,39.1,1.0,息
2020-07-23,8443,10.2,10.05,0.15,息
2020-07-23,8480,134.0,127.8,6.2,息
2020-07-23,9905,22.15,21.15,1.0,息
2020-07-23,9917,89.4,85.4,4.0,息
2020-07-24,2002,20.7,20.2,0.5,息
2020-07-24,2002A,54.6,53.2,1.4,息
2020-07-24,2337,32.55,31.36,1.189402,息
2020-07-24,2360,185.5,182.49,3.006547,息
2020-07-24,4968,265.0,263.09,1.901901,息
2020-07-24,6582,144.0,139.55,4.449474,息
2020-07-24,8103,33.75,32.71,1.03098,息
2020-07-24,9933,38.4,36.4,1.999965,息
2020-07-27,1110,16.5,16.4,0.1,息
2020-07-27,1402,29.2,27.7,1.5,息
2020-07-27,1503,48.5,46.9,1.6,息
2020-07-27,1531,11.25,11.04,0.201524,息
2020-07-27,2374,12.7,12.4,0.3,息
2020-07-27,2852,14.2,13.24,0.96,息
2020-07-27,3209,20.4,19.12,1.278706,息
2020-07-27,3617,87.4,82.05,5.35,息
2020-07-27,4526,12.65,12.45,0.2,息
2020-07-27,4555,48.0,46.8,1.2,息
2020-07-27,6257,46.4,44.2,2.197239,息
2020-07-27,6277,90.0,84.7,5.3,息
2020-07-27,8021,23.85,22.65,1.2,息
2020-07-27,8404,29.35,28.75,0.6,息
2020-07-28,1220,11.9,11.3,0.6,息
2020-07-28,1231,44.8,41.14,3.657143,權息
2020-07-28,2069,15.55,15.05,0.5,息
2020-07-28,2355,27.2,26.2,1.0,息
2020-07-28,2365,8.82,8.4,0.417832,息
2020-07-28,2478,78.0,76.2,1.8,息
2020-07-28,2495,13.45,12.84,0.606001,息
2020-07-28,2534,17.65,17.15,0.5,息
2020-07-28,2849,15.1,14.37,0.73,息
2020-07-28,2884,28.95,26.08,2.869512,權息
2020-07-28,3047,10.9,10.75,0.15,息
2020-07-28,3708,101.0,96.99,4.00187,息
2020-07-28,4989,18.5,17.9,0.6,息
2020-07-28,6141,19.05,18.64,0.403257,息
2020-07-28,6177,32.0,27.27,4.725422,權息
2020-07-28,6715,148.0,146.2,1.8,息
2020-07-28,8467,53.0,51.0,2.0,息
2020-07-28,9942,68.4,64.2,4.2,息
2020-07-29,1446,27.6,27.3,0.3,息
2020-07-29,3380,23.95,23.5,0.440539,息
2020-07-29,5284,39.2,37.3,1.9,息
2020-07-29,6416,144.0,141.17,2.823716,息
2020-07-29,6449,36.7,35.7,1.0,息
2020-07-29,8427,43.9,43.53,0.37,息
2020-07-29,8473,49.4,47.4,2.0,息
2020-07-29,8996,66.4,64.4,2.0,息
2020-07-29,9904,26.5,25.25,1.25,息
2020-07-29,9937,47.25,45.25,2.0,息
2020-07-30,1470,19.15,18.35,0.8,息
2020-07-30,1519,34.75,33.75,1.0,息
2020-07-30,1525,48.45,46.45,2.0,息
2020-07-30,1617,11.9,11.6,0.3,息
2020-07-30,1720,42.85,41.35,1.5,息
2020-07-30,2351,47.0,45.2,1.8,息
2020-07-30,2511,10.2,9.7,0.5,息
2020-07-30,2535,23.3,21.9,1.392289,息
2020-07-30,2850,36.2,34.4,1.8,息
2020-07-30,3023,180.0,174.7,5.3,息
2020-07-30,3042,74.5,72.0,2.5,息
2020-07-30,3533,466.0,455.5,10.5,息
2020-07-30,4104,59.7,56.4,3.3,息
2020-07-30,4106,32.05,31.6,0.45,息
2020-07-30,4536,161.5,155.5,6.0,息
2020-07-30,4566,38.05,36.4,1.644151,息
2020-07-30,6230,258.5,253.63,4.87,息
2020-07-30,6239,103.5,99.0,4.5,息
2020-07-30,6269,150.0,145.02,4.974806,息
2020-07-30,6670,175.5,167.5,8.0,息
2020-07-30,8016,147.0,140.5,6.5,息
2020-07-31,2395,345.5,307.04,38.452086,權息
2020-07-31,2530,16.2,16.1,0.1,息
2020-07-31,2630,16.45,16.37,0.08,息
2020-07-31,2897,7.31,6.9,0.400953,息
2020-07-31,2897A,10.45,10.02,0.425,息
2020-07-31,3501,48.25,45.25,3.0,息
2020-07-31,3702,43.5,41.1,2.4,息
2020-07-31,3702A,51.1,50.52,0.575342,息
2020-07-31,4306,11.75,11.44,0.305107,息
2020-07-31,5243,36.0,34.2,1.8,息
2020-08-03,1442,17.8,16.81,0.986897,息
2020-08-03,2228,88.0,83.0,5.0,息
2020-08-03,2382,81.8,78.1,3.7,息
2020-08-03,2545,37.5,36.3,1.2,息
2020-08-03,2636,29.1,27.78,1.317706,息
2020-08-03,4927,80.4,77.4,2.999922,息
2020-08-03,5264,69.5,68.48,1.010211,息
2020-08-03,6477,40.6,39.64,0.956669,息
2020-08-03,9938,64.5,61.5,3.0,息
2020-08-04,1530,31.55,30.05,1.5,息
2020-08-04,2393,35.65,34.25,1.399577,息
2020-08-04,2476,20.65,19.35,1.3,息
2020-08-04,2607,13.35,13.05,0.3,息
2020-08-04,2855,16.25,14.95,1.29902,權息
2020-08-04,3703,13.45,12.95,0.5,息
2020-08-04,4766,138.0,132.0,6.0,息
2020-08-04,5285,44.95,42.49,2.46,息
2020-08-04,6201,35.45,32.95,2.5,息
2020-08-04,6442,36.2,34.84,1.36,息
2020-08-04,9925,37.55,35.29,2.25297,權息
2020-08-05,2471,23.0,21.57,1.424556,息
2020-08-05,2888,8.49,8.1,0.388124,息
2020-08-05,2888A,45.15,44.7,0.449753,息
2020-08-05,2905,30.0,26.36,3.636364,權息
2020-08-05,2912,279.0,270.0,9.0,息
2020-08-05,3058,6.97,6.86,0.101915,息
2020-08-05,3062,15.15,15.0,0.15,息
2020-08-05,3164,22.8,21.99,0.809889,息
2020-08-05,4564,36.8,34.6,2.2,息
2020-08-05,4576,80.5,79.98,0.519881,權息
2020-08-05,8466,72.5,68.4,4.1,息
2020-08-06,1216,70.7,68.2,2.5,息
2020-08-06,1419,43.55,42.55,1.0,息
2020-08-06,1440,11.25,11.05,0.2,息
2020-08-06,1783,27.65,26.87,0.78,息
2020-08-06,2492,184.5,179.0,5.5,息
2020-08-06,5607,25.95,24.95,1.0,息
2020-08-07,2892,23.9,22.18,1.715534,權息
2020-08-10,3022,49.85,48.84,1.003918,息
2020-08-11,1314,8.6,8.3,0.3,息
2020-08-11,1473,18.45,17.95,0.5,息
2020-08-11,2739,26.75,25.75,1.0,息
2020-08-11,2801,19.4,18.26,1.13077,權息
2020-08-11,2887,13.85,12.98,0.865902,權息
2020-08-11,3008,4000.0,3921.0,79.0,息
2020-08-11,4919,47.3,46.1,1.2,息
2020-08-11,6202,72.7,68.65,4.05,息
2020-08-11,6531,436.5,435.5,0.997427,息
2020-08-11,6668,61.7,60.89,0.800159,息
2020-08-11,9802,114.0,111.88,2.110276,權
2020-08-12,1101,46.5,41.9,4.596667,權息
2020-08-12,1101B,54.9,53.15,1.75,息
2020-08-12,1225,35.9,34.6,1.3,息
2020-08-12,1229,47.15,39.26,7.882759,權息
2020-08-12,1532,27.55,26.62,0.921846,息
2020-08-12,1537,150.0,140.0,10.0,息
2020-08-12,2049,313.0,302.13,10.864075,權息
2020-08-12,2227,281.0,259.73,21.27,息
2020-08-12,2889,11.9,11.7,0.199608,權
2020-08-12,3094,21.4,20.57,0.823984,息
2020-08-12,5203,113.5,109.86,3.638426,息
2020-08-12,5880,21.85,20.38,1.461651,權息
2020-08-13,1583,60.8,57.8,3.0,息
2020-08-13,2880,20.15,18.55,1.599675,權息
2020-08-13,2886,32.35,30.65,1.7,息
2020-08-13,3711,69.9,67.9,1.998029,息
2020-08-13,6005,11.8,11.0,0.8,息
2020-08-13,6153,30.1,29.46,0.639216,權息
2020-08-13,9914,252.5,248.3,4.2,息
2020-08-14,1730,74.5,70.74,3.76,息
2020-08-14,9931,42.0,38.88,3.111112,權
2020-08-17,2885,19.1,18.36,0.734616,權
2020-08-17,8411,12.8,12.68,0.12,息
2020-08-18,2505,31.3,29.65,1.65,息
2020-08-18,6706,153.5,149.52,3.974217,息
2020-08-18,9910,199.0,162.5,36.5,權息
2020-08-19,2539,37.2,30.47,6.721722,權息
2020-08-19,5288,105.0,99.5,5.5,息
2020-08-19,9945,54.7,36.46,18.233334,權
2020-08-20,00775B,46.9,46.56,0.34,息
2020-08-20,2239,83.0,80.5,2.5,息
2020-08-20,3049,9.88,9.53,0.35,息
2020-08-20,3653,325.5,320.5,5.0,息
2020-08-20,3661,643.0,639.54,3.4509,息
2020-08-20,6139,33.0,31.5,1.5,息
2020-08-20,9958,105.5,104.5,0.992652,息
2020-08-21,00771,19.43,19.26,0.17,息
2020-08-21,1445,8.72,8.51,0.203062,息
2020-08-21,1454,8.2,7.94,0.25862,息
2020-08-21,2233,67.1,63.8,3.3,息
2020-08-21,2367,21.7,20.9,0.8,息
2020-08-21,2536,24.5,23.3,1.2,息
2020-08-21,3189,69.8,68.79,1.000374,息
2020-08-21,9921,300.0,295.4,4.6,息
2020-08-24,1324,10.25,9.95,0.3,息
2020-08-24,2377,149.0,144.8,4.2,息
2020-08-24,3025,18.4,17.82,0.58,息
2020-08-24,3036,41.65,39.56,2.088556,息
2020-08-24,3588,36.3,35.29,1.00017,息
2020-08-24,4438,129.0,121.5,7.5,息
2020-08-24,8497,68.8,65.3,3.5,息
2020-08-25,1709,14.45,13.95,0.5,息
2020-08-25,1726,72.0,68.8,3.2,息
2020-08-25,1737,32.3,30.8,1.5,息
2020-08-25,2115,46.6,42.28,4.314286,權息
2020-08-25,3002,11.25,10.78,0.47,息
2020-08-25,3535,17.65,17.15,0.5,息
2020-08-25,4426,32.45,29.82,2.627239,權息
2020-08-25,4961,32.2,31.19,1.00079,息
2020-08-25,5269,1765.0,1753.03,11.968914,息
2020-08-25,6172,24.7,24.5,0.2,息
2020-08-25,6183,48.6,46.85,1.75,息
2020-08-25,6552,50.2,48.2,2.0,息
2020-08-25,9927,29.9,27.9,2.0,息
2020-08-25,9941,113.5,99.09,14.409091,權息
2020-08-25,9941A,53.8,51.8,2.0,息
2020-08-26,1339,43.0,41.0,2.0,息
2020-08-26,1453,8.25,8.08,0.161765,權
2020-08-26,1457,14.0,13.5,0.5,息
2020-08-26,1526,43.0,42.2,0.8,息
2020-08-26,2101,48.2,47.85,0.35,息
2020-08-26,2441,52.9,50.6,2.3,息
2020-08-26,2468,14.2,13.7,0.5,息
2020-08-26,2812,12.1,11.23,0.864259,權息
2020-08-26,2901,24.3,23.89,0.404258,息
2020-08-26,6216,27.45,25.58,1.868528,息
2020-08-26,6464,122.0,115.66,6.336509,權息
2020-08-26,6625,36.85,35.0,1.845224,權息
2020-08-27,1108,10.45,10.3,0.15,息
2020-08-27,1307,21.85,21.05,0.8,息
2020-08-27,1439,39.85,34.85,5.0,息
2020-08-27,1514,30.5,28.38,2.119048,權息
2020-08-27,1533,30.3,29.8,0.5,息
2020-08-27,2059,322.5,314.5,8.0,息
2020-08-27,2428,117.5,113.3,4.2,息
2020-08-27,2439,165.0,157.29,7.704899,息
2020-08-27,2472,56.4,54.89,1.500116,息
2020-08-27,2509,21.45,19.31,2.131819,權息
2020-08-27,2527,21.55,19.75,1.8,息
2020-08-27,2615,22.1,21.3,0.8,息
2020-08-27,3312,15.55,14.1,1.446227,權息
2020-08-27,4942,41.45,38.95,2.5,息
2020-08-27,5525,22.45,20.32,2.125926,權息
2020-08-27,8429,7.79,7.77,0.02,息
2020-08-27,9935,35.95,35.35,0.6,息
2020-08-28,1210,48.95,46.75,2.2,息
2020-08-28,1527,39.7,38.5,1.2,息
2020-08-28,1722,56.9,54.7,2.2,息
2020-08-28,2484,23.65,22.7,0.95,息
2020-08-28,3622,24.35,23.55,0.8,息
2020-08-28,5534,90.9,84.6,6.3,息
2020-08-31,01010T,10.36,10.16,0.196892,息
2020-08-31,1603,28.9,28.4,0.5,息
2020-08-31,2104,20.45,20.25,0.2,息
2020-08-31,2328,18.85,17.85,1.0,息
2020-08-31,4943,102.5,88.69,13.804135,權息
2020-08-31,9105,4.44,4.42,0.018748,息
2020-09-01,1409,12.2,11.65,0.55,息
2020-09-01,1516,17.05,16.45,0.593355,權息
2020-09-01,2329,10.85,10.7,0.15,息
2020-09-01,2701,12.2,11.8,0.4,息
2020-09-01,2845,11.2,10.44,0.755232,權息
2020-09-01,8488,13.85,13.35,0.5,息
2020-09-02,1539,20.8,20.0,0.8,息
2020-09-02,1786,68.5,63.93,4.561048,權息
2020-09-02,2106,31.8,30.19,1.607786,權息
2020-09-02,3052,12.4,11.89,0.505581,息
2020-09-02,5907,25.0,22.8,2.2,息
2020-09-03,1203,32.3,31.3,1.0,息
2020-09-03,1517,11.3,11.09,0.202136,息
2020-09-03,1590,694.0,689.26,4.7347,息
2020-09-03,1776,16.55,15.7,0.845639,息
2020-09-03,2474,204.0,194.0,10.0,息
2020-09-03,2618,11.45,11.2,0.25,息
2020-09-03,4763,128.0,123.24,4.753681,息
2020-09-03,5283,108.5,104.33,4.164382,息
2020-09-07,1465,15.6,14.1,1.5,息
2020-09-07,2383,169.0,163.23,5.761919,息
2020-09-07,5519,17.1,15.75,1.35,息
2020-09-08,2379,381.5,370.5,11.0,息
2020-09-08,2923,26.7,24.47,2.23,息
2020-09-08,4137,210.5,197.45,13.046775,息
2020-09-09,6414,288.0,258.63,29.365647,權息
2020-09-09,9103,69.0,68.74,0.251013,息
2020-09-10,1513,49.75,48.55,1.196554,息
2020-09-10,2816,19.75,18.8,0.940477,權
2020-09-11,2027,22.9,21.71,1.181816,權
2020-09-11,2420,34.85,32.85,2.0,息
2020-09-11,2706,13.85,13.4,0.45,息
2020-09-15,2748,46.0,39.13,6.869566,權息
2020-09-15,910861,17.75,17.68,0.067608,息
2020-09-16,01009T,9.86,9.7,0.151272,息
2020-09-16,1736,69.8,68.39,1.401785,息
2020-09-16,2358,15.3,15.09,0.20408,息
2020-09-16,3059,26.95,26.42,0.520562,息
2020-09-16,6409,957.0,889.31,67.688333,權息
2020-09-16,6591,60.9,60.0,0.898654,權
2020-09-16,6672,85.5,80.5,5.0,息
2020-09-17,00710B,18.97,18.71,0.26,息
2020-09-17,00711B,22.71,22.48,0.23,息
2020-09-17,00712,11.32,11.04,0.273,息
2020-09-17,2330,458.0,455.5,2.5,息
2020-09-17,2387,70.3,69.3,1.0,息
2020-09-17,6133,8.34,8.09,0.25,息
2020-09-17,8114,84.0,79.5,4.5,息
2020-09-17,8261,28.8,28.3,0.5,息
2020-09-18,2062,26.25,26.15,0.1,息
2020-09-22,1589,94.0,93.36,0.632812,權
2020-09-23,2363,12.95,11.06,1.883108,權息
2020-09-23,2488,31.9,29.6,2.3,息
2020-09-23,2515,8.09,7.88,0.201,息
2020-09-23,3017,68.7,67.4,1.3,息
2020-09-23,3432,12.8,12.5,0.3,息
2020-09-24,01004T,16.44,16.24,0.195313,息
2020-09-24,1808,74.0,60.0,14.0,權息
2020-09-24,2542,46.15,41.04,5.104546,權息
2020-09-24,4967,35.9,34.97,0.928295,息
2020-09-24,8105,10.35,10.25,0.1,息
2020-09-25,1528,8.08,7.97,0.104181,息
2020-09-25,2897,6.63,6.6,0.029598,權
2020-09-25,2897A,10.15,10.12,0.023641,權
2020-09-29,4552,38.15,36.45,1.7,息
2020-10-06,4764,61.0,59.77,1.221765,息
2020-10-14,4551,173.5,171.63,1.868757,息
2020-10-21,00714,18.09,17.98,0.102,息
2020-10-21,00717,16.76,16.59,0.168,息
2020-10-21,00730,17.4,16.55,0.843,息
2020-10-21,00733,24.28,23.92,0.358,息
2020-10-21,5522,46.35,45.35,1.0,息
2020-10-23,006204,64.6,63.84,0.76,息
2020-10-23,00774B,39.1,38.3,0.8,息
2020-10-23,00774C,8.99,8.8,0.187,息
2020-10-23,00851,27.88,27.6,0.28,息
2020-10-23,6625,38.45,37.39,1.05051,權
2020-10-26,8011,16.5,16.16,0.334351,權
2020-10-28,0056,29.69,28.09,1.6,息
2020-10-28,00660,22.28,21.92,0.36,息
2020-10-28,00739,25.51,25.01,0.5,息
2020-10-28,4919,43.85,42.61,1.236586,權
2020-10-29,3563,290.0,287.0,3.0,息
2020-10-29,4755,69.4,67.34,2.055489,權
2020-10-29,6177,29.8,29.48,0.315537,權
2020-10-29,8478,58.9,58.39,0.505956,息
2020-10-30,2601,9.88,8.69,1.182753,權息
2020-10-30,2823,20.15,19.0,1.140566,權
2020-11-03,2812,10.9,10.85,0.042152,權
2020-11-05,1909,16.35,16.27,0.072788,權
2020-11-05,2049,265.0,262.46,2.53879,權
2020-11-06,2630,16.55,15.15,1.394323,權
2020-11-11,6443,36.5,34.89,1.602852,權
2020-11-12,2867,8.82,8.75,0.065988,權
2020-11-16,1432,21.55,17.55,4.0,息
2020-11-17,006208,64.5,63.36,1.139,息
2020-11-17,00692,28.75,28.14,0.608,息
2020-11-17,00878,15.1,15.05,0.05,息
2020-11-17,8411,13.8,13.63,0.17,息
2020-11-18,00731,48.91,46.82,2.09,息
2020-11-19,00775B,45.38,45.05,0.33,息
2020-11-19,01007T,19.19,18.96,0.229207,息
2020-11-19,2530,15.05,13.85,1.195386,權
2020-11-19,6277,84.9,82.4,2.5,息
2020-11-19,9946,19.05,16.7,2.347498,權息
2020-11-20,0051,41.42,40.32,1.1,息
2020-11-20,0053,54.05,52.75,1.3,息
2020-11-20,0054,26.8,26.05,0.75,息
2020-11-20,0055,18.57,17.92,0.65,息
2020-11-20,00713,35.38,33.68,1.7,息
2020-11-20,00771,19.31,19.13,0.18,息
2020-11-20,00850,28.23,27.33,0.9,息
2020-11-24,2236,18.15,17.46,0.681075,權息
2020-11-24,3321,15.6,14.81,0.787731,權
2020-11-25,6541,43.0,41.94,1.056052,權
2020-11-27,00690,27.8,26.96,0.84,息
2020-11-27,1315,77.1,73.1,4.0,息
2020-11-27,2636,37.0,36.43,0.563424,權
2020-11-30,8442,45.6,45.3,0.3,息
2020-12-01,2929,31.5,27.14,4.350325,權息
2020-12-03,2472,59.2,58.47,0.721455,權
2020-12-09,5546,80.4,79.8,0.593815,權
2020-12-10,2034,25.9,25.49,0.404914,權
2020-12-10,6431,30.85,30.75,0.099916,權
2020-12-14,1536,114.5,112.3,2.191276,權
2020-12-15,1235,26.55,24.64,1.905451,權息
2020-12-17,00710B,18.59,18.35,0.24,息
2020-12-17,00711B,21.99,21.81,0.18,息
2020-12-17,00712,12.68,12.5,0.173,息
2020-12-17,2330,512.0,509.5,2.5,息
2020-12-17,8070,30.9,30.64,0.26,息
2020-12-18,4912,109.5,108.57,0.929154,息
2020-12-21,3557,108.0,105.65,2.35,息
2020-12-30,00742,21.78,20.78,1.0,息
2020-12-30,4739,69.8,67.77,2.020599,權
2021-01-05,4108,25.2,24.28,0.916328,權
2021-01-13,2836,10.6,10.0,0.6,權息
2021-01-13,6224,103.0,101.05,1.942107,權
2021-01-19,00701,21.92,21.19,0.73,息
2021-01-19,00702,17.91,17.73,0.18,息
2021-01-19,00714,18.39,18.26,0.121,息
2021-01-19,00717,16.76,16.61,0.148,息
2021-01-19,00735,33.77,32.74,1.03,息
2021-01-19,00736,23.58,23.33,0.25,息
2021-01-19,00770,31.76,31.38,0.38,息
2021-01-19,00830,26.55,26.23,0.32,息
2021-01-21,00728,30.82,28.92,1.9,息
2021-01-22,0050,143.0,139.95,3.05,息
2021-01-22,006203,65.95,64.8,1.15,息
2021-01-25,1477,200.5,194.63,5.867114,權
2021-02-01,5215,135.0,132.66,2.331456,權
2021-02-02,3346,42.55,42.27,0.270164,權
2021-02-03,6706,153.5,151.59,1.905015,權
2021-02-25,00878,17.37,17.22,0.15,息
2021-02-26,2208,26.5,22.11,4.387602,權
2021-03-02,00775B,40.77,40.47,0.295,息
2021-03-03,00771,18.68,18.51,0.17,息
2021-03-04,9802,114.5,112.4,2.1,息
2021-03-12,2613,18.4,18.2,0.2,息
2021-03-16,01010T,11.0,10.76,0.230045,息
2021-03-17,2330,613.0,610.5,2.5,息
2021-03-18,00710B,18.66,18.42,0.24,息
2021-03-18,00711B,20.19,20.01,0.18,息
2021-03-18,00712,14.33,14.15,0.173,息
2021-03-18,01009T,9.64,9.49,0.140193,息
2021-03-22,5283,139.5,135.5,4.0,息
2021-03-22,9105,4.2,3.86,0.331176,權息
2021-03-25,3706,29.3,28.3,1.0,息
2021-03-25,6581,77.2,74.2,3.0,息
2021-03-26,2012,20.3,19.7,0.6,息
2021-03-31,01004T,18.1,17.89,0.20456,息
2021-03-31,2483,20.9,20.2,0.7,息
2021-03-31,3004,65.1,64.6,0.5,息
2021-03-31,3005,66.8,63.21,3.587088,息
2021-04-07,2108,122.0,118.0,4.0,息
2021-04-08,1313,21.65,20.65,1.0,息
2021-04-08,1524,11.5,11.29,0.21,息
2021-04-08,1712,23.8,22.5,1.3,息
2021-04-08,3003,67.2,66.0,1.2,息
2021-04-08,6224,134.5,130.25,4.25,息
2021-04-08,6412,84.8,80.8,4.0,息
2021-04-09,2385,106.0,100.5,5.5,息
2021-04-09,6756,319.0,314.5,4.5,息
2021-04-09,8996,56.9,55.2,1.7,息
2021-04-15,1475,47.15,44.06,3.082551,權
2021-04-15,3596,122.0,115.5,6.498506,息
2021-04-16,1477,251.0,243.0,8.0,息
2021-04-16,2614,17.9,17.1,0.8,息
2021-04-16,4930,35.0,31.5,3.5,息
2021-04-20,0052,128.25,127.21,1.032,息
2021-04-20,00714,20.91,20.79,0.12,息
2021-04-20,00717,17.29,17.12,0.162,息
2021-04-22,00774B,39.25,38.71,0.54,息
2021-04-22,00774C,9.08,8.95,0.1237,息
2021-04-22,1229,53.0,51.3,1.7,息
2021-04-22,2910,33.5,33.0,0.5,息
2021-04-22,6192,78.7,75.3,3.4,息
2021-04-22,6235,23.35,22.75,0.598094,息
2021-04-22,8112,48.5,43.92,4.575276,權息
2021-04-23,2324,27.4,25.8,1.6,息
2021-04-23,2358,19.15,17.76,1.381147,權
2021-04-26,3557,91.8,88.15,3.65,息
2021-04-28,1457,21.0,20.0,1.0,息
2021-05-03,01001T,18.88,18.49,0.389346,息
2021-05-07,01003T,19.32,18.92,0.397097,息
2021-05-10,911608,4.44,4.38,0.052987,息
2021-05-12,2101,41.35,40.75,0.6,息
2021-05-12,9103,24.25,23.08,1.168686,息
2021-05-17,2430,29.4,27.85,1.55,息
2021-05-18,00878,17.48,17.23,0.25,息
2021-05-19,9136,9.2,8.84,0.3562,息
2021-05-20,00775B,40.63,40.36,0.27,息
2021-05-20,01002T,18.95,18.61,0.337949,息
2021-05-20,01007T,20.54,20.31,0.221328,息
2021-05-21,00771,19.08,18.9,0.18,息
2021-05-21,4763,127.5,110.86,16.630435,權
2021-05-28,2461,21.7,20.74,0.96,息
2021-05-28,6456,100.0,96.0,4.0,息
2021-05-31,8210,78.7,74.69,4.001654,息
2021-06-01,1702,56.9,54.9,2.0,息
2021-06-03,1342,54.6,52.1,2.5,息
2021-06-03,2722,29.1,28.6,0.5,息
2021-06-03,2809,41.65,39.85,1.8,息
2021-06-03,3443,350.0,345.0,5.0,息
2021-06-03,5434,133.0,125.0,8.0,息
2021-06-07,1597,101.5,100.0,1.5,息
2021-06-07,6024,44.0,41.13,2.87,息
2021-06-08,2347,59.5,56.2,3.3,息
2021-06-09,1504,33.0,31.85,1.15,息
2021-06-09,1907,49.1,47.6,1.5,息
2021-06-09,2548,92.9,85.9,7.0,息
2021-06-09,3167,68.1,65.1,3.0,息
2021-06-09,910322,26.65,25.09,1.550092,息
2021-06-10,1515,79.6,76.0,3.6,息
2021-06-10,2020,34.7,33.0,1.7,息
2021-06-10,4571,137.5,133.9,3.6,息
2021-06-10,4977,99.9,94.0,5.9,息
2021-06-10,6491,556.0,551.0,5.0,息
2021-06-10,9940,31.4,29.7,1.7,息
2021-06-11,5533,16.0,15.4,0.6,息
2021-06-11,6533,452.0,451.25,0.741546,息
2021-06-16,1590,983.0,973.83,9.1623,息
2021-06-16,1711,19.55,19.25,0.3,息
2021-06-16,8033,15.3,14.83,0.467467,權
2021-06-17,2330,605.0,602.5,2.5,息
2021-06-17,4961,320.0,317.49,2.500294,息
2021-06-17,5522,57.7,54.2,3.5,息
2021-06-17,9911,72.5,69.3,3.2,息
2021-06-18,2404,237.5,220.5,17.0,息
2021-06-18,2832,21.7,20.6,1.1,息
2021-06-18,3679,144.0,134.0,10.0,息
2021-06-18,6269,122.5,117.38,5.116621,息
2021-06-18,6672,149.5,146.3,3.2,息
2021-06-18,9944,21.8,21.4,0.4,息
2021-06-22,00710B,18.52,18.28,0.24,息
2021-06-22,00711B,20.6,20.42,0.18,息
2021-06-22,00712,14.63,14.41,0.218,息
2021-06-22,2312,13.0,12.7,0.291261,息
2021-06-22,8422,173.5,163.5,10.0,息
2021-06-23,2360,193.0,188.5,4.499605,息
2021-06-23,2450,34.0,32.5,1.5,息
2021-06-23,6288,28.2,27.5,0.7,息
2021-06-24,1615,41.0,39.8,1.2,息
2021-06-24,1760,108.5,107.8,0.7,息
2021-06-24,2340,26.45,25.05,1.392711,息
2021-06-24,2409,24.2,23.9,0.3,息
2021-06-24,2480,71.5,67.2,4.3,息
2021-06-24,6515,279.0,266.01,12.983501,息
2021-06-25,1598,105.0,97.53,7.468379,息
2021-06-25,2006,47.95,46.45,1.5,息
2021-06-25,3557,86.5,85.45,1.046072,權
2021-06-25,4564,48.1,46.8,1.3,息
2021-06-25,4976,84.3,80.9,3.399351,權
2021-06-28,1215,86.0,81.5,4.5,息
2021-06-28,1319,35.55,34.75,0.8,息
2021-06-28,2359,17.7,17.2,0.5,息
2021-06-28,3583,65.1,63.25,1.85,息
2021-06-28,6282,27.7,26.5,1.2,息
2021-06-29,1437,25.65,24.95,0.7,息
2021-06-29,2301,63.7,60.3,3.4,息
2021-06-29,2506,10.7,10.3,0.4,息
2021-06-29,3015,48.2,45.2,3.0,息
2021-06-29,5215,127.0,119.0,8.0,息
2021-06-29,6197,41.0,38.1,2.9,息
2021-06-29,8213,50.9,47.4,3.5,息
2021-06-30,2353,30.7,29.2,1.5,息
2021-06-30,3515,205.0,197.0,8.0,息
2021-06-30,4938,73.7,69.21,4.488777,息
2021-06-30,4958,108.5,104.0,4.5,息
2021-07-01,1315,76.9,72.9,4.0,息
2021-07-01,1909,29.1,28.5,0.6,息
2021-07-01,3021,20.95,20.25,0.7,息
2021-07-01,3528,50.0,47.1,2.9,息
2021-07-01,3703,27.3,25.9,1.4,息
2021-07-01,4999,50.6,47.6,3.0,息
2021-07-01,6698,42.2,41.7,0.5,息
2021-07-02,3031,19.55,18.75,0.8,息
2021-07-05,2451,73.3,70.25,3.05,息
2021-07-05,2867,9.28,9.23,0.048405,權
2021-07-05,2908,26.3,25.23,1.07,息
2021-07-05,3092,67.6,66.22,1.376447,息
2021-07-05,6477,48.55,47.41,1.138177,息
2021-07-05,8341,212.0,203.8,8.2,息
2021-07-05,8454,2005.0,1534.61,470.384616,權息
2021-07-05,8481,89.8,82.8,7.0,息
2021-07-06,1612,27.2,26.0,1.2,息
2021-07-06,2454,957.0,920.0,37.0,息
2021-07-06,3617,87.2,81.8,5.4,息
2021-07-06,4148,34.95,33.95,1.0,息
2021-07-07,1795,107.0,106.65,0.35,息
2021-07-07,2459,57.5,54.2,3.3,息
2021-07-07,910861,9.04,8.86,0.1785,息
2021-07-08,1614,34.4,33.45,0.949277,息
2021-07-08,1725,21.9,20.94,0.96,息
2021-07-08,1906,23.35,22.95,0.4,息
2021-07-08,2313,42.3,40.8,1.5,息
2021-07-08,2376,113.0,108.0,5.0,息
2021-07-08,2395,347.0,339.9,7.092796,息
2021-07-08,2493,39.65,37.15,2.5,息
2021-07-08,2612,74.5,72.9,1.6,息
2021-07-08,3028,30.0,28.09,1.900153,息
2021-07-08,3665,272.0,263.97,8.024863,息
2021-07-08,4190,77.9,75.9,2.0,息
2021-07-08,4912,182.5,178.5,3.99531,息
2021-07-08,6754,47.5,44.7,2.8,息
2021-07-08,9939,77.2,73.6,3.6,息
2021-07-09,1323,35.9,34.3,1.6,息
2021-07-09,2010,33.8,33.2,0.6,息
2021-07-09,2207,602.0,585.0,17.0,息
2021-07-09,2885,27.15,25.95,1.2,息
2021-07-12,1532,33.2,32.17,1.03,息
2021-07-12,1568,28.5,28.2,0.3,息
2021-07-12,2535,34.8,32.29,2.508269,息
2021-07-12,4155,25.95,24.56,1.38886,息
2021-07-12,6438,114.5,110.35,4.144609,息
2021-07-12,9188,3.28,3.15,0.12621,息
2021-07-13,1236,15.7,15.5,0.2,息
2021-07-13,2344,35.0,34.8,0.2,息
2021-07-13,3016,82.5,82.25,0.249557,息
2021-07-13,3044,137.5,130.15,7.35,息
2021-07-14,2029,51.6,51.1,0.5,息
2021-07-14,3038,22.3,21.1,1.2,息
2021-07-14,4961,290.0,286.24,3.759623,權
2021-07-14,9904,38.15,37.65,0.5,息
2021-07-15,1325,89.1,77.1,12.0,息
2021-07-15,1410,34.0,33.1,0.9,息
2021-07-15,1529,18.65,16.51,2.132738,權息
2021-07-15,2356,27.15,25.3,1.85,息
2021-07-15,2426,27.4,26.65,0.75,息
2021-07-15,6214,89.9,84.9,5.0,息
2021-07-15,8016,300.0,292.5,7.5,息
2021-07-15,8463,38.8,38.03,0.77,息
2021-07-15,8467,39.0,38.5,0.5,息
2021-07-16,006208,81.25,80.93,0.314,息
2021-07-16,00692,36.46,36.28,0.172,息
2021-07-16,00702,20.33,20.05,0.28,息
2021-07-16,00714,22.59,22.2,0.382,息
2021-07-16,00717,17.15,16.98,0.163,息
2021-07-16,00735,34.56,34.35,0.21,息
2021-07-16,00736,23.62,23.47,0.15,息
2021-07-16,00882,15.59,14.91,0.68,息
2021-07-16,2496,58.8,54.27,4.520428,息
2021-07-16,3029,49.8,46.79,3.000667,息
2021-07-16,5388,69.2,66.6,2.599999,息
2021-07-19,1414,16.65,16.4,0.246,息
2021-07-19,1416,11.0,10.5,0.5,息
2021-07-19,1802,46.0,45.5,0.5,息
2021-07-19,2637,88.0,86.5,1.5,息
2021-07-19,4927,63.6,60.6,3.0,息
2021-07-19,6184,46.5,43.5,3.0,息
2021-07-19,6213,160.0,151.73,8.264073,權息
2021-07-19,6591,63.8,61.07,2.727855,息
2021-07-19,6655,77.1,69.1,8.0,息
2021-07-19,6776,44.4,42.4,2.0,息
2021-07-19,8464,429.0,419.0,10.0,息
2021-07-19,8482,79.4,74.6,4.8,息
2021-07-20,1341,86.3,79.89,6.402778,權息
2021-07-20,2032,41.3,40.77,0.53,息
2021-07-20,2308,308.0,302.5,5.5,息
2021-07-20,2362,30.0,29.4,0.6,息
2021-07-20,2392,45.0,42.5,2.5,息
2021-07-20,2597,171.5,165.0,6.5,息
2021-07-20,3563,262.5,253.5,9.0,息
2021-07-20,3669,82.6,77.6,5.0,息
2021-07-20,4739,124.0,122.8,1.2,息
2021-07-20,6415,3990.0,3979.53,10.46497,息
2021-07-21,0050,137.2,136.85,0.35,息
2021-07-21,006203,65.7,65.51,0.19,息
2021-07-21,2421,46.5,44.1,2.4,息
2021-07-21,2605,41.35,40.85,0.5,息
2021-07-21,2939,34.55,32.55,2.0,息
2021-07-21,3231,31.2,29.0,2.2,息
2021-07-21,4755,64.8,61.8,3.0,息
2021-07-21,5234,92.7,87.7,5.0,息
2021-07-21,6281,85.3,80.3,5.0,息
2021-07-21,8466,57.3,54.3,3.0,息
2021-07-21,9924,45.8,43.2,2.6,息
2021-07-22,1310,20.0,19.5,0.5,息
2021-07-22,1507,62.1,60.2,1.9,息
2021-07-22,1762,63.0,61.5,1.5,息
2021-07-22,2204,71.0,64.0,7.0,息
2021-07-22,2303,50.8,49.2,1.599888,息
2021-07-22,2317,112.5,108.5,4.0,息
2021-07-22,2352,30.35,28.85,1.5,息
2021-07-22,2354,63.0,61.2,1.8,息
2021-07-22,2397,67.2,64.2,3.0,息
2021-07-22,2423,25.35,24.15,1.2,息
2021-07-22,2458,193.0,184.0,9.0,息
2021-07-22,2906,15.8,15.5,0.3,息
2021-07-22,3026,139.5,131.5,8.0,息
2021-07-22,3030,59.0,55.7,3.3,息
2021-07-22,3416,78.0,74.0,3.999558,息
2021-07-22,4133,55.8,55.2,0.6,息
2021-07-22,6206,69.6,65.6,4.0,息
2021-07-22,6277,85.2,82.2,3.0,息
2021-07-22,6451,114.0,109.9,4.096334,息
2021-07-22,8215,32.25,31.55,0.7,息
2021-07-22,8443,11.4,11.25,0.15,息
2021-07-23,1701,25.15,24.15,1.0,息
2021-07-23,2387,57.5,55.5,2.0,息
2021-07-23,2417,39.2,37.2,2.0,息
2021-07-23,2436,91.0,89.4,1.6,息
2021-07-23,2616,38.3,36.1,2.2,息
2021-07-23,3530,222.0,219.2,2.799818,息
2021-07-23,4306,19.0,18.4,0.597315,息
2021-07-23,4904,65.1,61.85,3.25,息
2021-07-23,6176,124.5,116.5,8.0,息
2021-07-23,6505,100.5,99.91,0.59,息
2021-07-23,6669,976.0,944.0,32.0,息
2021-07-26,1227,54.7,52.2,2.5,息
2021-07-26,2382,89.4,84.2,5.2,息
2021-07-26,2504,25.5,24.0,1.5,息
2021-07-26,2881,85.0,82.0,3.0,息
2021-07-26,2881A,63.0,60.54,2.46,息
2021-07-26,2881B,63.2,61.04,2.16,息
2021-07-26,2882,60.3,57.8,2.5,息
2021-07-26,2882A,62.5,60.22,2.28,息
2021-07-26,2882B,63.2,61.07,2.13,息
2021-07-26,2897,7.27,7.07,0.2,息
2021-07-26,2897A,10.25,9.82,0.425,息
2021-07-26,3033,24.65,23.31,1.333412,息
2021-07-26,3673,44.8,43.8,1.0,息
2021-07-26,4737,69.9,67.83,2.062376,息
2021-07-26,6128,25.8,24.8,1.0,息
2021-07-26,6579,70.2,67.2,3.0,息
2021-07-26,9945,66.4,65.4,1.0,息
2021-07-27,1304,34.25,33.25,1.0,息
2021-07-27,1326,83.2,80.7,2.5,息
2021-07-27,1717,40.5,39.0,1.5,息
2021-07-27,1810,11.95,11.75,0.2,息
2021-07-27,2338,111.5,110.0,1.5,息
2021-07-27,2617,48.0,47.1,0.9,息
2021-07-27,2723,157.5,153.5,4.0,息
2021-07-27,2889,17.45,16.8,0.65,息
2021-07-27,3035,121.5,120.5,1.0,息
2021-07-27,3356,41.6,40.59,1.000869,息
2021-07-27,3481,19.55,19.15,0.398838,息
2021-07-27,9917,97.4,92.4,5.0,息
2021-07-28,1303,86.0,83.6,2.4,息
2021-07-28,1560,69.4,66.6,2.798338,息
2021-07-28,2486,55.5,54.37,1.126337,權
2021-07-28,2850,43.1,41.15,1.95,息
2021-07-28,2903,23.8,22.7,1.1,息
2021-07-28,4164,37.05,35.04,2.006608,息
2021-07-28,4551,177.5,173.5,4.0,息
2021-07-28,5876,44.8,43.1,1.7,息
2021-07-28,8072,25.55,25.35,0.2,息
2021-07-29,1460,12.15,11.22,0.928534,權
2021-07-29,1470,16.2,15.78,0.42,息
2021-07-29,1540,16.6,16.1,0.5,息
2021-07-29,1720,39.8,38.0,1.8,息
2021-07-29,2332,19.35,19.05,0.3,息
2021-07-29,2402,19.35,18.85,0.5,息
2021-07-29,2478,71.2,68.2,3.0,息
2021-07-29,2606,62.3,61.1,1.2,息
2021-07-29,2888,9.67,9.19,0.474866,權息
2021-07-29,2888A,42.35,40.58,1.765755,權息
2021-07-29,2888B,40.8,40.14,0.655755,權息
2021-07-29,3094,35.3,34.5,0.8,息
2021-07-29,3406,528.0,518.0,9.9907,息
2021-07-29,3532,189.5,187.35,2.15,息
2021-07-29,4104,58.8,55.3,3.5,息
2021-07-29,4137,211.5,203.0,8.5,息
2021-07-29,4566,48.1,46.91,1.187485,息
2021-07-29,4722,38.65,36.65,2.0,息
2021-07-29,6112,42.25,39.75,2.5,息
2021-07-29,6558,39.05,38.75,0.3,息
2021-07-29,9931,39.2,37.9,1.3,息
2021-07-30,1301,102.0,99.6,2.4,息
2021-07-30,1402,31.15,29.8,1.35,息
2021-07-30,1519,44.55,43.25,1.3,息
2021-07-30,2348,106.5,90.45,16.045455,權息
2021-07-30,3257,92.0,80.9,11.090909,權息
2021-07-30,3376,117.5,110.51,6.983307,息
2021-07-30,6005,17.2,16.1,1.1,息
2021-07-30,6239,115.0,110.0,5.0,息
2021-07-30,6285,76.0,73.49,2.501226,息
2021-07-30,8271,48.6,46.58,2.02,息
2021-07-30,8404,41.85,40.85,1.0,息
2021-08-02,1231,75.1,73.5,1.6,息
2021-08-02,1436,40.9,38.9,2.0,息
2021-08-02,1605,28.5,27.6,0.9,息
2021-08-02,1707,170.5,164.1,6.4,息
2021-08-02,2327,560.0,549.91,10.081314,息
2021-08-02,2357,351.0,325.0,26.0,息
2021-08-02,2365,11.85,11.54,0.304062,息
2021-08-02,2373,93.8,87.8,6.0,息
2021-08-02,2851,30.05,28.75,1.3,息
2021-08-02,3036,62.1,58.89,3.202701,息
2021-08-02,3036A,48.35,47.92,0.426229,息
2021-08-02,3338,50.3,48.5,1.799098,息
2021-08-02,3501,50.8,48.3,2.5,息
2021-08-02,3543,28.7,27.5,1.2,息
2021-08-02,4545,28.0,27.45,0.55,息
2021-08-02,5706,43.5,43.2,0.3,息
2021-08-02,6271,244.0,238.5,5.5,息
2021-08-02,9919,33.85,30.85,3.0,息
2021-08-03,1109,25.25,23.75,1.5,息
2021-08-03,1338,67.1,63.6,3.5,息
2021-08-03,1434,32.4,31.4,1.0,息
2021-08-03,1731,19.9,18.9,1.0,息
2021-08-03,2201,40.3,39.3,1.0,息
2021-08-03,2467,58.8,55.17,3.620933,權息
2021-08-03,2476,57.3,56.1,1.2,息
2021-08-03,2820,17.0,16.13,0.87,息
2021-08-03,2849,16.8,16.07,0.73,息
2021-08-03,2915,98.0,96.0,2.0,息
2021-08-03,3058,17.6,17.45,0.15,息
2021-08-03,5285,115.5,113.08,2.411562,息
2021-08-03,5538,47.9,44.6,3.29472,權息
2021-08-03,6115,45.15,42.35,2.8,息
2021-08-03,6668,65.5,63.52,1.979133,權
2021-08-03,8131,41.9,39.6,2.3,息
2021-08-03,9910,234.0,230.3,3.7,息
2021-08-03,9938,89.7,86.7,3.0,息
2021-08-04,1536,97.7,96.6,1.1,息
2021-08-04,1618,15.75,15.45,0.3,息
2021-08-04,2062,32.0,30.79,1.201886,權
2021-08-04,2069,41.3,40.75,0.55,息
2021-08-04,2415,49.35,48.85,0.5,息
2021-08-04,3006,185.5,183.5,2.0,息
2021-08-04,3019,88.0,87.0,1.0,息
2021-08-04,4557,67.0,63.5,3.5,息
2021-08-04,4906,32.85,30.89,1.95568,息
2021-08-04,6201,49.3,46.3,3.0,息
2021-08-04,6641,68.8,64.3,4.5,息
2021-08-04,8046,405.5,402.1,3.4,息
2021-08-04,9926,48.35,46.55,1.8,息
2021-08-05,1102,51.9,48.43,3.462837,息
2021-08-05,1256,497.5,485.5,12.0,息
2021-08-05,1417,15.0,14.7,0.3,息
2021-08-05,1419,41.15,40.15,1.0,息
2021-08-05,1440,24.75,24.4,0.35,息
2021-08-05,1452,26.05,25.35,0.7,息
2021-08-05,1721,10.1,9.6,0.5,息
2021-08-05,2227,276.5,257.97,18.53,息
2021-08-05,2250,168.0,165.0,3.0,息
2021-08-05,2368,72.9,71.4,1.5,息
2021-08-05,2408,75.5,74.2,1.296602,息
2021-08-05,2456,107.0,105.0,1.995452,息
2021-08-05,2481,113.0,111.5,1.5,息
2021-08-05,2537,10.05,9.65,0.4,息
2021-08-05,2608,56.2,54.52,1.68,息
2021-08-05,3062,19.6,19.45,0.15,息
2021-08-05,3712,36.75,35.75,1.0,息
2021-08-05,4766,152.5,145.5,7.0,息
2021-08-05,5871,236.0,220.0,15.999998,權息
2021-08-05,5871A,100.5,99.29,1.207671,息
2021-08-05,6251,23.0,22.6,0.4,息
2021-08-05,8081,279.5,270.0,9.5,息
2021-08-05,8249,29.05,27.75,1.3,息
2021-08-05,8367,65.7,64.2,1.5,息
2021-08-05,9914,339.0,332.0,7.0,息
2021-08-06,1760,84.3,82.79,1.501067,權
2021-08-06,2433,54.6,51.0,3.6,息
2021-08-06,2462,29.1,28.3,0.8,息
2021-08-06,2534,20.75,19.75,1.0,息
2021-08-06,3040,51.5,45.8,5.7,息
2021-08-06,6405,32.2,31.6,0.6,息
2021-08-06,8150,59.2,57.0,2.2,息
2021-08-09,1730,68.5,64.64,3.86,息
2021-08-09,2027,51.0,50.2,0.8,息
2021-08-09,2345,332.5,326.0,6.4956,息
2021-08-09,2520,43.8,37.63,6.163637,權息
2021-08-09,2546,48.0,44.4,3.6,息
2021-08-09,2838A,53.5,51.1,2.4,息
2021-08-09,2887E,53.5,51.12,2.375,息
2021-08-09,2887F,52.3,50.4,1.9,息
2021-08-09,3090,56.9,53.8,3.1,息
2021-08-09,3705,44.25,42.25,2.0,息
2021-08-09,4915,59.2,56.19,3.000797,息
2021-08-09,5284,44.75,42.65,2.1,息
2021-08-09,5546,75.0,69.16,5.83134,息
2021-08-09,6592,86.8,83.3,3.5,息
2021-08-09,8021,44.5,42.92,1.58,息
2021-08-09,8070,36.3,35.28,1.017321,息
2021-08-09,8374,35.45,34.85,0.6,息
2021-08-10,2031,75.8,73.88,1.919732,息
2021-08-10,2115,50.2,44.27,5.927272,權息
2021-08-10,2206,28.75,27.44,1.308862,息
2021-08-10,2477,32.7,31.25,1.45,息
2021-08-10,2883,14.15,13.6,0.549737,息
2021-08-10,3008,2820.0,2728.5,91.5,息
2021-08-10,3708,99.5,96.0,3.5,息
2021-08-10,6202,131.5,126.94,4.56,息
2021-08-10,6525,115.5,111.0,4.5,息
2021-08-10,8462,153.0,141.07,11.921513,權息
2021-08-11,1455,20.25,19.95,0.3,息
2021-08-11,1615,37.95,33.88,4.066072,權
2021-08-11,1735,18.0,17.5,0.5,息
2021-08-11,2509,20.7,19.2,1.5,息
2021-08-11,2607,32.75,32.45,0.3,息
2021-08-11,3032,41.45,38.35,3.1,息
2021-08-11,3702,55.1,52.0,3.1,息
2021-08-11,3702A,50.3,48.3,2.0,息
2021-08-11,4952,75.7,73.3,2.4,息
2021-08-11,4994,58.6,55.6,3.0,息
2021-08-11,5471,106.0,100.3,5.7,息
2021-08-11,5880,22.15,21.3,0.85,息
2021-08-11,6781,781.0,775.7,5.3,息
2021-08-12,1101,51.1,47.73,3.368119,息
2021-08-12,1101B,53.8,52.05,1.75,息
2021-08-12,1451,21.4,20.8,0.6,息
2021-08-12,1537,151.5,141.5,10.0,息
2021-08-12,1583,67.4,64.4,3.0,息
2021-08-12,1713,23.35,22.69,0.66,息
2021-08-12,1809,13.3,13.1,0.2,息
2021-08-12,2049,344.0,342.0,2.0,息
2021-08-12,2419,19.6,18.6,1.0,息
2021-08-12,2886,33.05,31.47,1.58,息
2021-08-12,2890,14.2,13.5,0.7,息
2021-08-12,3305,49.4,48.03,1.364731,息
2021-08-12,4572,107.5,102.5,5.0,息
2021-08-12,4916,23.6,23.1,0.5,息
2021-08-12,5203,77.3,75.03,2.262128,息
2021-08-12,5469,46.75,44.55,2.2,息
2021-08-12,6136,17.95,16.85,1.1,息
2021-08-12,6582,246.0,236.0,10.0,息
2021-08-12,6670,208.5,201.9,6.6,息
2021-08-12,8110,20.8,20.6,0.2,息
2021-08-12,8114,76.4,74.9,1.5,息
2021-08-13,1446,31.1,30.8,0.3,息
2021-08-13,1464,17.2,16.9,0.3,息
2021-08-13,1476,567.0,556.0,11.0,息
2021-08-13,1773,154.5,135.91,18.59,權息
2021-08-13,2425,27.75,27.25,0.5,息
2021-08-13,2455,126.0,123.41,2.59,息
2021-08-13,2823,26.9,26.5,0.4,息
2021-08-13,3591,24.5,24.18,0.31947,息
2021-08-13,4536,148.0,143.0,5.0,息
2021-08-13,6153,28.3,27.8,0.5,息
2021-08-13,8039,52.8,50.3,2.5,息
2021-08-13,9929,10.9,10.5,0.4,息
2021-08-13,9942,96.0,91.8,4.2,息
2021-08-16,1104,22.65,21.55,1.1,息
2021-08-16,1219,21.55,20.55,1.0,息
2021-08-16,1516,20.5,19.39,1.10206,權息
2021-08-16,2301,61.3,59.3,2.0,息
2021-08-16,2464,43.2,41.2,2.0,息
2021-08-16,2633,30.0,28.95,1.05,息
2021-08-16,2891,22.8,21.75,1.05,息
2021-08-16,2891B,63.7,61.45,2.25,息
2021-08-16,2891C,62.3,60.38,1.92,息
2021-08-16,2905,23.2,22.2,1.0,息
2021-08-16,2923,26.0,24.8,1.2,息
2021-08-16,3013,13.0,12.7,0.3,息
2021-08-16,3130,174.0,166.2,7.8,息
2021-08-16,3138,183.0,181.39,1.603433,息
2021-08-16,4919,130.5,129.74,0.758042,息
2021-08-16,5515,14.1,13.3,0.8,息
2021-08-16,5607,39.1,37.9,1.2,息
2021-08-16,6191,33.95,33.14,0.803115,息
2021-08-16,6257,65.5,62.63,2.865627,息
2021-08-16,6531,634.0,629.0,4.99946,息
2021-08-16,8499,135.0,127.0,7.998455,息
2021-08-17,00701,24.64,24.39,0.25,息
2021-08-17,00878,18.2,17.9,0.3,息
2021-08-17,00881,17.58,17.04,0.54,息
2021-08-17,00891,15.52,15.27,0.25,息
2021-08-17,1324,11.1,10.8,0.3,息
2021-08-17,1582,75.4,70.4,5.0,息
2021-08-17,1733,23.9,22.8,1.093693,息
2021-08-17,1904,39.65,37.85,1.8,息
2021-08-17,2399,22.25,21.85,0.4,息
2021-08-17,2401,37.5,36.97,0.5255,息
2021-08-17,2501,20.0,19.0,1.0,息
2021-08-17,2538,12.1,11.6,0.5,息
2021-08-17,3034,506.0,490.4,15.6,息
2021-08-17,3450,53.6,52.2,1.4,息
2021-08-17,3645,42.25,40.75,1.499355,息
2021-08-17,6278,109.5,106.2,3.3,息
2021-08-17,6768,68.0,65.0,2.999999,息
2021-08-18,1312,29.2,29.1,0.1,息
2021-08-18,1312A,36.3,35.6,0.7,息
2021-08-18,2603,126.5,124.01,2.486602,息
2021-08-18,3296,21.0,20.77,0.23,息
2021-08-19,00775B,43.13,42.81,0.32,息
2021-08-19,1521,43.1,41.8,1.3,息
2021-08-19,1522,20.15,19.55,0.6,息
2021-08-19,1723,108.0,105.2,2.8,息
2021-08-19,1783,65.2,64.46,0.730742,息
2021-08-19,2233,114.5,110.75,3.744339,息
2021-08-19,2388,49.05,48.25,0.8,息
2021-08-19,2393,55.5,53.25,2.25,息
2021-08-19,2449,45.0,43.0,2.0,息
2021-08-19,2468,13.1,12.7,0.4,息
2021-08-19,2816,20.5,19.7,0.8,息
2021-08-19,3049,12.15,11.76,0.39,息
2021-08-19,3189,172.5,171.49,1.000007,息
2021-08-19,5288,147.5,143.5,4.0,息
2021-08-19,6155,24.9,24.15,0.75,息
2021-08-19,6442,34.2,33.2,1.0,息
2021-08-19,8473,38.85,37.85,1.0,息
2021-08-19,9925,39.4,37.4,2.0,息
2021-08-19,9934,16.4,15.9,0.5,息
2021-08-20,00771,19.19,19.01,0.18,息
2021-08-20,1231,73.0,66.36,6.636364,權
2021-08-20,1423,20.8,19.0,1.8,息
2021-08-20,1558,159.0,149.5,9.5,息
2021-08-20,2015,75.0,71.5,3.5,息
2021-08-20,2241,55.0,54.4,0.5997,息
2021-08-20,3023,214.0,207.71,6.288125,息
2021-08-20,3042,111.5,107.7,3.8,息
2021-08-20,4576,99.0,98.7,0.3,息
2021-08-20,4942,50.1,47.6,2.5,息
2021-08-20,6409,1295.0,1271.49,23.504301,息
2021-08-20,9933,37.85,35.85,1.998694,息
2021-08-23,1210,56.1,51.84,4.25534,權息
2021-08-23,1817,37.25,35.25,2.0,息
2021-08-23,2377,122.5,116.4,6.1,息
2021-08-23,2471,24.9,23.4,1.5,息
2021-08-23,2527,27.0,25.6,1.4,息
2021-08-23,2545,43.65,39.15,4.5,息
2021-08-23,2727,130.5,126.13,4.364799,息
2021-08-23,3045,101.5,97.2,4.29953,息
2021-08-23,4119,92.4,76.58,15.816667,權息
2021-08-23,4560,41.75,40.75,1.0,息
2021-08-23,6116,17.35,16.85,0.5,息
2021-08-23,6189,40.6,37.92,2.671231,息
2021-08-23,6215,30.7,30.2,0.5,息
2021-08-23,8163,43.4,40.9,2.5,息
2021-08-23,8926,37.85,35.95,1.9,息
2021-08-23,9902,12.3,12.0,0.3,息
2021-08-23,9921,306.0,298.0,8.0,息
2021-08-24,1220,16.75,15.75,1.0,息
2021-08-24,1232,162.0,156.0,6.0,息
2021-08-24,1234,35.4,33.6,1.8,息
2021-08-24,2107,23.95,22.45,1.5,息
2021-08-24,2511,12.8,12.4,0.4,息
2021-08-24,2536,21.6,20.4,1.2,息
2021-08-24,3017,72.4,69.6,2.8,息
2021-08-24,3022,47.1,45.1,2.0,息
2021-08-24,3024,12.55,12.45,0.1,息
2021-08-24,3454,76.9,74.9,2.0,息
2021-08-24,6177,29.6,29.01,0.580393,權
2021-08-24,6605,56.5,55.1,1.4,息
2021-08-24,9941,181.5,153.73,27.760869,權息
2021-08-24,9941A,51.7,49.7,2.0,息
2021-08-25,1709,20.6,19.4,1.2,息
2021-08-25,1726,76.0,72.5,3.5,息
2021-08-25,1776,20.45,19.44,1.000166,息
2021-08-25,2033,21.7,21.4,0.3,息
2021-08-25,2038,42.9,42.4,0.5,息
2021-08-25,2103,31.5,31.14,0.36,息
2021-08-25,2412,115.5,111.19,4.306,息
2021-08-25,2439,103.5,98.43,5.068069,息
2021-08-25,2495,15.85,15.55,0.3,息
2021-08-25,2547,10.95,10.33,0.62,息
2021-08-25,3413,215.5,208.51,6.983033,息
2021-08-25,5243,58.6,56.9,1.7,息
2021-08-25,6108,22.0,21.5,0.5,息
2021-08-25,6183,51.0,49.19,1.81,息
2021-08-25,6715,116.5,114.0,2.5,息
2021-08-25,9927,34.8,33.8,1.0,息
2021-08-26,1108,12.75,12.05,0.7,息
2021-08-26,1225,43.95,42.55,1.4,息
2021-08-26,1307,21.7,21.2,0.5,息
2021-08-26,1321,34.8,33.8,1.0,息
2021-08-26,1528,10.75,10.65,0.1,息
2021-08-26,1789,24.6,24.1,0.5,息
2021-08-26,2014,44.1,43.8,0.3,息
2021-08-26,2059,365.0,358.88,6.12,息
2021-08-26,2106,33.05,32.05,1.0,息
2021-08-26,2114,157.5,138.63,18.863636,權息
2021-08-26,2383,234.0,227.0,7.0,息
2021-08-26,2428,212.5,207.0,5.5,息
2021-08-26,2441,91.0,87.9,3.1,息
2021-08-26,2636,185.0,181.82,3.172696,權
2021-08-26,2855,26.15,23.7,2.448077,權息
2021-08-26,2892,23.05,21.93,1.119307,權息
2021-08-26,3014,122.0,116.0,6.0,息
2021-08-26,3047,10.0,9.71,0.28986,息
2021-08-26,3056,42.2,37.8,4.4,息
2021-08-26,3164,23.75,23.05,0.699756,息
2021-08-26,3312,23.8,21.63,2.163637,權
2021-08-26,3419,16.65,16.15,0.5,息
2021-08-26,3533,541.0,525.44,15.557546,權息
2021-08-26,3605,54.2,53.5,0.7,息
2021-08-26,3704,26.1,25.6,0.498544,息
2021-08-26,4540,50.2,49.4,0.8,息
2021-08-26,5269,1955.0,1930.99,24.000915,息
2021-08-26,6205,31.55,30.05,1.499709,息
2021-08-26,6464,109.0,101.77,7.229666,權息
2021-08-26,9907,13.9,13.37,0.53,息
2021-08-26,9908,33.7,32.6,1.1,息
2021-08-26,9930,46.35,44.35,2.0,息
2021-08-27,1589,66.5,65.0,1.5,息
2021-08-27,1708,37.35,33.44,3.909634,權息
2021-08-27,2355,30.65,30.15,0.5,息
2021-08-27,2427,10.65,10.35,0.3,息
2021-08-27,2453,24.7,23.2,1.5,息
2021-08-27,2642,80.8,79.0,1.8,息
2021-08-27,3037,139.5,138.1,1.392933,息
2021-08-27,3052,11.9,11.1,0.8,息
2021-08-27,3380,26.95,25.95,1.0,息
2021-08-27,6168,27.75,27.05,0.7,息
2021-08-27,6216,26.1,24.61,1.485876,息
2021-08-27,6552,63.8,62.3,1.5,息
2021-08-27,9105,4.44,4.42,0.01743,息
2021-08-27,9937,49.35,47.05,2.3,息
2021-08-30,1514,26.3,24.38,1.919048,權息
2021-08-30,1603,27.25,26.75,0.5,息
2021-08-30,1714,11.35,10.65,0.7,息
2021-08-30,1722,57.8,55.5,2.3,息
2021-08-30,2013,73.4,70.6,2.8,息
2021-08-30,2105,38.15,36.95,1.2,息
2021-08-30,2211,53.5,51.4,2.091574,息
2021-08-30,2316,29.3,27.8,1.5,息
2021-08-30,2328,39.7,39.05,0.65,息
2021-08-30,2484,35.65,34.65,1.0,息
2021-08-30,2492,189.0,182.98,6.012384,息
2021-08-30,2712,38.1,37.4,0.7,息
2021-08-30,5519,22.5,20.7,1.8,息
2021-08-30,6230,175.5,174.14,1.36,息
2021-08-31,1315,65.5,63.5,2.0,息
2021-08-31,1339,37.9,35.9,2.0,息
2021-08-31,1409,20.8,19.7,1.1,息
2021-08-31,1525,65.3,63.1,2.2,息
2021-08-31,1734,38.0,37.8,0.2,息
2021-08-31,2002,37.5,37.2,0.3,息
2021-08-31,2002A,51.9,50.5,1.4,息
2021-08-31,2363,27.8,25.0,2.8,權息
2021-08-31,2474,179.0,167.0,12.0,息
2021-08-31,2597,149.0,108.75,40.240876,權
2021-08-31,2801,17.0,16.47,0.524753,權息
2021-08-31,2812,12.2,11.44,0.755024,權息
2021-08-31,2884,27.85,25.67,2.178817,權息
2021-08-31,3002,11.75,11.64,0.102,息
2021-08-31,3653,315.0,308.99,6.000834,息
2021-08-31,4581,37.6,35.6,2.0,息
2021-08-31,8103,42.9,41.5,1.4,息
2021-08-31,9958,112.0,109.01,2.983279,息
2021-09-01,1465,12.95,12.65,0.3,息
2021-09-01,2104,23.4,23.3,0.1,息
2021-09-01,2375,101.0,99.0,2.0,息
2021-09-01,2472,71.8,68.86,2.937721,息
2021-09-01,2838,12.25,11.52,0.727096,權
2021-09-01,4764,61.0,56.72,4.271028,權息
2021-09-01,6196,116.0,112.5,3.497403,息
2021-09-01,6209,30.95,30.51,0.438998,權
2021-09-02,1203,33.6,32.5,1.1,息
2021-09-02,1305,39.4,35.8,3.590476,權息
2021-09-02,1308,37.0,35.09,1.901961,權息
2021-09-02,1309,44.95,39.04,5.904546,權息
2021-09-02,1454,10.5,10.3,0.2,息
2021-09-02,1587,28.65,25.85,2.792858,權息
2021-09-02,2017,26.4,26.1,0.3,息
2021-09-02,3010,89.3,83.23,6.064706,權息
2021-09-02,3050,15.7,15.1,0.6,息
2021-09-02,3588,146.5,132.64,13.85367,權息
2021-09-02,3622,29.2,28.2,1.0,息
2021-09-02,4807,27.6,27.1,0.5,息
2021-09-02,5283,118.5,114.5,4.0,息
2021-09-02,6139,29.95,28.95,1.0,息
2021-09-02,8028,56.4,52.64,3.758491,權息
2021-09-03,1445,11.9,11.7,0.2,息
2021-09-03,1530,39.2,36.7,2.5,息
2021-09-03,2030,36.35,35.85,0.5,息
2021-09-03,2461,23.85,23.31,0.54,息
2021-09-03,2634,28.9,28.7,0.2,息
2021-09-03,2636,177.0,173.98,3.015652,息
2021-09-03,3209,31.4,28.3,3.098113,權息
2021-09-03,6671,51.9,48.9,3.0,息
2021-09-06,1233,34.9,34.1,0.8,息
2021-09-06,2323,10.05,9.35,0.7,息
2021-09-06,2881,84.8,76.33,8.464387,權
2021-09-06,2881A,61.9,61.23,0.664447,權
2021-09-06,2881B,62.0,61.33,0.664447,權
2021-09-06,2904,29.5,27.5,2.0,息
2021-09-06,3711,128.5,124.3,4.191499,息
2021-09-06,4306,17.55,16.56,0.983403,權
2021-09-06,4439,147.5,141.0,6.5,息
2021-09-06,4912,177.0,153.94,23.055563,權
2021-09-07,1201,21.0,20.47,0.53,息
2021-09-07,1513,47.85,45.65,2.2,息
2021-09-07,2027,49.2,48.11,1.080427,權
2021-09-07,2374,15.45,14.95,0.490688,息
2021-09-07,2615,211.0,190.9,20.090908,權息
2021-09-07,2887,19.35,17.97,1.371892,權息
2021-09-07,2912,279.5,270.5,9.0,息
2021-09-07,3048,37.2,32.09,5.109091,權息
2021-09-07,5521,10.0,8.97,1.027273,權息
2021-09-07,6541,46.65,46.12,0.527773,權
2021-09-08,01010T,10.8,10.62,0.175061,息
2021-09-08,1103,22.1,20.7,1.395961,息
2021-09-08,2337,41.5,40.29,1.200109,息
2021-09-08,2379,546.0,532.0,14.0,息
2021-09-08,2834,9.82,9.4,0.419614,權息
2021-09-08,2836,11.95,11.31,0.639321,權息
2021-09-08,5880,22.4,21.96,0.439216,權
2021-09-08,6141,25.25,24.75,0.5,息
2021-09-08,6416,99.2,95.55,3.643961,息
2021-09-09,1216,70.9,68.2,2.7,息
2021-09-09,1442,19.5,19.0,0.5,息
2021-09-09,1463,13.55,13.25,0.3,息
2021-09-09,1608,23.5,22.8,0.7,息
2021-09-09,2024,22.75,22.5,0.25,息
2021-09-09,3661,781.0,774.31,6.689396,息
2021-09-09,4555,53.7,52.2,1.497478,息
2021-09-09,4720,13.8,13.16,0.638736,權
2021-09-09,6166,63.7,62.7,1.0,息
2021-09-10,2228,69.2,68.15,1.05,息
2021-09-10,2247,228.5,217.5,11.0,息
2021-09-10,2331,23.4,22.39,1.001466,息
2021-09-10,4532,19.3,18.6,0.7,息
2021-09-10,4934,33.05,32.61,0.438889,權
2021-09-10,6449,52.0,50.1,1.9,息
2021-09-10,8261,98.7,97.7,1.0,息
2021-09-13,1467,15.05,14.35,0.7,息
2021-09-13,2236,27.55,25.68,1.866183,息
2021-09-13,2414,34.75,32.95,1.8,息
2021-09-13,2505,27.5,26.5,1.0,息
2021-09-13,2852,13.5,13.15,0.35,息
2021-09-13,4943,64.6,64.49,0.100006,息
2021-09-13,6641,60.0,59.17,0.821918,權
2021-09-14,1110,19.8,19.7,0.1,息
2021-09-14,1527,46.7,44.35,2.35,息
2021-09-14,1535,39.95,38.6,1.35,息
2021-09-14,2009,55.0,54.2,0.8,息
2021-09-14,2431,11.75,11.5,0.25,息
2021-09-14,3055,27.75,27.55,0.199791,息
2021-09-14,3550,18.95,18.45,0.5,息
2021-09-14,4106,30.1,29.55,0.55,息
2021-09-14,4142,54.8,54.3,0.5,息
2021-09-14,5007,59.4,57.4,2.0,息
2021-09-14,8104,52.2,49.2,2.994759,息
2021-09-14,910861,8.44,8.4,0.03523,息
2021-09-15,1531,15.65,15.44,0.201647,息
2021-09-15,1604,31.15,28.65,2.5,息
2021-09-15,1611,10.3,10.0,0.3,息
2021-09-15,1626,24.1,22.6,1.499989,權息
2021-09-15,3545,176.5,173.26,3.231545,息
2021-09-15,4935,83.3,77.8,5.5,息
2021-09-15,5907,19.95,18.95,1.0,息
2021-09-15,6674,28.15,27.15,1.0,息
2021-09-15,6743,89.9,71.78,18.114667,權息
2021-09-16,01009T,9.08,8.92,0.151651,息
2021-09-16,1503,51.8,50.2,1.6,息
2021-09-16,1617,17.95,17.35,0.6,息
2021-09-16,1732,28.0,27.5,0.5,息
2021-09-16,2049,332.5,322.81,9.684467,權
2021-09-16,2330,607.0,604.25,2.75,息
2021-09-16,2351,129.5,127.7,1.8,息
2021-09-16,2748,41.0,40.0,1.0,息
2021-09-16,2880,21.1,20.29,0.800897,權息
2021-09-16,4438,112.5,109.3,3.2,息
2021-09-16,6172,43.55,43.35,0.2,息
2021-09-16,6504,136.5,124.5,12.0,息
2021-09-16,6666,72.0,70.0,2.0,息
2021-09-16,9905,27.7,26.2,1.5,息
2021-09-16,9943,60.8,56.8,4.0,息
2021-09-17,00710B,18.28,18.04,0.24,息
2021-09-17,00711B,20.69,20.51,0.18,息
2021-09-17,00712,14.08,13.89,0.188,息
2021-09-17,1517,27.5,27.15,0.35,息
2021-09-17,2491,23.6,23.2,0.4,息
2021-09-17,2845,11.1,10.57,0.527927,權息
2021-09-17,5525,25.3,24.8,0.5,息
2021-09-17,6426,60.3,57.8,2.499415,息
2021-09-17,8480,111.5,105.5,6.0,息
2021-09-22,1218,29.45,28.05,1.4,息
2021-09-22,2109,17.2,16.7,0.5,息
2021-09-22,2488,29.6,28.1,1.5,息
2021-09-22,2515,9.08,8.84,0.233,息
2021-09-22,2539,34.25,29.88,4.368827,權息
2021-09-22,2701,11.9,11.65,0.25,息
2021-09-23,1590,971.0,957.11,13.883375,權
2021-09-23,2707,142.5,138.11,4.389076,息
2021-09-23,4763,104.0,99.21,4.782608,息
2021-09-23,4968,391.5,276.78,114.714274,權息
2021-09-23,5906,35.5,32.68,2.814815,權息
2021-09-23,9945,82.3,58.78,23.514286,權
2021-09-24,01004T,15.88,15.68,0.193987,息
2021-09-24,1229,60.0,54.54,5.454545,權
2021-09-24,1808,59.8,56.22,3.573614,權息
2021-09-24,2239,66.8,64.95,1.85,息
2021-09-24,2542,46.8,44.79,2.004708,息
2021-09-27,2069,36.1,35.85,0.24843,權
2021-09-27,4576,101.5,100.49,1.004951,權
2021-09-28,2062,27.3,27.21,0.081509,息
2021-09-28,2439,93.8,93.19,0.603404,權
2021-09-28,2466,42.7,41.45,1.240244,權
2021-09-29,1526,51.6,49.8,1.8,息
2021-09-29,2231,145.5,144.3,1.2,息
2021-09-29,2358,26.25,26.17,0.074407,息
2021-09-29,3059,36.15,35.65,0.496728,息
2021-09-29,4552,29.85,28.74,1.11,息
2021-09-29,4967,49.55,48.68,0.861545,息
2021-09-29,6668,51.2,50.19,1.00366,息
2021-09-29,6706,176.5,172.5,4.0,息
2021-09-29,9946,16.7,15.61,1.080953,權息
2021-09-30,4912,163.5,162.63,0.869742,息
2021-09-30,8473,35.85,33.5,2.345328,權
2021-10-01,1473,17.75,17.55,0.2,息
2021-10-01,2342,47.25,46.75,0.5,息
2021-10-01,9918,46.95,45.35,1.6,息
2021-10-04,1736,64.2,63.08,1.12,息
2021-10-04,1786,54.3,49.16,5.13857,權息
2021-10-04,2915,124.0,95.38,28.615384,權
2021-10-04,5608,53.0,51.93,1.062967,權
2021-10-04,6414,185.5,180.5,5.0,息
2021-10-05,2034,34.2,32.72,1.475017,息
2021-10-06,1474,14.9,14.5,0.4,息
2021-10-06,1724,15.9,15.61,0.289328,息
2021-10-06,2706,14.2,14.05,0.15,息
2021-10-06,2889,15.9,15.36,0.537682,權
2021-10-06,3432,12.75,12.5,0.25,息
2021-10-06,8488,15.8,15.5,0.3,息
2021-10-06,9935,19.9,19.02,0.88,息
2021-10-07,5534,79.3,74.3,5.0,息
2021-10-08,1541,49.1,46.1,3.0,息
2021-10-08,2630,18.0,17.86,0.13613,息
2021-10-08,3576,20.4,20.11,0.280116,權
2021-10-12,2867,9.33,9.19,0.131168,權
2021-10-12,9802,99.2,97.5,1.7,息
2021-10-13,1609,25.3,23.96,1.337998,權息
2021-10-14,5522,62.8,61.8,1.0,息
2021-10-18,8478,77.5,76.47,1.022734,息
2021-10-19,006204,91.15,85.85,5.3,息
2021-10-19,00714,22.64,22.26,0.376,息
2021-10-19,00717,17.0,16.86,0.135,息
2021-10-19,00730,21.15,20.02,1.127,息
2021-10-19,00733,40.14,38.05,2.09,息
2021-10-19,2420,42.95,40.4,2.55,息
2021-10-20,1737,34.3,32.95,1.35,息
2021-10-21,00774B,39.78,39.26,0.52,息
2021-10-21,00774C,9.26,9.13,0.1202,息
2021-10-21,00851,35.83,35.5,0.33,息
2021-10-21,4739,124.0,122.66,1.330194,權
2021-10-22,0056,32.4,30.6,1.8,息
2021-10-22,3346,39.7,39.54,0.152829,息
2021-10-25,2823,30.05,28.89,1.155769,權
2021-10-26,2540,90.0,80.9,9.09091,權息
2021-10-26,2901,25.2,25.02,0.175496,息
2021-10-27,1718,11.0,10.48,0.519231,權息
2021-11-01,01010T,10.65,10.41,0.2352,權
2021-11-02,4571,95.0,93.28,1.711027,權
2021-11-02,6655,89.6,81.6,8.0,息
2021-11-04,1438,33.15,31.14,2.008265,權
2021-11-04,2812,12.0,11.96,0.037458,權
2021-11-05,910322,27.5,26.54,0.95632,息
2021-11-08,2442,11.8,11.46,0.333294,權息
2021-11-09,2102,26.9,26.88,0.02,息
2021-11-09,6277,84.2,81.9,2.3,息
2021-11-16,006208,80.9,79.25,1.641,息
2021-11-16,00692,36.75,34.95,1.798,息
2021-11-16,00878,18.85,18.57,0.28,息
2021-11-16,00891,16.97,16.67,0.3,息
2021-11-16,00892,17.05,16.47,0.58,息
2021-11-16,00894,15.73,15.67,0.06,息
2021-11-17,00731,64.75,60.45,4.3,息
2021-11-17,2748,43.1,41.59,1.508579,權
2021-11-18,00775B,41.76,41.46,0.3,息
2021-11-19,0051,62.0,60.25,1.75,息
2021-11-19,0053,69.95,68.25,1.7,息
2021-11-19,0054,32.0,31.3,0.7,息
2021-11-19,0055,25.26,24.51,0.75,息
2021-11-19,00713,46.25,43.1,3.15,息
2021-11-19,00771,19.05,18.86,0.19,息
2021-11-19,00850,36.3,35.25,1.05,息
2021-11-19,2489,18.05,17.91,0.14,息
2021-11-19,3605,49.7,48.83,0.866098,權
2021-11-22,3025,26.0,25.0,1.0,息
2021-11-23,01007T,19.98,19.75,0.22469,息
2021-11-23,1432,13.05,12.7,0.348486,權
2021-11-23,3557,78.6,75.6,3.0,息
2021-11-23,5258,34.6,34.0,0.6,息
2021-11-24,2505,25.25,24.25,1.0,息
2021-11-25,1314,13.65,13.39,0.251001,權
2021-11-26,00690,33.87,33.03,0.84,息
2021-11-26,2012,30.8,30.3,0.5,息
2021-11-30,2302,17.05,16.74,0.30065,息
2021-11-30,2630,18.95,18.22,0.727679,權
2021-11-30,3029,44.55,43.79,0.750149,權
2021-12-02,4989,49.35,48.68,0.666666,息
2021-12-02,6414,241.5,239.2,2.298407,權
2021-12-08,4562,17.1,16.62,0.479748,權
2021-12-08,4912,165.5,164.5,1.0,息
2021-12-09,8070,34.15,33.77,0.38,息
2021-12-10,5608,51.0,48.23,2.763714,權
2021-12-13,1235,43.8,42.3,1.5,息
2021-12-16,2330,600.0,597.25,2.75,息
2021-12-16,2753,130.5,128.22,2.272881,息
2021-12-20,3563,236.0,234.0,2.0,息
2021-12-21,00710B,18.06,17.82,0.24,息
2021-12-21,00711B,20.5,20.32,0.18,息
2021-12-21,00712,13.31,13.12,0.187,息
2021-12-30,00742,23.97,22.87,1.1,息
2022-01-12,2406,28.15,27.56,0.583491,權
2022-01-12,3008,2470.0,2438.84,31.156082,息
2022-01-13,3138,207.0,206.71,0.287347,權
2022-01-18,00701,28.38,26.73,1.65,息
2022-01-18,00702,21.0,20.73,0.27,息
2022-01-18,00714,22.87,22.45,0.419,息
2022-01-18,00717,16.49,16.35,0.139,息
2022-01-18,00735,33.18,32.13,1.05,息
2022-01-18,00736,22.28,22.0,0.28,息
2022-01-18,00770,38.09,36.14,1.95,息
2022-01-18,00830,34.61,31.81,2.8,息
2022-01-18,00881,19.06,18.47,0.59,息
2022-01-18,00882,14.13,13.77,0.36,息
2022-01-20,00728,33.51,31.52,1.99,息
2022-01-21,0050,149.1,145.9,3.2,息
2022-01-21,006203,70.35,68.95,1.4,息
2022-01-25,6715,119.0,117.61,1.38843,權
2022-02-07,8367,46.85,46.52,0.327247,權
2022-02-10,2314,67.1,66.46,0.634379,權
2022-02-14,5484,16.75,16.19,0.551639,權
2022-02-22,00878,19.75,19.45,0.3,息
2022-02-22,00891,16.41,16.12,0.29,息
2022-02-22,00894,15.81,15.46,0.35,息
2022-02-23,2867,9.38,9.21,0.163704,權
2022-02-24,00775B,38.42,38.11,0.31,息
2022-02-24,6770,57.1,55.91,1.182228,息
2022-02-25,00771,17.59,17.41,0.18,息
2022-03-11,2613,42.0,40.35,1.65,息
2022-03-14,3346,38.15,37.66,0.48282,權
2022-03-15,3008,2015.0,1976.0,39.0,息
2022-03-15,9802,109.0,107.77,1.23,息
2022-03-16,00896,14.46,14.44,0.015,息
2022-03-16,2330,558.0,555.25,2.75,息
2022-03-16,2430,44.5,40.96,3.54,息
2022-03-16,3029,48.8,45.19,3.603432,息
2022-03-17,00710B,17.62,17.38,0.24,息
2022-03-17,00711B,17.34,17.18,0.16,息
2022-03-17,00712,12.63,12.44,0.184,息
2022-03-17,01009T,9.13,8.99,0.137174,息
2022-03-17,01010T,10.28,10.15,0.124654,息
2022-03-17,5283,120.0,116.0,4.0,息
2022-03-17,5306,188.5,186.25,2.25,息
2022-03-17,9105,4.64,4.27,0.364149,權息
2022-03-18,2301,71.0,68.5,2.5,息
2022-03-22,5225,23.8,23.2,0.6,息
2022-03-24,1313,20.0,19.0,1.0,息
2022-03-24,2108,72.7,65.7,7.0,息
2022-03-24,6581,89.0,85.0,4.0,息
2022-03-25,2006,81.0,74.6,6.4,息
2022-03-25,3005,56.6,53.01,3.589793,息
2022-03-25,6415,3360.0,3342.01,17.980273,息
2022-03-28,2012,32.75,31.75,1.0,息
2022-03-30,4930,38.0,33.2,4.8,息
2022-03-30,6674,30.3,29.3,1.0,息
2022-03-31,01004T,16.1,15.89,0.204541,息
2022-03-31,2483,24.4,23.4,1.0,息
2022-03-31,3557,77.0,74.0,3.0,息
2022-03-31,3706,31.75,29.75,2.0,息
2022-03-31,4770,255.0,247.0,8.0,息
2022-03-31,8271,47.75,44.86,2.89,息
2022-04-01,5222,162.0,158.5,3.5,息
2022-04-07,1712,34.45,32.65,1.8,息
2022-04-07,2015,95.9,90.9,5.0,息
2022-04-07,2313,49.15,47.35,1.8,息
2022-04-07,2388,63.9,62.9,0.99979,息
2022-04-07,5388,81.0,78.6,2.4,息
2022-04-07,6412,80.9,75.7,5.2,息
2022-04-07,6756,413.0,402.01,10.986345,息
2022-04-08,2535,34.55,32.05,2.5,息
2022-04-08,2832,20.85,20.1,0.75,息
2022-04-08,3003,85.1,83.1,2.0,息
2022-04-13,2614,30.3,29.3,1.0,息
2022-04-14,1477,192.0,182.5,9.5,息
2022-04-14,1524,11.1,10.8,0.3,息
2022-04-14,1617,18.2,17.92,0.273881,權
2022-04-14,2109,16.0,15.5,0.5,息
2022-04-14,2528,20.05,19.58,0.467509,息
2022-04-14,2630,19.0,18.75,0.24998,息
2022-04-14,2910,31.2,30.7,0.5,息
2022-04-14,6806,99.5,96.57,2.926209,權
2022-04-15,1210,54.9,53.4,1.5,息
2022-04-15,1315,81.3,78.8,2.5,息
2022-04-18,01003T,19.98,19.62,0.357837,息
2022-04-20,0052,120.45,110.26,10.19,息
2022-04-20,00714,23.14,22.77,0.364,息
2022-04-20,00717,15.45,15.29,0.153,息
2022-04-20,00733,38.01,37.77,0.238,息
2022-04-21,1229,65.9,64.1,1.8,息
2022-04-21,2010,24.65,23.35,1.3,息
2022-04-21,3016,106.5,106.21,0.280714,權
2022-04-21,4190,71.4,67.9,3.5,息
2022-04-21,6192,74.6,70.6,4.0,息
2022-04-21,6224,98.4,94.15,4.25,息
2022-04-21,6235,40.4,40.1,0.299688,息
2022-04-21,6282,32.3,31.3,1.0,息
2022-04-22,00774B,42.3,41.77,0.53,息
2022-04-22,00774C,9.39,9.27,0.117,息
2022-04-22,2324,25.4,23.4,2.0,息
2022-04-22,3149,24.9,24.52,0.372885,權
2022-04-27,3138,158.0,158.08,-0.082098,權
2022-04-28,4912,109.0,108.0,1.0,息
2022-04-28,6655,115.5,111.5,4.0,息
2022-05-03,01001T,18.09,17.6,0.480506,息
2022-05-13,911608,3.23,3.17,0.053412,息
2022-05-17,9136,6.36,6.05,0.30112,息
2022-05-18,00771,16.93,16.75,0.18,息
2022-05-18,00878,17.89,17.57,0.32,息
2022-05-18,01002T,18.71,18.33,0.370393,息
2022-05-18,01007T,19.41,19.17,0.232917,息
2022-05-20,00775B,34.6,34.39,0.21,息
2022-05-24,2809,38.35,36.25,2.1,息
2022-05-26,4560,41.95,40.15,1.8,息
2022-05-26,8261,118.0,112.0,6.0,息
2022-05-27,3257,72.2,67.2,5.0,息
2022-05-31,6456,92.5,87.5,5.0,息
2022-06-01,6269,101.5,96.5,5.0,息
2022-06-02,1702,47.7,45.5,2.2,息
2022-06-02,2486,38.6,38.1,0.5,息
2022-06-02,3443,566.0,559.0,7.0,息
2022-06-02,6438,114.5,108.19,6.302123,息
2022-06-06,1342,73.7,70.7,3.0,息
2022-06-06,8422,192.0,182.0,10.0,息
2022-06-08,2419,19.8,19.3,0.5,息
2022-06-08,2637,104.5,99.0,5.5,息
2022-06-08,9940,34.8,32.0,2.8,息
2022-06-09,1515,40.1,37.1,3.0,息
2022-06-09,1568,25.95,25.65,0.3,息
2022-06-09,2347,70.1,65.1,5.0,息
2022-06-09,4571,84.7,80.2,4.5,息
2022-06-09,5434,166.0,157.2,8.8,息
2022-06-09,5533,21.25,20.25,1.0,息
2022-06-09,6491,422.5,414.0,8.5,息
2022-06-09,8438,38.1,36.1,2.0,息
2022-06-10,2636,133.0,120.0,13.0,息
2022-06-10,3030,66.8,63.5,3.3,息
2022-06-10,4440,46.75,42.75,4.0,息
2022-06-14,1597,82.3,80.8,1.5,息
2022-06-14,1727,43.55,43.03,0.52,息
2022-06-14,2850,53.4,50.2,3.2,息
2022-06-14,3543,21.35,20.15,1.2,息
2022-06-14,3563,183.0,173.0,10.0,息
2022-06-14,9103,9.17,8.99,0.17703,息
2022-06-15,1504,29.75,28.4,1.35,息
2022-06-15,1707,143.5,137.4,6.1,息
2022-06-15,2908,22.6,21.32,1.28,息
2022-06-15,3679,90.3,81.3,9.0,息
2022-06-15,6585,79.8,76.79,3.000023,息
2022-06-15,910322,25.6,24.05,1.54389,息
2022-06-16,1456,18.75,17.25,1.5,息
2022-06-16,1711,22.4,21.9,0.5,息
2022-06-16,1733,26.95,25.65,1.3,息
2022-06-16,2020,31.0,28.0,3.0,息
2022-06-16,2330,509.0,506.25,2.75,息
2022-06-16,2344,26.85,25.85,1.0,息
2022-06-16,2385,84.7,78.6,6.1,息
2022-06-16,2642,67.6,65.5,2.1,息
2022-06-16,2707,173.5,161.1,12.3925,息
2022-06-16,2851,28.9,27.1,1.8,息
2022-06-16,3714,56.5,54.5,2.0,息
2022-06-16,4133,41.1,40.64,0.46,息
2022-06-16,5522,66.1,61.6,4.5,息
2022-06-16,6116,13.05,12.05,0.99553,息
2022-06-16,8341,211.0,203.0,8.0,息
2022-06-16,9924,41.35,38.95,2.4,息
2022-06-17,1416,10.95,10.45,0.5,息
2022-06-17,2616,36.8,34.3,2.5,息
2022-06-17,6669,806.0,781.0,25.0,息
2022-06-17,8070,36.85,35.23,1.62,息
2022-06-17,9911,65.4,61.8,3.6,息
2022-06-20,2545,53.7,47.4,6.3,息
2022-06-20,2723,105.0,100.0,5.0,息
2022-06-20,2838A,53.4,51.0,2.4,息
2022-06-20,3036,77.3,72.28,5.014866,息
2022-06-20,3036A,49.65,47.65,2.0,息
2022-06-20,3338,41.2,39.7,1.5,息
2022-06-20,4958,111.0,106.0,5.0,息
2022-06-21,00710B,17.15,16.91,0.24,息
2022-06-21,00711B,16.02,15.82,0.2,息
2022-06-21,00712,10.42,10.21,0.205,息
2022-06-21,1605,40.6,38.51,2.082402,權息
2022-06-21,6443,29.85,29.63,0.21452,權
2022-06-21,6505,94.5,90.7,3.8,息
2022-06-21,6531,235.0,229.0,5.996284,息
2022-06-21,6672,81.4,74.8,6.6,息
2022-06-21,9944,20.1,19.1,1.0,息
2022-06-22,2231,140.0,139.0,1.0,息
2022-06-22,2303,49.3,46.3,3.0,息
2022-06-22,2423,28.1,26.6,1.5,息
2022-06-22,2548,93.6,86.1,7.5,息
2022-06-22,2836A,23.9,23.14,0.751643,息
2022-06-22,4952,72.6,67.2,5.4,息
2022-06-22,5871,224.5,208.09,16.40476,權息
2022-06-22,5871A,102.0,98.2,3.8,息
2022-06-22,6533,277.0,274.15,2.848871,息
2022-06-22,9917,105.5,100.5,5.0,息
2022-06-23,1218,29.55,28.55,1.0,息
2022-06-23,1319,44.5,43.65,0.85,息
2022-06-23,1323,34.15,32.55,1.6,息
2022-06-23,1439,19.75,19.55,0.2,息
2022-06-23,2104,19.5,19.3,0.2,息
2022-06-23,2367,17.6,17.33,0.268895,權
2022-06-23,2450,33.0,31.0,2.0,息
2022-06-23,2454,807.0,733.99,73.00106,息
2022-06-23,2455,81.6,77.6,4.0,息
2022-06-23,2461,20.05,18.85,1.191803,息
2022-06-23,2480,89.1,83.48,5.62,息
2022-06-23,2504,25.25,23.45,1.8,息
2022-06-23,2722,32.05,31.85,0.2,息
2022-06-23,3056,31.8,30.3,1.5,息
2022-06-23,3518,19.65,18.65,1.0,息
2022-06-23,3528,51.3,47.5,3.8,息
2022-06-23,3583,78.6,76.1,2.5,息
2022-06-23,3669,47.5,43.7,3.8,息
2022-06-23,3705,42.3,40.6,1.7,息
2022-06-23,4148,51.3,49.8,1.5,息
2022-06-23,4915,58.8,55.69,3.10171,息
2022-06-23,6155,22.85,22.0,0.85,息
2022-06-23,6214,75.2,70.2,5.0,息
2022-06-23,6477,44.5,43.98,0.510292,息
2022-06-23,6768,79.0,75.5,3.5,息
2022-06-23,8210,65.5,62.49,3.001025,息
2022-06-23,8213,46.35,41.35,5.0,息
2022-06-24,2362,32.75,30.65,2.1,息
2022-06-24,2496,47.9,44.9,3.0,息
2022-06-24,3031,18.2,17.2,1.0,息
2022-06-24,3164,25.2,24.1,1.1,息
2022-06-24,4739,124.5,121.5,3.0,息
2022-06-24,5244,35.5,32.5,3.0,息
2022-06-24,6176,97.6,89.6,8.0,息
2022-06-24,6288,23.2,22.8,0.4,息
2022-06-24,6579,79.4,76.3,3.097519,息
2022-06-27,1232,163.5,157.5,6.0,息
2022-06-27,1314,10.05,9.65,0.4,息
2022-06-27,1437,24.9,24.0,0.9,息
2022-06-27,1598,37.8,35.28,2.514572,息
2022-06-27,1760,109.5,108.0,1.5,息
2022-06-27,2368,83.0,80.8,2.2,息
2022-06-27,2606,44.45,41.45,3.0,息
2022-06-27,2609,98.3,78.3,20.0,息
2022-06-27,3010,94.5,87.7,6.8,息
2022-06-27,3015,40.05,36.75,3.3,息
2022-06-27,3416,77.6,73.1,4.495135,息
2022-06-27,4557,81.4,76.9,4.5,息
2022-06-28,1326,81.5,76.7,4.8,息
2022-06-28,1536,67.2,65.83,1.365,息
2022-06-28,1731,19.05,17.88,1.17,息
2022-06-28,1802,21.1,19.28,1.82,息
2022-06-28,1904,29.95,28.05,1.9,息
2022-06-28,2404,169.5,156.37,13.125296,息
2022-06-28,2421,36.3,35.1,1.2,息
2022-06-28,2885,23.3,21.8,1.5,息
2022-06-28,2888,9.23,8.82,0.400319,息
2022-06-28,2888A,41.95,40.24,1.71,息
2022-06-28,2888B,42.1,40.3,1.8,息
2022-06-28,3413,192.5,183.8,8.691594,息
2022-06-28,4722,39.05,36.85,2.2,息
2022-06-28,6591,58.8,54.8,4.0,息
2022-06-29,1752,37.05,35.25,1.8,息
2022-06-29,1773,208.0,164.0,44.0,權息
2022-06-29,2032,22.1,20.92,1.18,息
2022-06-29,2308,236.0,230.5,5.5,息
2022-06-29,2375,56.2,54.2,2.0,息
2022-06-29,2603,108.5,90.5,17.999996,息
2022-06-29,2889,15.75,15.1,0.65,息
2022-06-29,3056,29.5,28.73,0.766326,權
2022-06-29,3711,91.0,84.0,6.995982,息
2022-06-29,5906,32.4,30.7,1.7,息
2022-06-29,8046,289.5,279.5,10.0,息
2022-06-29,8081,174.5,158.5,16.0,息
2022-06-29,8150,44.8,40.5,4.3,息
2022-06-30,1817,34.85,32.85,2.0,息
2022-06-30,2353,25.3,23.02,2.28,息
2022-06-30,2408,57.1,53.39,3.702813,息
2022-06-30,2412,130.5,125.89,4.608,息
2022-06-30,2478,49.6,45.6,4.0,息
2022-06-30,3703,28.65,26.97,1.68,息
2022-06-30,4938,66.8,61.79,5.001375,息
2022-06-30,6213,80.5,75.5,5.0,息
2022-06-30,6243,39.0,37.82,1.173523,息
2022-06-30,8454,763.0,625.0,138.0,權息
2022-06-30,8482,75.1,69.23,5.87,息
2022-06-30,9907,15.65,14.65,1.0,息
2022-07-01,1710,18.7,18.0,0.7,息
2022-07-01,2107,21.1,19.9,1.2,息
2022-07-01,2425,28.5,27.9,0.6,息
2022-07-01,2497,74.4,73.93,0.469062,權
2022-07-01,3006,88.8,80.8,8.0,息
2022-07-01,5306,165.5,163.25,2.25,息
2022-07-01,6515,363.0,352.02,10.979133,息
2022-07-01,8114,133.0,128.5,4.5,息
2022-07-01,8462,130.0,128.7,1.291458,息
2022-07-01,9933,44.9,42.63,2.26028,息
2022-07-04,1231,87.4,77.38,10.012612,權息
2022-07-04,1452,21.2,19.2,2.0,息
2022-07-04,2317,106.0,100.8,5.2,息
2022-07-04,2327,282.0,271.89,10.102813,息
2022-07-04,2354,47.0,45.3,1.7,息
2022-07-04,2409,15.05,14.05,1.0,息
2022-07-04,2417,19.7,19.55,0.146103,息
2022-07-04,2451,68.5,62.5,6.0,息
2022-07-04,2464,38.35,36.15,2.2,息
2022-07-04,2820,16.7,15.8,0.9,息
2022-07-04,2882,49.7,46.2,3.5,息
2022-07-04,2882A,62.5,60.22,2.28,息
2022-07-04,2882B,62.6,60.47,2.13,息
2022-07-04,3090,48.6,44.6,4.0,息
2022-07-04,3592,339.0,294.0,45.0,息
2022-07-04,3596,108.0,101.29,6.709021,息
2022-07-04,4532,16.55,15.85,0.699859,息
2022-07-04,4906,27.1,25.56,1.53929,息
2022-07-04,4968,142.5,139.0,3.5,息
2022-07-04,5007,56.0,53.0,3.0,息
2022-07-04,5234,83.3,78.0,5.3,息
2022-07-04,6136,18.2,16.95,1.25,息
2022-07-04,6271,188.0,178.99,9.000378,息
2022-07-04,6281,84.8,79.8,5.0,息
2022-07-04,6790,40.15,37.15,3.0,息
2022-07-04,8481,66.9,60.4,6.5,息
2022-07-04,9931,41.1,39.7,1.4,息
2022-07-04,9943,53.1,52.6,0.5,息
2022-07-05,1215,80.4,77.4,3.0,息
2022-07-05,1301,107.5,99.3,8.2,息
2022-07-05,1464,13.15,12.9,0.25,息
2022-07-05,1476,410.0,398.0,12.0,息
2022-07-05,1604,29.2,26.5,2.7,息
2022-07-05,1723,116.0,112.0,4.0,息
2022-07-05,1909,16.05,14.85,1.2,息
2022-07-05,2028,24.55,22.05,2.5,息
2022-07-05,2247,207.0,195.0,12.0,息
2022-07-05,2481,56.9,53.9,3.0,息
2022-07-05,2538,13.1,12.6,0.5,息
2022-07-05,2753,160.0,155.77,4.227118,息
2022-07-05,2887E,53.5,51.12,2.375,息
2022-07-05,2887F,51.5,49.6,1.9,息
2022-07-05,4755,146.5,141.5,5.0,息
2022-07-05,6128,29.0,27.0,2.0,息
2022-07-05,6641,62.4,57.9,4.5,息
2022-07-05,8996,56.7,55.2,1.5,息
2022-07-05,9910,176.0,171.9,4.1,息
2022-07-06,1219,21.35,20.25,1.1,息
2022-07-06,1303,80.6,73.1,7.5,息
2022-07-06,1521,34.5,33.9,0.6,息
2022-07-06,1587,24.15,23.15,1.0,息
2022-07-06,2031,39.3,35.3,4.0,息
2022-07-06,2115,33.45,31.45,2.0,息
2022-07-06,2373,90.0,84.0,6.0,息
2022-07-06,2433,51.2,47.7,3.5,息
2022-07-06,2459,49.9,46.4,3.5,息
2022-07-06,2608,39.9,38.25,1.65,息
2022-07-06,2610,23.35,22.51,0.831457,息
2022-07-06,2633,28.05,27.29,0.758,息
2022-07-06,2838,15.7,14.28,1.414286,權息
2022-07-06,2883,14.25,13.24,1.000077,息
2022-07-06,2883B,8.28,8.27,0.001945,息
2022-07-06,3040,30.35,28.35,2.0,息
2022-07-06,3231,26.25,24.04,2.200116,息
2022-07-06,4155,23.25,22.25,1.0,息
2022-07-06,4545,27.25,26.55,0.7,息
2022-07-06,5258,57.6,56.32,1.275671,權
2022-07-06,6235,42.65,41.68,0.966753,權
2022-07-06,6776,40.55,37.35,3.2,息
2022-07-06,9939,73.9,69.6,4.3,息
2022-07-07,1307,19.8,19.3,0.5,息
2022-07-07,1341,73.9,67.9,6.0,息
2022-07-07,1608,15.45,13.95,1.5,息
2022-07-07,1614,37.0,35.76,1.233023,息
2022-07-07,1789,25.6,25.12,0.48,息
2022-07-07,1906,19.55,18.95,0.6,息
2022-07-07,2236,25.8,22.8,3.0,息
2022-07-07,2359,24.4,23.5,0.9,息
2022-07-07,2395,328.5,320.51,7.980396,息
2022-07-07,2458,120.0,106.18,13.811657,息
2022-07-07,2467,42.3,38.15,4.14466,權息
2022-07-07,3019,56.0,52.3,3.7,息
2022-07-07,3049,9.55,9.2,0.35,息
2022-07-07,3305,50.1,47.6,2.498242,息
2022-07-07,5525,23.9,23.6,0.3,息
2022-07-07,5876,51.1,49.3,1.8,息
2022-07-07,6115,42.45,39.65,2.8,息
2022-07-07,6184,48.6,45.6,3.0,息
2022-07-07,6754,44.9,41.4,3.5,息
2022-07-07,6792,82.5,77.0,5.5,息
2022-07-07,6796,70.8,69.19,1.602892,息
2022-07-07,8163,38.6,35.6,3.0,息
2022-07-07,910861,7.28,7.03,0.241735,息
2022-07-08,1582,65.0,59.7,5.3,息
2022-07-08,1612,20.9,18.1,2.8,息
2022-07-08,2207,618.0,598.0,20.0,息
2022-07-08,3028,32.4,28.96,3.438395,息
2022-07-08,3045,108.0,103.7,4.3,息
2022-07-08,3060,18.05,17.05,1.0,息
2022-07-08,3708,117.5,116.07,1.429273,息
2022-07-08,4999,34.6,32.6,2.0,息
2022-07-08,5538,46.8,43.6,3.2,息
2022-07-08,8464,282.0,271.0,11.0,息
2022-07-11,1451,21.85,20.85,1.0,息
2022-07-11,1457,17.75,16.75,1.0,息
2022-07-11,2390,15.95,14.95,1.0,息
2022-07-11,2477,21.25,19.75,1.5,息
2022-07-11,3050,15.8,15.2,0.6,息
2022-07-11,3481,12.25,11.19,1.054995,息
2022-07-11,4927,65.8,61.8,4.0,息
2022-07-11,6024,35.9,34.3,1.6,息
2022-07-11,6112,35.9,33.4,2.5,息
2022-07-11,6215,22.8,21.0,1.8,息
2022-07-11,6449,44.65,42.65,2.0,息
2022-07-11,6605,75.9,72.9,3.0,息
2022-07-11,8072,23.0,22.65,0.35,息
2022-07-11,9904,28.7,27.2,1.5,息
2022-07-12,1217,10.85,10.55,0.3,息
2022-07-12,1233,34.0,33.2,0.8,息
2022-07-12,1414,16.75,16.21,0.538,息
2022-07-12,1423,19.45,18.7,0.75,息
2022-07-12,1618,12.15,11.65,0.5,息
2022-07-12,2049,229.5,222.61,6.888407,權息
2022-07-12,2069,22.45,20.25,2.2,息
2022-07-12,2114,111.0,104.0,7.0,息
2022-07-12,2316,27.55,26.55,1.0,息
2022-07-12,2493,43.5,40.75,2.75,息
2022-07-12,2597,94.0,85.0,9.0,息
2022-07-12,2634,34.35,34.0,0.35,息
2022-07-12,2855,17.5,15.61,1.89,息
2022-07-12,3034,300.5,249.0,51.5,息
2022-07-12,4439,146.0,117.91,28.083334,權息
2022-07-12,4994,40.8,39.3,1.5,息
2022-07-12,5285,78.0,74.0,4.0,息
2022-07-12,6166,55.4,55.1,0.3,息
2022-07-12,6196,107.0,102.55,4.447807,息
2022-07-12,6251,19.5,18.8,0.699945,息
2022-07-12,6592,102.0,97.8,4.2,息
2022-07-12,6691,169.0,155.0,14.0,息
2022-07-12,9902,11.1,10.6,0.5,息
2022-07-13,1526,41.9,39.3,2.6,息
2022-07-13,2337,29.3,27.49,1.800089,息
2022-07-13,2612,39.6,36.92,2.68,息
2022-07-13,3038,19.75,18.55,1.2,息
2022-07-13,3048,30.65,27.25,3.4,息
2022-07-13,3532,153.0,150.78,2.22,息
2022-07-13,3607,12.85,11.85,1.0,息
2022-07-13,4104,65.7,62.2,3.5,息
2022-07-13,4164,36.9,34.89,2.005008,息
2022-07-13,6141,22.7,21.68,1.013203,息
2022-07-13,6285,67.2,65.09,2.100104,息
2022-07-13,6781,1035.0,1020.0,15.0,息
2022-07-13,8926,37.5,35.75,1.75,息
2022-07-14,1312,20.6,18.6,2.0,息
2022-07-14,1312A,32.05,29.45,2.6,息
2022-07-14,1338,57.5,55.0,2.5,息
2022-07-14,1440,17.85,17.05,0.8,息
2022-07-14,1454,13.2,12.7,0.5,息
2022-07-14,1522,27.95,27.45,0.5,息
2022-07-14,1522A,44.8,44.01,0.789041,息
2022-07-14,1532,30.45,28.34,2.11,息
2022-07-14,1560,128.5,125.7,2.796693,息
2022-07-14,1905,16.65,16.24,0.405867,息
2022-07-14,2009,26.75,25.75,1.0,息
2022-07-14,2017,13.45,12.12,1.327359,權息
2022-07-14,2029,25.3,22.75,2.55,息
2022-07-14,2356,24.0,22.6,1.4,息
2022-07-14,2401,27.7,25.7,2.0,息
2022-07-14,2453,26.5,24.6,1.9,息
2022-07-14,2462,24.7,24.1,0.6,息
2022-07-14,2501,16.75,16.15,0.6,息
2022-07-14,2617,27.95,25.95,2.0,息
2022-07-14,2891,23.45,22.2,1.25,息
2022-07-14,2891B,63.3,61.05,2.25,息
2022-07-14,2891C,61.4,59.48,1.92,息
2022-07-14,2903,19.55,18.65,0.9,息
2022-07-14,3014,74.7,65.7,9.0,息
2022-07-14,3022,47.2,44.2,3.0,息
2022-07-14,3024,11.9,11.6,0.3,息
2022-07-14,3032,27.75,25.75,2.0,息
2022-07-14,3035,146.5,143.2,3.3,息
2022-07-14,3044,107.0,100.0,7.0,息
2022-07-14,3130,193.5,182.33,11.160835,息
2022-07-14,3376,77.5,72.5,5.0,息
2022-07-14,3515,107.0,94.0,13.0,息
2022-07-14,3530,81.3,77.8,3.499274,息
2022-07-14,3653,293.5,287.5,5.997191,息
2022-07-14,3665,315.5,306.05,9.449601,息
2022-07-14,4572,139.0,134.0,5.0,息
2022-07-14,4904,83.0,79.75,3.25,息
2022-07-14,4977,76.9,73.68,3.219592,息
2022-07-14,6005,12.65,11.0,1.65,息
2022-07-14,6257,50.6,46.47,4.129839,息
2022-07-14,6278,81.7,75.7,6.0,息
2022-07-14,6715,154.5,152.7,1.8,息
2022-07-14,6789,265.0,263.13,1.864602,息
2022-07-14,8016,170.0,138.0,32.0,息
2022-07-14,8112,38.7,34.7,4.0,息
2022-07-14,8249,21.95,20.66,1.2885,息
2022-07-14,8367,37.2,34.4,2.8,息
2022-07-14,9930,47.55,45.05,2.5,息
2022-07-15,1446,32.3,32.0,0.3,息
2022-07-15,1907,24.2,22.7,1.5,息
2022-07-15,2945,50.0,47.4,2.593379,息
2022-07-15,3016,79.9,78.71,1.184839,息
2022-07-15,3037,153.5,150.1,3.4,息
2022-07-15,3042,90.9,83.4,7.5,息
2022-07-15,4306,14.85,13.85,0.999933,息
2022-07-15,4960,9.69,9.18,0.500332,息
2022-07-15,5215,49.4,44.4,5.0,息
2022-07-15,6197,36.25,33.25,3.0,息
2022-07-15,6205,63.1,61.1,1.998453,息
2022-07-15,6405,21.7,19.7,2.0,息
2022-07-15,8215,29.6,28.1,1.5,息
2022-07-18,0050,115.5,113.7,1.8,息
2022-07-18,006203,56.15,55.32,0.83,息
2022-07-18,006208,66.8,65.55,1.248,息
2022-07-18,00692,29.73,28.24,1.483,息
2022-07-18,00702,21.05,20.74,0.31,息
2022-07-18,00714,19.66,19.53,0.125,息
2022-07-18,00717,15.07,14.92,0.147,息
2022-07-18,00735,24.86,24.61,0.25,息
2022-07-18,00736,18.96,18.78,0.18,息
2022-07-18,00882,13.0,12.15,0.85,息
2022-07-18,00892,10.8,10.58,0.219,息
2022-07-18,1325,27.6,25.6,2.0,息
2022-07-18,1410,34.15,32.85,1.3,息
2022-07-18,1786,40.0,38.58,1.417565,息
2022-07-18,1806,10.95,9.95,1.0,息
2022-07-18,2374,25.0,24.0,1.0,息
2022-07-18,3026,101.0,92.0,9.0,息
2022-07-18,3312,20.0,17.84,2.153728,權息
2022-07-18,3380,29.4,28.6,0.8,息
2022-07-18,3450,41.55,39.75,1.8,息
2022-07-18,6807,29.75,27.38,2.37,息
2022-07-18,8374,30.75,29.85,0.9,息
2022-07-19,1220,16.5,15.5,1.0,息
2022-07-19,1236,26.3,25.8,0.5,息
2022-07-19,1465,12.55,12.25,0.3,息
2022-07-19,1535,42.05,39.45,2.6,息
2022-07-19,1615,32.85,30.85,2.0,息
2022-07-19,2034,27.4,25.9,1.497601,息
2022-07-19,2103,28.1,25.7,2.4,息
2022-07-19,2392,32.65,31.15,1.5,息
2022-07-19,2397,59.5,55.9,3.6,息
2022-07-19,2491,12.75,12.65,0.1,息
2022-07-19,2812,13.7,12.8,0.890477,權息
2022-07-19,2849,15.1,14.37,0.73,息
2022-07-19,2897,8.22,7.92,0.299891,息
2022-07-19,2897A,10.3,9.87,0.425,息
2022-07-19,3550,14.55,14.25,0.3,息
2022-07-19,3702,52.8,49.3,3.5,息
2022-07-19,3702A,49.85,47.85,2.0,息
2022-07-19,6189,40.5,36.82,3.677625,息
2022-07-19,6525,81.9,76.4,5.5,息
2022-07-19,8131,38.25,35.75,2.5,息
2022-07-19,9919,17.15,16.85,0.3,息
2022-07-20,1503,63.7,61.9,1.8,息
2022-07-20,2027,36.05,33.91,2.139109,權息
2022-07-20,2206,36.7,35.39,1.300244,息
2022-07-20,2615,131.0,104.78,26.217391,權息
2022-07-20,2904,20.8,20.0,0.8,息
2022-07-20,2906,19.3,18.9,0.4,息
2022-07-20,3617,70.0,69.0,1.0,息
2022-07-20,4576,90.0,89.0,1.0,息
2022-07-20,4763,104.0,103.8,0.197851,權
2022-07-20,4764,56.0,52.45,3.54717,權息
2022-07-20,5608,33.3,31.3,2.0,息
2022-07-20,6206,92.5,88.5,4.0,息
2022-07-20,6670,193.0,181.0,12.0,息
2022-07-20,8039,43.2,40.7,2.5,息
2022-07-20,8104,42.05,40.04,2.005315,息
2022-07-20,8467,77.7,75.7,2.0,息
2022-07-21,1101,41.6,36.91,4.687849,權息
2022-07-21,1101B,52.1,50.35,1.75,息
2022-07-21,1110,18.25,18.05,0.2,息
2022-07-21,1227,44.0,42.1,1.9,息
2022-07-21,1417,10.35,10.0,0.35,息
2022-07-21,1611,19.9,19.1,0.8,息
2022-07-21,1708,46.5,44.5,2.0,息
2022-07-21,1734,28.5,28.3,0.2,息
2022-07-21,2013,53.6,51.6,2.0,息
2022-07-21,2030,24.05,22.05,2.0,息
2022-07-21,2204,59.2,53.7,5.5,息
2022-07-21,2239,60.2,57.7,2.5,息
2022-07-21,2302,16.65,16.04,0.601312,息
2022-07-21,2329,16.5,15.5,1.0,息
2022-07-21,2340,44.4,41.39,3.00028,息
2022-07-21,2449,40.6,37.6,3.0,息
2022-07-21,2471,28.0,25.75,2.243811,息
2022-07-21,2607,29.55,29.15,0.4,息
2022-07-21,3055,25.65,25.45,0.199916,息
2022-07-21,3209,38.75,33.65,5.092593,權息
2022-07-21,3673,34.55,33.05,1.5,息
2022-07-21,4581,31.85,30.35,1.5,息
2022-07-21,4737,73.8,71.8,1.999181,息
2022-07-21,5471,68.0,61.0,7.0,息
2022-07-21,8021,30.1,27.8,2.3,息
2022-07-21,8028,67.7,63.11,4.586793,權息
2022-07-21,9905,26.15,24.65,1.5,息
2022-07-21,9918,44.55,42.85,1.7,息
2022-07-22,1234,34.65,32.95,1.7,息
2022-07-22,1256,283.0,270.0,13.0,息
2022-07-22,1459,9.37,9.17,0.2,息
2022-07-22,1762,57.0,55.7,1.3,息
2022-07-22,2033,14.9,14.7,0.2,息
2022-07-22,3645,40.7,39.5,1.193141,息
2022-07-22,5284,46.4,44.1,2.3,息
2022-07-22,5546,56.1,51.1,5.0,息
2022-07-25,1513,54.8,52.0,2.8,息
2022-07-25,1701,22.0,21.1,0.9,息
2022-07-25,1725,23.5,22.27,1.23,息
2022-07-25,2105,35.6,34.4,1.2,息
2022-07-25,2360,161.0,154.01,6.980892,息
2022-07-25,2414,34.1,31.3,2.8,息
2022-07-25,2605,25.5,24.5,1.0,息
2022-07-25,2852,15.8,14.59,1.21,息
2022-07-25,3033,28.85,25.84,3.007259,息
2022-07-25,4564,29.05,27.75,1.3,息
2022-07-25,4912,113.5,112.49,1.005273,息
2022-07-26,1104,22.35,21.35,1.0,息
2022-07-26,1201,20.6,20.09,0.501,息
2022-07-26,1434,26.5,25.5,1.0,息
2022-07-26,1436,61.9,57.74,4.154166,息
2022-07-26,1809,11.95,11.7,0.25,息
2022-07-26,2002,31.3,28.2,3.1,息
2022-07-26,2002A,50.9,47.8,3.1,息
2022-07-26,2014,28.7,25.9,2.8,息
2022-07-26,2355,28.85,28.35,0.5,息
2022-07-26,4935,60.3,55.3,5.0,息
2022-07-26,4968,141.0,140.32,0.678727,權
2022-07-26,8411,16.2,15.8,0.4,息
2022-07-26,9925,40.6,38.6,2.0,息
2022-07-26,9926,53.3,51.3,2.0,息
2022-07-26,9937,49.65,47.55,2.1,息
2022-07-26,9941,214.0,175.9,38.091289,權息
2022-07-26,9941A,52.9,48.75,4.148725,權息
2022-07-27,1810,11.4,11.2,0.2,息
2022-07-27,2332,16.3,16.0,0.3,息
2022-07-27,2881,59.2,55.7,3.5,息
2022-07-27,2881A,63.3,60.84,2.46,息
2022-07-27,2881B,61.9,59.74,2.16,息
2022-07-27,2881C,59.1,58.76,0.33041,息
2022-07-27,3094,27.7,26.71,0.98925,息
2022-07-27,3406,406.5,398.5,7.9943,息
2022-07-27,4137,195.5,183.5,12.0,息
2022-07-27,4746,48.4,46.4,2.0,息
2022-07-27,6177,30.85,27.85,3.0,息
2022-07-27,6442,45.9,44.7,1.2,息
2022-07-27,6451,69.9,67.34,2.56,息
2022-07-27,6464,88.8,83.46,5.334654,權息
2022-07-28,1102,44.45,41.05,3.399659,息
2022-07-28,1304,24.8,22.6,2.2,息
2022-07-28,1305,27.85,25.35,2.5,息
2022-07-28,1308,29.05,26.05,3.0,息
2022-07-28,1309,27.95,24.71,3.235715,權息
2022-07-28,1402,31.75,30.25,1.5,息
2022-07-28,1470,19.45,18.65,0.8,息
2022-07-28,1473,20.6,20.5,0.1,息
2022-07-28,1525,59.5,57.4,2.1,息
2022-07-28,1558,139.0,130.5,8.5,息
2022-07-28,1617,16.0,15.17,0.822971,息
2022-07-28,1717,33.3,31.8,1.5,息
2022-07-28,1720,46.9,44.4,2.5,息
2022-07-28,1730,59.0,56.0,3.0,息
2022-07-28,2228,62.6,60.6,2.0,息
2022-07-28,2250,84.3,81.07,3.222222,息
2022-07-28,2352,30.6,28.1,2.5,息
2022-07-28,2431,10.5,10.05,0.45,息
2022-07-28,2511,11.85,11.35,0.5,息
2022-07-28,2836,14.3,13.49,0.804855,權息
2022-07-28,2884,29.35,26.86,2.480784,權息
2022-07-28,3189,149.0,144.5,4.5,息
2022-07-28,3454,81.0,79.6,1.4,息
2022-07-28,3545,96.7,80.86,15.836297,息
2022-07-28,4551,164.0,159.0,5.0,息
2022-07-28,4566,49.25,48.06,1.184763,息
2022-07-28,4989,28.5,27.0,1.5,息
2022-07-28,6706,126.0,116.0,10.0,息
2022-07-29,1519,37.75,36.75,1.0,息
2022-07-29,2233,116.0,110.6,5.4,息
2022-07-29,2357,319.0,277.0,42.0,息
2022-07-29,2402,14.9,14.4,0.5,息
2022-07-29,3311,33.1,32.63,0.47,息
2022-07-29,3432,15.0,14.5,0.5,息
2022-07-29,3588,78.8,70.55,8.24319,權息
2022-07-29,5706,69.0,61.81,7.181818,權息
2022-07-29,6239,90.4,83.6,6.8,息
2022-07-29,6277,77.3,74.4,2.9,息
2022-07-29,6414,218.5,211.5,7.0,息
2022-07-29,9908,33.85,32.75,1.1,息
2022-08-01,1463,14.0,13.6,0.4,息
2022-08-01,1474,12.1,11.6,0.5,息
2022-08-01,2382,84.6,78.0,6.6,息
2022-08-01,2427,12.75,12.4,0.35,息
2022-08-01,2495,15.0,14.6,0.4,息
2022-08-01,2520,30.0,27.5,2.5,息
2022-08-01,2546,55.7,48.27,7.427273,權息
2022-08-01,2889,14.1,13.42,0.671429,權
2022-08-01,3501,44.9,42.9,2.0,息
2022-08-01,4526,13.9,13.7,0.2,息
2022-08-01,4536,147.0,141.0,6.0,息
2022-08-01,4720,13.8,13.6,0.2,息
2022-08-01,4919,119.5,114.5,5.0,息
2022-08-01,5515,13.65,12.62,1.021587,息
2022-08-01,8478,200.0,195.0,5.0,息
2022-08-02,1442,22.85,21.65,1.2,息
2022-08-02,1540,14.3,14.0,0.3,息
2022-08-02,2312,12.85,12.65,0.198382,息
2022-08-02,2348,94.6,79.63,14.963636,權息
2022-08-02,2348A,36.95,36.5,0.442739,息
2022-08-02,2472,57.7,54.5,3.197918,息
2022-08-02,2537,9.07,8.17,0.9,息
2022-08-02,2834,12.5,11.95,0.542431,權息
2022-08-02,3062,30.6,30.55,0.05,息
2022-08-02,3167,56.6,52.6,4.0,息
2022-08-02,4106,25.85,25.3,0.55,息
2022-08-02,6671,44.0,41.0,3.0,息
2022-08-02,6799,129.5,126.77,2.728482,息
2022-08-02,8110,12.7,12.57,0.13,息
2022-08-02,8404,31.4,28.9,2.5,息
2022-08-02,9935,18.3,17.79,0.51,息
2022-08-03,2351,118.0,115.0,3.0,息
2022-08-03,2393,40.95,37.45,3.5,息
2022-08-03,2912,284.5,275.5,9.0,息
2022-08-03,3533,651.0,635.07,15.923491,息
2022-08-03,6209,29.75,29.25,0.5,息
2022-08-03,6426,58.0,56.0,2.0,息
2022-08-03,6743,35.5,35.0,0.5,息
2022-08-03,9938,59.2,55.7,3.5,息
2022-08-04,1103,17.9,17.25,0.65,息
2022-08-04,1109,19.85,18.34,1.503513,息
2022-08-04,1216,68.5,65.8,2.7,息
2022-08-04,1530,30.8,29.3,1.5,息
2022-08-04,1589,55.0,54.4,0.6,息
2022-08-04,1713,24.25,23.4,0.85,息
2022-08-04,1714,9.32,8.9,0.42,息
2022-08-04,1795,133.5,131.56,1.931215,息
2022-08-04,2342,37.2,36.7,0.5,息
2022-08-04,2345,253.0,247.0,5.9987,息
2022-08-04,2369,16.6,15.31,1.289126,息
2022-08-04,2376,92.3,80.3,12.0,息
2022-08-04,2611,21.15,18.31,2.831819,權息
2022-08-04,2618,30.75,30.15,0.591694,息
2022-08-04,2816,16.9,15.9,1.0,息
2022-08-04,2892,26.95,25.44,1.508824,權息
2022-08-04,3712,28.45,26.95,1.5,息
2022-08-04,4766,135.5,129.5,6.0,息
2022-08-04,4961,130.5,113.5,17.0,息
2022-08-04,6201,42.2,39.2,3.0,息
2022-08-05,8103,36.45,34.45,2.0,息
2022-08-08,2534,24.6,23.4,1.2,息
2022-08-08,5519,22.65,20.65,2.0,息
2022-08-08,5607,49.75,48.15,1.6,息
2022-08-08,8480,66.6,63.4,3.2,息
2022-08-09,1455,11.3,10.5,0.8,息
2022-08-09,2023,15.9,15.4,0.5,息
2022-08-09,2358,15.15,15.13,0.013176,權
2022-08-09,2547,9.24,9.04,0.2,息
2022-08-09,2915,64.5,59.5,5.0,息
2022-08-09,5469,31.8,29.6,2.2,息
2022-08-09,6191,28.9,27.14,1.751075,息
2022-08-09,6202,82.0,73.87,8.1229,息
2022-08-09,9942,89.9,84.9,5.0,息
2022-08-10,2492,93.9,89.39,4.509282,息
2022-08-10,2890,17.7,16.73,0.967327,權息
2022-08-10,3138,125.5,122.5,3.0,息
2022-08-10,5880,28.5,26.69,1.800971,權息
2022-08-11,1419,40.7,39.7,1.0,息
2022-08-11,1444,10.35,10.05,0.3,息
2022-08-11,1583,62.0,59.5,2.5,息
2022-08-11,2365,11.05,10.85,0.2,息
2022-08-11,2387,41.1,38.1,3.0,息
2022-08-11,2476,53.8,51.72,2.0784,息
2022-08-11,2801,18.2,17.52,0.675248,權息
2022-08-11,2880,24.35,22.79,1.555029,權息
2022-08-11,2886,37.2,34.92,2.273171,權息
2022-08-11,5203,90.4,88.68,1.714498,息
2022-08-11,8473,30.1,29.25,0.85,息
2022-08-11,9914,233.0,225.0,8.0,息
2022-08-12,2885,21.2,20.58,0.617476,權
2022-08-12,9945,64.5,62.5,2.0,息
2022-08-15,6416,96.5,94.5,2.0,息
2022-08-16,00701,25.23,24.98,0.25,息
2022-08-16,00771,17.9,17.74,0.16,息
2022-08-16,00878,17.33,17.05,0.28,息
2022-08-16,00881,15.22,14.96,0.26,息
2022-08-16,00891,12.33,12.07,0.26,息
2022-08-16,00894,12.35,12.16,0.19,息
2022-08-16,00900,12.5,11.3,1.2,息
2022-08-16,2301,68.3,66.8,1.5,息
2022-08-16,3605,39.35,37.85,1.499756,息
2022-08-16,6666,56.9,55.4,1.5,息
2022-08-17,1537,145.5,138.5,7.0,息
2022-08-17,2338,78.0,76.0,2.0,息
2022-08-17,2377,127.5,117.0,10.5,息
2022-08-17,3550,15.15,14.7,0.441263,權
2022-08-17,4916,26.25,25.75,0.5,息
2022-08-18,00775B,36.09,35.77,0.32,息
2022-08-18,1339,45.85,43.85,2.0,息
2022-08-18,2024,22.2,21.0,1.2,息
2022-08-18,2399,16.3,15.1,1.2,息
2022-08-18,2426,19.95,18.95,1.0,息
2022-08-18,3008,2075.0,2035.5,39.5,息
2022-08-18,6591,47.85,47.15,0.695057,權
2022-08-19,1324,11.4,11.2,0.2,息
2022-08-19,3023,285.5,278.54,6.958319,息
2022-08-19,9921,265.0,255.0,10.0,息
2022-08-22,2527,26.9,23.9,3.0,息
2022-08-22,6183,63.7,61.65,2.05,息
2022-08-22,6226,13.3,13.18,0.12,息
2022-08-22,8466,42.6,41.9,0.7,息
2022-08-23,1737,34.3,32.8,1.5,息
2022-08-23,2901,23.55,23.48,0.065343,息
2022-08-23,2904,21.3,20.81,0.486161,權
2022-08-23,3535,26.8,26.3,0.5,息
2022-08-23,6770,35.05,34.32,0.729037,息
2022-08-24,1466,13.0,12.0,1.0,息
2022-08-24,1527,43.85,41.45,2.4,息
2022-08-24,1709,26.1,24.4,1.7,息
2022-08-24,1726,73.8,70.3,3.5,息
2022-08-24,2363,23.7,20.81,2.881818,權息
2022-08-24,2428,143.0,136.7,6.3,息
2022-08-24,2702,33.0,23.7,9.296297,權息
2022-08-24,2887,17.35,15.95,1.394784,權息
2022-08-24,3591,18.0,16.85,1.148598,權息
2022-08-24,4956,17.15,16.75,0.4,息
2022-08-24,6409,1800.0,1776.44,23.553022,息
2022-08-24,9105,3.8,3.78,0.01629,息
2022-08-25,1215,83.9,76.27,7.627273,權
2022-08-25,1321,37.5,36.8,0.7,息
2022-08-25,1528,10.9,10.8,0.1,息
2022-08-25,1541,41.4,38.9,2.5,息
2022-08-25,2201,40.7,39.2,1.5,息
2022-08-25,2227,213.5,204.44,9.06,息
2022-08-25,2383,173.0,163.0,10.0,息
2022-08-25,2439,83.4,79.42,3.970826,息
2022-08-25,2441,65.3,60.3,5.0,息
2022-08-25,2460,17.45,17.15,0.3,息
2022-08-25,2748,44.9,44.4,0.5,息
2022-08-25,3017,117.0,112.7,4.3,息
2022-08-25,3021,22.4,21.45,0.94369,權息
2022-08-25,3704,28.45,27.94,0.508739,息
2022-08-25,4438,129.5,125.3,4.2,息
2022-08-25,4942,40.5,37.5,3.0,息
2022-08-25,5269,960.0,933.99,26.001016,息
2022-08-25,6108,17.65,16.6,1.05,息
2022-08-25,6230,108.5,107.89,0.61,息
2022-08-25,6582,90.9,75.9,15.0,息
2022-08-26,1108,11.8,11.2,0.6,息
2022-08-26,1225,55.0,53.4,1.6,息
2022-08-26,1722,65.9,63.1,2.8,息
2022-08-26,1776,20.15,18.65,1.5,息
2022-08-26,2038,24.35,22.85,1.5,息
2022-08-26,5243,69.0,67.6,1.4,息
2022-08-26,5534,77.9,73.49,4.409577,息
2022-08-26,6168,21.2,19.7,1.5,息
2022-08-26,6806,85.5,76.81,8.681819,權息
2022-08-29,1453,24.1,23.39,0.701942,權
2022-08-29,1514,36.2,33.76,2.438095,權息
2022-08-29,1531,15.1,14.4,0.7,息
2022-08-29,1539,48.95,48.15,0.8,息
2022-08-29,1597,80.0,72.72,7.272728,權
2022-08-29,1603,26.7,26.2,0.5,息
2022-08-29,1609,23.35,21.69,1.651887,權息
2022-08-29,2211,64.2,61.2,3.0,息
2022-08-29,2420,43.95,40.95,3.0,息
2022-08-29,2442,13.1,12.26,0.831212,權息
2022-08-29,6216,32.5,30.83,1.666821,息
2022-08-30,1210,50.7,48.28,2.414286,權
2022-08-30,1229,58.8,56.0,2.8,權
2022-08-30,1235,71.2,54.84,16.35625,權息
2022-08-30,1409,19.3,17.9,1.4,息
2022-08-30,2023,15.95,15.19,0.759524,權
2022-08-30,2059,463.0,452.12,10.88,息
2022-08-30,2328,35.15,34.15,1.0,息
2022-08-30,2484,41.3,39.8,1.5,息
2022-08-30,2506,10.0,9.9,0.1,息
2022-08-30,2630,17.85,16.6,1.244155,權
2022-08-30,4104,68.5,65.23,3.261905,權
2022-08-30,6719,300.0,292.5,7.494971,息
2022-08-30,8488,16.6,16.3,0.3,息
2022-08-31,2415,33.8,29.28,4.511112,權息
2022-08-31,2539,35.1,30.63,4.461592,權息
2022-08-31,4555,57.1,55.32,1.776545,息
2022-09-01,01003T,19.89,19.68,0.203386,息
2022-09-01,1203,33.25,32.15,1.1,息
2022-09-01,2436,56.5,53.5,3.0,息
2022-09-01,2465,38.35,33.95,4.395455,權息
2022-09-01,2489,12.8,11.47,1.32381,權息
2022-09-01,3653,400.0,363.64,36.351405,權
2022-09-01,5288,168.0,163.5,4.5,息
2022-09-02,5283,112.0,108.0,4.0,息
2022-09-05,01010T,10.3,10.11,0.186944,息
2022-09-05,1315,70.7,68.2,2.5,息
2022-09-05,1533,62.0,61.7,0.3,息
2022-09-05,2106,34.25,33.25,1.0,息
2022-09-05,2474,181.0,170.78,10.213949,息
2022-09-05,4540,46.55,45.25,1.3,息
2022-09-05,4807,23.6,21.94,1.65971,息
2022-09-06,1732,37.7,37.35,0.35,息
2022-09-06,2364,121.5,120.5,1.0,息
2022-09-06,2468,19.7,19.3,0.4,息
2022-09-06,2706,14.2,14.06,0.14,息
2022-09-06,2845,12.3,11.43,0.868393,權息
2022-09-06,3025,21.25,20.85,0.4,息
2022-09-06,3622,29.6,28.4,1.2,息
2022-09-06,6139,32.2,30.7,1.5,息
2022-09-06,6552,41.3,39.3,2.0,息
2022-09-06,9927,41.8,37.3,4.5,息
2022-09-07,1529,18.65,17.24,1.40701,權息
2022-09-07,1590,787.0,773.69,13.305,息
2022-09-07,1736,59.3,58.8,0.5,息
2022-09-07,9906,49.1,48.44,0.658309,息
2022-09-08,2012,24.35,23.19,1.159524,權
2022-09-08,2461,18.0,17.7,0.3,息
2022-09-08,2905,17.2,16.03,1.160396,權息
2022-09-08,2915,55.2,53.45,1.742251,權
2022-09-08,3346,39.25,38.63,0.62,息
2022-09-08,6235,41.85,40.59,1.25102,權
2022-09-12,2379,331.5,304.5,27.0,息
2022-09-12,2923,22.5,21.3,1.2,息
2022-09-13,6504,83.0,81.8,1.2,息
2022-09-14,1310,14.5,14.35,0.15,息
2022-09-14,1615,31.2,28.88,2.311111,權
2022-09-14,2701,12.3,12.13,0.165,息
2022-09-14,3437,19.25,18.8,0.45,息
2022-09-15,01009T,9.05,8.89,0.154461,息
2022-09-15,2109,15.25,14.75,0.5,息
2022-09-15,2330,480.0,477.25,2.75,息
2022-09-15,910861,6.91,6.86,0.044298,息
2022-09-15,9802,201.5,198.55,2.940763,息
2022-09-16,2236,21.8,21.62,0.18,息
2022-09-16,3661,944.0,932.64,11.353974,息
2022-09-19,00713,39.98,38.53,1.45,息
2022-09-19,00896,13.48,13.24,0.24,息
2022-09-19,2540,150.0,88.78,61.212122,權息
2022-09-19,5306,169.5,167.25,2.25,息
2022-09-20,00710B,18.2,17.94,0.26,息
2022-09-20,00711B,16.4,16.22,0.18,息
2022-09-20,00712,11.85,11.62,0.225,息
2022-09-20,1517,25.15,24.35,0.8,息
2022-09-20,9958,80.8,77.81,2.989051,息
2022-09-21,2358,14.45,14.36,0.083446,權
2022-09-21,2488,30.6,29.4,1.2,息
2022-09-21,3059,36.65,35.96,0.687886,息
2022-09-21,9946,13.65,12.97,0.68,息
2022-09-22,2515,9.0,8.46,0.534,息
2022-09-22,2881,56.5,53.8,2.690476,權
2022-09-26,01004T,16.0,15.81,0.189242,息
2022-09-26,1808,72.0,60.86,11.130435,權息
2022-09-26,2542,47.8,39.8,7.993623,權息
2022-09-27,1516,24.0,22.44,1.552144,息
2022-09-29,3052,10.05,9.79,0.25223,息
2022-09-29,4763,124.5,119.63,4.869526,息
2022-10-04,3356,30.9,29.7,1.2,息
2022-10-11,2231,164.0,149.09,14.90909,權
2022-10-13,8411,13.9,13.62,0.275644,權
2022-10-17,4912,70.5,70.0,0.5,息
2022-10-18,5522,55.2,53.2,2.0,息
2022-10-19,0056,25.84,23.74,2.1,息
2022-10-19,006204,68.15,65.47,2.677,息
2022-10-19,00714,18.37,18.18,0.187,息
2022-10-19,00717,15.0,14.83,0.167,息
2022-10-19,00730,16.2,15.12,1.077,息
2022-10-19,00733,31.11,30.12,0.984,息
2022-10-19,00739,23.23,23.04,0.19,息
2022-10-19,00907,13.45,13.3,0.141,息
2022-10-19,00908,13.04,12.81,0.225,息
2022-10-19,00912,12.43,12.23,0.2,息
2022-10-20,2867,5.75,5.61,0.134163,權
2022-10-21,00774B,42.0,41.2,0.8,息
2022-10-21,00774C,9.33,9.15,0.1776,息
2022-10-21,00904,9.34,9.13,0.21,息
2022-10-21,5258,57.4,56.86,0.539253,息
2022-10-25,1558,109.0,107.28,1.713368,權
2022-10-27,9945,58.0,38.66,19.333334,權
2022-10-31,5876,45.55,44.78,0.761285,權
2022-11-01,2812,12.55,12.51,0.039877,權
2022-11-01,5608,22.95,22.63,0.319552,權
2022-11-02,9921,208.0,206.0,1.99457,權
2022-11-04,910322,25.05,23.98,1.0608,息
2022-11-07,2851,18.25,17.6,0.642813,權
2022-11-08,8499,109.0,101.0,7.999747,息
2022-11-10,2889,11.45,11.32,0.126183,權
2022-11-11,1783,41.5,37.72,3.772727,權
2022-11-15,4552,30.3,29.3,1.0,息
2022-11-16,0051,54.35,51.95,2.4,息
2022-11-16,0053,56.6,54.89,1.71,息
2022-11-16,0055,22.38,21.51,0.87,息
2022-11-16,006208,65.8,64.77,1.03,息
2022-11-16,00692,28.33,27.78,0.55,息
2022-11-16,00771,16.59,16.4,0.19,息
2022-11-16,00850,30.53,29.05,1.48,息
2022-11-16,00878,16.77,16.49,0.28,息
2022-11-16,00891,11.86,11.76,0.1,息
2022-11-16,00892,10.89,10.54,0.35,息
2022-11-16,00894,12.03,11.93,0.1,息
2022-11-16,00900,10.75,10.6,0.15,息
2022-11-16,00901,12.61,12.06,0.543,息
2022-11-17,00731,55.9,53.1,2.8,息
2022-11-17,2062,21.95,21.45,0.5,息
2022-11-17,2506,9.42,9.32,0.1,息
2022-11-17,6277,78.3,75.9,2.4,息
2022-11-18,00775B,33.3,33.0,0.3,息
2022-11-21,1526,46.5,44.7,1.8,息
2022-11-22,2358,15.75,15.47,0.273648,息
2022-11-22,3563,133.5,131.5,2.0,息
2022-11-23,01007T,18.56,18.32,0.237067,息
2022-11-28,00690,28.91,26.51,2.4,息
2022-11-28,3557,52.8,49.8,3.0,息
2022-12-02,1341,71.6,68.46,3.131017,息
2022-12-05,1909,16.3,16.23,0.067892,權
2022-12-05,2882,44.0,43.16,0.833205,權
2022-12-05,2882A,57.3,56.63,0.666009,權
2022-12-05,2882B,56.1,55.43,0.666009,權
2022-12-06,8442,79.3,78.3,1.0,息
2022-12-07,2012,23.55,23.05,0.5,息
2022-12-07,2466,37.0,35.57,1.423077,權
2022-12-08,2380,13.15,12.85,0.295468,權
2022-12-12,4977,109.5,107.4,2.09684,權
2022-12-15,2330,480.5,477.75,2.75,息
2022-12-15,2753,211.5,209.01,2.489408,息
2022-12-15,8070,31.95,31.22,0.73,息
2022-12-16,00713,39.04,37.59,1.45,息
2022-12-16,00896,13.47,13.32,0.15,息
2022-12-16,00907,14.6,14.45,0.141,息
2022-12-19,4763,176.5,172.54,3.955087,息
2022-12-19,5306,144.0,141.75,2.25,息
2022-12-21,00710B,18.15,17.89,0.26,息
2022-12-21,00711B,16.45,16.26,0.19,息
2022-12-21,00712,10.21,9.98,0.23,息
2022-12-22,8467,63.6,60.6,3.0,息
2022-12-26,2028,29.2,28.34,0.853311,息
2022-12-28,4912,81.0,80.5,0.5,息
2023-01-04,2636,76.3,71.12,5.177933,息
2023-01-17,00882,12.85,12.55,0.3,息
2023-01-17,00912,14.36,14.16,0.2,息
2023-01-30,0050,118.1,115.5,2.6,息
2023-01-30,006203,57.0,55.77,1.23,息
2023-01-30,00701,22.65,21.99,0.66,息
2023-01-30,00702,22.19,21.9,0.29,息
2023-01-30,00714,19.43,19.31,0.117,息
2023-01-30,00735,25.83,25.51,0.32,息
2023-01-30,00736,20.37,20.18,0.19,息
2023-01-30,00770,30.01,27.21,2.8,息
2023-01-30,00830,24.6,24.48,0.12,息
2023-01-30,00881,14.41,14.06,0.35,息
2023-01-30,2243,15.4,14.97,0.424427,權
2023-01-30,2731,104.5,102.35,2.145772,權
2023-01-31,00717,15.38,15.22,0.154,息
2023-01-31,00908,14.09,13.95,0.138,息
2023-02-01,00728,23.79,22.86,0.93,息
2023-02-01,00904,11.85,11.75,0.095,息
2023-02-01,00905,9.2,8.93,0.27,息
2023-02-02,2342,41.7,40.7,1.0,息
2023-02-07,2890,17.35,17.2,0.145137,權
2023-02-13,4564,24.55,24.1,0.448744,權
2023-02-16,00771,17.27,17.09,0.18,息
2023-02-16,00878,17.16,16.89,0.27,息
2023-02-16,00891,12.71,12.6,0.11,息
2023-02-16,00894,12.99,12.89,0.1,息
2023-02-16,00900,11.21,11.09,0.12,息
2023-02-16,00907,14.88,14.73,0.141,息
2023-02-16,2540,77.8,77.32,0.47987,權
2023-02-17,3017,117.5,115.73,1.760976,權
2023-02-20,00775B,33.19,32.8,0.39,息
2023-02-21,00913,16.4,16.3,0.1,息
2023-02-24,3092,39.0,37.75,1.240058,權
2023-02-24,9934,13.3,13.11,0.189759,權
2023-03-01,2867,5.39,5.35,0.036961,權
2023-03-06,8033,56.7,55.24,1.45131,權
2023-03-09,01003T,20.22,20.01,0.208768,息
2023-03-10,3533,817.0,812.06,4.935784,權
2023-03-13,2613,24.9,23.85,1.05,息
2023-03-13,6770,34.45,34.15,0.3,息
2023-03-14,01010T,10.24,10.02,0.214145,息
2023-03-15,5306,149.0,146.75,2.25,息
2023-03-16,00896,14.32,14.17,0.15,息
2023-03-16,00915,16.39,16.17,0.22,息
2023-03-16,01009T,8.64,8.48,0.153971,息
2023-03-16,1342,153.5,148.13,5.368536,息
2023-03-16,1712,40.45,37.65,2.8,息
2023-03-16,2301,74.1,71.1,3.0,息
2023-03-16,2330,511.0,508.25,2.74982,息
2023-03-16,3008,2315.0,2269.0,46.0,息
2023-03-16,5283,112.0,108.0,4.0,息
2023-03-16,9802,130.0,128.8,1.198001,息
2023-03-17,00713,39.3,38.62,0.68,息
2023-03-17,3029,54.5,50.9,3.598354,息
2023-03-17,9105,4.01,3.69,0.316428,權息
2023-03-21,00710B,17.73,17.47,0.26,息
2023-03-21,00711B,16.07,15.88,0.19,息
2023-03-21,00712,9.92,9.68,0.24,息
2023-03-23,1313,14.55,14.35,0.2,息
2023-03-23,2630,19.5,19.14,0.36,息
2023-03-23,3004,86.7,85.68,1.019767,息
2023-03-24,2430,49.15,45.15,4.0,息
2023-03-24,4583,219.5,209.5,10.0,息
2023-03-24,4770,306.0,294.0,12.0,息
2023-03-24,5225,42.8,39.75,3.045204,息
2023-03-24,6235,68.7,68.0,0.698588,息
2023-03-24,6415,512.0,507.5,4.49431,息
2023-03-27,01004T,14.65,14.44,0.202228,息
2023-03-27,6541,94.1,91.81,2.286307,權
2023-03-28,5007,53.9,50.9,3.0,息
2023-03-29,1717,32.45,31.25,1.2,息
2023-03-29,3005,55.6,51.81,3.783626,息
2023-03-29,3706,28.5,27.2,1.3,息
2023-03-29,6412,83.0,77.1,5.9,息
2023-03-30,1477,235.5,221.0,14.5,息
2023-03-30,2006,60.6,57.1,3.5,息
2023-03-30,2015,72.5,68.5,4.0,息
2023-03-30,2108,41.8,39.8,2.0,息
2023-03-30,2331,23.3,22.5,0.8,息
2023-03-30,2458,102.5,99.43,3.069257,息
2023-03-30,2483,26.25,25.25,1.0,息
2023-03-30,2530,18.35,17.93,0.410761,息
2023-03-30,4930,29.1,27.1,2.0,息
2023-03-30,5222,187.5,184.5,3.0,息
2023-03-30,6281,87.8,82.8,5.0,息
2023-03-30,6581,100.5,94.0,6.5,息
2023-04-07,1217,11.8,11.4,0.4,息
2023-04-07,2884,25.45,25.16,0.289219,權
2023-04-07,3003,71.3,69.3,2.0,息
2023-04-13,1524,26.55,25.55,1.0,息
2023-04-13,2313,46.35,43.65,2.7,息
2023-04-13,2368,102.5,99.0,3.5,息
2023-04-13,2528,24.9,24.4,0.5,息
2023-04-13,4532,18.9,18.0,0.9,息
2023-04-13,5388,94.3,89.8,4.5,息
2023-04-13,8996,244.5,243.0,1.5,息
2023-04-14,1315,73.9,70.4,3.5,息
2023-04-14,2109,14.6,14.2,0.4,息
2023-04-14,2382,89.3,83.3,6.0,息
2023-04-14,2496,54.0,50.7,3.3,息
2023-04-14,6756,235.0,227.51,7.488695,息
2023-04-19,8926,50.4,47.48,2.915615,權
2023-04-20,2324,25.65,24.45,1.2,息
2023-04-20,2535,33.75,31.25,2.5,息
2023-04-20,3665,273.0,271.66,1.330757,權
2023-04-20,6224,67.5,66.0,1.5,息
2023-04-21,0052,106.15,102.15,4.0,息
2023-04-21,00714,18.41,18.27,0.133,息
2023-04-21,00717,14.74,14.59,0.144,息
2023-04-21,00733,37.24,37.12,0.114,息
2023-04-21,00907,14.6,14.45,0.141,息
2023-04-21,00908,12.19,12.07,0.113,息
2023-04-21,00909,16.98,16.75,0.225,息
2023-04-21,00912,14.81,14.52,0.29,息
2023-04-25,00904,12.0,11.89,0.105,息
2023-04-26,3257,54.1,53.1,1.0,息
2023-04-27,01001T,15.4,15.0,0.399976,息
2023-04-27,1604,27.9,26.4,1.5,息
2023-04-27,2477,21.35,20.55,0.8,息
2023-04-27,3138,154.5,151.0,3.5,息
2023-04-27,4190,95.5,94.5,0.991333,息
2023-04-27,4566,64.2,62.1,2.09962,息
2023-04-27,4912,70.9,70.4,0.5,息
2023-04-27,6192,75.1,71.1,4.0,息
2023-04-27,6674,28.35,27.85,0.5,息
2023-05-17,00771,15.7,15.52,0.18,息
2023-05-17,00878,17.97,17.7,0.27,息
2023-05-17,00891,12.53,12.4,0.13,息
2023-05-17,00894,13.31,13.21,0.1,息
2023-05-17,00900,11.27,11.25,0.017,息
2023-05-17,01002T,17.96,17.56,0.398017,息
2023-05-17,01007T,17.41,17.17,0.235521,息
2023-05-17,911608,3.21,3.15,0.057402,息
2023-05-19,00775B,33.41,33.09,0.32,息
2023-05-22,00690,28.38,26.88,1.5,息
2023-05-22,9136,6.41,6.21,0.19375,息
2023-05-25,2548,97.5,90.0,7.5,息
2023-05-26,1598,40.6,38.92,1.678187,權息
2023-05-29,2636,76.4,71.4,5.0,息
2023-05-30,1568,25.6,24.5,1.1,息
2023-05-30,2637,60.3,53.8,6.5,息
2023-05-30,6456,75.4,71.9,3.5,息
2023-05-31,6438,117.0,111.0,6.0,息
2023-05-31,8249,31.85,29.97,1.877926,息
2023-06-01,1702,50.7,48.7,2.0,息
2023-06-01,2105,39.0,37.6,1.4,息
2023-06-01,6269,98.7,93.69,5.000238,息
2023-06-02,1587,22.9,21.9,1.0,息
2023-06-02,3443,1535.0,1521.0,14.0,息
2023-06-05,4958,114.5,108.5,6.0,息
2023-06-05,8454,710.0,695.0,15.0,息
2023-06-06,1605,46.95,45.15,1.8,息
2023-06-06,2201,90.6,89.12,1.478505,權
2023-06-06,9940,30.0,28.8,1.2,息
2023-06-07,2347,63.4,59.9,3.5,息
2023-06-07,2467,52.6,49.0,3.6,息
2023-06-07,2642,45.85,44.35,1.5,息
2023-06-07,2809,36.25,35.15,1.1,息
2023-06-07,3563,215.5,207.5,8.0,息
2023-06-07,4440,34.4,31.4,3.0,息
2023-06-07,910322,25.25,24.23,1.011955,息
2023-06-08,5434,201.0,189.47,11.520937,權息
2023-06-08,6491,382.0,372.0,10.0,息
2023-06-08,8028,61.7,59.9,1.8,息
2023-06-09,6861,109.5,108.2,1.3,息
2023-06-12,2850,53.4,50.86,2.54,息
2023-06-12,3543,22.0,21.0,1.0,息
2023-06-12,4571,79.7,76.1,3.6,息
2023-06-12,4722,36.95,35.05,1.9,息
2023-06-12,5244,32.3,30.8,1.5,息
2023-06-13,2020,24.6,23.6,1.0,息
2023-06-13,6505,88.2,87.1,1.1,息
2023-06-13,9924,45.2,42.3,2.9,息
2023-06-14,1326,68.6,67.65,0.95,息
2023-06-14,1414,17.8,17.48,0.32,息
2023-06-14,2486,43.5,43.1,0.4,息
2023-06-14,4906,31.5,30.0,1.5,息
2023-06-14,6669,1170.0,1120.0,50.0,息
2023-06-14,8341,156.5,144.87,11.626924,權息
2023-06-15,1476,487.5,470.5,17.0,息
2023-06-15,1504,53.4,51.9,1.5,息
2023-06-15,1711,20.8,20.45,0.35,息
2023-06-15,1733,29.0,27.6,1.4,息
2023-06-15,2330,590.0,587.25,2.74982,息
2023-06-15,2480,124.5,118.24,6.26,息
2023-06-15,2630,63.2,58.04,5.153157,權
2023-06-15,2908,21.3,20.02,1.279999,息
2023-06-15,3030,64.0,59.5,4.5,息
2023-06-15,3035,186.0,181.0,5.0,息
2023-06-15,4133,35.5,34.7,0.8,息
2023-06-15,5522,62.9,59.9,3.0,息
2023-06-15,6243,52.9,51.7,1.2,息
2023-06-15,6585,64.7,61.7,3.0,息
2023-06-15,8046,293.5,275.5,18.0,息
2023-06-15,8070,36.85,35.05,1.8,息
2023-06-16,00713,46.82,46.14,0.68,息
2023-06-16,00896,16.42,16.27,0.15,息
2023-06-16,00907,15.02,14.94,0.074,息
2023-06-16,00915,18.9,18.58,0.32,息
2023-06-16,00916,17.79,17.62,0.17,息
2023-06-16,00918,19.73,19.53,0.2,息
2023-06-16,00919,20.32,19.78,0.54,息
2023-06-16,1416,12.05,11.55,0.5,息
2023-06-16,2247,352.5,337.5,15.0,息
2023-06-16,2385,105.0,97.5,7.5,息
2023-06-16,2388,81.9,81.75,0.15,息
2023-06-16,2723,154.0,151.5,2.5,息
2023-06-16,3679,94.7,84.7,10.0,息
2023-06-16,4994,45.7,45.2,0.5,息
2023-06-19,1323,32.5,31.4,1.1,息
2023-06-19,1457,18.8,17.8,1.0,息
2023-06-19,1526,41.4,39.8,1.6,息
2023-06-19,1611,19.3,19.0,0.3,息
2023-06-19,3094,34.1,33.1,1.0,息
2023-06-19,3583,161.5,157.9,3.6,息
2023-06-19,6834,27.0,25.9,1.1,息
2023-06-20,00710B,18.06,17.8,0.26,息
2023-06-20,00711B,16.16,15.97,0.19,息
2023-06-20,00712,9.94,9.67,0.27,息
2023-06-20,1707,177.0,170.1,6.9,息
2023-06-20,1752,64.1,61.8,2.3,息
2023-06-20,1776,18.25,17.65,0.6,息
2023-06-20,2337,34.9,33.1,1.8,息
2023-06-20,2362,34.6,33.1,1.5,息
2023-06-20,2423,38.9,36.9,2.0,息
2023-06-20,2436,55.0,53.8,1.2,息
2023-06-20,2450,36.9,34.7,2.2,息
2023-06-20,2454,785.0,708.99,76.006606,息
2023-06-20,2461,24.15,22.67,1.478549,息
2023-06-20,2504,28.8,26.8,2.0,息
2023-06-20,2707,306.0,296.99,9.0073,息
2023-06-20,2855,17.75,17.36,0.39,息
2023-06-20,3014,121.0,115.0,6.0,息
2023-06-20,3515,224.0,215.99,8.00055,息
2023-06-20,3705,45.9,43.6,2.3,息
2023-06-20,6024,44.9,41.88,3.02,息
2023-06-20,6184,53.1,50.1,3.0,息
2023-06-20,6525,79.4,73.9,5.5,息
2023-06-20,6531,332.5,325.5,6.996605,息
2023-06-20,9917,118.5,113.5,5.0,息
2023-06-20,9931,41.65,41.35,0.3,息
2023-06-20,9944,23.05,22.0,1.05,息
2023-06-21,00921,17.89,17.52,0.37,息
2023-06-21,4766,176.5,166.5,10.0,息
2023-06-21,6214,116.0,111.0,5.0,息
2023-06-21,6288,34.35,34.16,0.18084,息
2023-06-21,6672,86.7,83.1,3.6,息
2023-06-21,6830,184.0,178.5,5.5,息
2023-06-21,8210,151.5,147.49,4.000829,息
2023-06-21,9911,67.0,63.3,3.7,息
2023-06-26,1319,56.3,53.8,2.5,息
2023-06-26,2455,126.0,123.7,2.3,息
2023-06-26,2545,45.55,40.95,4.6,息
2023-06-26,3015,52.5,48.7,3.8,息
2023-06-26,3450,37.5,37.0,0.5,息
2023-06-26,3557,71.3,66.3,5.0,息
2023-06-26,6282,48.8,45.93,2.869515,權息
2023-06-26,6438,112.5,111.5,0.997255,權
2023-06-26,8438,26.85,25.85,1.0,息
2023-06-27,1232,152.0,146.0,6.0,息
2023-06-27,1301,92.0,87.8,4.2,息
2023-06-27,1437,28.95,28.15,0.8,息
2023-06-27,1731,24.45,23.35,1.1,息
2023-06-27,1904,34.75,33.65,1.1,息
2023-06-27,2012,28.25,27.25,1.0,息
2023-06-27,2303,53.3,49.69,3.600463,息
2023-06-27,3338,48.3,46.3,2.0,息
2023-06-27,3669,41.25,39.82,1.43,息
2023-06-27,4557,117.0,110.0,7.0,息
2023-06-27,4961,150.0,141.5,8.5,息
2023-06-27,6164,13.4,12.85,0.55,息
2023-06-27,6176,123.0,113.0,10.0,息
2023-06-27,6533,488.0,486.5,1.5,息
2023-06-27,8213,41.5,39.0,2.5,息
2023-06-28,1817,39.4,37.1,2.3,息
2023-06-28,2115,34.45,33.15,1.3,息
2023-06-28,2312,14.7,14.4,0.29981,息
2023-06-28,2408,70.8,68.66,2.130363,息
2023-06-28,2882,44.15,43.25,0.9,息
2023-06-28,2882A,59.4,57.12,2.28,息
2023-06-28,2882B,59.9,57.77,2.13,息
2023-06-28,3164,25.8,25.1,0.7,息
2023-06-28,3708,93.6,88.6,4.999945,息
2023-06-28,5538,40.0,38.0,2.0,息
2023-06-28,6426,59.8,57.8,2.0,息
2023-06-28,6768,71.9,66.9,5.0,息
2023-06-29,1303,76.1,73.1,3.0,息
2023-06-29,2013,57.8,56.1,1.7,息
2023-06-29,2103,26.7,25.62,1.08,息
2023-06-29,2104,21.6,21.5,0.1,息
2023-06-29,2329,22.8,21.95,0.85,息
2023-06-29,2353,33.55,32.05,1.5,息
2023-06-29,2412,121.5,116.79,4.702,息
2023-06-29,2474,190.0,180.0,10.0,息
2023-06-29,2506,9.38,9.18,0.2,息
2023-06-29,2605,20.55,20.05,0.5,息
2023-06-29,2722,103.5,97.07,6.424528,權息
2023-06-29,2748,93.2,91.93,1.26599,息
2023-06-29,2753,184.5,179.48,5.010591,息
2023-06-29,2885,24.1,23.3,0.8,息
2023-06-29,3010,87.5,81.4,6.1,息
2023-06-29,3040,33.1,31.1,2.0,息
2023-06-29,3528,60.7,56.6,4.1,息
2023-06-29,3592,359.5,318.5,41.0,息
2023-06-29,5306,145.0,142.75,2.25,息
2023-06-29,5533,19.35,18.15,1.2,息
2023-06-29,6443,34.8,34.7,0.1,息
2023-06-29,6579,122.0,117.34,4.658089,息
2023-06-29,6606,29.15,27.15,2.0,息
2023-06-29,6789,258.5,256.5,1.998188,息
2023-06-29,8150,38.95,36.65,2.3,息
2023-06-29,8271,61.1,57.8,3.3,息
2023-06-30,1445,20.55,20.45,0.1,息
2023-06-30,2308,349.5,339.66,9.84,息
2023-06-30,2603,155.0,85.0,70.0,息
2023-06-30,3019,66.3,64.4,1.9,息
2023-06-30,3045,100.5,96.2,4.3,息
2023-06-30,3416,115.0,110.23,4.763854,息
2023-06-30,3518,34.85,34.35,0.5,息
2023-06-30,3703,30.85,28.35,2.5,息
2023-06-30,3711,122.5,113.7,8.793169,息
2023-06-30,4137,208.5,201.5,7.0,息
2023-06-30,4916,42.75,42.37,0.376284,息
2023-06-30,4952,57.3,52.3,5.0,息
2023-07-03,1307,26.0,25.2,0.8,息
2023-07-03,1451,21.95,19.95,2.0,息
2023-07-03,1536,71.9,70.3,1.6,息
2023-07-03,2415,24.3,23.65,0.65,息
2023-07-03,2464,38.05,36.25,1.8,息
2023-07-03,2615,59.0,54.0,5.0,息
2023-07-03,3413,202.0,188.21,13.787728,息
2023-07-03,3545,78.4,77.89,0.503156,息
2023-07-03,6591,54.0,50.06,3.938548,息
2023-07-03,6835,46.4,44.4,2.0,息
2023-07-03,910861,6.15,6.06,0.087435,息
2023-07-04,1218,28.1,27.53,0.569856,息
2023-07-04,1410,37.85,37.05,0.8,息
2023-07-04,1710,22.25,22.05,0.2,息
2023-07-04,1773,130.0,126.4,3.6,息
2023-07-04,1909,17.25,17.0,0.25,息
2023-07-04,2317,115.0,109.7,5.3,息
2023-07-04,2354,56.0,54.4,1.6,息
2023-07-04,2357,312.5,297.5,15.0,息
2023-07-04,2395,430.0,381.87,48.128002,權息
2023-07-04,2417,21.85,21.64,0.200215,息
2023-07-04,2538,12.9,12.4,0.5,息
2023-07-04,2609,69.3,49.3,20.0,息
2023-07-04,2838A,52.7,50.3,2.4,息
2023-07-04,3006,81.5,79.7,1.8,息
2023-07-04,3042,96.2,89.2,7.0,息
2023-07-04,4915,65.9,61.99,3.900556,息
2023-07-04,4938,76.0,71.99,4.003416,息
2023-07-04,5285,76.7,73.2,3.5,息
2023-07-04,6215,30.6,28.8,1.8,息
2023-07-04,6271,185.0,177.22,7.770079,息
2023-07-04,6719,298.0,288.03,9.961125,息
2023-07-04,8081,198.0,184.0,14.0,息
2023-07-04,8261,106.5,101.52,4.976673,息
2023-07-04,9939,106.0,101.2,4.8,息
2023-07-05,1795,297.0,293.54,3.459921,息
2023-07-05,2030,23.45,21.95,1.5,息
2023-07-05,2107,22.3,21.1,1.2,息
2023-07-05,2327,497.5,487.5,9.993836,息
2023-07-05,2421,108.0,105.4,2.6,息
2023-07-05,2425,42.2,41.4,0.8,息
2023-07-05,2820,15.55,15.05,0.5,息
2023-07-05,2832,23.0,22.0,1.0,息
2023-07-05,2887E,51.4,49.02,2.375,息
2023-07-05,2887F,48.5,46.6,1.9,息
2023-07-05,2887Z1,17.0,16.7,0.293425,息
2023-07-05,3021,22.65,21.95,0.7,息
2023-07-05,3231,105.0,102.4,2.59872,息
2023-07-05,4439,139.0,132.0,7.0,息
2023-07-05,4526,19.8,19.6,0.2,息
2023-07-05,4904,76.7,73.45,3.25,息
2023-07-05,5234,119.5,116.2,3.3,息
2023-07-05,8481,59.0,55.2,3.8,息
2023-07-06,1341,71.4,68.41,2.987504,息
2023-07-06,1442,33.15,31.55,1.6,息
2023-07-06,1455,10.55,10.45,0.1,息
2023-07-06,1708,39.6,36.6,3.0,息
2023-07-06,1789,29.4,29.04,0.36,息
2023-07-06,1906,16.65,16.15,0.5,息
2023-07-06,2031,46.5,45.5,1.0,息
2023-07-06,2049,230.0,224.5,5.5,息
2023-07-06,2397,81.0,77.0,4.0,息
2023-07-06,2419,37.0,35.5,1.5,息
2023-07-06,2433,52.9,49.3,3.6,息
2023-07-06,2451,78.7,73.1,5.6,息
2023-07-06,2478,50.2,48.2,2.0,息
2023-07-06,2606,49.75,46.75,3.0,息
2023-07-06,2845,11.8,11.39,0.4089,息
2023-07-06,2904,20.55,19.9,0.65,息
2023-07-06,3016,65.2,63.2,2.0,息
2023-07-06,3090,59.3,53.8,5.5,息
2023-07-06,3305,54.4,52.4,1.991081,息
2023-07-06,4755,148.0,142.1,5.9,息
2023-07-06,5876,46.05,44.25,1.8,息
2023-07-06,6128,35.6,33.4,2.2,息
2023-07-06,6641,54.3,50.8,3.5,息
2023-07-06,6776,63.2,59.7,3.5,息
2023-07-06,6799,147.0,143.99,3.003377,息
2023-07-06,8112,48.35,43.95,4.4,息
2023-07-06,8112A,42.0,40.3,1.692123,息
2023-07-06,8114,121.5,114.5,6.993517,息
2023-07-06,8422,208.5,198.51,9.985112,息
2023-07-06,8482,77.2,70.98,6.22,息
2023-07-06,9907,19.9,18.42,1.48,息
2023-07-06,9933,42.15,40.25,1.896,息
2023-07-07,2360,264.0,255.99,8.000613,息
2023-07-07,2363,18.55,17.55,1.0,息
2023-07-07,2373,80.5,75.8,4.7,息
2023-07-07,6115,47.0,43.8,3.2,息
2023-07-07,6136,20.1,18.95,1.15,息
2023-07-07,8039,44.1,41.6,2.5,息
2023-07-07,8462,159.0,157.44,1.552919,息
2023-07-10,1234,40.85,39.05,1.8,息
2023-07-10,1452,17.7,16.9,0.8,息
2023-07-10,1612,26.6,25.1,1.5,息
2023-07-10,2359,37.3,35.8,1.5,息
2023-07-10,2597,119.0,109.0,10.0,息
2023-07-10,2610,26.25,25.78,0.460219,息
2023-07-10,2645,114.0,110.0,4.0,息
2023-07-10,3038,39.4,37.8,1.6,息
2023-07-10,3591,26.2,25.9,0.291145,息
2023-07-10,4148,62.0,59.5,2.5,息
2023-07-10,4807,19.45,19.0,0.449999,息
2023-07-10,5215,46.3,44.3,2.0,息
2023-07-10,5284,136.0,133.2,2.8,息
2023-07-10,6196,141.0,135.36,5.638302,息
2023-07-10,6213,69.3,66.3,3.0,息
2023-07-10,6796,102.0,100.2,1.796593,息
2023-07-10,8463,25.7,25.47,0.23,息
2023-07-10,9935,19.8,19.15,0.65,息
2023-07-11,1101,36.85,36.35,0.499719,息
2023-07-11,1101B,49.15,47.4,1.75,息
2023-07-11,1210,52.5,51.0,1.5,息
2023-07-11,1219,21.55,20.43,1.113107,權息
2023-07-11,1220,14.85,14.65,0.2,息
2023-07-11,1618,23.4,22.8,0.6,息
2023-07-11,2069,19.7,18.7,1.0,息
2023-07-11,2302,20.65,19.85,0.8,息
2023-07-11,2387,44.95,41.45,3.5,息
2023-07-11,2401,28.55,27.95,0.6,息
2023-07-11,2493,64.5,60.5,4.0,息
2023-07-11,2633,31.2,30.53,0.67,息
2023-07-11,2634,58.3,57.22,1.08,息
2023-07-11,3028,34.45,31.53,2.914092,息
2023-07-11,3031,20.7,19.85,0.85,息
2023-07-11,3034,430.5,393.5,37.0,息
2023-07-11,3055,37.85,36.85,0.999248,息
2023-07-11,3532,160.5,153.2,7.3,息
2023-07-11,4104,102.0,98.35,3.65,息
2023-07-11,6515,842.0,820.0,22.0,息
2023-07-11,6792,89.3,84.3,5.0,息
2023-07-11,8163,46.0,43.0,3.0,息
2023-07-11,8367,46.2,43.7,2.499943,息
2023-07-12,1608,22.9,22.5,0.4,息
2023-07-12,2024,17.6,17.25,0.35,息
2023-07-12,2316,27.6,27.1,0.5,息
2023-07-12,2332,21.95,21.72,0.2246,息
2023-07-12,2356,47.25,45.75,1.5,息
2023-07-12,2459,59.3,55.5,3.8,息
2023-07-12,3050,15.9,15.4,0.5,息
2023-07-12,4164,67.7,65.73,1.968402,息
2023-07-12,6166,73.4,70.9,2.5,息
2023-07-12,6197,70.8,67.6,3.2,息
2023-07-12,6285,121.0,116.15,4.841425,息
2023-07-12,6443,34.45,33.95,0.498013,權
2023-07-12,6605,121.0,116.0,5.0,息
2023-07-12,6781,791.0,772.0,19.0,息
2023-07-12,8072,28.7,27.7,1.0,息
2023-07-12,8131,43.7,40.4,3.3,息
2023-07-12,9904,31.1,29.8,1.3,息
2023-07-13,1109,18.05,17.25,0.8,息
2023-07-13,1231,99.8,89.27,10.527272,權息
2023-07-13,1233,37.75,36.9,0.85,息
2023-07-13,1236,23.8,22.8,1.0,息
2023-07-13,1423,23.8,23.6,0.2,息
2023-07-13,1440,16.0,15.65,0.35,息
2023-07-13,1560,122.5,118.5,3.99875,息
2023-07-13,1614,38.35,37.35,0.992585,息
2023-07-13,1723,113.5,108.5,5.0,息
2023-07-13,1734,33.75,32.75,1.0,息
2023-07-13,1907,36.3,35.4,0.9,息
2023-07-13,2029,25.3,24.27,1.03,息
2023-07-13,2032,17.35,17.15,0.2,息
2023-07-13,2114,108.0,103.0,5.0,息
2023-07-13,2204,93.5,89.5,4.0,息
2023-07-13,2404,219.5,204.5,15.0,息
2023-07-13,2449,62.2,58.7,3.5,息
2023-07-13,2453,67.1,64.9,2.2,息
2023-07-13,2501,16.2,15.7,0.5,息
2023-07-13,2607,28.2,26.95,1.25,息
2023-07-13,2608,38.5,36.85,1.65,息
2023-07-13,2612,40.9,38.72,2.18,息
2023-07-13,3013,40.65,40.35,0.3,息
2023-07-13,3037,171.0,163.0,7.992986,息
2023-07-13,3044,123.0,115.55,7.45,息
2023-07-13,3130,215.0,201.58,13.415188,息
2023-07-13,3189,113.5,107.02,6.475636,息
2023-07-13,3588,50.0,47.65,2.348233,權息
2023-07-13,3596,132.0,125.5,6.5,息
2023-07-13,3652,33.4,32.72,0.670372,息
2023-07-13,3701,66.1,64.92,1.17838,權息
2023-07-13,3715,30.6,29.8,0.799818,息
2023-07-13,4536,184.5,173.5,11.0,息
2023-07-13,5519,25.05,22.95,2.1,息
2023-07-13,6005,14.5,14.11,0.39,息
2023-07-13,6278,99.5,92.5,7.0,息
2023-07-13,6592,156.5,139.09,17.409091,權息
2023-07-13,6592A,97.0,95.82,1.173698,息
2023-07-13,6754,55.3,51.6,3.7,息
2023-07-13,8016,246.5,224.5,22.0,息
2023-07-13,8374,31.1,30.6,0.5,息
2023-07-14,1446,37.6,37.4,0.2,息
2023-07-14,1513,134.0,130.68,3.313659,息
2023-07-14,2106,31.25,29.28,1.964577,權息
2023-07-14,2618,39.75,38.95,0.79907,息
2023-07-14,3032,69.4,67.38,2.017811,息
2023-07-14,4551,149.5,143.5,6.0,息
2023-07-14,4999,37.05,35.3,1.75,息
2023-07-14,5706,89.5,89.2,0.3,息
2023-07-14,6409,1875.0,1831.49,43.508924,息
2023-07-17,1338,43.0,41.0,2.0,息
2023-07-17,1402,32.3,30.95,1.35,息
2023-07-17,1439,22.7,22.4,0.3,息
2023-07-17,1503,162.5,160.5,2.0,息
2023-07-17,1532,36.25,35.05,1.19999,息
2023-07-17,2945,41.6,40.87,0.73,息
2023-07-17,3380,48.1,46.41,1.69,息
2023-07-17,4935,57.0,53.0,4.0,息
2023-07-17,4960,12.2,11.89,0.300266,息
2023-07-17,6205,67.1,64.1,2.999548,息
2023-07-17,6405,23.5,23.4,0.1,息
2023-07-17,6416,98.0,94.4,3.6,息
2023-07-17,6491,370.0,363.84,6.153846,權
2023-07-17,6689,133.0,130.2,2.8,息
2023-07-17,6691,400.0,291.98,108.010233,權息
2023-07-17,6790,40.6,38.3,2.3,息
2023-07-17,6873,115.0,111.0,4.0,息
2023-07-17,8478,589.0,579.0,10.0,息
2023-07-17,9918,42.7,41.7,1.0,息
2023-07-17,9926,55.3,53.3,2.0,息
2023-07-18,0050,132.0,130.1,1.9,息
2023-07-18,0056,35.94,34.94,1.0,息
2023-07-18,006203,64.55,63.65,0.9,息
2023-07-18,006208,76.45,75.09,1.352,息
2023-07-18,00692,33.33,32.59,0.732,息
2023-07-18,00702,21.1,20.8,0.3,息
2023-07-18,00714,19.34,19.22,0.12,息
2023-07-18,00717,14.68,14.52,0.156,息
2023-07-18,00735,31.31,30.11,1.2,息
2023-07-18,00736,20.66,20.53,0.13,息
2023-07-18,00882,11.58,11.18,0.4,息
2023-07-18,00892,12.93,12.64,0.281,息
2023-07-18,00905,10.24,10.06,0.18,息
2023-07-18,00908,12.58,12.4,0.175,息
2023-07-18,00912,15.69,15.51,0.18,息
2023-07-18,00927,15.52,15.3,0.22,息
2023-07-18,1201,19.8,19.56,0.238,息
2023-07-18,1434,27.7,26.2,1.5,息
2023-07-18,1582,59.6,56.6,2.99996,息
2023-07-18,1760,132.0,130.0,2.0,息
2023-07-18,2010,18.15,17.55,0.6,息
2023-07-18,2211,64.0,59.0,5.0,息
2023-07-18,2340,57.3,56.3,1.0,息
2023-07-18,2348,71.1,66.1,5.0,息
2023-07-18,2348A,35.7,34.1,1.6,息
2023-07-18,2427,30.6,30.25,0.35,息
2023-07-18,2482,69.6,68.1,1.497716,息
2023-07-18,2712,38.7,38.61,0.088851,息
2023-07-18,2812,15.75,14.82,0.922745,權息
2023-07-18,2849,15.45,15.05,0.4,息
2023-07-18,2903,23.8,22.7,1.1,息
2023-07-18,2906,18.7,18.1,0.6,息
2023-07-18,3048,27.6,25.6,2.0,息
2023-07-18,3311,34.8,34.2,0.6,息
2023-07-18,4306,15.65,14.67,0.97891,息
2023-07-18,5515,14.45,13.45,1.0,息
2023-07-18,5608,22.45,20.79,1.651567,權息
2023-07-18,6715,134.0,129.52,4.470748,息
2023-07-18,8215,43.3,41.3,2.0,息
2023-07-19,00929,16.57,16.46,0.11,息
2023-07-19,1256,318.0,311.5,6.5,息
2023-07-19,1525,102.0,99.9,2.1,息
2023-07-19,1535,62.0,59.0,3.0,息
2023-07-19,1615,39.9,38.4,1.5,息
2023-07-19,1735,17.0,16.5,0.5,息
2023-07-19,2009,31.2,30.8,0.4,息
2023-07-19,2374,20.85,20.4,0.45,息
2023-07-19,2704,52.4,51.9,0.5,息
2023-07-19,3022,88.3,84.8,3.5,息
2023-07-19,3024,16.15,15.93,0.22,息
2023-07-19,3046,74.7,72.73,1.964002,權息
2023-07-19,4576,70.9,69.9,1.0,息
2023-07-19,5469,50.2,47.8,2.4,息
2023-07-19,5471,51.0,48.5,2.5,息
2023-07-19,6112,67.9,65.9,2.0,息
2023-07-19,6191,50.8,48.17,2.620837,息
2023-07-19,6206,71.8,66.3,5.5,息
2023-07-19,6442,77.6,75.5,2.1,息
2023-07-19,6449,55.6,53.3,2.3,息
2023-07-19,8464,343.0,332.0,11.0,息
2023-07-19,8499,102.5,100.5,2.0,息
2023-07-19,9919,18.75,18.6,0.15,息
2023-07-19,9930,54.0,51.5,2.5,息
2023-07-19,9943,90.3,87.0,3.3,息
2023-07-20,00904,13.3,13.19,0.11,息
2023-07-20,1102,44.8,42.5,2.299587,息
2023-07-20,1227,40.8,39.51,1.29,息
2023-07-20,1473,24.6,23.6,1.0,息
2023-07-20,1522,34.35,32.55,1.8,息
2023-07-20,1522A,46.55,44.55,2.0,息
2023-07-20,1905,26.95,26.65,0.3,息
2023-07-20,2034,29.05,27.55,1.495908,息
2023-07-20,2338,79.3,76.8,2.5,息
2023-07-20,2352,59.7,57.7,2.0,息
2023-07-20,2471,56.0,53.16,2.834648,息
2023-07-20,2515,11.1,10.57,0.526,息
2023-07-20,2534,21.95,20.2,1.75,息
2023-07-20,2617,30.55,28.35,2.2,息
2023-07-20,2836A,21.95,21.17,0.775,息
2023-07-20,2881,64.8,63.3,1.5,息
2023-07-20,2881A,62.2,59.74,2.46,息
2023-07-20,2881B,59.8,57.64,2.16,息
2023-07-20,2881C,57.5,55.7,1.8,息
2023-07-20,3026,106.5,96.66,9.833334,權息
2023-07-20,3607,16.85,15.85,1.0,息
2023-07-20,4555,53.3,51.77,1.522945,息
2023-07-20,6120,19.2,19.04,0.15321,息
2023-07-20,6582,55.0,53.5,1.5,息
2023-07-20,6782,203.0,197.5,5.5,息
2023-07-20,8110,13.75,13.6,0.15,息
2023-07-21,1104,31.2,28.83,2.365049,權息
2023-07-21,1558,111.5,106.0,5.5,息
2023-07-21,1721,14.75,14.65,0.1,息
2023-07-21,4764,47.0,46.5,0.5,息
2023-07-21,6477,47.75,46.03,1.718577,權息
2023-07-21,6670,223.0,201.0,21.999074,息
2023-07-21,8926,53.7,49.82,3.878959,權息
2023-07-24,1463,14.75,14.35,0.4,息
2023-07-24,1762,78.6,77.3,1.3,息
2023-07-24,2852,16.6,15.88,0.72,息
2023-07-24,3051,24.8,23.6,1.2,息
2023-07-24,3550,16.05,15.55,0.5,息
2023-07-24,3576,18.6,18.5,0.099999,息
2023-07-24,4737,76.7,74.6,2.099834,息
2023-07-24,5607,73.7,65.9,7.79091,權息
2023-07-25,1436,68.6,63.46,5.139352,息
2023-07-25,1701,25.25,24.45,0.8,息
2023-07-25,2008,19.75,19.22,0.526198,息
2023-07-25,2062,23.2,22.2,1.0,息
2023-07-25,2206,77.1,75.3,1.8,息
2023-07-25,2239,67.7,67.23,0.462968,息
2023-07-25,2355,34.9,34.05,0.85,息
2023-07-25,2405,15.35,15.15,0.2,息
2023-07-25,2414,37.25,34.75,2.5,息
2023-07-25,3501,55.1,51.1,4.0,息
2023-07-25,3665,309.5,296.74,12.758678,權息
2023-07-25,3673,39.4,38.9,0.5,息
2023-07-25,3702,56.8,52.95,3.85,息
2023-07-25,3702A,48.6,46.6,2.0,息
2023-07-25,3712,35.9,33.9,2.0,息
2023-07-25,4581,71.5,69.0,2.5,息
2023-07-25,9941,212.5,188.09,24.40909,權息
2023-07-25,9941A,50.0,48.0,2.0,息
2023-07-26,1110,19.7,19.6,0.1,息
2023-07-26,1229,69.3,63.55,5.748598,權息
2023-07-26,1444,10.95,10.52,0.421154,權
2023-07-26,1465,14.5,13.65,0.85,息
2023-07-26,1540,17.9,17.3,0.6,息
2023-07-26,1786,95.3,93.31,1.98011,息
2023-07-26,2002,29.35,28.35,1.0,息
2023-07-26,2002A,45.5,44.1,1.4,息
2023-07-26,2014,24.7,24.35,0.35,息
2023-07-26,2023,15.1,14.79,0.301529,息
2023-07-26,2228,104.0,100.0,4.0,息
2023-07-26,2392,43.3,41.1,2.2,息
2023-07-26,2838,16.3,15.42,0.871429,權息
2023-07-26,2887,19.3,18.03,1.267371,權息
2023-07-26,3266,13.95,13.45,0.5,息
2023-07-26,3535,19.7,18.7,1.0,息
2023-07-26,4545,31.6,30.1,1.5,息
2023-07-26,6464,93.8,88.8,5.0,息
2023-07-26,8404,21.95,20.71,1.235715,權息
2023-07-26,9925,41.9,39.9,2.0,息
2023-07-26,9937,68.0,65.9,2.1,息
2023-07-27,1103,21.35,20.63,0.712746,權息
2023-07-27,1304,22.9,22.2,0.7,息
2023-07-27,1305,22.25,21.95,0.3,息
2023-07-27,1308,26.6,25.4,1.2,息
2023-07-27,1309,19.75,19.25,0.5,息
2023-07-27,1312,18.35,17.85,0.5,息
2023-07-27,1312A,27.65,26.55,1.1,息
2023-07-27,1325,22.7,22.2,0.5,息
2023-07-27,1417,13.4,13.03,0.37,息
2023-07-27,1470,20.2,19.75,0.45,息
2023-07-27,1519,212.0,209.5,2.5,息
2023-07-27,1521,36.15,35.45,0.7,息
2023-07-27,1529,40.1,38.5,1.597585,權息
2023-07-27,1530,32.7,31.1,1.6,息
2023-07-27,1617,16.35,16.05,0.299989,息
2023-07-27,1736,79.6,79.0,0.6,息
2023-07-27,1810,21.0,20.8,0.2,息
2023-07-27,2365,11.8,11.6,0.2,息
2023-07-27,2511,11.95,11.45,0.5,息
2023-07-27,2520,29.95,28.19,1.753163,息
2023-07-27,2546,75.4,68.84,6.559421,權息
2023-07-27,2884,26.95,25.78,1.166007,權息
2023-07-27,2897,10.25,9.87,0.38,息
2023-07-27,2897A,10.55,10.12,0.425,息
2023-07-27,3376,90.7,84.7,6.0,息
2023-07-27,3406,395.0,383.0,12.0,息
2023-07-27,4119,115.0,102.0,13.0,權息
2023-07-27,4763,898.0,878.38,19.619062,權
2023-07-27,4942,41.0,38.5,2.5,息
2023-07-27,6257,57.0,52.8,4.2,息
2023-07-27,6277,87.9,84.6,3.3,息
2023-07-27,6451,108.0,106.83,1.169612,息
2023-07-27,6706,71.0,67.5,3.5,息
2023-07-27,6863,156.5,154.52,1.98,息
2023-07-27,6869,90.9,88.9,2.0,息
2023-07-27,9905,25.75,24.55,1.2,息
2023-07-27,9908,33.55,32.45,1.1,息
2023-07-28,2027,49.9,39.58,10.316667,權息
2023-07-28,2481,77.8,74.8,3.0,息
2023-07-28,2492,95.9,93.49,2.40495,息
2023-07-28,3454,194.5,189.0,5.5,息
2023-07-28,6671,42.45,40.45,2.0,息
2023-07-31,1609,38.05,37.21,0.838,權息
2023-07-31,2369,20.05,19.75,0.3,息
2023-07-31,2431,11.65,11.55,0.1,息
2023-07-31,2495,25.15,24.55,0.6,息
2023-07-31,3447,50.5,48.2,2.3,息
2023-07-31,3645,49.55,48.95,0.599918,息
2023-07-31,4919,142.0,135.0,7.0,息
2023-08-01,4106,30.9,30.05,0.85,息
2023-08-01,4739,84.2,81.2,3.0,息
2023-08-01,4989,33.8,33.3,0.5,息
2023-08-01,5269,983.0,962.99,20.000362,息
2023-08-01,5871,208.0,197.64,10.35294,權息
2023-08-01,5871A,100.5,96.7,3.8,息
2023-08-01,6239,110.5,103.5,7.0,息
2023-08-01,9942,148.5,142.9,5.6,息
2023-08-02,1725,22.3,21.3,1.0,息
2023-08-02,2345,394.5,387.0,7.4998,息
2023-08-02,2393,51.2,48.7,2.5,息
2023-08-02,2497,69.7,69.0,0.7,息
2023-08-02,2616,32.95,31.35,1.6,息
2023-08-02,2836,12.9,12.52,0.375729,權
2023-08-02,3033,33.65,30.58,3.067216,息
2023-08-02,3060,20.15,19.85,0.3,息
2023-08-02,4927,61.4,59.4,2.0,息
2023-08-02,4977,91.3,88.8,2.5,息
2023-08-03,1216,76.2,73.05,3.15,息
2023-08-03,1720,63.4,60.9,2.5,息
2023-08-03,1727,37.6,36.86,0.731022,息
2023-08-03,1730,60.9,57.9,3.0,息
2023-08-03,1809,15.55,15.3,0.25,息
2023-08-03,2207,738.0,721.56,16.431373,權息
2023-08-03,2233,111.0,105.0,6.0,息
2023-08-03,2342,39.8,38.8,1.0,息
2023-08-03,2351,103.5,100.3,3.2,息
2023-08-03,2376,297.0,290.8,6.2,息
2023-08-03,2912,280.5,271.5,9.0,息
2023-08-03,3209,39.35,35.77,3.578376,息
2023-08-03,3533,736.0,710.81,25.182608,息
2023-08-03,4720,14.7,14.5,0.2,息
2023-08-03,6201,49.05,46.05,3.0,息
2023-08-03,6414,294.0,281.25,12.740273,息
2023-08-03,6743,55.9,55.4,0.5,息
2023-08-03,6807,28.6,26.71,1.89,息
2023-08-03,9910,212.0,182.41,29.589286,權息
2023-08-03,9938,56.3,53.8,2.5,息
2023-08-04,2420,50.6,47.1,3.5,息
2023-08-04,2891,26.15,25.14,1.000025,息
2023-08-04,8021,33.85,31.85,2.0,息
2023-08-07,2028,25.65,25.2,0.45,息
2023-08-07,2375,62.8,61.3,1.5,息
2023-08-07,2458,122.5,119.43,3.069257,息
2023-08-08,3092,43.3,41.55,1.746602,權息
2023-08-08,4560,38.75,36.55,2.2,息
2023-08-08,5546,38.3,36.8,1.5,息
2023-08-08,8103,40.25,38.25,2.0,息
2023-08-08,8104,39.95,38.45,1.5,息
2023-08-09,2890,18.7,17.74,0.954902,權息
2023-08-09,5880,29.35,27.47,1.87381,權息
2023-08-09,6155,27.8,26.3,1.5,息
2023-08-09,6209,28.7,28.0,0.69975,息
2023-08-09,6271,164.5,126.53,37.961539,權
2023-08-10,1583,69.7,66.7,3.0,息
2023-08-10,1713,33.95,32.95,1.0,息
2023-08-10,2017,17.1,15.37,1.724912,權息
2023-08-10,2409,20.4,19.6,0.8,息
2023-08-10,2476,49.95,47.65,2.3,息
2023-08-10,2801,18.75,17.75,0.993903,權息
2023-08-10,2886,39.95,38.4,1.547222,權息
2023-08-10,2915,61.8,59.8,2.0,息
2023-08-10,9914,213.5,206.5,7.0,息
2023-08-11,2885,25.3,24.92,0.373892,權
2023-08-11,2892,29.25,27.62,1.628641,權息
2023-08-11,5203,104.0,101.7,2.3,息
2023-08-11,5288,181.5,174.44,7.055131,息
2023-08-11,6189,45.75,42.31,3.430223,息
2023-08-15,1714,8.63,8.53,0.1,息
2023-08-15,1726,76.0,72.5,3.5,息
2023-08-15,8112,49.95,48.35,1.591567,權
2023-08-15,8112A,41.6,40.32,1.272217,權
2023-08-15,8442,82.9,77.95,4.948604,息
2023-08-15,8454,596.0,541.81,54.181819,權
2023-08-16,00701,26.28,26.08,0.2,息
2023-08-16,00771,16.56,16.37,0.19,息
2023-08-16,00850,34.0,33.32,0.68,息
2023-08-16,00878,21.43,21.08,0.35,息
2023-08-16,00881,17.25,16.79,0.46,息
2023-08-16,00891,13.18,12.96,0.22,息
2023-08-16,00894,13.82,13.56,0.26,息
2023-08-16,00900,13.16,12.55,0.61,息
2023-08-16,00907,14.53,14.22,0.308,息
2023-08-16,00923,16.06,15.49,0.561,息
2023-08-16,2301,143.5,141.5,2.0,息
2023-08-16,3617,252.0,235.23,16.761903,權息
2023-08-16,6202,66.2,62.2,4.0,息
2023-08-17,00731,68.4,67.18,1.22,息
2023-08-17,00929,16.43,16.32,0.11,息
2023-08-17,2472,58.3,54.81,3.489479,息
2023-08-17,2880,21.6,21.01,0.59,息
2023-08-17,3008,2040.0,2013.5,26.5,息
2023-08-17,3605,27.5,26.95,0.55,息
2023-08-18,00775B,33.02,32.72,0.3,息
2023-08-18,3036,71.4,67.1,4.297871,息
2023-08-18,3036A,47.55,45.55,2.0,息
2023-08-18,3056,48.0,31.13,16.865249,權息
2023-08-21,00913,16.6,15.9,0.7,息
2023-08-21,1475,52.2,51.7,0.5,息
2023-08-21,1597,66.8,64.8,2.0,息
2023-08-21,3027,45.35,45.09,0.2582,息
2023-08-22,1316,12.05,11.6,0.440769,權
2023-08-22,1516,19.4,17.48,1.913379,權息
2023-08-22,3002,13.5,13.35,0.15,息
2023-08-22,6183,68.6,66.1,2.5,息
2023-08-22,6796,115.5,114.39,1.102384,權
2023-08-23,1537,141.5,131.5,10.0,息
2023-08-23,1737,34.85,33.35,1.5,息
2023-08-23,3653,594.0,582.33,11.660364,息
2023-08-23,5222,171.5,155.9,15.590908,權
2023-08-23,6142,11.4,11.18,0.22,息
2023-08-23,6177,32.05,29.57,2.478572,權息
2023-08-23,6806,93.4,92.9,0.5,息
2023-08-23,9931,42.0,38.53,3.46789,權
2023-08-24,1419,43.2,41.7,1.5,息
2023-08-24,1454,17.8,17.55,0.25,息
2023-08-24,1464,14.45,13.25,1.195283,權息
2023-08-24,1527,40.85,38.45,2.4,息
2023-08-24,1541,31.7,30.7,1.0,息
2023-08-24,1709,23.9,22.1,1.8,息
2023-08-24,2201,74.7,73.76,0.934579,息
2023-08-24,2383,442.0,433.59,8.40683,息
2023-08-24,2402,37.5,36.5,0.991548,息
2023-08-24,2428,158.0,152.6,5.4,息
2023-08-24,2527,23.2,22.2,1.0,息
2023-08-24,2539,48.05,41.27,6.770154,權息
2023-08-24,2702,22.35,21.09,1.254762,權息
2023-08-24,3312,21.2,19.2,2.0,息
2023-08-24,3419,18.5,18.3,0.2,息
2023-08-24,4572,197.0,178.9,18.097435,權息
2023-08-24,4746,86.8,85.8,1.0,息
2023-08-24,6108,20.05,19.55,0.5,息
2023-08-24,6230,149.0,147.93,1.07,息
2023-08-24,6666,70.5,69.4,1.1,息
2023-08-25,1324,11.75,11.55,0.2,息
2023-08-25,1528,12.45,12.35,0.1,息
2023-08-25,1615,40.0,36.36,3.636364,權
2023-08-25,1722,62.7,60.2,2.5,息
2023-08-25,2328,39.1,37.7,1.4,息
2023-08-25,3017,387.0,382.0,4.9958,息
2023-08-25,3704,48.8,47.56,1.238091,息
2023-08-25,5525,26.5,23.58,2.915095,權息
2023-08-25,6153,21.7,21.45,0.240866,息
2023-08-25,8105,13.75,13.55,0.2,息
2023-08-25,9921,203.0,195.2,7.8,息
2023-08-25,9946,14.1,13.67,0.42773,息
2023-08-28,1108,16.3,15.5,0.8,息
2023-08-28,1225,56.4,52.28,4.114286,權息
2023-08-28,1453,13.65,13.25,0.397573,權
2023-08-28,1514,54.1,51.55,2.546602,權息
2023-08-28,1539,28.25,25.75,2.5,息
2023-08-28,1603,36.2,35.7,0.5,息
2023-08-28,2038,18.8,17.9,0.895238,權
2023-08-28,2377,171.5,164.9,6.6,息
2023-08-28,2442,18.85,18.57,0.273983,權息
2023-08-28,2462,38.5,37.08,1.412622,權息
2023-08-28,3025,42.55,41.55,1.0,息
2023-08-28,3052,12.4,11.76,0.635295,權息
2023-08-28,4104,91.4,87.04,4.352381,權
2023-08-28,5534,76.8,71.3,5.5,息
2023-08-29,2059,892.0,872.0,20.0,息
2023-08-29,2227,191.5,184.28,7.22,息
2023-08-29,2441,59.5,55.8,3.7,息
2023-08-29,2905,13.65,13.44,0.204901,權
2023-08-29,4438,119.5,112.7,6.8,息
2023-08-29,4739,74.3,73.65,0.646537,權
2023-08-29,5243,64.8,63.2,1.6,息
2023-08-29,6168,26.0,24.49,1.5022,息
2023-08-29,9105,3.93,3.89,0.036636,息
2023-08-30,1235,85.0,75.0,10.0,權息
2023-08-30,2250,70.1,67.1,2.990441,息
2023-08-30,2484,34.05,31.85,2.2,息
2023-08-30,4564,25.25,25.05,0.2,息
2023-08-30,6216,30.2,28.53,1.667026,息
2023-08-31,1203,41.65,40.55,1.1,息
2023-08-31,1315,72.9,70.4,2.5,息
2023-08-31,1409,16.55,15.55,1.0,息
2023-08-31,1531,14.15,13.35,0.8,息
2023-08-31,2439,90.1,85.62,4.473261,息
2023-08-31,2536,25.75,25.25,0.5,息
2023-08-31,2834,13.9,13.47,0.423438,權息
2023-08-31,3023,318.0,309.53,8.461325,息
2023-08-31,5283,114.5,110.5,4.0,息
2023-08-31,6753,102.5,101.5,1.0,息
2023-08-31,8466,41.1,39.6,1.5,息
2023-08-31,9958,157.5,157.0,0.494246,息
2023-09-01,2367,18.25,17.95,0.3,息
2023-09-04,2881,64.8,61.71,3.085714,權
2023-09-04,2923,23.1,22.5,0.6,息
2023-09-04,9906,59.8,55.22,4.572276,息
2023-09-05,01010T,10.25,10.04,0.208977,息
2023-09-05,2901,25.75,25.53,0.211324,息
2023-09-05,3346,46.8,46.51,0.282143,息
2023-09-05,6139,91.8,88.3,3.5,息
2023-09-06,1339,48.0,45.0,3.0,息
2023-09-06,1626,17.95,16.61,1.330953,權息
2023-09-06,2231,153.0,143.52,9.470272,權息
2023-09-06,2468,28.9,28.3,0.6,息
2023-09-06,3167,47.95,44.61,3.33835,權息
2023-09-06,4155,33.05,28.33,4.717907,權息
2023-09-07,1474,11.9,11.5,0.4,息
2023-09-07,1783,58.6,55.33,3.266666,權息
2023-09-07,2727,282.0,252.97,29.023514,權息
2023-09-07,3661,2500.0,2486.93,13.063308,息
2023-09-07,4540,33.3,31.81,1.484539,息
2023-09-07,5906,77.4,73.68,3.71068,權息
2023-09-07,6552,35.95,35.5,0.45,息
2023-09-08,3622,45.05,43.55,1.5,息
2023-09-08,9935,17.85,17.41,0.435366,權
2023-09-11,1438,30.55,29.55,1.0,息
2023-09-11,2379,445.5,418.5,27.0,息
2023-09-12,2457,63.4,61.63,1.7662,權
2023-09-12,2701,12.65,12.4,0.25,息
2023-09-12,3047,15.45,14.47,0.977098,息
2023-09-12,6133,14.95,14.45,0.5,息
2023-09-12,6504,77.4,76.4,1.0,息
2023-09-13,1517,15.95,15.05,0.9,息
2023-09-13,2466,36.6,35.69,0.903922,權息
2023-09-13,2488,38.7,36.2,2.5,息
2023-09-13,2540,98.0,71.48,26.518519,權息
2023-09-14,01009T,8.4,8.24,0.152731,息
2023-09-14,1215,100.5,97.0,3.5,息
2023-09-14,2109,14.6,14.2,0.4,息
2023-09-14,2330,541.0,538.0,3.0,息
2023-09-14,5306,142.5,141.34,1.16,息
2023-09-14,910861,5.51,5.48,0.020145,息
2023-09-14,9802,139.5,133.5,5.991818,息
2023-09-18,00713,48.78,47.94,0.84,息
2023-09-18,00896,16.19,15.86,0.33,息
2023-09-18,00915,21.65,20.95,0.7,息
2023-09-18,00918,21.65,20.9,0.75,息
2023-09-18,00919,21.89,21.35,0.54,息
2023-09-18,2236,78.1,76.86,1.236677,權
2023-09-19,00710B,18.81,18.55,0.26,息
2023-09-19,00711B,16.02,15.83,0.19,息
2023-09-19,00712,10.46,10.27,0.19,息
2023-09-19,00929,18.2,18.09,0.11,息
2023-09-19,3059,34.85,33.84,1.000065,息
2023-09-20,2344,27.85,26.85,1.0,息
2023-09-20,2706,15.65,15.3,0.35,息
2023-09-21,00921,17.77,17.37,0.4,息
2023-09-21,01004T,13.85,13.65,0.199161,息
2023-09-26,1590,981.0,967.88,13.11805,息
2023-09-26,1808,92.7,92.1,0.6,息
2023-09-26,2542,43.05,38.68,4.368182,權息
2023-09-26,9927,59.4,55.4,4.0,息
2023-09-27,4967,67.0,66.0,1.0,息
2023-09-27,8028,53.0,52.07,0.926849,權
2023-09-28,4912,84.8,84.73,0.064,息
2023-10-03,4763,1165.0,1016.89,148.108908,權息
2023-10-04,3356,47.5,46.1,1.4,息
2023-10-05,1310,15.95,15.75,0.2,息
2023-10-06,2458,141.5,139.45,2.046171,息
2023-10-06,9105,4.09,2.91,1.175291,權
2023-10-12,2543,15.3,15.0,0.3,息
2023-10-12,2891B,60.3,58.05,2.25,息
2023-10-12,2891C,59.9,57.98,1.92,息
2023-10-13,4119,98.7,96.82,1.877689,權
2023-10-13,8011,18.4,18.15,0.245727,權
2023-10-16,2344,28.35,28.04,0.303828,權
2023-10-16,2364,155.5,124.4,31.1,權
2023-10-18,5258,124.0,117.33,6.666667,權息
2023-10-19,0056,34.9,33.7,1.2,息
2023-10-19,006204,86.4,82.44,3.959,息
2023-10-19,00714,17.86,17.74,0.112,息
2023-10-19,00717,14.49,14.31,0.176,息
2023-10-19,00730,19.52,18.38,1.136,息
2023-10-19,00733,52.85,51.65,1.2,息
2023-10-19,00905,9.83,9.66,0.17,息
2023-10-19,00907,14.12,13.97,0.141,息
2023-10-19,00908,11.7,11.55,0.147,息
2023-10-19,00912,14.84,14.64,0.2,息
2023-10-19,00922,16.1,15.53,0.57,息
2023-10-19,00927,15.73,15.51,0.22,息
2023-10-19,1316,10.8,10.25,0.549453,息
2023-10-23,00904,13.56,13.43,0.13,息
2023-10-24,00929,17.24,17.13,0.11,息
2023-10-25,5607,49.2,48.24,0.95726,權
2023-10-26,4552,39.0,37.7,1.3,息
2023-10-31,1449,14.05,13.64,0.40076,權
2023-10-31,5522,60.6,59.6,1.0,息
2023-11-01,6655,127.0,121.0,6.0,息
2023-11-02,1805,13.7,12.89,0.808498,權
2023-11-03,020036,5.34,5.19,0.141,息
2023-11-08,6285,138.0,135.29,2.703907,權
2023-11-09,8442,89.3,88.52,0.774516,權
2023-11-10,2867,5.05,5.04,0.004903,權
2023-11-16,0051,71.1,68.6,2.5,息
2023-11-16,0053,69.9,68.0,1.9,息
2023-11-16,0055,23.92,23.32,0.6,息
2023-11-16,006208,75.3,74.43,0.861,息
2023-11-16,00692,32.55,31.48,1.062,息
2023-11-16,00771,16.34,16.16,0.18,息
2023-11-16,00850,34.48,33.78,0.7,息
2023-11-16,00878,20.69,20.34,0.35,息
2023-11-16,00891,15.44,15.17,0.27,息
2023-11-16,00892,13.37,13.17,0.198,息
2023-11-16,00894,15.03,14.94,0.09,息
2023-11-16,00900,13.07,12.84,0.224,息
2023-11-16,00901,15.17,14.54,0.628,息
2023-11-17,2413,27.0,26.5,0.5,息
2023-11-20,00775B,32.75,32.4,0.35,息
2023-11-20,2241,34.8,33.89,0.903422,權
2023-11-20,3563,198.5,197.5,1.0,息
2023-11-21,00690,29.18,28.18,1.0,息
2023-11-21,00731,66.95,65.85,1.1,息
2023-11-21,00929,18.05,17.94,0.11,息
2023-11-21,3036,116.5,113.99,2.506995,權
2023-11-21,3036A,47.2,45.32,1.879949,權
2023-11-22,01007T,16.73,16.48,0.246576,息
2023-11-23,2314,37.45,36.95,0.497167,權
2023-11-23,2427,28.2,27.86,0.330261,權
2023-11-23,2506,9.34,9.24,0.1,息
2023-11-23,2636,79.2,76.2,3.0,息
2023-11-28,1312,16.55,16.13,0.417177,權
2023-11-28,1312A,26.2,25.86,0.333255,權
2023-11-28,3321,16.0,14.45,1.543849,權
2023-11-28,4763,848.0,843.64,4.356271,息
2023-11-29,1526,34.35,33.75,0.6,息
2023-12-01,8404,22.3,21.55,0.741867,權
2023-12-05,020038,5.96,5.78,0.179,息
2023-12-06,6438,109.0,106.15,2.846576,息
2023-12-07,2474,192.5,187.5,5.0,息
2023-12-07,6277,81.2,79.1,2.1,息
2023-12-08,2886,39.0,38.83,0.162116,權
2023-12-08,3138,161.0,158.14,2.852862,權
2023-12-12,2236,73.4,73.3,0.091886,息
2023-12-14,2330,577.0,574.0,3.0,息
2023-12-15,2208,21.8,20.96,0.835122,權
2023-12-18,00713,51.15,50.31,0.84,息
2023-12-18,00896,16.05,15.75,0.3,息
2023-12-18,00907,14.88,14.73,0.141,息
2023-12-18,00915,23.14,22.69,0.45,息
2023-12-18,00918,22.55,21.88,0.67,息
2023-12-18,00919,22.85,22.3,0.55,息
2023-12-18,00926,16.79,16.56,0.23,息
2023-12-18,5306,130.0,128.96,1.04,息
2023-12-19,00929,19.35,19.24,0.11,息
2023-12-20,00710B,18.93,18.67,0.26,息
2023-12-20,00711B,16.54,16.35,0.19,息
2023-12-20,00712,10.24,10.04,0.2,息
2023-12-20,6153,22.45,22.15,0.299574,權
2023-12-20,8488,16.5,16.41,0.081633,權
2023-12-21,00921,18.17,17.97,0.2,息
2023-12-21,2753,171.0,169.0,1.995488,息
2023-12-21,8070,34.3,33.75,0.54042,息
2023-12-26,2028,27.45,26.94,0.500492,息
2023-12-26,4912,81.4,80.57,0.828,息
2024-01-04,2454,953.0,928.4,24.6,息
2024-01-10,6442,67.2,65.94,1.254762,權
2024-01-17,0050,131.65,128.65,3.0,息
2024-01-17,0056,36.37,35.67,0.7,息
2024-01-17,006203,64.5,62.7,1.8,息
2024-01-17,00701,25.8,25.01,0.79,息
2024-01-17,00702,21.7,21.4,0.3,息
2024-01-17,00714,19.8,19.67,0.123,息
2024-01-17,00717,15.34,15.18,0.159,息
2024-01-17,00735,29.94,28.84,1.1,息
2024-01-17,00736,20.04,19.94,0.1,息
2024-01-17,00770,42.1,38.1,4.0,息
2024-01-17,00830,37.07,35.56,1.51,息
2024-01-17,00881,17.94,17.19,0.75,息
2024-01-17,00882,10.27,10.01,0.26,息
2024-01-17,00908,12.77,12.64,0.122,息
2024-01-17,00912,15.32,15.08,0.24,息
2024-01-17,00917,17.27,16.98,0.29,息
2024-01-17,00920,14.44,14.4,0.04,息
2024-01-17,00927,16.94,16.58,0.36,息
2024-01-17,00930,17.96,17.75,0.208,息
2024-01-18,00929,18.48,18.35,0.13,息
2024-01-19,00728,26.91,25.61,1.3,息
2024-01-19,00904,15.5,15.15,0.35,息
2024-01-22,00911,24.05,23.05,1.0,息
2024-01-23,2250,84.8,83.35,1.443317,權
2024-01-24,6139,160.0,158.64,1.354601,權
2024-01-29,2476,71.5,70.51,0.983754,權
2024-01-30,2547,9.65,9.57,0.0746,權
2024-01-30,2836,12.45,11.95,0.493153,權
2024-01-30,2836A,21.3,20.9,0.392373,權
2024-02-02,3058,20.8,19.75,1.040967,權
2024-02-15,2540,90.2,89.58,0.612089,權
2024-02-26,00907,14.75,14.6,0.141,息
2024-02-26,6715,176.0,173.89,2.102314,權
2024-02-27,00771,17.51,17.31,0.2,息
2024-02-27,00850,37.22,36.79,0.43,息
2024-02-27,00878,22.41,22.01,0.4,息
2024-02-27,00891,17.77,17.45,0.32,息
2024-02-27,00894,17.8,17.7,0.1,息
2024-02-27,00900,14.44,14.32,0.12,息
2024-02-27,00923,18.54,18.31,0.23,息
2024-02-29,00731,69.6,68.39,1.21,息
2024-02-29,00929,19.66,19.53,0.13,息
2024-03-01,00775B,33.95,33.8,0.145,息
2024-03-04,00690,31.35,30.6,0.75,息
2024-03-04,00913,19.42,18.96,0.46,息
2024-03-12,3035,363.0,360.55,2.440988,權
2024-03-13,01010T,10.25,10.05,0.196599,息
2024-03-14,01009T,8.13,7.99,0.13501,息
2024-03-14,1712,42.0,39.2,2.8,息
2024-03-14,2613,22.6,22.0,0.6,息
2024-03-18,00713,54.35,53.47,0.88,息
2024-03-18,00896,17.13,16.79,0.34,息
2024-03-18,00915,25.64,24.92,0.72,息
2024-03-18,00918,23.56,22.86,0.7,息
2024-03-18,00919,25.83,25.17,0.66,息
2024-03-18,00922,18.91,18.53,0.38,息
2024-03-18,2330,753.0,749.5,3.499789,息
2024-03-18,9802,124.5,122.5,2.0,息
2024-03-19,00710B,18.99,18.76,0.23,息
2024-03-19,00711B,16.2,16.0,0.2,息
2024-03-19,00712,9.65,9.47,0.18,息
2024-03-19,00929,21.03,20.9,0.13,息
2024-03-19,5283,117.0,113.0,4.0,息
2024-03-19,5306,143.5,142.75,0.749995,息
2024-03-19,9105,3.72,3.65,0.067155,息
2024-03-21,00921,18.4,18.1,0.3,息
2024-03-21,00930,21.29,21.04,0.246,息
2024-03-21,1342,140.0,135.0,5.0,息
2024-03-21,2430,40.7,38.5,2.2,息
2024-03-21,3004,98.7,96.21,2.48363,息
2024-03-21,3008,2570.0,2529.0,41.0,息
2024-03-21,3029,78.4,74.4,3.999948,息
2024-03-21,6534,90.6,87.51,3.09,息
2024-03-21,6541,51.2,50.61,0.585499,權
2024-03-22,1313,13.5,13.3,0.2,息
2024-03-22,2006,77.7,73.5,4.2,息
2024-03-22,4583,260.5,250.5,10.0,息
2024-03-22,5225,123.0,116.42,6.572182,息
2024-03-22,6281,88.4,83.9,4.5,息
2024-03-25,2630,35.6,35.07,0.53,息
2024-03-26,5007,59.3,56.3,3.0,息
2024-03-27,2301,120.5,117.99,2.506049,息
2024-03-27,5222,179.0,175.0,4.0,息
2024-03-28,01004T,13.06,12.86,0.199378,息
2024-03-28,1457,20.55,19.55,1.0,息
2024-03-28,1477,397.0,380.6,16.4,息
2024-03-28,2108,34.2,33.2,1.0,息
2024-03-28,2458,164.5,161.44,3.052417,息
2024-03-28,3005,149.5,144.5,4.99409,息
2024-03-28,3706,56.7,55.4,1.3,息
2024-03-28,4770,451.0,439.0,12.0,息
2024-03-28,4930,36.1,33.8,2.3,息
2024-03-28,6235,103.5,101.82,1.678969,息
2024-03-28,6415,336.5,334.53,1.960119,息
2024-03-28,6581,93.2,88.9,4.3,息
2024-03-29,2324,38.3,37.1,1.2,息
2024-03-29,2483,23.95,23.65,0.3,息
2024-03-29,5388,144.0,139.0,4.99991,息
2024-04-01,4912,123.5,122.72,0.773,息
2024-04-02,2528,46.9,46.4,0.495693,息
2024-04-02,3003,70.7,69.2,1.5,息
2024-04-02,3257,72.8,69.8,3.0,息
2024-04-03,6873,159.5,155.47,4.025753,息
2024-04-08,1414,19.45,19.2,0.25,息
2024-04-11,1315,73.7,71.2,2.5,息
2024-04-11,1476,554.0,540.5,13.5,息
2024-04-11,1524,37.1,35.8,1.3,息
2024-04-11,1604,30.3,28.8,1.5,息
2024-04-11,2015,72.8,69.3,3.5,息
2024-04-11,2496,77.1,72.42,4.68,息
2024-04-11,2535,58.2,55.2,3.0,息
2024-04-11,4532,25.75,24.75,1.0,息
2024-04-11,6224,57.8,56.3,1.5,息
2024-04-12,2382,284.5,275.5,9.0,息
2024-04-12,912000,3.33,3.0,0.32648,息
2024-04-17,00936,17.63,17.52,0.11,息
2024-04-18,0052,160.75,154.32,6.43,息
2024-04-18,0056,38.94,38.15,0.79,息
2024-04-18,00714,18.66,18.53,0.123,息
2024-04-18,00717,15.63,15.46,0.166,息
2024-04-18,00733,65.6,60.44,5.153,息
2024-04-18,00905,12.57,12.36,0.21,息
2024-04-18,00908,11.83,11.68,0.144,息
2024-04-18,00909,26.42,24.61,1.81,息
2024-04-18,00912,17.11,16.88,0.23,息
2024-04-18,00927,19.3,18.9,0.4,息
2024-04-18,2109,17.75,16.95,0.8,息
2024-04-18,6128,41.85,39.35,2.5,息
2024-04-18,6756,206.5,204.5,1.998016,息
2024-04-18,8996,335.0,331.01,3.981422,息
2024-04-18,9911,86.6,82.72,3.88,息
2024-04-19,1217,12.15,11.92,0.23,息
2024-04-19,4104,94.6,90.8,3.8,息
2024-04-22,00904,15.83,15.78,0.05,息
2024-04-22,00907,14.86,14.71,0.141,息
2024-04-23,00929,19.55,19.35,0.2,息
2024-04-25,1717,31.25,30.45,0.8,息
2024-04-25,2477,21.6,21.1,0.5,息
2024-04-25,2530,52.2,51.66,0.54,息
2024-04-25,4137,189.0,187.79,1.200112,權
2024-04-25,4566,51.2,49.76,1.434713,息
2024-04-25,6192,112.0,107.0,5.0,息
2024-04-25,8104,35.25,34.26,0.984538,權
2024-05-02,01001T,14.75,14.34,0.408547,息
2024-05-16,00690,32.93,32.03,0.9,息
2024-05-16,00932,18.01,17.49,0.52,息
2024-05-16,00936,18.16,18.0,0.16,息
2024-05-16,01002T,17.2,16.8,0.3954,息
2024-05-16,01007T,16.9,16.66,0.234915,息
2024-05-17,00771,17.64,17.43,0.21,息
2024-05-17,00850,42.47,41.93,0.54,息
2024-05-17,00878,23.57,23.06,0.51,息
2024-05-17,00891,18.11,17.71,0.4,息
2024-05-17,00894,19.3,19.2,0.1,息
2024-05-17,00900,16.22,16.12,0.1,息
2024-05-17,1733,35.45,34.35,1.1,息
2024-05-17,6658,44.0,42.8,1.2,息
2024-05-17,911608,3.53,3.44,0.083436,息
2024-05-21,00731,77.45,74.07,3.38,息
2024-05-21,00775B,34.38,34.06,0.32,息
2024-05-21,00929,20.42,20.22,0.2,息
2024-05-23,00930,20.8,20.44,0.36,息
2024-05-27,1568,31.8,30.46,1.34,息
2024-05-28,3149,26.1,24.69,1.402823,權
2024-05-29,2332,18.85,18.31,0.5355,息
2024-05-30,2467,141.0,138.0,3.0,息
2024-05-30,2543,59.5,48.42,11.076155,權息
2024-05-30,6269,97.3,92.3,5.0,息
2024-05-30,6525,71.7,68.2,3.5,息
2024-05-31,1587,68.7,68.19,0.501828,息
2024-05-31,1702,62.0,59.5,2.5,息
2024-05-31,1708,34.5,33.0,1.5,息
2024-05-31,2114,111.0,106.0,5.0,息
2024-05-31,2486,97.1,95.19,1.904069,權息
2024-06-03,2313,73.2,71.7,1.5,息
2024-06-03,3443,1455.0,1441.0,14.0,息
2024-06-04,6412,155.5,149.5,6.0,息
2024-06-04,8487,83.3,78.8,4.5,息
2024-06-05,2105,61.5,59.5,2.0,息
2024-06-06,4133,33.2,32.48,0.72,息
2024-06-06,4440,25.8,24.8,1.0,息
2024-06-06,4722,41.9,40.9,1.0,息
2024-06-06,4958,118.5,115.22,3.275,息
2024-06-07,1323,31.3,30.3,1.0,息
2024-06-07,1611,17.65,17.15,0.5,息
2024-06-07,9940,33.55,31.95,1.6,息
2024-06-11,2636,112.5,109.0,3.5,息
2024-06-11,2762,100.0,94.14,5.855855,息
2024-06-11,6669,2630.0,2588.0,42.0,息
2024-06-11,8028,64.2,62.4,1.8,息
2024-06-11,8438,41.2,40.3,0.9,息
2024-06-12,2020,39.9,37.9,2.0,息
2024-06-12,2360,295.5,288.89,6.600074,息
2024-06-12,2850,95.2,90.21,4.99,息
2024-06-12,6861,73.4,72.3,1.1,息
2024-06-12,9924,56.7,53.7,3.0,息
2024-06-13,1472,72.2,70.2,2.0,息
2024-06-13,1515,46.15,44.95,1.2,息
2024-06-13,1760,98.5,97.0,1.5,息
2024-06-13,1773,159.5,156.3,3.2,息
2024-06-13,1776,17.9,17.4,0.5,息
2024-06-13,2330,909.0,905.5,3.499789,息
2024-06-13,2615,83.0,81.5,1.5,息
2024-06-13,2642,37.85,37.05,0.8,息
2024-06-13,2851,27.45,26.05,1.4,息
2024-06-13,2908,21.75,21.16,0.583165,息
2024-06-13,3557,75.8,72.8,3.0,息
2024-06-13,6243,63.3,62.1,1.2,息
2024-06-14,2506,12.25,12.05,0.2,息
2024-06-14,3030,181.0,177.7,3.3,息
2024-06-14,3679,142.0,134.5,7.5,息
2024-06-17,2106,33.95,32.95,1.0,息
2024-06-17,3164,24.5,24.0,0.5,息
2024-06-17,3563,413.5,407.5,6.0,息
2024-06-18,00936,19.86,19.61,0.25,息
2024-06-18,1416,12.95,12.45,0.5,息
2024-06-18,1445,23.5,21.0,2.5,息
2024-06-18,1504,57.6,55.4,2.2,息
2024-06-18,2231,129.0,126.0,3.0,息
2024-06-18,2308,352.0,345.57,6.43,息
2024-06-18,2385,194.0,186.2,7.8,息
2024-06-18,2432,39.35,37.7,1.65,息
2024-06-18,2608,45.4,42.8,2.6,息
2024-06-18,2723,91.7,88.2,3.5,息
2024-06-18,2832,28.45,27.15,1.3,息
2024-06-18,4994,129.0,125.0,4.0,息
2024-06-18,5244,47.1,45.9,1.2,息
2024-06-18,5519,49.2,47.0,2.2,息
2024-06-18,5522,87.2,84.7,2.5,息
2024-06-18,6024,60.9,57.46,3.44,息
2024-06-19,00713,59.4,57.9,1.5,息
2024-06-19,00896,18.76,18.31,0.45,息
2024-06-19,00915,28.28,27.56,0.72,息
2024-06-19,00918,26.12,25.32,0.8,息
2024-06-19,00921,19.86,19.28,0.58,息
2024-06-19,2362,55.2,53.6,1.6,息
2024-06-19,3094,31.5,30.89,0.61,息
2024-06-19,3515,239.5,232.59,6.900085,息
2024-06-19,3518,32.0,31.12,0.874616,權
2024-06-19,4571,136.5,133.4,3.1,息
2024-06-19,6491,491.5,481.5,10.0,息
2024-06-20,00710B,19.62,19.36,0.26,息
2024-06-20,00711B,16.67,16.48,0.19,息
2024-06-20,00712,9.81,9.59,0.22,息
2024-06-20,00916,22.54,22.32,0.22,息
2024-06-20,00929,21.52,21.32,0.2,息
2024-06-20,1319,122.5,118.5,4.0,息
2024-06-20,1605,36.85,35.75,1.1,息
2024-06-20,1626,16.1,15.8,0.3,息
2024-06-20,1707,160.5,153.6,6.9,息
2024-06-20,1711,18.9,18.75,0.15,息
2024-06-20,2207,640.0,620.0,20.0,息
2024-06-20,2353,49.5,47.9,1.6,息
2024-06-20,2388,124.5,124.4,0.1,息
2024-06-20,2423,43.15,40.95,2.2,息
2024-06-20,2450,40.2,38.2,2.0,息
2024-06-20,2480,127.0,120.36,6.64,息
2024-06-20,2707,224.5,213.11,11.3821,息
2024-06-20,2753,166.0,160.99,5.004511,息
2024-06-20,3015,66.5,63.3,3.2,息
2024-06-20,3019,70.9,69.1,1.8,息
2024-06-20,3042,115.5,111.0,4.499859,息
2024-06-20,3338,83.0,81.0,2.0,息
2024-06-20,3543,23.5,22.5,1.0,息
2024-06-20,4766,386.5,371.5,15.0,息
2024-06-20,4915,110.0,106.0,4.0,息
2024-06-20,6184,55.6,52.6,3.0,息
2024-06-20,6205,74.2,72.7,1.5,息
2024-06-20,6531,382.5,375.5,6.997658,息
2024-06-20,6606,28.25,26.75,1.5,息
2024-06-21,2548,189.5,165.45,24.045454,權息
2024-06-21,9910,165.0,160.7,4.3,息
2024-06-24,00919,26.94,26.24,0.7,息
2024-06-24,1904,29.1,28.6,0.5,息
2024-06-24,2247,324.0,306.0,18.0,息
2024-06-24,2337,27.45,26.95,0.5,息
2024-06-24,2347,84.3,81.3,3.0,息
2024-06-24,2455,172.5,170.3,2.2,息
2024-06-24,3026,99.7,94.7,5.0,息
2024-06-24,3705,54.4,52.1,2.3,息
2024-06-24,4739,67.4,66.6,0.8,息
2024-06-24,5434,275.5,265.5,9.996583,息
2024-06-24,6176,207.0,197.0,10.0,息
2024-06-24,8016,278.5,266.5,12.0,息
2024-06-24,8070,47.8,45.83,1.96046,息
2024-06-24,9917,135.5,130.3,5.2,息
2024-06-25,00907,16.86,16.53,0.33,息
2024-06-25,2504,46.55,44.45,2.1,息
2024-06-25,3231,110.0,107.4,2.599053,息
2024-06-25,3413,324.5,313.2,11.299914,息
2024-06-25,4952,64.4,63.1,1.3,息
2024-06-25,6165,40.45,40.05,0.4,息
2024-06-25,6214,132.0,126.8,5.2,息
2024-06-25,6243,62.5,61.97,0.52889,權
2024-06-25,6438,113.5,111.0,2.5,息
2024-06-25,6449,157.0,154.7,2.3,息
2024-06-25,8210,292.0,287.0,4.999969,息
2024-06-25,9944,22.65,22.05,0.6,息
2024-06-26,1215,114.0,108.5,5.5,息
2024-06-26,1449,19.35,18.58,0.768817,權
2024-06-26,1464,14.2,13.95,0.25,息
2024-06-26,2329,61.1,59.91,1.189291,息
2024-06-26,2809,66.5,63.5,3.0,息
2024-06-26,3035,314.0,309.7,4.292746,息
2024-06-26,3168,64.7,61.14,3.554415,息
2024-06-26,3714,43.85,42.93,0.918294,息
2024-06-26,4557,119.0,113.0,6.0,息
2024-06-26,4906,37.9,36.41,1.480715,息
2024-06-27,1219,19.15,18.65,0.5,息
2024-06-27,1437,37.9,36.77,1.13,息
2024-06-27,1473,48.7,47.5,1.2,息
2024-06-27,1525,77.3,74.0,3.3,息
2024-06-27,2022,11.35,11.15,0.2,息
2024-06-27,2327,763.0,743.02,19.972383,息
2024-06-27,2368,201.0,197.5,3.499996,息
2024-06-27,2436,62.3,61.09,1.206814,息
2024-06-27,2478,54.3,52.8,1.5,息
2024-06-27,2530,48.0,47.8,0.2,息
2024-06-27,2603,200.0,190.03,9.96505,息
2024-06-27,2606,58.1,55.7,2.4,息
2024-06-27,2885,33.8,32.7,1.1,息
2024-06-27,3040,35.5,34.5,1.0,息
2024-06-27,3090,68.3,64.9,3.4,息
2024-06-27,3583,354.0,350.0,4.0,息
2024-06-27,3591,29.6,29.1,0.5,息
2024-06-27,4545,57.4,56.4,1.0,息
2024-06-27,4555,63.0,62.5,0.497749,息
2024-06-27,4938,114.5,110.49,4.000584,息
2024-06-27,4961,278.0,267.36,10.64,息
2024-06-27,6257,78.4,75.8,2.598433,息
2024-06-27,6271,152.5,150.1,2.4,息
2024-06-27,6477,39.3,38.5,0.8,息
2024-06-27,6768,97.3,93.5,3.8,息
2024-06-27,8150,45.0,43.2,1.8,息
2024-06-27,9904,36.75,35.65,1.1,息
2024-06-27,9931,37.05,36.05,1.0,息
2024-06-28,1341,71.3,66.89,4.400231,息
2024-06-28,1472,70.0,66.38,3.61987,權
2024-06-28,1731,26.2,25.05,1.15,息
2024-06-28,2012,25.05,24.14,0.91,息
2024-06-28,2069,16.45,15.95,0.5,息
2024-06-28,2605,31.45,30.7,0.75,息
2024-06-28,2637,71.0,68.25,2.75,息
2024-06-28,3416,155.5,150.39,5.107109,息
2024-06-28,3669,51.3,49.96,1.34,息
2024-06-28,5306,140.0,139.41,0.582583,息
2024-06-28,6585,206.5,202.59,3.904934,息
2024-06-28,8112,81.7,77.66,4.035254,息
2024-06-28,8112A,43.45,41.42,2.025,息
2024-06-28,8341,99.1,95.3,3.8,息
2024-06-28,8422,191.0,181.0,10.0,息
2024-07-01,1101,34.2,33.2,1.0,息
2024-07-01,1101B,48.4,46.63,1.763623,息
2024-07-01,1234,44.65,42.75,1.9,息
2024-07-01,1513,188.0,184.4,3.6,息
2024-07-01,1521,38.95,38.25,0.7,息
2024-07-01,1536,55.3,54.3,1.0,息
2024-07-01,2107,26.95,25.65,1.3,息
2024-07-01,2363,56.5,56.2,0.3,息
2024-07-01,2597,182.5,177.1,5.4,息
2024-07-01,2882,59.0,57.0,2.0,息
2024-07-01,2882A,61.1,58.8,2.296175,息
2024-07-01,2882B,59.1,56.97,2.13,息
2024-07-01,2883,15.1,14.59,0.500626,息
2024-07-01,2883B,7.6,7.24,0.355,息
2024-07-01,3592,411.0,395.8,15.2,息
2024-07-01,3708,138.0,132.44,5.550945,息
2024-07-01,3711,168.5,163.29,5.202282,息
2024-07-01,4119,90.4,89.15,1.25,息
2024-07-01,6655,123.5,120.5,3.0,息
2024-07-01,8463,29.7,29.05,0.65,息
2024-07-01,8481,52.4,50.4,2.0,息
2024-07-01,8926,47.9,45.97,1.93,息
2024-07-01,9934,19.3,18.1,1.2,息
2024-07-02,1456,19.95,19.75,0.2,息
2024-07-02,1612,39.05,37.05,2.0,息
2024-07-02,1710,17.2,17.0,0.2,息
2024-07-02,2303,56.9,53.89,3.000117,息
2024-07-02,2317,216.0,210.6,5.4,息
2024-07-02,2344,25.5,25.32,0.177778,權
2024-07-02,2354,70.4,68.9,1.5,息
2024-07-02,2429,38.9,29.15,9.743493,權
2024-07-02,2611,33.0,30.7,2.3,息
2024-07-02,2820,15.6,14.87,0.73,息
2024-07-02,2887E,52.8,50.42,2.375671,息
2024-07-02,2887F,47.35,45.45,1.9,息
2024-07-02,2887Z1,16.7,16.04,0.65305,息
2024-07-02,3038,32.3,30.7,1.6,息
2024-07-02,6285,157.0,151.0,5.996172,息
2024-07-02,6598,31.0,28.95,2.043248,權
2024-07-02,6672,84.4,81.05,3.35,息
2024-07-02,6789,348.0,347.0,0.999066,息
2024-07-02,6952,50.9,49.9,1.0,息
2024-07-02,8081,300.5,286.5,14.0,息
2024-07-02,8271,67.3,64.15,3.15,息
2024-07-02,910861,7.05,6.92,0.12345,息
2024-07-02,9902,16.5,16.2,0.3,息
2024-07-03,1219,18.9,18.34,0.550486,權
2024-07-03,1452,16.8,16.5,0.3,息
2024-07-03,1817,39.75,37.95,1.8,息
2024-07-03,2031,64.1,61.1,3.0,息
2024-07-03,2357,490.0,473.0,17.0,息
2024-07-03,2402,38.25,37.06,1.186164,息
2024-07-03,2421,111.5,108.0,3.5,息
2024-07-03,2464,70.2,69.7,0.5,息
2024-07-03,6155,29.4,28.55,0.85,息
2024-07-03,8482,65.1,62.8,2.3,息
2024-07-04,1451,20.35,19.84,0.501556,息
2024-07-04,1752,53.8,51.8,2.0,息
2024-07-04,1789,28.9,28.6,0.3,息
2024-07-04,1906,16.0,15.85,0.15,息
2024-07-04,2010,20.4,19.4,1.0,息
2024-07-04,2013,59.0,57.1,1.9,息
2024-07-04,2030,17.8,17.3,0.5,息
2024-07-04,2103,23.65,23.09,0.56,息
2024-07-04,2312,18.25,17.95,0.299777,息
2024-07-04,2412,125.5,120.74,4.758,息
2024-07-04,2425,37.65,37.2,0.45,息
2024-07-04,2433,53.0,50.0,3.0,息
2024-07-04,2454,1405.0,1374.59,30.405308,息
2024-07-04,2474,233.5,228.5,5.0,息
2024-07-04,2727,239.5,224.55,14.943694,息
2024-07-04,3006,103.0,102.4,0.6,息
2024-07-04,3016,67.3,66.8,0.499995,息
2024-07-04,3046,64.5,62.5,2.0,息
2024-07-04,3189,95.1,94.09,1.000107,息
2024-07-04,3703,37.25,35.75,1.5,息
2024-07-04,5234,147.0,142.9,4.1,息
2024-07-04,5515,24.35,23.35,1.0,息
2024-07-04,6197,188.0,183.8,4.2,息
2024-07-04,6641,41.4,40.4,1.0,息
2024-07-04,6776,63.7,60.2,3.5,息
2024-07-04,6781,620.0,608.4,11.6,息
2024-07-04,6792,80.7,77.1,3.6,息
2024-07-04,8021,30.9,30.1,0.8,息
2024-07-04,8162,38.85,38.35,0.5,息
2024-07-04,8163,69.3,65.3,4.0,息
2024-07-04,8213,39.6,38.6,1.0,息
2024-07-04,8367,50.4,47.9,2.49994,息
2024-07-04,8454,427.0,412.2,14.8,息
2024-07-04,8499,124.5,120.5,4.0,息
2024-07-04,9939,171.0,165.65,5.35,息
2024-07-04,9943,90.1,84.9,5.2,息
2024-07-05,1410,36.85,36.55,0.3,息
2024-07-05,1713,59.9,58.5,1.4,息
2024-07-05,2373,77.0,72.9,4.1,息
2024-07-05,2417,53.2,53.04,0.150409,息
2024-07-05,2838A,53.8,51.24,2.559226,息
2024-07-05,3055,92.6,91.58,1.01137,息
2024-07-05,3704,41.2,39.7,1.495236,息
2024-07-05,5706,78.1,69.18,8.918182,權息
2024-07-05,6115,59.4,56.4,3.0,息
2024-07-05,6591,62.0,59.27,2.721345,息
2024-07-05,8249,30.15,29.05,1.09198,息
2024-07-05,8462,118.0,115.88,2.112493,息
2024-07-08,2316,56.0,55.5,0.5,息
2024-07-08,2451,119.5,114.5,4.990625,息
2024-07-08,2534,26.85,25.85,1.0,息
2024-07-08,2618,37.35,35.55,1.8,息
2024-07-08,3045,116.0,111.7,4.3,息
2024-07-08,5533,24.3,23.1,1.2,息
2024-07-08,5538,31.25,30.25,1.0,息
2024-07-08,6136,24.3,23.1,1.2,息
2024-07-08,6807,60.5,57.9,2.6,息
2024-07-08,6835,52.4,50.4,2.0,息
2024-07-09,1614,45.2,44.12,1.073005,息
2024-07-09,2028,25.9,25.6,0.3,息
2024-07-09,2387,59.7,56.7,3.0,息
2024-07-09,2397,91.0,88.0,3.0,息
2024-07-09,2493,97.1,92.1,5.0,息
2024-07-09,2607,31.6,30.5,1.1,息
2024-07-09,2609,67.5,65.5,2.0,息
2024-07-09,2612,45.6,44.6,1.0,息
2024-07-09,2836A,21.6,20.82,0.775,息
2024-07-09,3021,26.5,26.2,0.3,息
2024-07-09,3130,243.0,229.39,13.605149,息
2024-07-09,4755,153.0,149.5,3.5,息
2024-07-09,5215,54.9,53.4,1.5,息
2024-07-09,5285,69.3,67.3,2.0,息
2024-07-09,5469,54.6,52.99,1.609135,息
2024-07-09,6191,72.1,68.8,3.3,息
2024-07-09,6215,64.6,63.6,1.0,息
2024-07-09,6505,65.7,63.7,2.0,息
2024-07-09,6526,738.0,733.04,4.955707,息
2024-07-09,8464,405.0,393.0,12.0,息
2024-07-09,8476,64.4,60.98,3.419608,權息
2024-07-10,1233,34.35,33.45,0.9,息
2024-07-10,1325,32.1,31.5,0.6,息
2024-07-10,1326,48.5,47.25,1.25,息
2024-07-10,1475,65.2,63.2,2.0,息
2024-07-10,1608,40.5,39.5,1.0,息
2024-07-10,2049,211.5,209.0,2.5,息
2024-07-10,2239,52.0,51.34,0.66,息
2024-07-10,2359,163.0,161.3,1.7,息
2024-07-10,2492,118.0,115.84,2.154432,息
2024-07-10,2616,24.35,23.92,0.43,息
2024-07-10,2634,52.3,50.88,1.42,息
2024-07-10,2910,27.0,26.65,0.340295,息
2024-07-10,3014,177.0,169.0,8.0,息
2024-07-10,3024,22.25,22.15,0.1,息
2024-07-10,3034,604.0,572.0,32.0,息
2024-07-10,3044,212.0,204.5,7.5,息
2024-07-10,3311,39.8,38.6,1.2,息
2024-07-10,3653,1275.0,1265.14,9.854728,息
2024-07-10,4164,52.1,50.09,2.00487,息
2024-07-10,4771,272.0,268.76,3.234996,息
2024-07-10,4904,86.5,83.25,3.25,息
2024-07-10,5284,130.5,125.5,5.0,息
2024-07-10,6235,93.1,92.31,0.786698,權
2024-07-10,8478,397.0,381.8,15.192431,權息
2024-07-11,00940,10.32,10.27,0.05,息
2024-07-11,1419,48.7,47.5,1.2,息
2024-07-11,1423,45.35,44.75,0.6,息
2024-07-11,1560,354.5,350.5,3.996486,息
2024-07-11,1723,106.0,102.0,4.0,息
2024-07-11,1907,31.4,30.5,0.9,息
2024-07-11,2340,43.1,42.6,0.5,息
2024-07-11,2356,57.0,55.5,1.5,息
2024-07-11,2419,32.75,32.45,0.3,息
2024-07-11,2453,68.2,65.8,2.4,息
2024-07-11,2645,111.0,106.5,4.5,息
2024-07-11,2888,11.85,11.51,0.339652,權
2024-07-11,2888A,31.6,31.34,0.254712,權
2024-07-11,2888B,31.85,31.59,0.254712,權
2024-07-11,2904,19.05,18.45,0.6,息
2024-07-11,3037,175.5,172.49,3.000001,息
2024-07-11,3060,33.6,33.35,0.25,息
2024-07-11,3167,70.2,69.7,0.5,息
2024-07-11,3305,77.9,75.9,2.0,息
2024-07-11,3545,85.6,84.6,0.995639,息
2024-07-11,3588,90.2,88.04,2.158729,權息
2024-07-11,3652,48.4,48.05,0.345877,息
2024-07-11,3715,62.5,61.0,1.5,息
2024-07-11,4148,48.4,47.4,1.0,息
2024-07-11,4588,127.0,124.0,3.0,息
2024-07-11,5292,182.0,161.36,20.636364,權息
2024-07-11,6166,80.7,79.7,1.0,息
2024-07-11,6213,115.5,114.0,1.5,息
2024-07-11,6278,131.0,126.0,5.0,息
2024-07-11,6754,65.8,62.3,3.5,息
2024-07-11,6830,144.0,139.5,4.5,息
2024-07-11,8110,21.4,21.19,0.2039,息
2024-07-11,8114,191.5,186.8,4.697203,息
2024-07-11,8374,115.5,115.2,0.3,息
2024-07-11,9905,24.6,23.5,1.1,息
2024-07-12,2008,25.95,24.95,1.0,息
2024-07-12,2302,18.7,18.39,0.31,息
2024-07-12,2404,373.0,352.0,21.0,息
2024-07-12,2459,77.2,73.2,4.0,息
2024-07-12,3380,36.0,34.99,1.01,息
2024-07-12,4999,35.25,34.25,1.0,息
2024-07-12,6605,252.5,246.0,6.5,息
2024-07-12,6790,55.7,52.7,3.0,息
2024-07-12,8072,30.4,29.65,0.75,息
2024-07-12,8222,42.95,42.65,0.3,息
2024-07-12,9907,15.55,15.25,0.3,息
2024-07-12,9933,52.8,50.75,2.048627,息
2024-07-15,00936,18.43,18.27,0.16,息
2024-07-15,1220,15.8,15.4,0.4,息
2024-07-15,1470,20.7,20.12,0.58,息
2024-07-15,2889,17.05,15.92,1.121833,權息
2024-07-15,2891,40.2,38.39,1.800136,息
2024-07-15,2891B,61.2,58.95,2.25,息
2024-07-15,2891C,58.7,56.78,1.92,息
2024-07-15,3596,162.0,155.0,7.0,息
2024-07-15,4536,195.5,187.0,8.5,息
2024-07-15,9926,55.1,53.1,2.0,息
2024-07-16,0050,196.7,195.7,1.0,息
2024-07-16,0056,42.37,41.3,1.07,息
2024-07-16,006203,92.95,92.05,0.9,息
2024-07-16,006208,115.4,114.61,0.783,息
2024-07-16,00692,46.28,45.86,0.415,息
2024-07-16,00702,24.01,23.35,0.66,息
2024-07-16,00717,16.22,16.04,0.173,息
2024-07-16,00735,42.47,39.74,2.73,息
2024-07-16,00736,23.65,23.52,0.13,息
2024-07-16,00882,11.87,11.47,0.4,息
2024-07-16,00892,18.34,18.19,0.145,息
2024-07-16,00905,15.55,15.18,0.37,息
2024-07-16,00908,13.11,12.86,0.245,息
2024-07-16,00912,20.5,20.25,0.25,息
2024-07-16,00934,20.82,20.49,0.33,息
2024-07-16,00944,15.52,15.46,0.058,息
2024-07-16,00945B,15.4,15.29,0.102,息
2024-07-16,1104,35.75,33.28,2.465686,權息
2024-07-16,1110,22.45,22.25,0.2,息
2024-07-16,1446,53.3,52.6,0.7,息
2024-07-16,2029,27.9,26.65,1.25,息
2024-07-16,2115,33.8,31.23,2.561905,權息
2024-07-16,2211,140.5,134.0,6.5,息
2024-07-16,2449,128.5,125.3,3.2,息
2024-07-16,2501,31.4,30.4,1.0,息
2024-07-16,2536,34.6,34.1,0.5,息
2024-07-16,2633,30.65,29.63,1.02,息
2024-07-16,2722,55.0,53.41,1.585366,權息
2024-07-16,2903,32.85,31.25,1.6,息
2024-07-16,2906,22.05,21.45,0.599984,息
2024-07-16,3138,134.5,131.9,2.6,息
2024-07-16,4526,32.1,31.9,0.2,息
2024-07-16,5471,52.7,51.5,1.2,息
2024-07-16,6005,24.85,23.52,1.33,息
2024-07-16,6405,26.7,26.6,0.1,息
2024-07-16,6592,120.5,106.81,13.681819,權息
2024-07-16,6592A,99.0,94.8,4.2,息
2024-07-16,6592B,96.0,94.45,1.541095,息
2024-07-16,6645,37.0,35.23,1.761905,權
2024-07-16,6670,292.0,279.69,12.309845,息
2024-07-16,6937,316.0,314.0,2.0,息
2024-07-16,8046,187.5,182.0,5.5,息
2024-07-16,9930,67.8,64.8,3.0,息
2024-07-16,9945,46.4,44.9,1.5,息
2024-07-17,00911,32.41,31.21,1.2,息
2024-07-17,00929,20.8,20.62,0.18,息
2024-07-17,1232,147.5,140.9,6.6,息
2024-07-17,1256,196.0,189.4,6.6,息
2024-07-17,1303,48.9,48.2,0.7,息
2024-07-17,1338,33.25,32.75,0.5,息
2024-07-17,1342,115.5,105.0,10.499882,權
2024-07-17,1726,83.2,79.7,3.5,息
2024-07-17,2228,108.0,103.0,5.0,息
2024-07-17,2462,35.6,34.45,1.15,息
2024-07-17,2704,71.5,70.5,1.0,息
2024-07-17,2945,43.8,42.6,1.2,息
2024-07-17,3031,23.3,22.5,0.8,息
2024-07-17,4576,80.3,80.2,0.1,息
2024-07-17,5876,45.1,43.3,1.8,息
2024-07-17,6112,70.3,67.55,2.75,息
2024-07-17,6189,97.3,93.84,3.456374,息
2024-07-17,6196,170.0,164.0,6.0,息
2024-07-17,6890,291.5,287.08,4.410585,息
2024-07-17,8261,87.8,85.31,2.488334,息
2024-07-17,9918,41.7,40.2,1.5,息
2024-07-18,00904,19.84,19.74,0.1,息
2024-07-18,1102,44.2,42.1,2.1,息
2024-07-18,1103,18.6,18.1,0.5,息
2024-07-18,1109,19.95,18.75,1.2,息
2024-07-18,1227,40.75,39.5,1.25,息
2024-07-18,1236,25.45,24.8,0.65,息
2024-07-18,1402,37.3,35.95,1.35,息
2024-07-18,1522,72.0,70.0,2.0,息
2024-07-18,1522A,46.05,44.05,2.0,息
2024-07-18,1563,71.9,70.09,1.802098,息
2024-07-18,1598,31.9,30.38,1.519048,權
2024-07-18,2204,129.0,123.0,6.0,息
2024-07-18,2374,54.7,53.79,0.900099,息
2024-07-18,2392,83.6,81.6,2.0,息
2024-07-18,2395,374.5,365.05,9.448066,息
2024-07-18,2461,24.25,23.59,0.654612,息
2024-07-18,2482,40.8,39.8,1.0,息
2024-07-18,2610,23.5,22.8,0.690145,息
2024-07-18,3022,96.2,92.7,3.5,息
2024-07-18,3406,605.0,593.0,12.0,息
2024-07-18,3607,22.45,21.75,0.7,息
2024-07-18,3701,49.8,49.1,0.7,息
2024-07-18,4306,22.05,21.06,0.980708,息
2024-07-18,5525,41.0,39.8,1.2,息
2024-07-18,5871,162.0,152.45,9.549019,權息
2024-07-18,5871A,97.9,94.1,3.8,息
2024-07-18,6120,15.95,15.85,0.1,息
2024-07-18,6625,99.9,87.63,12.263636,權息
2024-07-18,6671,48.0,45.5,2.5,息
2024-07-18,6719,296.5,294.5,1.992161,息
2024-07-18,6933,309.5,306.52,2.972343,息
2024-07-18,8215,35.0,33.8,1.2,息
2024-07-18,9919,22.2,21.9,0.3,息
2024-07-18,9935,27.05,26.55,0.5,息
2024-07-19,00714,21.1,20.97,0.123,息
2024-07-19,00927,21.05,20.41,0.64,息
2024-07-19,1535,70.6,67.3,3.3,息
2024-07-19,1582,114.5,110.46,4.030182,息
2024-07-19,2427,32.35,31.45,0.899983,息
2024-07-19,2617,36.45,34.85,1.6,息
2024-07-19,2881,89.9,87.4,2.5,息
2024-07-19,2881A,63.8,61.13,2.660938,息
2024-07-19,2881B,59.5,57.34,2.16,息
2024-07-19,2881C,53.0,51.2,1.8,息
2024-07-19,4935,61.9,60.4,1.5,息
2024-07-19,6796,100.0,98.2,1.796415,息
2024-07-19,6928,79.9,78.9,1.0,息
2024-07-22,1618,56.4,55.4,1.0,息
2024-07-22,2405,23.85,23.68,0.17,息
2024-07-22,2731,162.0,154.0,8.0,息
2024-07-22,3712,61.4,59.4,2.0,息
2024-07-22,5546,32.15,30.15,2.0,息
2024-07-22,6409,1770.0,1732.49,37.503591,息
2024-07-22,6515,979.0,968.0,11.0,息
2024-07-22,6691,414.5,332.08,82.416664,權息
2024-07-23,1301,60.2,59.2,1.0,息
2024-07-23,1725,45.0,44.15,0.85,息
2024-07-23,1783,46.5,45.5,0.998731,息
2024-07-23,2062,27.85,27.05,0.8,息
2024-07-23,2712,29.6,29.18,0.418097,息
2024-07-23,2812,19.55,18.13,1.415531,權息
2024-07-23,2849,14.9,14.52,0.38,息
2024-07-23,2855,28.65,27.33,1.32,息
2024-07-23,3032,67.0,63.5,3.5,息
2024-07-23,3501,71.5,68.5,3.0,息
2024-07-23,3528,47.2,45.7,1.5,息
2024-07-23,3617,258.5,250.57,7.924553,息
2024-07-23,3665,388.0,379.21,8.780735,息
2024-07-23,6206,88.6,84.6,4.0,息
2024-07-23,6906,146.5,143.5,3.0,息
2024-07-23,8039,58.6,55.14,3.455354,權息
2024-07-23,8411,14.35,14.27,0.08,息
2024-07-24,1201,18.5,18.23,0.266,息
2024-07-24,1503,291.5,288.5,3.0,息
2024-07-24,1762,52.2,51.4,0.8,息
2024-07-24,1786,114.5,112.09,2.407562,息
2024-07-24,2023,15.35,15.15,0.2,息
2024-07-24,2206,78.2,75.2,3.0,息
2024-07-24,2838,16.5,15.23,1.266355,權息
2024-07-24,2897,10.75,10.3,0.441237,息
2024-07-24,2897A,10.7,10.27,0.425,息
2024-07-24,3010,146.5,141.54,4.950375,息
2024-07-24,3266,24.6,23.85,0.75,息
2024-07-24,3532,165.5,160.5,5.0,息
2024-07-24,3645,42.85,42.55,0.3,息
2024-07-24,5607,60.4,55.09,5.307407,權息
2024-07-24,6869,297.0,291.69,5.307673,息
2024-07-25,00930,20.5,20.14,0.36,息
2024-07-25,1304,16.45,16.1,0.35,息
2024-07-25,1305,18.35,18.0,0.35,息
2024-07-25,1308,19.7,19.25,0.45,息
2024-07-25,1309,19.15,18.85,0.3,息
2024-07-25,1417,11.4,11.2,0.2,息
2024-07-25,1519,940.0,849.09,90.909091,權息
2024-07-25,1529,37.4,36.01,1.380583,權息
2024-07-25,1701,22.55,22.04,0.500026,息
2024-07-25,2002,23.15,22.8,0.35,息
2024-07-25,2002A,43.85,42.45,1.4,息
2024-07-25,2014,21.35,21.25,0.1,息
2024-07-25,2352,37.8,36.6,1.2,息
2024-07-25,2365,64.3,64.0,0.3,息
2024-07-25,2414,40.3,38.1,2.2,息
2024-07-25,2471,60.4,57.11,3.287156,息
2024-07-25,2495,31.7,31.0,0.7,息
2024-07-25,2511,12.7,12.34,0.36,息
2024-07-25,2852,24.45,23.32,1.13,息
2024-07-25,2884,29.8,28.03,1.761697,權息
2024-07-25,3013,115.0,114.61,0.385586,息
2024-07-25,3702,92.8,89.3,3.5,息
2024-07-25,3702A,49.15,47.15,2.0,息
2024-07-25,4439,106.5,102.5,4.0,息
2024-07-25,4572,161.0,156.0,5.0,息
2024-07-25,4581,63.0,59.4,3.6,息
2024-07-25,4720,23.25,22.71,0.53586,息
2024-07-25,4912,105.0,104.74,0.255,息
2024-07-25,6442,433.5,431.4,2.1,息
2024-07-25,6451,230.0,227.54,2.46,息
2024-07-25,6464,85.1,80.73,4.368464,息
2024-07-25,6666,63.5,62.2,1.3,息
2024-07-25,6782,264.0,261.6,2.4,息
2024-07-25,6863,227.5,224.5,3.0,息
2024-07-25,6914,151.5,146.95,4.547458,息
2024-07-25,9925,42.5,40.5,2.0,息
2024-07-25,9937,66.0,63.9,2.1,息
2024-07-26,1229,70.6,64.16,6.433333,權息
2024-07-26,1436,183.5,162.62,20.876562,權息
2024-07-26,2034,25.3,24.3,1.0,息
2024-07-26,3033,37.7,35.8,1.894892,息
2024-07-26,4551,91.5,89.0,2.5,息
2024-07-29,1527,43.7,41.7,2.0,息
2024-07-29,1727,31.35,31.06,0.286747,息
2024-07-29,1810,18.0,17.8,0.2,息
2024-07-29,2331,30.45,29.45,1.0,息
2024-07-29,2355,45.5,44.25,1.25,息
2024-07-29,2520,64.9,63.1,1.8,息
2024-07-29,2546,99.3,93.43,5.868628,權息
2024-07-29,2915,80.6,78.1,2.5,息
2024-07-29,4737,67.9,65.9,1.999436,息
2024-07-29,4916,32.5,32.1,0.4,息
2024-07-29,4919,115.5,112.5,3.0,息
2024-07-29,6277,80.4,78.2,2.2,息
2024-07-29,6416,131.5,128.7,2.8,息
2024-07-29,9908,32.7,31.5,1.2,息
2024-07-30,1540,31.15,30.05,1.1,息
2024-07-30,1617,22.75,22.46,0.281657,息
2024-07-30,1736,117.0,116.0,0.998753,息
2024-07-30,2020,36.5,30.41,6.083334,權
2024-07-30,2348,369.5,279.42,90.071334,權息
2024-07-30,2348A,34.3,32.7,1.6,息
2024-07-30,2497,56.1,55.1,1.0,息
2024-07-30,2867,7.73,7.67,0.051672,權
2024-07-30,3048,43.1,42.1,1.0,息
2024-07-30,3376,226.0,219.87,6.125178,權息
2024-07-30,3454,134.5,130.7,3.8,息
2024-07-30,4190,47.75,46.74,1.005338,息
2024-07-30,4560,36.8,35.8,1.0,息
2024-07-30,6177,71.0,64.76,6.238096,權息
2024-07-30,6288,27.15,26.95,0.191108,息
2024-07-30,6689,108.0,106.0,2.0,息
2024-07-30,8131,37.45,36.55,0.9,息
2024-07-31,1434,22.7,22.2,0.5,息
2024-07-31,1809,24.3,24.1,0.2,息
2024-07-31,2233,131.5,126.2,5.3,息
2024-07-31,2345,510.0,500.0,9.9956,息
2024-07-31,2748,64.9,62.9,2.0,息
2024-07-31,4106,28.0,27.2,0.8,息
2024-07-31,4942,45.6,43.3,2.3,息
2024-07-31,6414,306.5,295.14,11.35226,息
2024-08-01,00939,14.39,14.32,0.063,息
2024-08-01,1210,57.5,55.27,2.222353,息
2024-08-01,1216,83.9,80.9,3.0,息
2024-08-01,1531,14.4,14.2,0.2,息
2024-08-01,1558,101.5,97.7,3.8,息
2024-08-01,1720,74.4,71.7,2.7,息
2024-08-01,1730,56.7,53.9,2.8,息
2024-08-01,2351,119.0,116.4,2.6,息
2024-08-01,2369,20.8,20.5,0.3,息
2024-08-01,2393,78.0,74.8,3.2,息
2024-08-01,2912,277.5,268.5,9.0,息
2024-08-01,3209,36.45,34.35,2.098284,息
2024-08-01,5269,1665.0,1646.41,18.580614,息
2024-08-01,6201,64.5,60.6,3.9,息
2024-08-01,6239,163.5,156.5,7.0,息
2024-08-01,6873,264.5,258.08,6.414955,權
2024-08-02,2481,56.9,55.7,1.2,息
2024-08-02,9938,67.2,66.2,1.0,息
2024-08-05,1231,117.5,105.36,12.136363,權息
2024-08-05,1795,260.0,255.35,4.647452,息
2024-08-05,2027,38.2,37.0,1.2,息
2024-08-05,2376,262.5,256.14,6.357943,息
2024-08-05,2409,17.75,16.85,0.9,息
2024-08-05,3051,31.45,30.45,1.0,息
2024-08-05,3694,42.6,41.59,1.00028,息
2024-08-05,6743,63.5,63.0,0.5,息
2024-08-06,2375,61.2,60.4,0.8,息
2024-08-06,2887,18.8,17.5,1.3,權息
2024-08-07,00946,9.4,9.33,0.067,息
2024-08-07,1439,29.1,28.8,0.3,息
2024-08-07,2545,54.0,51.7,2.3,息
2024-08-07,6715,147.5,144.19,3.303018,息
2024-08-07,8103,56.1,54.86,1.231168,息
2024-08-08,00940,9.38,9.33,0.05,息
2024-08-08,1530,31.25,29.75,1.5,息
2024-08-08,2834,17.95,15.91,2.030718,權息
2024-08-08,2886,41.55,38.88,2.666505,權息
2024-08-08,2892,28.25,26.6,1.648058,權息
2024-08-08,3050,22.3,21.8,0.5,息
2024-08-08,6830,126.0,125.42,0.579362,權
2024-08-08,8466,58.0,57.7,0.295119,息
2024-08-08,9914,244.0,238.0,6.0,息
2024-08-08,9942,126.0,119.0,7.0,息
2024-08-12,2515,14.4,13.88,0.52,息
2024-08-12,2885,32.6,31.96,0.639216,權
2024-08-12,5203,96.1,93.3,2.8,息
2024-08-12,6472,783.0,771.0,12.0,息
2024-08-13,1440,16.3,15.95,0.35,息
2024-08-13,2476,104.0,101.52,2.476659,息
2024-08-13,2880,27.45,25.99,1.459901,權息
2024-08-13,4746,95.7,93.7,2.0,息
2024-08-13,4977,68.8,66.6,2.2,息
2024-08-14,2597,202.0,144.28,57.714286,權
2024-08-14,2836,12.55,11.89,0.656797,權息
2024-08-14,5880,26.45,24.92,1.522464,權息
2024-08-14,6202,49.0,48.55,0.45,息
2024-08-14,6805,743.0,737.5,5.5,息
2024-08-15,00936,16.93,16.77,0.16,息
2024-08-15,1583,69.3,65.3,4.0,息
2024-08-15,1714,9.22,8.92,0.3,息
2024-08-15,2327,745.0,623.51,121.483723,權
2024-08-15,2539,83.2,71.37,11.82069,權息
2024-08-15,2547,10.8,10.55,0.25,息
2024-08-15,2801,18.45,17.34,1.105039,權息
2024-08-15,3008,2840.0,2800.0,40.0,息
2024-08-15,3017,597.0,590.04,6.957345,息
2024-08-15,3056,36.6,34.79,1.801923,權息
2024-08-15,4137,148.5,138.38,10.118146,息
2024-08-15,5288,214.0,206.26,7.737647,息
2024-08-16,00690,34.48,33.48,1.0,息
2024-08-16,00701,28.92,28.62,0.3,息
2024-08-16,00771,17.81,17.59,0.22,息
2024-08-16,00850,44.11,43.49,0.62,息
2024-08-16,00878,23.13,22.58,0.55,息
2024-08-16,00881,23.92,22.92,1.0,息
2024-08-16,00891,18.26,17.85,0.41,息
2024-08-16,00894,20.56,19.86,0.7,息
2024-08-16,00900,15.79,14.99,0.792,息
2024-08-16,00913,21.22,20.56,0.66,息
2024-08-16,00932,17.27,16.62,0.65,息
2024-08-16,00934,19.49,19.35,0.14,息
2024-08-16,00944,14.87,14.81,0.058,息
2024-08-16,00945B,15.28,15.17,0.102,息
2024-08-16,1609,56.8,52.95,3.847619,權息
2024-08-16,3023,302.0,292.4,9.598566,息
2024-08-16,6799,117.0,114.03,2.969445,息
2024-08-19,1442,71.0,67.5,3.5,息
2024-08-19,2301,108.0,106.0,2.0,息
2024-08-19,4569,105.5,101.0,4.5,息
2024-08-19,6443,24.4,24.0,0.4,息
2024-08-19,8454,411.0,391.42,19.571425,權
2024-08-20,00731,77.55,74.17,3.38,息
2024-08-20,00775B,35.73,35.3,0.43,息
2024-08-20,00929,19.82,19.64,0.18,息
2024-08-20,1737,34.3,33.1,1.2,息
2024-08-20,2472,82.3,79.5,2.8,息
2024-08-20,3563,355.0,354.0,1.0,息
2024-08-20,6806,136.5,135.05,1.443302,息
2024-08-21,00923,22.22,21.29,0.923,息
2024-08-21,1339,62.4,59.4,3.0,息
2024-08-21,1537,146.0,139.0,7.0,息
2024-08-21,3028,34.25,32.28,1.967384,息
2024-08-21,5222,167.0,151.81,15.181819,權
2024-08-22,1597,101.0,100.2,0.8,息
2024-08-22,2201,55.0,53.6,1.4,息
2024-08-22,2890,26.7,25.31,1.382927,權息
2024-08-22,3036,110.0,108.2,1.799247,息
2024-08-22,3036A,47.5,45.5,2.0,息
2024-08-22,5534,126.0,120.5,5.5,息
2024-08-22,6230,234.5,233.44,1.053,息
2024-08-22,6742,54.3,53.1,1.2,息
2024-08-22,9958,209.0,206.08,2.911949,息
2024-08-23,00907,16.17,15.84,0.33,息
2024-08-23,1307,32.65,31.15,1.5,息
2024-08-23,1321,39.05,38.65,0.4,息
2024-08-23,3052,13.35,12.69,0.653922,權息
2024-08-23,6534,77.4,76.9,0.5,息
2024-08-23,6916,24.6,23.55,1.05,息
2024-08-23,9921,239.0,234.0,5.0,息
2024-08-26,1324,13.2,13.0,0.2,息
2024-08-26,1528,13.55,13.45,0.1,息
2024-08-26,1539,24.25,23.65,0.6,息
2024-08-26,1615,73.0,62.55,10.447552,權息
2024-08-26,2377,175.0,169.6,5.4,息
2024-08-26,2426,19.05,18.85,0.2,息
2024-08-26,2428,172.5,167.3,5.2,息
2024-08-26,2484,30.5,29.0,1.5,息
2024-08-26,2527,38.6,37.1,1.5,息
2024-08-26,2538,20.6,19.9,0.7,息
2024-08-26,3002,14.9,14.58,0.319519,息
2024-08-26,3027,37.7,37.33,0.369776,息
2024-08-26,4104,91.6,87.23,4.361905,權
2024-08-26,6168,22.0,21.5,0.5,息
2024-08-26,6753,137.5,129.9,7.595239,權息
2024-08-27,1409,16.9,16.35,0.55,息
2024-08-27,1454,19.65,19.4,0.25,息
2024-08-27,1541,31.8,31.3,0.5,息
2024-08-27,1587,55.6,52.94,2.656838,權
2024-08-27,1709,24.0,23.4,0.6,息
2024-08-27,1722,63.0,60.4,2.6,息
2024-08-27,2227,122.5,119.02,3.48,息
2024-08-27,2413,22.15,21.95,0.2,息
2024-08-27,2441,62.8,60.3,2.5,息
2024-08-27,2845,15.95,14.7,1.249829,權息
2024-08-27,2905,20.25,20.05,0.2,息
2024-08-27,3025,66.9,63.7,3.2,息
2024-08-27,4438,113.0,107.8,5.2,息
2024-08-27,6183,77.0,74.25,2.75,息
2024-08-27,9941,150.5,144.4,6.1,息
2024-08-27,9941A,51.7,49.62,2.070664,息
2024-08-28,1108,16.25,15.25,1.0,息
2024-08-28,1225,161.0,159.6,1.4,息
2024-08-28,1453,21.3,20.67,0.620389,權
2024-08-28,1457,21.4,20.38,1.019048,權
2024-08-28,1603,41.6,40.3,1.3,息
2024-08-28,1616,20.6,20.23,0.37,息
2024-08-28,1735,18.6,18.1,0.5,息
2024-08-28,2023,15.2,14.9,0.29804,權
2024-08-28,2420,67.4,64.4,3.0,息
2024-08-28,3533,1510.0,1484.24,25.754503,息
2024-08-28,3622,60.7,58.7,2.0,息
2024-08-28,5525,41.2,38.86,2.332076,權
2024-08-28,6216,44.85,43.19,1.654117,息
2024-08-28,6426,59.5,59.0,0.5,息
2024-08-28,6579,173.0,158.63,14.361465,權息
2024-08-28,9105,5.92,5.85,0.061859,息
2024-08-29,1235,130.5,123.8,6.690476,權息
2024-08-29,1315,72.3,69.8,2.5,息
2024-08-29,1463,26.0,25.5,0.5,息
2024-08-29,1532,40.3,38.86,1.434131,息
2024-08-29,2059,1260.0,1245.81,14.19,息
2024-08-29,2364,124.5,95.76,28.73077,權
2024-08-29,2383,451.5,441.52,9.979206,息
2024-08-29,2468,25.05,24.25,0.8,息
2024-08-29,2505,27.05,26.65,0.4,息
2024-08-29,2530,47.25,46.69,0.56,息
2024-08-29,5283,108.5,104.5,4.0,息
2024-08-29,6108,20.15,19.65,0.5,息
2024-08-29,6209,26.9,26.4,0.499875,息
2024-08-30,2328,36.15,34.85,1.3,息
2024-08-30,2439,136.5,131.61,4.885382,權息
2024-09-02,2338,64.6,63.1,1.5,息
2024-09-02,2442,34.5,33.63,0.864153,權息
2024-09-02,5243,60.7,59.1,1.6,息
2024-09-02,6282,35.0,34.49,0.500341,息
2024-09-02,9906,202.0,196.64,5.356782,息
2024-09-03,00939,14.67,14.6,0.063,息
2024-09-03,6139,242.0,233.01,8.982075,息
2024-09-04,1734,37.2,33.51,3.681482,權息
2024-09-04,2250,101.0,97.81,3.187104,息
2024-09-04,2323,12.9,12.22,0.68,息
2024-09-04,2701,13.1,12.82,0.28,息
2024-09-04,2901,27.85,27.48,0.360531,息
2024-09-04,3346,40.1,38.6,1.497743,息
2024-09-04,8442,124.0,118.74,5.257006,息
2024-09-05,00940,9.49,9.44,0.05,息
2024-09-05,1203,50.8,49.7,1.1,息
2024-09-05,2379,510.0,494.5,15.5,息
2024-09-05,3312,77.4,76.2,1.2,息
2024-09-05,4155,24.25,23.95,0.3,息
2024-09-05,5871,143.0,142.69,0.305275,權
2024-09-05,5871A,95.1,94.87,0.228895,權
2024-09-05,5906,63.2,58.76,4.438096,權息
2024-09-05,9946,35.55,34.85,0.7,息
2024-09-06,00946,9.84,9.78,0.054,息
2024-09-06,2923,29.6,29.4,0.2,息
2024-09-06,6552,48.0,47.7,0.3,息
2024-09-09,01010T,10.19,10.0,0.184625,息
2024-09-09,1514,122.5,118.57,3.923361,權息
2024-09-09,2881,92.5,88.09,4.404762,權
2024-09-09,4736,165.0,155.0,10.0,息
2024-09-10,1465,15.35,14.85,0.5,息
2024-09-10,9906,187.0,183.19,3.806738,權
2024-09-12,01009T,7.66,7.51,0.141706,息
2024-09-12,1477,379.0,364.7,14.294118,權息
2024-09-12,2330,901.0,896.99,4.000138,息
2024-09-12,2540,192.0,127.0,65.0,權息
2024-09-12,3661,2285.0,2262.57,22.420249,息
2024-09-12,4763,959.0,828.42,130.573913,權息
2024-09-12,6504,69.0,67.9,1.1,息
2024-09-13,1517,15.35,15.15,0.2,息
2024-09-13,2461,22.15,21.95,0.199636,息
2024-09-13,9802,117.0,114.0,3.0,息
2024-09-16,00936,16.3,16.22,0.08,息
2024-09-16,2228,115.5,114.2,1.296676,權
2024-09-16,2464,80.2,79.44,0.756853,權
2024-09-16,5306,149.0,148.27,0.723035,息
2024-09-18,00713,58.25,56.75,1.5,息
2024-09-18,00896,17.38,17.11,0.27,息
2024-09-18,00921,18.81,18.21,0.6,息
2024-09-18,00934,19.11,18.96,0.142,息
2024-09-18,00935,21.47,20.87,0.6,息
2024-09-18,00943,14.67,14.52,0.15,息
2024-09-18,00944,14.94,14.88,0.058,息
2024-09-19,00710B,19.69,19.45,0.24,息
2024-09-19,00711B,17.42,17.22,0.2,息
2024-09-19,00712,10.22,10.02,0.2,息
2024-09-19,00915,27.23,26.41,0.82,息
2024-09-19,00918,24.29,23.51,0.78,息
2024-09-19,00929,18.95,18.79,0.16,息
2024-09-19,00945B,15.2,15.09,0.102,息
2024-09-19,1449,19.4,18.84,0.553698,權息
2024-09-19,2109,19.55,18.85,0.7,息
2024-09-19,2706,15.15,14.8,0.35,息
2024-09-19,3059,35.2,34.5,0.7,息
2024-09-19,910861,6.48,6.45,0.02035,息
2024-09-20,00930,19.06,18.63,0.43,息
2024-09-23,00919,24.18,23.46,0.72,息
2024-09-24,2488,51.5,48.7,2.8,息
2024-09-24,4912,104.0,103.28,0.712,息
2024-09-24,5258,138.0,130.28,7.714285,權息
2024-09-24,6655,145.0,136.0,9.0,息
2024-09-24,8105,17.75,17.65,0.1,息
2024-09-25,2236,109.5,106.72,2.770097,權息
2024-09-25,2458,148.0,143.93,4.06989,息
2024-09-26,1590,874.0,856.31,17.68314,息
2024-09-26,1808,119.5,52.95,66.545455,權息
2024-09-26,2542,50.3,45.27,5.027273,權息
2024-09-26,9927,76.8,71.65,5.15,息
2024-10-01,01004T,12.19,11.99,0.195709,息
2024-10-01,1589,44.8,44.25,0.540801,權
2024-10-02,00939,14.77,14.7,0.063,息
2024-10-02,2722,43.05,41.04,2.005313,權
2024-10-02,4967,106.0,104.34,1.65127,息
2024-10-07,2538,17.4,17.14,0.257143,權
2024-10-07,9939,162.5,161.7,0.797875,權
2024-10-08,00946,9.66,9.6,0.054,息
2024-10-09,00940,9.58,9.53,0.05,息
2024-10-11,4927,56.9,55.46,1.432222,權
2024-10-14,2034,23.5,23.06,0.432505,權
2024-10-15,9935,34.15,33.99,0.154507,權
2024-10-16,00936,16.25,16.17,0.08,息
2024-10-17,0056,39.02,37.95,1.07,息
2024-10-17,00717,16.79,16.62,0.167,息
2024-10-17,00730,24.01,22.71,1.3,息
2024-10-17,00733,55.8,54.47,1.321,息
2024-10-17,00739,22.78,22.28,0.5,息
2024-10-17,00908,13.78,13.64,0.133,息
2024-10-17,00912,20.45,19.79,0.66,息
2024-10-17,00922,22.62,21.62,1.0,息
2024-10-17,00934,19.42,19.28,0.139,息
2024-10-17,00943,15.17,15.02,0.15,息
2024-10-17,00944,14.92,14.86,0.058,息
2024-10-18,2489,21.95,21.36,0.59,息
2024-10-18,6235,70.6,70.0,0.597985,權
2024-10-21,00904,18.57,18.42,0.15,息
2024-10-21,00945B,15.26,15.15,0.102,息
2024-10-22,00714,22.47,22.34,0.123,息
2024-10-22,00905,14.44,14.12,0.32,息
2024-10-22,00927,19.49,19.01,0.48,息
2024-10-22,00929,19.17,19.03,0.14,息
2024-10-22,2543,96.9,76.06,20.837008,權息
2024-10-23,4552,28.0,26.9,1.1,息
2024-10-24,006204,117.55,116.85,0.7,息
2024-10-24,00907,16.09,15.81,0.28,息
2024-10-24,2367,32.7,32.32,0.377781,權
2024-10-28,6706,172.0,169.45,2.545279,權
2024-10-28,9928,20.3,19.55,0.749386,權
2024-10-31,00939,14.48,14.41,0.063,息
2024-10-31,5522,67.5,66.5,1.0,息
2024-11-01,1516,20.3,19.69,0.602813,權
2024-11-04,8473,41.5,40.21,1.287121,權
2024-11-05,020036,6.84,6.59,0.242,息
2024-11-06,1587,39.35,38.41,0.93435,權
2024-11-07,00940,9.5,9.46,0.04,息
2024-11-07,00946,9.33,9.27,0.054,息
2024-11-07,00953B,10.18,10.11,0.07,息
2024-11-11,9802,120.0,117.8,2.196378,權
2024-11-13,6550,50.5,50.45,0.046741,權
2024-11-14,5284,163.5,160.52,2.974738,權
2024-11-15,00936,15.67,15.62,0.05,息
2024-11-18,0051,80.3,77.84,2.46,息
2024-11-18,0053,103.0,101.0,2.0,息
2024-11-18,0055,29.1,27.92,1.18,息
2024-11-18,006208,112.3,111.4,0.9,息
2024-11-18,00692,45.0,44.4,0.6,息
2024-11-18,00771,18.22,18.0,0.22,息
2024-11-18,00850,45.85,45.2,0.65,息
2024-11-18,00878,22.73,22.18,0.55,息
2024-11-18,00891,18.06,17.57,0.49,息
2024-11-18,00892,17.22,16.98,0.24,息
2024-11-18,00894,21.04,20.44,0.6,息
2024-11-18,00900,14.31,14.21,0.1,息
2024-11-18,00934,18.34,18.22,0.115,息
2024-11-18,00944,14.52,14.46,0.058,息
2024-11-18,00945B,15.41,15.3,0.102,息
2024-11-19,00690,34.37,33.57,0.8,息
2024-11-19,00731,71.45,69.07,2.38,息
2024-11-19,00929,17.98,17.87,0.11,息
2024-11-19,00932,16.31,15.79,0.52,息
2024-11-19,00943,14.82,14.67,0.15,息
2024-11-20,00775B,34.44,33.87,0.57,息
2024-11-21,01007T,15.8,15.58,0.217621,息
2024-11-25,2636,87.2,84.2,3.0,息
2024-11-26,00901,21.46,20.56,0.9,息
2024-11-26,00930,18.85,18.42,0.43,息
2024-11-28,2530,42.7,42.12,0.575849,息
2024-11-28,2762,97.1,94.84,2.250777,息
2024-11-28,2867,6.65,6.63,0.018423,權
2024-12-03,00939,14.4,14.33,0.063,息
2024-12-04,020038,7.84,7.5,0.334,息
2024-12-04,3059,32.2,31.71,0.480064,權
2024-12-04,6645,27.2,26.71,0.483044,權
2024-12-05,3346,39.1,38.74,0.351604,權
2024-12-05,6438,209.0,207.05,1.943497,息
2024-12-06,00946,9.22,9.17,0.041,息
2024-12-06,00953B,10.36,10.29,0.07,息
2024-12-06,1438,59.9,58.11,1.780484,權
2024-12-09,4912,129.5,128.75,0.741,息
2024-12-10,2474,196.0,188.5,7.5,息
2024-12-10,6277,77.9,76.2,1.7,息
2024-12-11,00940,9.52,9.48,0.04,息
2024-12-12,2330,1045.0,1041.0,3.999637,息
2024-12-12,6657,52.2,51.63,0.569531,權
2024-12-16,00936,15.46,15.41,0.05,息
2024-12-17,00713,55.65,54.25,1.4,息
2024-12-17,00730,22.16,22.07,0.086,息
2024-12-17,00896,17.47,17.02,0.45,息
2024-12-17,00900,14.05,13.95,0.1,息
2024-12-17,00915,25.75,25.0,0.75,息
2024-12-17,00921,17.93,17.61,0.32,息
2024-12-17,00926,24.26,22.76,1.5,息
2024-12-17,00934,17.96,17.93,0.023,息
2024-12-17,00943,14.51,14.48,0.025,息
2024-12-17,00944,14.59,14.53,0.058,息
2024-12-17,00945B,15.43,15.32,0.102,息
2024-12-18,00710B,20.0,19.74,0.26,息
2024-12-18,00711B,16.5,16.31,0.19,息
2024-12-18,00712,9.83,9.64,0.185,息
2024-12-18,00929,17.89,17.84,0.05,息
2024-12-18,4763,942.0,919.41,22.580124,息
2024-12-19,00728,33.03,32.25,0.771,息
2024-12-19,00918,24.1,23.26,0.84,息
2024-12-19,2753,150.0,148.0,1.995498,息
2024-12-19,5306,126.0,124.75,1.247508,息
2024-12-19,8070,46.2,45.5,0.7,息
2024-12-20,00919,23.97,23.25,0.72,息
2024-12-24,00907,16.01,15.79,0.22,息
2024-12-26,1805,18.0,17.11,0.889084,權
2024-12-26,2028,21.2,20.9,0.3,息
2024-12-30,6153,16.3,16.14,0.151845,權
2024-12-31,00939,14.22,14.17,0.05,息
2025-01-02,00940,9.41,9.38,0.03,息
2025-01-02,2454,1415.0,1386.0,29.0,息
2025-01-06,6658,76.8,75.66,1.135552,權
2025-01-08,00946,9.4,9.35,0.041,息
2025-01-08,00953B,10.32,10.25,0.07,息
2025-01-09,1316,14.7,14.22,0.479488,權
2025-01-14,2543,67.2,66.5,0.699956,權
2025-01-16,00929,17.92,17.87,0.05,息
2025-01-16,00936,14.8,14.75,0.05,息
2025-01-17,0050,198.05,195.35,2.7,息
2025-01-17,0056,36.39,35.32,1.07,息
2025-01-17,006203,93.1,91.2,1.9,息
2025-01-17,00701,29.16,27.11,2.05,息
2025-01-17,00702,25.04,24.34,0.7,息
2025-01-17,00717,16.26,16.1,0.157,息
2025-01-17,00730,22.99,22.9,0.086,息
2025-01-17,00735,33.05,32.88,0.17,息
2025-01-17,00736,22.99,22.72,0.27,息
2025-01-17,00770,52.1,48.1,4.0,息
2025-01-17,00830,47.78,43.82,3.96,息
2025-01-17,00881,24.61,23.86,0.75,息
2025-01-17,00882,12.78,12.25,0.53,息
2025-01-17,00900,13.81,13.71,0.1,息
2025-01-17,00908,12.35,12.21,0.138,息
2025-01-17,00912,19.31,18.92,0.39,息
2025-01-17,00917,24.23,22.23,2.0,息
2025-01-17,00920,12.68,12.47,0.206,息
2025-01-17,00934,17.94,17.91,0.026,息
2025-01-17,00943,14.22,14.2,0.018,息
2025-01-17,00944,14.45,14.39,0.058,息
2025-01-17,00945B,15.65,15.55,0.1,息
2025-01-17,00956,9.62,9.51,0.11,息
2025-01-17,00960,14.26,14.08,0.18,息
2025-01-21,00904,18.71,18.56,0.15,息
2025-01-21,1707,148.5,145.8,2.7,息
2025-01-22,00714,21.19,21.06,0.123,息
2025-01-22,00927,18.35,17.98,0.37,息
2025-01-22,00930,17.96,17.8,0.16,息
2025-02-05,2540,90.8,90.22,0.577855,權
2025-02-06,00940,9.3,9.27,0.03,息
2025-02-07,2547,11.05,10.99,0.057966,權
2025-02-11,00939,14.1,14.05,0.05,息
2025-02-12,6438,223.5,221.62,1.8791,權
2025-02-13,00946,9.16,9.13,0.025,息
2025-02-13,00953B,10.37,10.3,0.07,息
2025-02-13,6024,57.5,56.75,0.742786,權
2025-02-13,6806,121.5,113.94,7.555266,權
2025-02-14,4557,139.0,134.12,4.877862,權
2025-02-17,00936,15.25,15.22,0.03,息
2025-02-17,4564,24.0,23.35,0.644363,權
2025-02-18,00690,36.37,35.67,0.7,息
2025-02-18,00891,18.83,18.42,0.41,息
2025-02-18,00894,21.23,20.68,0.55,息
2025-02-18,00913,21.16,20.66,0.5,息
2025-02-18,00923,22.55,21.78,0.77,息
2025-02-18,00932,15.83,15.73,0.1,息
2025-02-18,00934,18.67,18.64,0.026,息
2025-02-18,00944,14.87,14.81,0.058,息
2025-02-18,00945B,15.59,15.49,0.1,息
2025-02-18,8033,66.7,65.59,1.107255,權
2025-02-19,00730,23.66,23.56,0.1,息
2025-02-19,00731,68.4,67.8,0.593,息
2025-02-19,00900,14.19,14.09,0.1,息
2025-02-19,00929,18.67,18.62,0.05,息
2025-02-19,6625,81.1,79.06,2.033724,權
2025-02-20,00775B,33.78,33.37,0.41,息
2025-02-20,00878,22.96,22.46,0.5,息
2025-02-21,00771,17.83,17.61,0.22,息
2025-02-21,00850,46.56,45.9,0.66,息
2025-02-24,00907,16.19,16.06,0.13,息
2025-02-25,6177,47.05,46.55,0.492367,權
2025-02-25,8466,41.3,40.97,0.327268,權
2025-03-03,6854,235.5,231.26,4.238238,權
2025-03-05,00939,14.4,14.35,0.05,息
2025-03-06,00946,9.63,9.6,0.025,息
2025-03-06,00953B,10.35,10.28,0.07,息
2025-03-06,1598,30.9,30.63,0.268478,權
2025-03-11,00940,9.54,9.51,0.03,息
2025-03-13,01009T,7.0,6.86,0.138076,息
2025-03-13,1712,45.45,42.95,2.5,息
2025-03-13,2528,45.25,43.25,2.0,息
2025-03-13,2613,33.5,32.5,1.0,息
2025-03-13,6423,93.4,92.41,0.99,息
2025-03-17,00936,15.51,15.48,0.03,息
2025-03-17,2630,34.95,34.32,0.62056,息
2025-03-18,00730,22.98,22.88,0.1,息
2025-03-18,00896,16.66,16.21,0.45,息
2025-03-18,00900,13.99,13.89,0.1,息
2025-03-18,00919,23.74,23.02,0.72,息
2025-03-18,00921,17.23,17.15,0.08,息
2025-03-18,00922,21.11,20.48,0.63,息
2025-03-18,00934,18.25,18.22,0.026,息
2025-03-18,00935,21.43,20.83,0.6,息
2025-03-18,00944,14.85,14.79,0.058,息
2025-03-18,00945B,15.4,15.29,0.102,息
2025-03-18,00963,10.79,10.73,0.055,息
2025-03-18,00964,10.28,10.24,0.04,息
2025-03-18,2330,970.0,965.49,4.50002,息
2025-03-18,5306,125.0,123.47,1.525165,息
2025-03-18,9802,136.5,134.59,1.900147,息
2025-03-19,00710B,20.27,19.95,0.32,息
2025-03-19,00711B,16.65,16.46,0.19,息
2025-03-19,00712,10.19,10.0,0.183,息
2025-03-19,00915,24.5,24.0,0.5,息
2025-03-19,00929,18.45,18.4,0.05,息
2025-03-19,9105,7.54,7.42,0.118755,息
2025-03-20,00728,31.15,30.37,0.771,息
2025-03-20,00918,23.14,22.44,0.7,息
2025-03-20,00930,18.17,17.92,0.25,息
2025-03-20,1342,105.0,100.2,4.792902,息
2025-03-20,2006,76.6,72.6,4.0,息
2025-03-20,2101,42.4,41.9,0.5,息
2025-03-20,2301,105.5,102.99,2.506595,息
2025-03-20,2430,31.95,30.45,1.5,息
2025-03-20,3008,2525.0,2467.5,57.5,息
2025-03-20,3029,147.0,142.0,5.0,息
2025-03-20,3149,36.75,35.55,1.193457,權
2025-03-20,6534,83.3,79.7,3.6,息
2025-03-21,00713,55.1,53.7,1.4,息
2025-03-21,01010T,10.12,9.92,0.199935,息
2025-03-21,4583,777.0,765.0,12.0,息
2025-03-21,6235,58.6,57.38,1.219664,息
2025-03-21,6281,81.0,77.0,4.0,息
2025-03-24,5222,136.5,132.5,4.0,息
2025-03-25,5007,56.0,53.0,3.0,息
2025-03-26,1611,16.4,15.6,0.8,息
2025-03-26,2108,32.35,31.35,1.0,息
2025-03-27,01004T,11.83,11.62,0.204597,息
2025-03-27,1341,74.7,69.5,5.2,息
2025-03-27,1445,16.85,16.35,0.5,息
2025-03-27,1477,343.5,333.4,10.1,息
2025-03-27,2015,72.0,68.5,3.5,息
2025-03-27,2324,36.5,35.1,1.4,息
2025-03-27,2458,157.0,153.23,3.763396,息
2025-03-27,2483,21.75,21.45,0.3,息
2025-03-27,2496,89.0,83.32,5.68,息
2025-03-27,3038,28.8,27.3,1.5,息
2025-03-27,3164,22.5,21.7,0.8,息
2025-03-27,4770,331.0,319.0,12.0,息
2025-03-27,4949,40.9,39.8,1.099565,息
2025-03-27,5225,137.5,127.1,10.394332,息
2025-03-27,5388,129.5,124.9,4.6,息
2025-03-27,6415,437.5,435.09,2.401105,息
2025-03-27,6581,120.0,114.0,6.0,息
2025-03-27,6955,165.5,164.0,1.5,息
2025-03-27,7732,44.0,42.0,2.0,息
2025-03-28,6606,30.85,27.85,3.0,息
2025-03-28,6835,50.5,48.5,2.0,息
2025-03-31,2910,24.95,24.0,0.95,息
2025-03-31,7631,116.0,115.4,0.593939,息
2025-04-01,00939,13.78,13.73,0.05,息
2025-04-01,2535,58.6,54.85,3.75,息
2025-04-01,3004,97.2,94.18,3.0104,息
2025-04-01,3257,53.0,51.0,2.0,息
2025-04-01,4440,25.3,23.7,1.6,息
2025-04-01,4930,30.0,28.4,1.6,息
2025-04-01,6873,200.5,195.24,5.259402,息
2025-04-01,8464,394.0,379.5,14.5,息
2025-04-02,00946,9.29,9.26,0.025,息
2025-04-02,00953B,10.3,10.23,0.07,息
2025-04-07,1414,20.45,20.22,0.23,息
2025-04-10,00940,7.36,7.33,0.03,息
2025-04-10,1315,65.7,63.2,2.5,息
2025-04-10,1457,17.7,16.7,1.0,息
2025-04-10,1536,47.25,46.45,0.8,息
2025-04-10,3003,46.0,44.0,2.0,息
2025-04-10,4532,25.15,23.64,1.500469,息
2025-04-10,6224,37.7,35.95,1.75,息
2025-04-11,1604,27.8,26.3,1.5,息
2025-04-11,2109,18.6,17.8,0.8,息
2025-04-17,00936,13.52,13.49,0.03,息
2025-04-17,00947,11.82,11.74,0.08,息
2025-04-17,1451,18.5,17.5,1.0,息
2025-04-17,1524,36.6,34.3,2.3,息
2025-04-17,2010,18.75,17.45,1.3,息
2025-04-17,2707,211.0,196.63,14.3612,息
2025-04-17,4566,57.4,55.89,1.502599,息
2025-04-17,6128,35.5,33.0,2.5,息
2025-04-17,9911,88.5,83.8,4.7,息
2025-04-18,00905,11.61,11.56,0.05,息
2025-04-18,00912,16.31,16.11,0.2,息
2025-04-18,00927,15.77,15.4,0.37,息
2025-04-18,00934,16.22,16.19,0.026,息
2025-04-18,00944,13.37,13.31,0.058,息
2025-04-18,00956,9.81,9.7,0.11,息
2025-04-18,00960,13.05,12.87,0.18,息
2025-04-18,00963,10.18,10.12,0.055,息
2025-04-18,00964,9.52,9.48,0.04,息
2025-04-18,6756,92.5,90.7,1.799562,息
2025-04-21,00714,20.51,20.38,0.123,息
2025-04-21,00945B,14.82,14.71,0.102,息
2025-04-22,00904,15.25,15.1,0.15,息
2025-04-22,00929,16.49,16.44,0.05,息
2025-04-23,0052,153.0,149.77,3.23,息
2025-04-23,0056,31.98,30.91,1.07,息
2025-04-23,00717,14.86,14.68,0.173,息
2025-04-23,00730,20.41,20.31,0.1,息
2025-04-23,00733,36.91,36.83,0.073,息
2025-04-23,00900,12.04,11.94,0.1,息
2025-04-23,00907,13.92,13.82,0.095,息
2025-04-23,00908,13.21,13.06,0.148,息
2025-04-24,1217,11.7,11.33,0.37,息
2025-04-24,1717,26.6,25.4,1.2,息
2025-04-24,2477,23.2,21.9,1.3,息
2025-04-24,2530,34.15,33.73,0.419231,息
2025-04-24,4104,88.2,84.4,3.8,息
2025-04-24,6192,96.7,91.2,5.5,息
2025-04-25,1786,95.1,91.86,3.239594,息
2025-05-02,00939,13.25,13.2,0.05,息
2025-05-06,00946,8.53,8.5,0.025,息
2025-05-06,00953B,9.08,9.01,0.07,息
2025-05-08,00940,8.72,8.69,0.03,息
2025-05-13,6243,43.6,42.4,1.2,息
2025-05-15,01001T,13.2,12.79,0.405615,息
2025-05-15,01002T,15.33,14.88,0.442644,息
2025-05-15,01007T,15.2,14.98,0.218215,息
2025-05-16,00936,14.61,14.58,0.03,息
2025-05-19,00690,33.24,32.93,0.31,息
2025-05-19,00730,22.64,22.53,0.11,息
2025-05-19,00878,21.26,20.79,0.47,息
2025-05-19,00891,16.91,16.5,0.41,息
2025-05-19,00894,18.93,18.53,0.4,息
2025-05-19,00900,13.52,13.42,0.1,息
2025-05-19,00932,14.5,14.4,0.1,息
2025-05-19,00934,18.16,18.13,0.026,息
2025-05-19,00944,14.43,14.37,0.058,息
2025-05-19,00945B,13.86,13.75,0.102,息
2025-05-19,00963,10.07,10.01,0.055,息
2025-05-19,00964,9.79,9.75,0.04,息
2025-05-20,00731,66.9,66.3,0.593,息
2025-05-20,00929,17.6,17.53,0.07,息
2025-05-20,911608,3.07,3.0,0.061665,息
2025-05-21,00775B,30.29,29.91,0.38,息
2025-05-22,00771,15.66,15.44,0.22,息
2025-05-22,00850,42.92,42.32,0.6,息
2025-05-22,3481,14.1,13.1,1.0,息
2025-05-22,6658,82.5,81.41,1.08452,息
2025-05-27,00930,17.02,16.95,0.07,息
2025-05-27,2332,16.4,16.3,0.1,息
2025-05-27,2426,17.0,16.9,0.1,息
2025-05-27,3715,44.9,43.4,1.5,息
2025-05-27,5234,208.0,203.0,5.0,息
2025-05-27,6525,71.8,67.6,4.2,息
2025-05-28,1215,113.0,108.5,4.5,息
2025-05-28,1568,25.5,24.3,1.2,息
2025-05-28,1708,36.7,34.7,2.0,息
2025-05-28,2467,157.5,152.5,5.0,息
2025-05-28,2612,47.45,45.35,2.1,息
2025-06-02,1598,22.7,22.2,0.5,息
2025-06-02,3543,20.5,20.0,0.5,息
2025-06-02,3596,214.0,206.5,7.5,息
2025-06-03,00939,13.65,13.61,0.04,息
2025-06-03,1702,46.35,43.85,2.5,息
2025-06-03,2313,60.5,58.1,2.4,息
2025-06-03,3231,115.0,111.2,3.799274,息
2025-06-03,3443,1095.0,1079.0,16.0,息
2025-06-03,8487,81.9,76.7,5.2,息
2025-06-04,00946,8.71,8.68,0.025,息
2025-06-04,00953B,9.3,9.23,0.07,息
2025-06-04,1605,20.9,20.36,0.536107,權息
2025-06-04,2642,26.55,26.05,0.5,息
2025-06-05,1323,21.2,20.3,0.9,息
2025-06-05,6861,53.0,51.2,1.799978,息
2025-06-06,1587,31.75,31.25,0.5,息
2025-06-09,6951,73.0,69.2,3.8,息
2025-06-10,00940,8.94,8.91,0.03,息
2025-06-10,1416,12.75,12.19,0.56,息
2025-06-10,2636,76.0,73.0,3.0,息
2025-06-10,2762,82.3,78.61,3.685155,息
2025-06-10,4722,69.2,67.8,1.396245,息
2025-06-10,6412,122.5,116.5,6.0,息
2025-06-10,8422,191.0,181.05,9.943974,息
2025-06-10,9940,28.0,26.2,1.8,息
2025-06-11,1219,15.2,14.7,0.5,息
2025-06-11,1232,163.5,156.5,7.0,息
2025-06-11,1473,29.85,27.85,2.0,息
2025-06-11,1733,30.95,29.75,1.2,息
2025-06-11,2020,28.05,25.85,2.2,息
2025-06-11,2597,183.5,175.8,7.7,息
2025-06-11,3015,62.1,59.1,3.0,息
2025-06-11,8463,25.5,24.4,1.1,息
2025-06-11,910322,24.55,23.17,1.373653,息
2025-06-11,9924,49.45,46.35,3.1,息
2025-06-12,01010T,10.07,9.97,0.099582,息
2025-06-12,1515,29.85,28.85,1.0,息
2025-06-12,1760,78.2,76.4,1.8,息
2025-06-12,2105,47.1,44.7,2.4,息
2025-06-12,2330,1065.0,1060.49,4.50002,息
2025-06-12,3679,144.5,134.5,10.0,息
2025-06-12,4958,107.0,102.2,4.8,息
2025-06-12,6423,89.8,88.01,1.783844,權
2025-06-12,6491,332.5,321.5,11.0,息
2025-06-12,6965,101.5,95.5,6.0,息
2025-06-12,8438,31.65,30.35,1.3,息
2025-06-12,8454,299.0,286.2,12.8,息
2025-06-13,1773,151.0,123.75,27.25,權息
2025-06-13,1776,17.85,17.05,0.8,息
2025-06-13,2327,487.0,467.0,19.995014,息
2025-06-13,2607,33.3,32.0,1.3,息
2025-06-13,2608,36.5,34.85,1.65,息
2025-06-13,2637,65.5,60.5,5.0,息
2025-06-13,3030,132.0,127.0,5.0,息
2025-06-13,4994,98.2,93.2,5.0,息
2025-06-13,6271,108.5,105.5,3.0,息
2025-06-13,6834,32.25,31.75,0.5,息
2025-06-13,6952,49.7,47.7,2.0,息
2025-06-13,8467,180.5,178.44,2.057887,息
2025-06-16,00936,14.8,14.77,0.03,息
2025-06-16,1582,77.0,71.5,5.5,息
2025-06-16,2107,26.2,24.8,1.4,息
2025-06-16,2421,104.0,100.28,3.712272,息
2025-06-16,2832,33.85,31.85,2.0,息
2025-06-16,2908,20.9,20.0,0.9,息
2025-06-16,3042,98.0,92.8,5.2,息
2025-06-16,3563,576.0,571.0,5.0,息
2025-06-16,4133,29.25,28.35,0.9,息
2025-06-16,4557,110.5,104.0,6.5,息
2025-06-16,4935,41.9,39.7,2.2,息
2025-06-16,8016,211.5,199.5,12.0,息
2025-06-16,9910,121.5,116.4,5.1,息
2025-06-17,00730,21.66,21.55,0.11,息
2025-06-17,00896,15.74,15.34,0.4,息
2025-06-17,00900,13.18,13.08,0.1,息
2025-06-17,00915,22.84,22.63,0.21,息
2025-06-17,00916,22.81,22.56,0.25,息
2025-06-17,00919,22.49,21.77,0.72,息
2025-06-17,00921,16.89,16.77,0.12,息
2025-06-17,00934,17.97,17.94,0.028,息
2025-06-17,00945B,13.56,13.46,0.1,息
2025-06-17,00952,9.41,9.39,0.02,息
2025-06-17,00963,10.03,9.97,0.055,息
2025-06-17,00964,10.04,9.99,0.043,息
2025-06-17,00972,14.72,14.67,0.05,息
2025-06-17,1423,38.3,37.5,0.8,息
2025-06-17,2106,23.95,22.85,1.1,息
2025-06-17,2115,29.2,27.7,1.5,息
2025-06-17,2302,16.45,15.87,0.58,息
2025-06-17,2308,400.5,393.5,7.0,息
2025-06-17,2385,153.0,143.0,10.0,息
2025-06-17,2545,51.7,46.0,5.691358,權息
2025-06-17,2816,26.4,24.9,1.5,息
2025-06-17,3035,179.5,176.5,3.0,息
2025-06-17,4938,83.0,78.49,4.502825,息
2025-06-17,5519,34.25,31.25,3.0,息
2025-06-17,6005,22.1,20.6,1.5,息
2025-06-17,8011,22.0,20.6,1.4,息
2025-06-18,00710B,18.07,17.75,0.32,息
2025-06-18,00711B,14.6,14.41,0.19,息
2025-06-18,00712,8.41,8.18,0.23,息
2025-06-18,00929,17.67,17.6,0.07,息
2025-06-18,2459,64.9,60.9,4.0,息
2025-06-18,2480,156.5,149.07,7.422,息
2025-06-18,2606,58.3,55.1,3.2,息
2025-06-18,3168,50.1,47.06,3.03891,息
2025-06-18,6024,50.3,47.47,2.83,息
2025-06-18,6531,310.5,303.5,6.993645,息
2025-06-18,8028,148.0,145.8,2.2,息
2025-06-18,8162,38.8,37.8,1.0,息
2025-06-19,00728,31.03,30.25,0.771,息
2025-06-19,00918,22.59,21.89,0.7,息
2025-06-19,1504,52.6,50.4,2.2,息
2025-06-19,1711,16.7,16.4,0.3,息
2025-06-19,1735,17.0,16.2,0.8,息
2025-06-19,1904,17.5,17.05,0.45,息
2025-06-19,2031,41.75,39.25,2.5,息
2025-06-19,2353,35.2,33.5,1.7,息
2025-06-19,2423,44.2,42.2,2.0,息
2025-06-19,2450,31.2,29.55,1.649999,息
2025-06-19,2506,10.4,10.0,0.4,息
2025-06-19,2603,246.5,214.0,32.5,息
2025-06-19,3094,25.9,25.73,0.17,息
2025-06-19,3150,23.15,22.15,1.0,息
2025-06-19,3311,38.0,35.28,2.72,權
2025-06-19,4766,338.0,319.0,19.0,息
2025-06-19,4915,79.0,74.79,4.201375,息
2025-06-19,6438,169.0,166.16,2.831858,息
2025-06-19,6625,91.7,87.7,4.0,息
2025-06-19,8070,42.35,40.35,2.0,息
2025-06-19,8996,267.5,263.47,4.021688,息
2025-06-20,00713,51.65,50.55,1.1,息
2025-06-20,1319,109.0,103.7,5.3,息
2025-06-20,2069,15.75,14.85,0.9,息
2025-06-20,2360,362.0,353.0,9.0,息
2025-06-20,2388,62.8,62.6,0.2,息
2025-06-20,2455,121.0,117.78,3.21761,息
2025-06-20,3413,302.5,288.07,14.424921,息
2025-06-20,6176,150.0,139.39,10.609188,息
2025-06-20,6472,796.0,782.0,14.0,息
2025-06-20,6792,55.5,53.0,2.5,息
2025-06-20,8163,37.2,35.2,2.0,息
2025-06-23,1707,128.0,123.8,4.2,息
2025-06-23,2347,71.1,67.1,4.0,息
2025-06-23,2723,85.1,82.1,3.0,息
2025-06-23,2753,177.5,171.49,6.004501,息
2025-06-23,3010,98.6,93.3,5.3,息
2025-06-23,3026,83.7,78.2,5.5,息
2025-06-23,3450,214.5,214.0,0.5,息
2025-06-23,6449,106.0,102.51,3.481832,息
2025-06-23,6768,106.0,99.82,6.175462,息
2025-06-23,9931,36.0,34.2,1.8,息
2025-06-23,9934,9.95,9.6,0.35,息
2025-06-24,00907,14.6,14.58,0.011,息
2025-06-24,2114,92.3,87.3,5.0,息
2025-06-24,2303,47.0,44.14,2.850164,息
2025-06-24,2362,46.0,43.47,2.529815,息
2025-06-24,2368,269.5,263.5,6.0,息
2025-06-24,2387,50.4,46.4,4.0,息
2025-06-24,2504,43.85,41.05,2.8,息
2025-06-24,2615,97.3,93.8,3.5,息
2025-06-24,2903,22.25,20.9,1.35,息
2025-06-24,3019,135.0,131.0,4.0,息
2025-06-24,3138,83.6,81.04,2.558482,息
2025-06-24,3447,45.3,44.5,0.8,息
2025-06-24,3705,62.0,59.0,3.0,息
2025-06-24,4545,32.5,30.85,1.65,息
2025-06-24,4571,168.5,163.32,5.179604,息
2025-06-24,6184,53.8,50.6,3.19358,息
2025-06-24,6214,109.0,103.8,5.2,息
2025-06-24,6558,45.0,44.7,0.3,息
2025-06-24,6669,2550.0,2476.0,74.0,息
2025-06-24,9917,118.5,113.3,5.2,息
2025-06-25,1104,29.65,27.95,1.7,息
2025-06-25,2397,66.0,62.6,3.4,息
2025-06-25,3714,36.4,35.5,0.9,息
2025-06-25,4739,45.15,44.2,0.95,息
2025-06-25,4952,42.0,39.75,2.25,息
2025-06-25,6205,46.9,45.27,1.629726,息
2025-06-25,6505,36.75,35.95,0.8,息
2025-06-25,8112,51.2,47.84,3.350618,息
2025-06-25,8112A,44.15,42.12,2.025,息
2025-06-25,8341,76.3,72.5,3.8,息
2025-06-25,9944,16.85,16.55,0.3,息
2025-06-26,1213,13.0,12.65,0.35,息
2025-06-26,1218,21.65,20.3,1.35,息
2025-06-26,1313,7.78,7.63,0.149968,息
2025-06-26,1525,64.0,60.9,3.1,息
2025-06-26,2329,41.95,40.95,1.0,息
2025-06-26,2357,700.0,666.0,34.0,息
2025-06-26,2436,50.4,48.9,1.5,息
2025-06-26,2478,43.15,41.33,1.81808,息
2025-06-26,2486,80.3,79.79,0.504311,息
2025-06-26,3005,120.5,114.51,5.985975,息
2025-06-26,3515,244.0,238.69,5.300763,息
2025-06-26,3557,50.9,46.09,4.804762,權息
2025-06-26,4164,47.3,45.94,1.356758,息
2025-06-26,5522,64.8,62.7,2.1,息
2025-06-26,5533,17.75,16.75,1.0,息
2025-06-26,6288,19.95,19.65,0.3,息
2025-06-26,6579,127.0,121.85,5.15,息
2025-06-26,6592,71.5,68.5,3.0,息
2025-06-26,6592A,96.8,92.6,4.2,息
2025-06-26,6592B,97.9,93.4,4.5,息
2025-06-26,6771,59.9,56.4,3.5,息
2025-06-26,6890,300.0,291.0,9.0,息
2025-06-26,6924,73.8,68.3,5.5,息
2025-06-26,8210,505.0,497.5,7.494377,息
2025-06-27,1521,26.15,25.15,1.0,息
2025-06-27,2032,14.15,13.77,0.375,息
2025-06-27,2328,41.3,40.2,1.1,息
2025-06-27,2850,103.0,95.85,7.15,息
2025-06-27,2851,25.3,23.4,1.9,息
2025-06-27,3040,63.5,62.5,1.0,息
2025-06-27,3669,33.9,32.2,1.7,息
2025-06-27,4555,36.0,35.5,0.5,息
2025-06-27,4755,115.5,112.0,3.5,息
2025-06-27,6414,304.5,292.3,12.2,息
2025-06-27,6477,29.55,29.25,0.3,息
2025-06-27,6672,74.7,71.35,3.35,息
2025-06-27,6789,230.0,227.0,2.997015,息
2025-06-27,7631,119.5,118.3,1.2,息
2025-06-27,8114,296.0,288.23,7.763896,息
2025-06-27,8150,27.9,26.67,1.229962,息
2025-06-30,1234,42.1,40.2,1.9,息
2025-06-30,1731,23.2,22.0,1.2,息
2025-06-30,1817,42.7,40.3,2.4,息
2025-06-30,2382,285.5,272.5,13.0,息
2025-06-30,2820,15.6,14.82,0.78,息
2025-06-30,2882,67.9,64.4,3.5,息
2025-06-30,2882A,62.4,59.87,2.526,息
2025-06-30,2882B,61.2,59.07,2.13,息
2025-06-30,2883,16.1,15.24,0.850016,息
2025-06-30,2883B,7.75,7.39,0.355,息
2025-06-30,3036,133.5,127.5,5.998,息
2025-06-30,3036A,51.4,49.4,2.0,息
2025-06-30,3416,138.5,133.0,5.5,息
2025-06-30,3583,354.0,349.5,4.5,息
2025-06-30,5306,94.4,93.53,0.868843,息
2025-06-30,6585,120.0,112.07,7.92426,息
2025-06-30,6655,127.0,124.0,3.0,息
2025-06-30,7736,103.5,99.98,3.519682,息
2025-06-30,8081,237.0,221.0,16.0,息
2025-06-30,8462,129.5,125.29,4.204721,息
2025-06-30,8476,22.45,21.42,1.020473,息
2025-07-01,00939,13.74,13.67,0.068,息
2025-07-01,1326,22.9,22.4,0.5,息
2025-07-01,1725,30.25,29.0,1.25,息
2025-07-01,2030,15.0,14.28,0.711566,息
2025-07-01,2103,17.95,17.32,0.63,息
2025-07-01,2312,20.25,19.65,0.599917,息
2025-07-01,2881,87.3,83.05,4.25,息
2025-07-01,2881A,64.5,61.75,2.74875,息
2025-07-01,2881B,62.6,60.44,2.16,息
2025-07-01,2881C,53.0,51.2,1.8,息
2025-07-01,2885,34.15,32.6,1.55,息
2025-07-01,4119,64.7,63.2,1.5,息
2025-07-01,4961,218.5,205.63,12.87,息
2025-07-01,5285,48.05,46.05,2.0,息
2025-07-01,5434,274.5,262.51,11.985567,息
2025-07-01,5876,46.4,44.6,1.8,息
2025-07-01,6754,63.0,59.0,4.0,息
2025-07-01,8926,44.65,42.55,2.1,息
2025-07-02,1101,26.15,25.15,1.0,息
2025-07-02,1101B,48.4,46.37,2.02625,息
2025-07-02,1530,30.45,28.91,1.531714,息
2025-07-02,1810,14.95,14.76,0.19,息
2025-07-02,2207,584.0,564.0,20.0,息
2025-07-02,2317,165.5,159.7,5.799983,息
2025-07-02,2354,65.0,63.6,1.4,息
2025-07-02,2611,20.1,18.46,1.64,息
2025-07-02,3338,52.7,50.68,2.014557,息
2025-07-02,3711,145.5,140.2,5.29612,息
2025-07-02,4977,90.8,88.54,2.252528,息
2025-07-02,6285,119.0,114.19,4.800518,息
2025-07-02,6807,72.9,68.4,4.5,息
2025-07-02,6862,141.5,135.5,6.0,息
2025-07-02,6988,18.0,17.55,0.45,息
2025-07-02,8482,63.0,58.64,4.36,息
2025-07-02,9935,23.75,21.95,1.8,息
2025-07-02,9939,157.5,151.3,6.199987,息
2025-07-03,00946,9.11,9.08,0.025,息
2025-07-03,00953B,9.09,9.02,0.065,息
2025-07-03,1452,11.7,11.2,0.5,息
2025-07-03,1475,44.45,40.85,3.6,息
2025-07-03,1730,56.8,53.8,3.0,息
2025-07-03,1752,36.65,35.05,1.6,息
2025-07-03,1789,17.3,16.95,0.35,息
2025-07-03,1806,11.9,10.9,1.0,息
2025-07-03,1906,12.25,12.15,0.1,息
2025-07-03,2405,15.8,15.63,0.17,息
2025-07-03,2412,134.5,129.5,5.0,息
2025-07-03,2415,24.05,22.85,1.2,息
2025-07-03,2432,29.3,27.6,1.7,息
2025-07-03,2433,51.0,48.0,3.0,息
2025-07-03,2454,1295.0,1269.99,25.000217,息
2025-07-03,2464,58.1,57.75,0.35,息
2025-07-03,2474,216.5,208.17,8.326788,息
2025-07-03,2534,25.05,24.05,1.0,息
2025-07-03,2727,243.5,228.9,14.592578,息
2025-07-03,3046,49.35,46.65,2.7,息
2025-07-03,3090,79.4,75.2,4.2,息
2025-07-03,3189,84.0,82.99,1.000171,息
2025-07-03,3311,31.45,31.15,0.3,息
2025-07-03,3591,18.2,17.46,0.738867,息
2025-07-03,3592,367.0,344.8,22.2,息
2025-07-03,3708,72.7,70.35,2.345495,息
2025-07-03,4137,121.5,111.5,10.0,息
2025-07-03,4906,26.1,24.59,1.500515,息
2025-07-03,5515,27.3,25.15,2.15,息
2025-07-03,6213,87.8,86.0,1.8,息
2025-07-03,6526,548.0,535.5,12.5,息
2025-07-03,6776,61.1,58.1,3.0,息
2025-07-03,6957,179.5,166.33,13.162177,息
2025-07-03,8021,46.75,45.54,1.206858,息
2025-07-03,8045,66.9,64.93,1.96783,息
2025-07-03,8046,114.0,113.0,1.0,息
2025-07-03,910861,5.78,5.66,0.11355,息
2025-07-03,9904,35.05,33.35,1.7,息
2025-07-04,2231,70.6,68.52,2.073573,息
2025-07-04,3704,27.8,27.5,0.299237,息
2025-07-04,4155,16.85,16.55,0.3,息
2025-07-04,6115,53.0,49.8,3.2,息
2025-07-04,6136,24.35,23.2,1.15,息
2025-07-04,8072,47.7,46.7,1.0,息
2025-07-07,2373,61.0,57.3,3.7,息
2025-07-07,2417,36.6,36.39,0.200196,息
2025-07-07,2904,18.6,17.6,1.0,息
2025-07-07,5706,63.1,57.47,5.623809,權息
2025-07-07,6515,1305.0,1280.0,24.999679,息
2025-07-07,6641,22.9,21.9,1.0,息
2025-07-07,6670,309.5,289.85,19.649161,息
2025-07-07,8443,12.05,11.85,0.2,息
2025-07-07,8481,45.05,42.5,2.55,息
2025-07-07,9943,79.0,74.2,4.8,息
2025-07-08,1325,29.85,29.55,0.3,息
2025-07-08,1583,55.2,52.17,3.027422,息
2025-07-08,2228,95.3,86.3,9.0,息
2025-07-08,2365,34.55,33.95,0.6,息
2025-07-08,2371,39.85,36.74,3.105263,息
2025-07-08,2425,34.3,34.15,0.15,息
2025-07-08,2451,111.0,104.91,6.087933,息
2025-07-08,2461,16.75,15.93,0.813673,息
2025-07-08,2482,19.05,18.44,0.61,息
2025-07-08,2855,22.6,19.54,3.054546,權息
2025-07-08,2887E,50.4,47.96,2.43625,息
2025-07-08,2887F,45.8,43.9,1.9,息
2025-07-08,2887Z1,15.7,15.04,0.65305,息
2025-07-08,2888A,37.25,35.54,1.71,息
2025-07-08,2888B,37.4,35.6,1.8,息
2025-07-08,3014,137.0,128.0,9.0,息
2025-07-08,3532,77.3,75.5,1.8,息
2025-07-08,5538,30.3,28.8,1.5,息
2025-07-08,6196,185.5,179.59,5.904742,息
2025-07-08,6215,94.2,92.7,1.5,息
2025-07-08,6257,79.8,75.75,4.042867,息
2025-07-08,8261,78.8,75.6,3.19059,息
2025-07-09,1338,23.75,22.97,0.775109,息
2025-07-09,1472,96.5,93.5,3.0,息
2025-07-09,1612,36.25,34.15,2.1,息
2025-07-09,1616,34.6,32.79,1.8036,息
2025-07-09,2492,80.3,77.89,2.40495,息
2025-07-09,2609,72.1,64.6,7.5,息
2025-07-09,2614,17.4,15.73,1.666055,權息
2025-07-09,2618,40.15,37.75,2.4,息
2025-07-09,2634,43.0,41.62,1.38,息
2025-07-09,2645,104.5,100.0,4.5,息
2025-07-09,2739,40.0,39.0,1.0,息
2025-07-09,2836A,22.75,21.97,0.775,息
2025-07-09,2945,39.95,38.45,1.5,息
2025-07-09,3006,50.3,49.3,1.0,息
2025-07-09,3016,31.5,31.0,0.5,息
2025-07-09,3034,534.0,506.0,28.0,息
2025-07-09,3045,113.0,108.5,4.5,息
2025-07-09,4720,16.05,15.05,1.0,息
2025-07-09,4904,87.7,84.14,3.56,息
2025-07-09,5469,59.6,57.07,2.524719,息
2025-07-09,6830,117.0,116.0,1.0,息
2025-07-09,6937,208.0,205.89,2.102523,息
2025-07-09,8103,45.6,42.73,2.86203,息
2025-07-09,8271,51.8,49.58,2.210302,息
2025-07-09,8367,47.55,44.75,2.8,息
2025-07-09,9902,17.9,17.6,0.3,息
2025-07-09,9945,31.35,30.25,1.1,息
2025-07-10,00940,9.06,9.02,0.04,息
2025-07-10,1110,18.7,18.4,0.3,息
2025-07-10,1236,21.9,21.3,0.6,息
2025-07-10,1307,36.45,33.75,2.7,息
2025-07-10,1476,417.5,400.5,17.0,息
2025-07-10,1723,91.2,86.7,4.5,息
2025-07-10,2316,55.0,54.5,0.5,息
2025-07-10,2356,44.0,42.3,1.7,息
2025-07-10,2359,132.5,131.5,1.0,息
2025-07-10,2449,106.0,102.0,4.0,息
2025-07-10,2453,58.5,55.9,2.6,息
2025-07-10,2481,47.0,45.6,1.4,息
2025-07-10,2501,19.35,18.35,1.0,息
2025-07-10,2616,14.9,14.6,0.3,息
2025-07-10,2897,9.35,8.85,0.5,息
2025-07-10,2897B,12.0,11.85,0.14459,息
2025-07-10,3028,33.9,31.8,2.1,息
2025-07-10,3037,122.5,120.99,1.500045,息
2025-07-10,3044,252.5,242.2,10.3,息
2025-07-10,3130,234.0,219.85,14.141208,息
2025-07-10,3588,44.8,42.74,2.050865,權息
2025-07-10,3652,27.65,27.05,0.6,息
2025-07-10,4588,71.3,68.3,3.0,息
2025-07-10,4771,179.0,173.47,5.522426,息
2025-07-10,4999,24.5,23.5,1.0,息
2025-07-10,5292,156.0,137.72,18.272728,權息
2025-07-10,6164,10.9,10.4,0.5,息
2025-07-10,6166,62.2,61.26,0.932779,息
2025-07-10,6197,159.0,152.0,7.0,息
2025-07-10,6278,115.0,109.5,5.5,息
2025-07-10,6409,1290.0,1246.99,43.00451,息
2025-07-10,6605,193.0,184.0,9.0,息
2025-07-10,6781,1040.0,1027.5,12.5,息
2025-07-10,8222,48.05,47.35,0.7,息
2025-07-10,9905,23.15,21.95,1.2,息
2025-07-11,1734,32.55,31.55,1.0,息
2025-07-11,1907,23.5,22.7,0.8,息
2025-07-11,2008,24.35,23.85,0.5,息
2025-07-11,2027,33.4,32.22,1.175457,權息
2025-07-11,2605,22.25,20.95,1.3,息
2025-07-11,2731,160.0,152.5,7.5,息
2025-07-11,2838A,55.6,52.96,2.630625,息
2025-07-11,3055,65.6,64.6,1.0,息
2025-07-11,5244,47.7,46.2,1.499904,息
2025-07-11,6944,486.0,472.0,14.0,息
2025-07-11,8499,227.0,218.93,8.062187,息
2025-07-14,1531,12.6,12.2,0.4,息
2025-07-14,1609,38.0,36.69,1.300493,權息
2025-07-14,2013,44.0,42.0,2.0,息
2025-07-14,2355,32.5,30.65,1.85,息
2025-07-14,2891,43.85,41.54,2.30041,息
2025-07-14,2891B,64.3,62.03,2.260442,息
2025-07-14,2891C,60.5,58.58,1.92,息
2025-07-14,3013,123.5,122.9,0.6,息
2025-07-14,3305,58.5,56.24,2.250918,息
2025-07-14,3607,14.85,14.15,0.7,息
2025-07-14,3645,57.9,56.7,1.194923,息
2025-07-14,3673,30.9,30.1,0.8,息
2025-07-14,5215,38.65,36.15,2.5,息
2025-07-14,6790,43.6,41.05,2.55,息
2025-07-14,8442,83.6,77.19,6.407391,息
2025-07-15,00936,14.82,14.79,0.03,息
2025-07-15,00947,13.63,13.55,0.08,息
2025-07-15,00962,9.44,9.41,0.025,息
2025-07-15,1301,35.7,35.2,0.5,息
2025-07-15,1402,32.35,30.75,1.6,息
2025-07-15,1470,21.5,20.49,1.01,息
2025-07-15,1540,29.9,28.3,1.6,息
2025-07-15,1608,26.85,25.85,1.0,息
2025-07-15,1614,39.1,38.51,0.582463,息
2025-07-15,2029,24.15,22.9,1.25,息
2025-07-15,2034,21.3,20.3,1.0,息
2025-07-15,2348,103.5,94.5,9.0,息
2025-07-15,2348A,36.8,35.2,1.6,息
2025-07-15,2547,12.3,11.72,0.579657,息
2025-07-15,2633,28.5,27.45,1.05,息
2025-07-15,2849,13.8,13.42,0.38,息
2025-07-15,2852,28.3,26.2,2.1,息
2025-07-15,2906,15.45,14.85,0.6,息
2025-07-15,4763,82.9,80.4,2.5,息
2025-07-15,6906,131.0,127.67,3.329042,息
2025-07-15,6928,48.1,47.6,0.5,息
2025-07-15,8110,12.9,12.7,0.2,息
2025-07-15,8374,91.2,90.75,0.45,息
2025-07-16,006208,117.0,116.01,0.989,息
2025-07-16,00692,45.91,45.28,0.628,息
2025-07-16,00702,22.35,21.73,0.62,息
2025-07-16,00714,19.2,19.07,0.123,息
2025-07-16,00717,14.11,13.96,0.141,息
2025-07-16,00730,22.67,22.56,0.11,息
2025-07-16,00735,35.01,34.76,0.25,息
2025-07-16,00736,23.7,23.5,0.2,息
2025-07-16,00882,13.52,12.97,0.55,息
2025-07-16,00892,17.67,17.48,0.188,息
2025-07-16,00900,13.17,13.07,0.1,息
2025-07-16,00905,13.95,13.85,0.1,息
2025-07-16,00908,12.7,12.48,0.211,息
2025-07-16,00911,25.84,25.14,0.7,息
2025-07-16,00912,18.61,18.45,0.16,息
2025-07-16,00927,17.55,17.33,0.22,息
2025-07-16,00934,18.43,18.35,0.077,息
2025-07-16,00943,13.81,13.75,0.052,息
2025-07-16,00944,14.07,14.01,0.054,息
2025-07-16,00945B,13.52,13.44,0.079,息
2025-07-16,00952,9.63,9.61,0.02,息
2025-07-16,00956,9.18,9.11,0.065,息
2025-07-16,00960,13.72,13.52,0.2,息
2025-07-16,00961,9.33,9.21,0.115,息
2025-07-16,00963,10.13,10.07,0.059,息
2025-07-16,00964,10.51,10.46,0.05,息
2025-07-16,009804,12.03,11.65,0.38,息
2025-07-16,1220,14.05,13.35,0.7,息
2025-07-16,1233,31.2,30.25,0.95,息
2025-07-16,1256,120.5,115.8,4.7,息
2025-07-16,1440,13.15,12.85,0.3,息
2025-07-16,1726,78.5,74.9,3.6,息
2025-07-16,2536,29.1,28.6,0.5,息
2025-07-16,2610,21.85,21.05,0.79587,息
2025-07-16,3024,13.35,12.95,0.4,息
2025-07-16,3060,20.45,20.1,0.35,息
2025-07-16,3406,414.0,396.0,18.0,息
2025-07-16,3617,279.0,264.0,15.0,息
2025-07-16,4536,188.0,177.0,11.0,息
2025-07-16,5471,31.65,30.65,1.0,息
2025-07-16,6405,24.95,24.85,0.1,息
2025-07-16,6933,171.5,169.5,1.999209,息
2025-07-16,6936,38.85,37.16,1.686762,息
2025-07-16,9930,74.1,70.1,4.0,息
2025-07-17,00929,17.62,17.55,0.07,息
2025-07-17,1102,40.0,37.8,2.2,息
2025-07-17,1109,16.65,15.75,0.9,息
2025-07-17,1227,32.7,31.3,1.4,息
2025-07-17,1522,45.1,42.1,3.0,息
2025-07-17,1522A,50.0,48.0,2.0,息
2025-07-17,2049,206.0,203.6,2.4,息
2025-07-17,2204,57.6,53.4,4.2,息
2025-07-17,2211,82.0,77.0,5.0,息
2025-07-17,2248,47.5,44.76,2.73247,息
2025-07-17,2395,337.5,329.1,8.392371,息
2025-07-17,2404,725.0,697.0,28.0,息
2025-07-17,2704,42.65,42.15,0.5,息
2025-07-17,2722,30.25,30.1,0.15,息
2025-07-17,2915,53.2,50.7,2.5,息
2025-07-17,3022,80.1,75.6,4.5,息
2025-07-17,3031,18.3,17.3,1.0,息
2025-07-17,3380,27.85,26.85,1.0,息
2025-07-17,3653,1485.0,1470.5,14.5,息
2025-07-17,3665,882.0,862.96,19.034686,權息
2025-07-17,4190,35.8,35.3,0.5,息
2025-07-17,4576,111.5,111.3,0.2,息
2025-07-17,6112,56.0,55.4,0.6,息
2025-07-17,6120,10.55,10.3,0.25,息
2025-07-17,6155,22.95,21.95,1.0,息
2025-07-17,6442,452.0,443.37,8.622691,息
2025-07-17,6719,206.5,204.8,1.696934,息
2025-07-17,6914,144.5,138.5,6.0,息
2025-07-17,7705,54.4,50.6,3.8,息
2025-07-17,8039,49.25,46.75,2.495238,息
2025-07-17,8215,22.9,22.28,0.62,息
2025-07-17,9919,17.35,17.15,0.2,息
2025-07-18,00904,18.56,18.08,0.48,息
2025-07-18,1809,16.0,15.75,0.25,息
2025-07-18,2392,58.0,55.5,2.5,息
2025-07-18,3703,23.6,22.55,1.05,息
2025-07-18,5284,209.0,207.51,1.484165,息
2025-07-18,6191,91.9,88.19,3.707792,權息
2025-07-18,6541,53.5,52.95,0.540275,權
2025-07-18,6671,42.6,40.0,2.6,息
2025-07-18,6887,79.0,75.03,3.963114,息
2025-07-18,9907,19.0,18.03,0.97,息
2025-07-21,0050,51.45,51.09,0.36,息
2025-07-21,0056,35.6,34.73,0.866,息
2025-07-21,006203,94.1,93.55,0.55,息
2025-07-21,1436,116.0,81.6,34.394775,權息
2025-07-21,1446,23.05,21.05,2.0,息
2025-07-21,1535,57.5,54.5,3.0,息
2025-07-21,1560,363.0,359.01,3.986633,息
2025-07-21,2617,28.35,26.85,1.5,息
2025-07-21,5546,30.45,28.45,2.0,息
2025-07-21,6782,174.5,169.4,5.1,息
2025-07-21,6923,90.5,86.48,4.017488,息
2025-07-21,9926,52.2,50.2,2.0,息
2025-07-22,1303,29.8,29.1,0.7,息
2025-07-22,1454,15.0,14.75,0.25,息
2025-07-22,1532,26.6,24.86,1.733726,息
2025-07-22,2009,34.25,33.75,0.5,息
2025-07-22,2206,64.0,60.97,3.027814,息
2025-07-22,2471,56.5,53.44,3.059248,息
2025-07-22,2884,34.2,32.67,1.527222,權息
2025-07-22,6206,135.0,129.0,6.0,息
2025-07-22,8131,28.35,26.9,1.45,息
2025-07-22,8411,13.2,13.15,0.05,息
2025-07-23,1201,16.0,15.5,0.5,息
2025-07-23,2530,30.0,29.6,0.4,息
2025-07-23,2838,18.1,16.58,1.511215,權息
2025-07-23,3266,15.45,14.7,0.75,息
2025-07-23,3694,60.0,58.52,1.47663,息
2025-07-23,4551,125.0,120.8,4.2,息
2025-07-23,4912,79.0,78.55,0.45,息
2025-07-23,5269,1880.0,1849.99,30.000078,息
2025-07-23,6691,469.5,394.34,75.152174,權息
2025-07-23,8473,31.55,30.82,0.725,息
2025-07-23,9918,41.4,39.8,1.6,息
2025-07-24,00930,17.44,17.26,0.18,息
2025-07-24,1103,14.65,14.09,0.551097,息
2025-07-24,1108,14.85,14.1,0.75,息
2025-07-24,1229,48.6,45.04,3.552381,權息
2025-07-24,1304,10.8,10.6,0.2,息
2025-07-24,1305,11.6,11.45,0.15,息
2025-07-24,1308,12.45,12.2,0.25,息
2025-07-24,1309,11.65,11.45,0.2,息
2025-07-24,1419,57.6,56.1,1.5,息
2025-07-24,1434,16.95,16.15,0.8,息
2025-07-24,1503,182.0,177.5,4.5,息
2025-07-24,1617,15.75,15.25,0.5,息
2025-07-24,1762,28.45,28.25,0.191585,息
2025-07-24,2002,20.0,19.67,0.33,息
2025-07-24,2002A,40.35,38.95,1.4,息
2025-07-24,2352,26.7,25.59,1.11,息
2025-07-24,2414,44.35,41.85,2.5,息
2025-07-24,2511,9.61,9.31,0.3,息
2025-07-24,2836,12.3,11.65,0.649515,權息
2025-07-24,3702,72.4,69.2,3.2,息
2025-07-24,3712,52.9,49.9,3.0,息
2025-07-24,3716,35.15,34.13,1.016996,息
2025-07-24,4438,79.0,75.77,3.2235,息
2025-07-24,6742,54.5,54.19,0.303247,息
2025-07-24,6863,160.0,154.5,5.5,息
2025-07-24,8404,21.3,20.14,1.157143,權息
2025-07-24,9925,41.85,39.85,2.0,息
2025-07-25,1519,659.0,590.9,68.09091,權息
2025-07-25,1558,104.0,98.0,6.0,息
2025-07-25,2495,23.45,22.15,1.3,息
2025-07-25,2548,108.5,98.09,10.404761,權息
2025-07-25,6165,52.6,52.0,0.591006,息
2025-07-25,6189,79.0,62.5,16.49908,權息
2025-07-25,6277,60.4,58.3,2.1,息
2025-07-25,6451,145.0,144.64,0.36,息
2025-07-25,6958,22.85,20.97,1.877778,權息
2025-07-25,8249,53.5,51.48,2.01652,息
2025-07-25,9937,66.9,64.8,2.1,息
2025-07-28,2247,338.5,320.0,18.5,息
2025-07-28,2462,24.4,23.59,0.806559,息
2025-07-28,4572,168.0,159.17,8.824999,權息
2025-07-28,4916,47.15,46.77,0.37557,息
2025-07-28,4919,70.2,69.8,0.4,息
2025-07-28,6873,219.5,192.19,27.307603,權
2025-07-28,6909,45.9,44.9,0.99997,息
2025-07-29,1410,35.15,34.64,0.508064,息
2025-07-29,1449,13.35,12.93,0.414318,權
2025-07-29,2889,15.85,15.11,0.733834,權息
2025-07-29,6931,50.4,49.92,0.48,息
2025-07-29,6962,51.6,49.6,2.0,息
2025-07-30,2233,179.0,172.0,7.0,息
2025-07-30,2345,852.0,841.0,11.0,息
2025-07-30,2363,55.6,55.1,0.5,息
2025-07-30,2376,282.5,272.5,10.0,息
2025-07-30,2497,41.0,39.0,2.0,息
2025-07-30,2528,28.8,27.42,1.371429,權
2025-07-30,3312,47.1,45.7,1.4,息
2025-07-30,3454,106.5,104.2,2.3,息
2025-07-30,4439,92.0,90.0,2.0,息
2025-07-30,4560,35.2,34.0,1.2,息
2025-07-30,5607,45.2,43.23,1.964706,權息
2025-07-30,5871,126.5,118.03,8.460784,權息
2025-07-30,5871A,102.0,98.2,3.8,息
2025-07-30,6416,87.3,84.4,2.9,息
2025-07-30,6591,67.1,64.75,2.348543,息
2025-07-30,6689,81.1,79.1,2.0,息
2025-07-30,9908,31.25,30.05,1.2,息
2025-07-31,00939,13.8,13.73,0.068,息
2025-07-31,1216,82.7,79.7,3.0,息
2025-07-31,1437,32.6,31.25,1.35,息
2025-07-31,1736,155.5,151.5,4.0,息
2025-07-31,2342,21.55,21.25,0.299609,息
2025-07-31,2351,78.8,76.3,2.5,息
2025-07-31,2393,77.0,71.69,5.31,息
2025-07-31,2538,13.55,12.85,0.7,息
2025-07-31,2801,19.95,18.52,1.426191,權息
2025-07-31,2912,262.5,253.5,9.0,息
2025-07-31,3501,58.8,54.8,4.0,息
2025-07-31,3533,1470.0,1428.27,41.722823,息
2025-07-31,4106,22.6,21.8,0.8,息
2025-07-31,4581,55.5,52.3,3.2,息
2025-07-31,4942,38.85,36.85,2.0,息
2025-07-31,6239,139.0,132.0,7.0,息
2025-07-31,6715,114.5,110.58,3.919523,息
2025-07-31,8213,33.65,32.27,1.38,息
2025-07-31,9942,117.0,110.0,7.0,息
2025-08-01,2402,41.1,39.12,1.97422,息
2025-08-01,2597,186.0,155.0,31.0,權
2025-08-04,00946,9.48,9.45,0.025,息
2025-08-04,00953B,9.34,9.27,0.061,息
2025-08-04,1439,29.85,29.55,0.3,息
2025-08-04,1527,39.25,37.05,2.2,息
2025-08-04,2369,14.85,14.55,0.3,息
2025-08-04,4912,81.1,77.23,3.861906,權
2025-08-04,6201,63.5,59.5,4.0,息
2025-08-04,6472,827.0,689.28,137.713605,權
2025-08-04,6743,31.25,29.75,1.5,息
2025-08-04,9938,52.9,49.9,3.0,息
2025-08-05,1464,13.55,12.5,1.05,權息
2025-08-05,1727,32.7,32.2,0.5,息
2025-08-05,2331,18.25,18.03,0.210466,息
2025-08-05,2409,12.0,11.69,0.304801,息
2025-08-05,2427,30.5,29.8,0.697483,息
2025-08-05,2520,50.7,43.27,7.427273,權息
2025-08-05,2546,84.5,76.69,7.801887,權息
2025-08-05,2834,16.25,15.14,1.108491,權息
2025-08-05,3051,26.15,24.63,1.518181,息
2025-08-05,6177,46.8,41.23,5.561905,權息
2025-08-06,1720,58.2,55.4,2.8,息
2025-08-06,2375,60.0,58.5,1.5,息
2025-08-06,3376,230.0,224.0,6.0,息
2025-08-06,8478,208.5,203.5,5.0,息
2025-08-07,00940,9.21,9.17,0.04,息
2025-08-07,1713,55.1,47.6,7.5,息
2025-08-07,2033,16.0,15.8,0.2,息
2025-08-07,2886,43.0,41.4,1.6,息
2025-08-07,2892,30.75,29.07,1.676829,權息
2025-08-07,3056,33.25,23.14,10.101852,權息
2025-08-07,4569,158.0,152.28,5.711277,息
2025-08-07,5258,73.2,70.68,2.517932,息
2025-08-07,5288,140.0,131.48,8.511761,息
2025-08-07,5525,31.5,30.7,0.8,息
2025-08-07,6869,140.0,134.99,5.005433,息
2025-08-07,8466,28.45,27.25,1.2,息
2025-08-07,9914,117.0,113.0,4.0,息
2025-08-08,1210,61.1,58.27,2.828449,息
2025-08-08,9958,193.0,188.83,4.162011,息
2025-08-11,1795,221.5,215.72,5.778591,息
2025-08-11,3033,35.4,33.31,2.08421,息
2025-08-11,6446,510.0,508.9,1.098385,息
2025-08-12,1563,51.4,49.13,2.269307,息
2025-08-12,2885,33.2,32.23,0.966991,權
2025-08-12,2887,16.55,15.65,0.9,息
2025-08-12,3032,114.5,111.77,2.725725,息
2025-08-12,3209,35.7,33.21,2.484538,息
2025-08-13,2748,49.75,47.75,2.0,息
2025-08-13,2812,23.4,21.44,1.955453,權息
2025-08-13,2880,29.35,27.82,1.528218,權息
2025-08-13,5880,25.95,24.51,1.435437,權息
2025-08-13,6464,81.1,77.78,3.315838,息
2025-08-13,6805,1050.0,1042.0,8.0,息
2025-08-14,2476,88.7,85.2,3.497377,息
2025-08-14,3008,2420.0,2392.0,28.0,息
2025-08-14,3050,14.3,13.8,0.5,息
2025-08-14,4148,45.9,43.23,2.661905,權息
2025-08-14,5203,97.7,93.8,3.899014,息
2025-08-15,00936,15.48,15.44,0.04,息
2025-08-15,00962,10.18,10.15,0.025,息
2025-08-15,1477,269.0,263.0,6.0,息
2025-08-15,1615,54.3,49.8,4.490476,權息
2025-08-15,3535,55.1,54.6,0.5,息
2025-08-15,5222,138.5,125.9,12.590908,權
2025-08-15,6117,95.8,93.62,2.171708,息
2025-08-15,9933,32.25,28.4,3.847482,權息
2025-08-18,00690,38.83,38.08,0.75,息
2025-08-18,00701,29.78,27.98,1.8,息
2025-08-18,00730,24.23,24.12,0.11,息
2025-08-18,00878,21.16,20.76,0.4,息
2025-08-18,00881,27.59,27.04,0.55,息
2025-08-18,00891,17.85,17.44,0.41,息
2025-08-18,00894,22.8,22.4,0.4,息
2025-08-18,00900,13.31,13.21,0.1,息
2025-08-18,00913,20.8,19.9,0.9,息
2025-08-18,00923,22.65,21.72,0.923,息
2025-08-18,00932,14.48,14.3,0.18,息
2025-08-18,00934,19.58,19.5,0.077,息
2025-08-18,00938,15.28,15.18,0.1,息
2025-08-18,00943,14.13,14.07,0.06,息
2025-08-18,00944,14.32,14.26,0.054,息
2025-08-18,00945B,13.88,13.79,0.081,息
2025-08-18,00952,10.48,10.46,0.02,息
2025-08-18,00961,9.28,9.2,0.077,息
2025-08-18,00963,10.55,10.49,0.059,息
2025-08-18,00964,10.8,10.75,0.05,息
2025-08-18,00982A,12.79,12.55,0.236,息
2025-08-18,1618,47.9,46.4,1.5,息
2025-08-18,6282,29.5,28.99,0.500093,息
2025-08-18,6799,92.3,90.31,1.987902,息
2025-08-19,00731,67.65,66.99,0.652,息
2025-08-19,00929,17.71,17.63,0.08,息
2025-08-19,1474,12.95,12.55,0.4,息
2025-08-19,1537,145.0,134.5,10.5,息
2025-08-19,2301,134.0,132.0,2.0,息
2025-08-19,3017,1145.0,1135.06,9.930369,息
2025-08-19,6796,80.6,72.81,7.781817,權息
2025-08-20,00775B,31.03,30.68,0.35,息
2025-08-20,1737,33.45,32.15,1.3,息
2025-08-20,6666,52.0,50.0,2.0,息
2025-08-21,00771,15.94,15.73,0.21,息
2025-08-21,00850,46.99,46.39,0.6,息
2025-08-21,1231,149.5,134.45,15.045455,權息
2025-08-21,1442,64.7,60.2,4.5,息
2025-08-21,1465,13.5,12.9,0.6,息
2025-08-21,1597,85.0,84.3,0.7,息
2025-08-21,1714,8.06,7.85,0.205041,息
2025-08-21,2201,34.05,32.75,1.3,息
2025-08-21,2472,81.3,78.2,3.1,息
2025-08-21,2890,25.85,24.11,1.730078,權息
2025-08-21,3023,238.0,227.75,10.25,息
2025-08-21,4746,66.0,63.0,3.0,息
2025-08-21,6534,106.5,106.0,0.5,息
2025-08-21,6806,60.8,59.57,1.226918,息
2025-08-21,6994,90.9,89.94,0.954914,息
2025-08-21,8454,272.0,259.04,12.952379,權
2025-08-22,1321,37.9,37.52,0.38,息
2025-08-22,2428,154.0,147.9,6.1,息
2025-08-22,6230,145.5,145.27,0.222,息
2025-08-25,1539,18.85,18.0,0.85,息
2025-08-25,2250,105.5,97.49,8.007039,權息
2025-08-25,2377,139.0,134.0,5.0,息
2025-08-25,2484,22.2,21.5,0.7,息
2025-08-25,2527,27.6,25.6,2.0,息
2025-08-25,4927,28.9,27.38,1.511675,權
2025-08-25,6955,193.5,168.26,25.239131,權
2025-08-26,00907,15.39,15.26,0.13,息
2025-08-26,1409,15.8,15.2,0.6,息
2025-08-26,1529,26.4,26.2,0.2,息
2025-08-26,2012,18.85,17.85,1.0,息
2025-08-26,2420,58.8,55.3,3.5,息
2025-08-26,2901,26.05,25.67,0.371054,息
2025-08-26,3622,58.6,55.6,3.0,息
2025-08-26,6183,100.5,97.3,3.2,息
2025-08-26,9921,105.5,103.3,2.199995,息
2025-08-26,9927,65.7,59.7,6.0,息
2025-08-27,1541,25.9,25.4,0.5,息
2025-08-27,1709,18.35,17.55,0.8,息
2025-08-27,2227,60.2,56.3,3.9,息
2025-08-27,2496,68.0,66.5,1.5,息
2025-08-27,6216,32.2,29.66,2.530496,息
2025-08-28,1324,10.9,10.7,0.2,息
2025-08-28,1453,13.0,12.62,0.378641,權
2025-08-28,1513,168.0,163.4,4.6,息
2025-08-28,1603,40.5,39.0,1.5,息
2025-08-28,2038,15.55,15.24,0.304902,權
2025-08-28,2059,2940.0,2907.8,32.2,息
2025-08-28,2062,25.65,23.85,1.8,息
2025-08-28,2364,99.3,76.38,22.915385,權
2025-08-28,2383,1280.0,1263.42,16.57544,息
2025-08-28,2439,117.0,109.7,7.290055,息
2025-08-28,2441,60.5,57.5,3.0,息
2025-08-28,2468,60.7,59.8,0.9,息
2025-08-28,2539,60.5,50.0,10.5,權息
2025-08-28,3025,51.7,48.4,3.3,息
2025-08-28,3167,210.5,209.5,0.998766,息
2025-08-28,3706,100.5,90.45,10.045455,權息
2025-08-28,4968,145.0,143.9,1.09646,息
2025-08-28,5525,31.3,29.25,2.047664,權
2025-08-28,5534,80.0,74.5,5.5,息
2025-08-28,6108,15.7,14.7,1.0,息
2025-08-28,6582,33.5,32.5,1.0,息
2025-08-28,6916,19.8,19.52,0.28,息
2025-08-28,9105,6.09,6.02,0.064372,息
2025-08-28,9946,19.65,18.6,1.041182,息
2025-08-29,1732,29.25,28.75,0.5,息
2025-08-29,2367,31.45,30.74,0.703126,息
2025-08-29,2883,15.55,15.39,0.153964,權
2025-08-29,3052,12.25,11.75,0.5,息
2025-09-01,1315,66.5,64.5,2.0,息
2025-09-01,3528,73.9,70.9,3.0,息
2025-09-01,4306,15.8,14.5,1.290196,權息
2025-09-01,6591,100.5,98.34,2.153324,權
2025-09-02,00939,13.73,13.66,0.068,息
2025-09-02,00946,10.18,10.12,0.058,息
2025-09-02,00953B,9.57,9.5,0.061,息
2025-09-02,1722,53.2,51.2,2.0,息
2025-09-02,1734,32.55,31.0,1.55,權
2025-09-02,2543,85.2,72.56,12.635897,權息
2025-09-02,2845,13.6,12.6,0.990314,權息
2025-09-02,2867,6.11,6.08,0.029156,權
2025-09-02,3047,21.8,21.5,0.299387,息
2025-09-02,3661,3915.0,3878.52,36.478962,息
2025-09-02,5243,77.1,75.6,1.5,息
2025-09-02,9941,104.0,94.87,9.123809,權息
2025-09-02,9941A,52.0,49.66,2.339375,息
2025-09-03,2701,11.4,11.12,0.28,息
2025-09-03,3346,24.3,23.09,1.206779,息
2025-09-03,4438,72.3,71.47,0.825409,權
2025-09-03,6426,76.4,75.9,0.5,息
2025-09-03,6753,145.5,144.25,1.25,息
2025-09-04,1203,40.5,39.3,1.2,息
2025-09-04,1339,47.15,44.15,3.0,息
2025-09-04,2323,8.76,8.46,0.3,息
2025-09-04,2493,159.5,140.34,19.15704,權息
2025-09-04,3059,54.2,53.2,1.0,息
2025-09-04,3605,73.2,72.47,0.720879,息
2025-09-04,4736,141.5,131.5,10.0,息
2025-09-04,6139,370.5,356.61,13.885191,息
2025-09-04,7722,600.0,598.5,1.5,息
2025-09-04,9906,70.5,64.0,6.5,息
2025-09-05,01010T,10.1,10.0,0.097652,息
2025-09-05,1783,44.1,43.27,0.829962,息
2025-09-05,6552,28.45,28.25,0.2,息
2025-09-08,2530,32.65,31.55,1.1,息
2025-09-08,2923,22.6,22.36,0.24,息
2025-09-08,3545,67.7,65.96,1.736056,息
2025-09-08,4737,78.3,71.19,7.108891,權
2025-09-09,00940,9.38,9.34,0.04,息
2025-09-09,1514,107.0,103.23,3.763594,權息
2025-09-09,2442,26.8,26.3,0.495391,權息
2025-09-09,4104,88.4,84.19,4.209524,權
2025-09-09,6133,17.85,17.55,0.3,息
2025-09-10,2379,540.0,514.5,25.5,息
2025-09-10,2762,78.8,77.89,0.907395,息
2025-09-10,2905,13.1,12.79,0.303275,息
2025-09-11,5906,50.5,48.72,1.77451,權息
2025-09-11,6446,538.0,484.8,53.197797,權
2025-09-11,6504,50.2,49.2,1.0,息
2025-09-12,1517,10.65,10.45,0.2,息
2025-09-15,00936,15.75,15.69,0.055,息
2025-09-15,01009T,7.11,6.96,0.145607,息
2025-09-15,9802,105.0,101.9,3.099972,息
2025-09-16,00730,24.88,24.77,0.11,息
2025-09-16,00896,18.47,18.07,0.4,息
2025-09-16,00900,13.57,13.47,0.1,息
2025-09-16,00915,22.72,22.43,0.29,息
2025-09-16,00919,21.79,21.25,0.54,息
2025-09-16,00921,17.74,17.54,0.195,息
2025-09-16,00934,20.04,19.95,0.088,息
2025-09-16,00935,26.49,25.74,0.75,息
2025-09-16,00943,14.32,14.25,0.068,息
2025-09-16,00944,14.4,14.34,0.054,息
2025-09-16,00945B,14.08,14.0,0.08,息
2025-09-16,00952,10.95,10.92,0.03,息
2025-09-16,00961,9.22,9.17,0.048,息
2025-09-16,00962,10.6,10.57,0.025,息
2025-09-16,00963,10.73,10.67,0.059,息
2025-09-16,00964,11.0,10.93,0.063,息
2025-09-16,00972,16.84,16.77,0.07,息
2025-09-16,009802,10.78,10.67,0.106,息
2025-09-16,009803,11.83,11.64,0.19,息
2025-09-16,2330,1255.0,1249.99,5.000017,息
2025-09-16,5306,88.8,87.78,1.01489,息
2025-09-16,6931,51.0,50.88,0.12,息
2025-09-16,8104,40.1,38.69,1.409467,權息
2025-09-17,00710B,18.67,18.35,0.32,息
2025-09-17,00711B,15.9,15.71,0.19,息
2025-09-17,00712,9.18,8.99,0.19,息
2025-09-17,00929,18.39,18.31,0.08,息
2025-09-17,2374,107.0,95.01,11.98181,權息
2025-09-17,2488,49.6,46.4,3.2,息
2025-09-17,3002,17.1,16.4,0.697816,息
2025-09-18,00728,33.62,33.29,0.324,息
2025-09-18,00918,22.93,22.41,0.52,息
2025-09-18,2706,13.75,13.4,0.35,息
2025-09-18,6757,87.7,81.65,6.05,息
2025-09-19,00713,51.85,51.07,0.78,息
2025-09-19,1528,16.2,16.1,0.1,息
2025-09-22,00930,17.65,17.53,0.118,息
2025-09-23,1590,782.0,762.45,19.54836,息
2025-09-23,4912,78.7,78.52,0.177,息
2025-09-24,1225,31.65,29.86,1.782702,權息
2025-09-25,1808,30.85,28.85,2.0,息
2025-09-25,2109,16.35,15.85,0.5,息
2025-09-25,2458,131.0,128.35,2.644548,息
2025-09-25,2542,44.75,40.71,4.035715,權息
2025-09-25,2881,89.0,86.82,2.170731,權
2025-09-26,3021,18.45,18.14,0.303161,息
2025-09-26,4441,276.0,266.85,9.149,息
2025-09-26,7631,144.0,143.35,0.65,息
2025-09-30,2540,79.5,56.07,23.428572,權息
2025-09-30,3312,42.1,41.84,0.25188,權
2025-10-02,00939,14.1,14.02,0.072,息
2025-10-02,01004T,11.43,11.22,0.207121,息
2025-10-02,4967,89.0,86.0,3.0,息
2025-10-03,3356,52.8,48.8,4.0,息
2025-10-07,00946,10.26,10.2,0.058,息
2025-10-07,00953B,9.53,9.46,0.061,息
2025-10-07,1256,174.0,172.43,1.564625,權
2025-10-07,3004,140.0,134.37,5.627845,權
2025-10-07,3701,39.6,39.4,0.2,息
2025-10-07,6533,299.0,295.76,3.234449,權
2025-10-07,6776,52.5,51.89,0.600559,權
2025-10-08,00940,9.54,9.5,0.04,息
2025-10-08,1235,67.6,55.91,11.683333,權息
2025-10-13,1449,12.5,12.1,0.395378,權
2025-10-16,01010T,10.01,10.0,0.002817,權
2025-10-16,1463,21.75,19.65,2.1,息
2025-10-17,00851,56.0,54.3,1.7,息
2025-10-17,00936,15.74,15.68,0.055,息
2025-10-17,00947,16.09,16.01,0.08,息
2025-10-17,00962,11.06,11.03,0.025,息
2025-10-17,2236,92.0,91.59,0.402985,權
2025-10-20,00714,20.05,19.92,0.123,息
2025-10-20,00717,14.84,14.69,0.141,息
2025-10-20,00730,23.81,23.7,0.11,息
2025-10-20,00733,48.3,47.23,1.063,息
2025-10-20,00900,13.63,13.53,0.1,息
2025-10-20,00905,16.74,16.49,0.25,息
2025-10-20,00908,13.49,13.36,0.121,息
2025-10-20,00912,20.92,20.62,0.3,息
2025-10-20,00922,25.94,24.69,1.25,息
2025-10-20,00927,20.47,20.25,0.22,息
2025-10-20,00934,20.22,20.12,0.098,息
2025-10-20,00943,14.85,14.78,0.069,息
2025-10-20,00944,14.23,14.17,0.054,息
2025-10-20,00945B,14.2,14.11,0.082,息
2025-10-20,00952,11.37,11.34,0.03,息
2025-10-20,00956,10.32,10.16,0.16,息
2025-10-20,00960,13.68,13.47,0.205,息
2025-10-20,00961,9.48,9.44,0.031,息
2025-10-20,00963,10.6,10.54,0.059,息
2025-10-20,00964,10.94,10.87,0.065,息
2025-10-20,00984A,10.6,10.39,0.21,息
2025-10-20,2465,75.3,72.07,3.225256,權
2025-10-21,00929,18.62,18.54,0.08,息
2025-10-21,6655,116.5,115.3,1.2,息
2025-10-22,00904,21.9,21.25,0.65,息
2025-10-22,1589,22.35,21.78,0.568123,權
2025-10-23,0056,37.75,36.88,0.866,息
2025-10-23,006204,142.1,138.84,3.259,息
2025-10-23,00739,26.22,25.32,0.9,息
2025-10-23,00907,15.74,15.6,0.136,息
2025-10-23,2543,71.7,71.2,0.5,息
2025-10-27,2489,15.6,15.1,0.5,息
2025-10-27,3550,14.9,14.36,0.539285,權
2025-10-28,2812,21.9,21.85,0.049821,權
2025-10-28,4552,23.2,22.2,1.0,息
2025-10-31,5283,73.9,61.16,12.733334,權息
2025-11-03,00939,14.58,14.5,0.072,息
2025-11-04,3563,543.0,492.72,50.272732,權息
2025-11-05,00946,10.43,10.37,0.058,息
2025-11-05,00953B,9.59,9.52,0.061,息
2025-11-05,00985B,10.14,10.09,0.048,息
2025-11-05,020036,7.24,6.91,0.328,息
2025-11-06,00940,9.61,9.57,0.04,息
2025-11-10,2515,17.0,16.18,0.814149,權
2025-11-14,3037,178.5,176.67,1.824702,權
2025-11-17,00936,15.82,15.76,0.055,息
2025-11-17,00951,11.04,10.88,0.16,息
2025-11-17,00962,11.02,10.99,0.025,息
2025-11-17,6464,75.1,72.9,2.19757,權
2025-11-18,006208,144.8,141.35,3.448,息
2025-11-18,00690,43.06,42.17,0.89,息
2025-11-18,00692,55.85,54.59,1.252,息
2025-11-18,00730,22.21,22.1,0.11,息
2025-11-18,00878,21.11,20.71,0.4,息
2025-11-18,00891,19.1,18.5,0.6,息
2025-11-18,00892,20.65,20.37,0.276,息
2025-11-18,00894,26.59,26.19,0.4,息
2025-11-18,00900,13.43,13.33,0.1,息
2025-11-18,00932,14.33,14.13,0.2,息
2025-11-18,00934,20.63,20.5,0.13,息
2025-11-18,00938,16.57,16.39,0.18,息
2025-11-18,00943,14.51,14.44,0.07,息
2025-11-18,00944,14.06,14.0,0.054,息
2025-11-18,00945B,14.35,14.26,0.083,息
2025-11-18,00952,11.72,11.69,0.03,息
2025-11-18,00961,9.66,9.64,0.02,息
2025-11-18,00963,11.01,10.97,0.04,息
2025-11-18,00964,11.65,11.57,0.08,息
2025-11-18,00980A,14.62,14.29,0.328,息
2025-11-18,00982A,14.09,13.75,0.334,息
2025-11-19,00731,66.2,65.54,0.652,息
2025-11-19,00929,17.53,17.44,0.09,息
2025-11-20,00775B,32.59,32.22,0.37,息
2025-11-20,009808,18.59,18.18,0.41,息
2025-11-20,01007T,13.67,13.44,0.22601,息
2025-11-21,0051,91.1,88.1,3.0,息
2025-11-21,0053,136.55,133.55,3.0,息
2025-11-21,0055,30.63,29.38,1.25,息
2025-11-21,00771,16.19,15.98,0.21,息
2025-11-21,00850,53.45,52.75,0.7,息
2025-11-24,7780,181.0,180.15,0.847863,息
2025-11-25,00901,26.26,23.66,2.6,息
2025-11-25,00930,16.92,16.79,0.129,息
2025-11-27,2762,80.6,79.66,0.932591,息
2025-12-02,00939,13.91,13.83,0.072,息
2025-12-03,00946,9.85,9.79,0.058,息
2025-12-03,00953B,9.76,9.69,0.061,息
2025-12-03,00985B,10.32,10.27,0.048,息
2025-12-03,020038,7.88,7.35,0.523,息
2025-12-03,3135,59.0,57.67,1.322667,息
2025-12-04,3004,100.5,97.94,2.552496,權
2025-12-05,3321,23.0,18.97,4.023747,權
2025-12-09,2530,28.55,27.8,0.748869,息
2025-12-09,3715,117.0,116.75,0.24967,權
2025-12-09,6277,64.9,63.9,1.0,息
2025-12-10,00940,9.26,9.21,0.045,息
2025-12-10,2236,116.0,112.21,3.788172,權息
2025-12-10,6949,352.0,348.11,3.889036,權
2025-12-11,2330,1505.0,1499.99,5.000011,息
2025-12-11,6438,142.0,139.0,3.0,息
2025-12-15,00936,15.89,15.83,0.055,息
2025-12-15,00962,10.82,10.79,0.025,息
2025-12-16,00730,23.24,23.13,0.11,息
2025-12-16,00896,19.33,18.73,0.6,息
2025-12-16,00900,13.48,13.4,0.075,息
2025-12-16,00915,22.59,22.24,0.35,息
2025-12-16,00919,22.19,21.65,0.54,息
2025-12-16,00921,17.77,17.58,0.19,息
2025-12-16,00926,24.52,23.05,1.47,息
2025-12-16,00934,20.56,20.42,0.132,息
2025-12-16,00943,14.38,14.31,0.066,息
2025-12-16,00944,14.47,14.41,0.054,息
2025-12-16,00945B,14.45,14.36,0.086,息
2025-12-16,00952,11.59,11.56,0.03,息
2025-12-16,00961,9.32,9.3,0.02,息
2025-12-16,00963,11.29,11.25,0.04,息
2025-12-16,00964,11.33,11.24,0.085,息
2025-12-16,00971,16.9,15.9,1.0,息
2025-12-16,00972,18.27,18.0,0.27,息
2025-12-16,009802,11.02,10.92,0.092,息
2025-12-16,01010T,10.05,9.98,0.067533,息
2025-12-17,00710B,19.3,18.99,0.31,息
2025-12-17,00711B,16.51,16.32,0.19,息
2025-12-17,00712,9.25,9.06,0.19,息
2025-12-17,00929,17.61,17.52,0.09,息
2025-12-17,009803,12.58,12.36,0.22,息
2025-12-17,3543,43.9,42.18,1.71055,權
2025-12-18,00728,35.87,35.5,0.367,息
2025-12-18,00918,22.99,22.42,0.565,息
2025-12-18,4739,67.2,66.75,0.445249,權
2025-12-18,8070,44.6,43.89,0.71,息
2025-12-19,00713,51.15,50.37,0.78,息
2025-12-19,8467,155.5,153.5,2.0,息
2025-12-22,5306,88.5,87.63,0.86182,息
2025-12-22,6931,64.7,64.58,0.12,息
2025-12-23,00907,15.51,15.37,0.136,息
2025-12-23,2474,197.0,193.84,3.159582,息
2025-12-23,4912,83.8,83.49,0.303,息
2025-12-24,2753,197.0,193.0,4.0,息
2025-12-29,6796,104.5,102.64,1.854155,權
2025-12-30,7631,128.0,127.26,0.737265,息
2026-01-02,00939,14.7,14.62,0.072,息
2026-01-06,00946,9.6,9.54,0.058,息
2026-01-06,00953B,9.76,9.69,0.061,息
2026-01-06,00985B,10.32,10.27,0.048,息
2026-01-06,2442,24.8,24.12,0.671598,權
2026-01-06,2454,1525.0,1496.0,29.0,息
2026-01-08,00940,9.43,9.38,0.045,息
2026-01-08,1707,127.0,124.8,2.2,息
2026-01-08,2247,281.5,275.0,6.5,息
2026-01-08,4104,79.1,77.39,1.703479,權
2026-01-08,4737,55.0,54.35,0.646954,權
2026-01-13,8021,218.0,216.11,1.882207,權
2026-01-16,00904,26.08,25.32,0.76,息
2026-01-16,00936,17.46,17.4,0.06,息
2026-01-16,00947,21.36,21.24,0.12,息
2026-01-16,00962,11.26,11.23,0.03,息
2026-01-19,00882,15.46,15.01,0.45,息
2026-01-19,00905,18.72,18.47,0.25,息
2026-01-19,00911,37.2,36.2,1.0,息
2026-01-19,00912,23.13,22.48,0.65,息
2026-01-19,00917,31.8,28.3,3.5,息
2026-01-19,00927,25.0,24.09,0.91,息
2026-01-19,00934,22.37,22.23,0.132,息
2026-01-19,00943,14.96,14.89,0.065,息
2026-01-19,00944,15.22,15.16,0.054,息
2026-01-19,00952,12.49,12.44,0.05,息
2026-01-19,00956,12.28,12.02,0.26,息
2026-01-19,00960,15.13,14.9,0.225,息
2026-01-19,00961,10.23,10.21,0.02,息
2026-01-19,00963,11.84,11.79,0.045,息
2026-01-19,00964,12.47,12.38,0.088,息
2026-01-19,00984A,12.01,11.84,0.168,息
2026-01-20,00701,29.96,29.26,0.7,息
2026-01-20,00702,23.98,23.33,0.65,息
2026-01-20,00714,20.79,20.66,0.123,息
2026-01-20,00717,15.43,15.28,0.141,息
2026-01-20,00730,23.83,23.72,0.11,息
2026-01-20,00735,60.3,59.3,1.0,息
2026-01-20,00736,29.21,28.91,0.3,息
2026-01-20,00770,57.95,53.75,4.2,息
2026-01-20,00830,64.9,55.9,9.0,息
2026-01-20,00881,35.87,33.22,2.65,息
2026-01-20,00900,14.59,14.51,0.075,息
2026-01-20,00908,14.29,14.16,0.121,息
2026-01-20,00929,19.64,19.54,0.1,息
2026-01-20,00930,18.26,18.11,0.141,息
2026-01-20,00945B,14.63,14.54,0.088,息
2026-01-20,00981T,11.03,10.97,0.054,息
2026-01-20,00982D,10.17,10.11,0.052,息
2026-01-20,00983D,10.31,10.25,0.06,息
2026-01-22,0050,71.85,70.85,1.0,息
2026-01-22,0056,38.21,37.34,0.866,息
2026-01-22,006203,129.75,127.95,1.8,息
2026-01-22,1437,32.8,32.31,0.483566,息
2026-01-26,3189,214.0,204.83,9.166415,權
2026-02-02,00939,15.6,15.52,0.072,息
2026-02-02,00940,9.7,9.65,0.045,息
2026-02-03,00946,10.06,10.0,0.058,息
2026-02-03,00953B,9.8,9.73,0.061,息
2026-02-03,00985B,10.4,10.35,0.048,息
2026-02-04,2374,79.6,79.11,0.484892,權
2026-02-04,6969,31.15,30.73,0.410424,權
2026-02-05,5534,79.7,78.13,1.561876,權
2026-02-09,2338,35.5,34.96,0.535115,權
2026-02-24,2421,147.0,145.96,1.038318,權
2026-02-25,00730,23.26,23.15,0.11,息
2026-02-25,00775B,33.41,33.06,0.35,息
2026-02-25,00900,14.93,14.85,0.075,息
2026-02-25,00907,15.88,15.72,0.16,息
2026-02-25,00936,17.94,17.84,0.1,息
2026-02-25,00962,11.4,11.37,0.03,息
2026-02-25,00982D,10.27,10.21,0.052,息
2026-02-25,00983D,10.34,10.28,0.06,息
2026-02-26,00690,55.85,54.8,1.05,息
2026-02-26,00771,16.4,16.19,0.21,息
2026-02-26,00850,67.2,66.4,0.8,息
2026-02-26,00878,24.0,23.58,0.42,息
2026-02-26,00891,25.92,25.17,0.75,息
2026-02-26,00894,34.18,33.78,0.4,息
2026-02-26,00913,33.0,31.4,1.6,息
2026-02-26,00923,32.49,30.78,1.71,息
2026-02-26,00932,15.18,14.96,0.22,息
2026-02-26,00934,22.66,22.52,0.14,息
2026-02-26,00938,19.7,19.5,0.2,息
2026-02-26,00943,15.27,15.2,0.07,息
2026-02-26,00944,15.49,15.43,0.054,息
2026-02-26,00945B,14.47,14.38,0.088,息
2026-02-26,00952,13.22,13.17,0.05,息
2026-02-26,00961,10.42,10.36,0.06,息
2026-02-26,00963,12.48,12.43,0.045,息
2026-02-26,00964,14.0,13.91,0.089,息
2026-02-26,009808,24.03,23.54,0.481,息
2026-02-26,00980A,17.9,17.53,0.368,息
2026-02-26,00981T,11.54,11.48,0.056,息
2026-02-26,00982A,16.76,16.38,0.377,息
2026-03-03,00731,75.0,74.24,0.752,息
2026-03-03,00929,19.96,19.86,0.1,息
2026-03-04,3605,63.4,63.06,0.339785,權
2026-03-05,4807,18.15,17.29,0.854559,權
2026-03-11,00939,15.51,15.43,0.072,息
2026-03-11,00940,9.53,9.48,0.045,息
2026-03-12,00946,10.08,10.02,0.058,息
2026-03-12,00953B,9.71,9.64,0.061,息
2026-03-12,00985B,10.36,10.31,0.048,息
2026-03-12,1342,95.9,89.9,6.0,息
2026-03-12,2762,79.4,75.28,4.111195,息
2026-03-13,01009T,5.99,5.85,0.130164,息
2026-03-16,00936,17.6,17.5,0.1,息
2026-03-16,00962,11.0,10.95,0.05,息
2026-03-16,01010T,10.06,9.97,0.089115,息
2026-03-16,9802,85.8,83.8,2.0,息
2026-03-17,00730,22.82,22.71,0.11,息
2026-03-17,00896,21.85,21.15,0.7,息
2026-03-17,00900,14.34,14.26,0.075,息
2026-03-17,00915,23.66,23.28,0.38,息
2026-03-17,00919,23.91,23.13,0.78,息
2026-03-17,00921,19.01,18.74,0.27,息
2026-03-17,00922,30.81,28.81,2.0,息
2026-03-17,00934,21.94,21.8,0.14,息
2026-03-17,00935,38.06,36.86,1.2,息
2026-03-17,00943,15.08,15.0,0.072,息
2026-03-17,00944,15.3,15.24,0.054,息
2026-03-17,00945B,14.55,14.46,0.087,息
2026-03-17,00952,12.94,12.89,0.05,息
2026-03-17,00961,10.38,10.25,0.122,息
2026-03-17,00963,12.32,12.27,0.045,息
2026-03-17,00964,13.87,13.77,0.093,息
2026-03-17,00972,18.92,18.65,0.27,息
2026-03-17,009802,12.88,12.78,0.092,息
2026-03-17,009803,15.53,15.28,0.25,息
2026-03-17,00981A,20.27,19.86,0.41,息
2026-03-17,00981T,11.1,11.04,0.057,息
2026-03-17,00982D,10.08,10.02,0.052,息
2026-03-17,00983D,10.28,10.22,0.06,息
2026-03-17,2330,1845.0,1838.99,6.000035,息
2026-03-18,00710B,19.03,18.73,0.3,息
2026-03-18,00711B,16.28,16.08,0.2,息
2026-03-18,00712,8.99,8.8,0.19,息
2026-03-18,00929,19.93,19.82,0.11,息
2026-03-18,1712,47.0,44.5,2.5,息
2026-03-19,00728,46.13,45.61,0.52,息
2026-03-19,00918,23.68,23.06,0.62,息
2026-03-19,2301,170.0,167.0,3.0,息
2026-03-19,2430,22.75,21.95,0.8,息
2026-03-19,2613,26.1,25.1,1.0,息
2026-03-19,3008,2440.0,2388.0,52.0,息
2026-03-19,3029,118.0,112.5,5.5,息
2026-03-19,3038,23.5,22.3,1.2,息
2026-03-19,4440,18.35,17.35,1.0,息
2026-03-19,5306,89.2,88.16,1.034104,息
2026-03-19,6955,167.0,165.5,1.5,息
2026-03-19,9105,5.93,5.84,0.087264,息
2026-03-20,00713,52.5,51.72,0.78,息
2026-03-20,2006,75.0,70.7,4.3,息
2026-03-20,2630,51.1,50.2,0.9,息
2026-03-20,5234,392.0,385.5,6.5,息
2026-03-20,6235,49.1,47.9,1.2,息
2026-03-23,00930,17.77,17.62,0.15,息
2026-03-24,1623,200.0,192.0,8.0,息
2026-03-25,3005,127.0,120.21,6.789056,息
2026-03-25,4949,61.0,59.6,1.4,息
2026-03-25,6281,60.5,57.2,3.3,息
2026-03-25,8464,383.0,367.0,16.0,息
2026-03-26,1477,268.0,259.0,9.0,息
2026-03-26,1611,13.3,12.5,0.8,息
2026-03-26,2015,68.1,64.8,3.3,息
2026-03-26,2101,35.2,34.5,0.7,息
2026-03-26,2108,25.35,24.35,1.0,息
2026-03-26,2109,15.15,14.65,0.5,息
2026-03-26,2458,135.0,130.57,4.424533,息
2026-03-26,2528,26.95,25.45,1.5,息
2026-03-26,3596,177.5,168.5,9.0,息
2026-03-26,4930,20.0,19.4,0.6,息
2026-03-26,6415,293.5,290.94,2.55261,息
2026-03-26,6534,93.4,89.1,4.3,息
2026-03-26,7732,36.7,35.2,1.5,息
2026-03-26,7736,82.9,79.1,3.8,息
2026-03-26,8367,46.0,43.15,2.85,息
2026-03-27,1457,16.3,15.3,1.0,息
2026-03-27,2324,31.5,30.4,1.1,息
2026-03-27,2344,96.0,95.5,0.5,息
2026-03-27,2387,44.6,40.6,4.0,息
2026-03-27,2483,21.15,20.85,0.3,息
2026-03-27,2496,69.6,66.6,3.0,息
2026-03-27,4583,679.0,669.0,10.0,息
2026-03-27,5225,90.0,82.79,7.209998,息
2026-03-27,5283,56.0,55.8,0.2,息
2026-03-27,6581,111.5,106.2,5.3,息
2026-03-27,6918,85.0,80.0,5.0,息
2026-03-27,7631,116.5,115.75,0.75,息
2026-03-27,8926,46.6,44.92,1.670517,權
2026-03-27,8996,845.0,840.44,4.555207,息
2026-03-30,2910,23.05,22.01,1.04,息
2026-03-30,5222,135.0,132.5,2.5,息
2026-03-31,00939,15.32,15.24,0.072,息
2026-03-31,1414,17.45,17.25,0.2,息
2026-04-01,01004T,11.11,10.89,0.216117,息
2026-04-01,1445,13.4,12.9,0.5,息
2026-04-01,2611,14.35,13.83,0.52,息
2026-04-01,4770,216.5,210.5,6.0,息
2026-04-01,5007,58.2,55.2,3.0,息
2026-04-01,7750,1265.0,1249.0,16.0,息
2026-04-01,9911,88.0,83.0,5.0,息
2026-04-02,00946,10.11,10.05,0.058,息
2026-04-02,00953B,9.69,9.62,0.061,息
2026-04-02,00985B,10.35,10.3,0.048,息
2026-04-02,6831,407.0,404.0,3.0,息
2026-04-08,3164,18.7,17.9,0.8,息
2026-04-09,00940,9.82,9.77,0.045,息
2026-04-09,2535,72.0,67.4,4.6,息
2026-04-09,3004,112.0,109.45,2.547551,息
2026-04-09,4566,58.1,57.41,0.682748,息
2026-04-09,5388,81.6,79.1,2.5,息
2026-04-09,6830,662.0,661.0,1.0,息
2026-04-10,2072,190.0,182.91,7.083333,息
2026-04-10,4532,25.95,24.45,1.5,息
2026-04-15,1475,30.45,28.95,1.5,息
2026-04-16,1451,18.65,17.65,1.0,息
2026-04-16,1524,30.6,29.2,1.4,息
2026-04-16,1604,25.35,23.85,1.5,息
2026-04-16,2020,25.15,23.35,1.8,息
2026-04-16,2032,17.0,16.5,0.5,息
2026-04-16,2481,100.0,98.2,1.8,息
2026-04-16,2707,191.5,180.75,10.7496,息
2026-04-16,3021,16.9,16.3,0.6,息
2026-04-16,6128,20.9,20.4,0.5,息
2026-04-16,6224,57.7,56.45,1.25,息
2026-04-16,6625,81.6,76.6,5.0,息
2026-04-16,6672,155.5,152.15,3.35,息
2026-04-16,6756,74.6,73.7,0.899935,息
2026-04-16,6807,40.7,38.2,2.5,息
2026-04-17,00904,32.68,32.0,0.68,息
2026-04-17,00936,18.4,18.3,0.1,息
2026-04-17,00947,26.7,26.58,0.12,息
2026-04-17,00962,11.94,11.89,0.05,息
2026-04-20,0052,50.05,48.85,1.199,息
2026-04-20,00714,21.38,21.25,0.123,息
2026-04-20,00717,15.17,15.02,0.141,息
2026-04-20,00730,24.78,24.67,0.11,息
2026-04-20,00733,62.4,61.82,0.578,息
2026-04-20,00900,15.07,14.99,0.075,息
2026-04-20,00905,22.21,21.61,0.6,息
2026-04-20,00908,14.18,14.05,0.121,息
2026-04-20,00909,44.31,41.56,2.75,息
2026-04-20,00912,27.6,26.85,0.75,息
2026-04-20,00927,28.22,27.28,0.94,息
2026-04-20,00934,22.93,22.78,0.143,息
2026-04-20,00943,17.19,17.11,0.071,息
2026-04-20,00944,17.0,16.94,0.054,息
2026-04-20,00945B,14.55,14.46,0.087,息
2026-04-20,00952,15.29,15.24,0.05,息
2026-04-20,00956,12.34,12.14,0.2,息
2026-04-20,00960,17.61,17.38,0.225,息
2026-04-20,00961,10.31,10.26,0.049,息
2026-04-20,00963,12.95,12.9,0.045,息
2026-04-20,00964,13.91,13.81,0.1,息
2026-04-20,009804,18.92,18.04,0.876,息
2026-04-20,00981T,11.45,11.39,0.057,息
2026-04-20,00982D,10.04,9.98,0.052,息
2026-04-20,00983D,10.22,10.16,0.06,息
2026-04-20,00984A,14.14,13.87,0.268,息
2026-04-21,00929,21.78,21.65,0.13,息
2026-04-23,0056,42.61,41.61,1.0,息
2026-04-23,00907,14.91,14.71,0.2,息
2026-04-23,3605,73.9,72.89,1.000721,權
2026-04-23,4104,78.6,74.3,4.3,息
2026-04-23,4764,222.0,221.0,1.0,息
2026-04-23,6192,127.0,121.2,5.8,息
2026-04-23,6931,50.3,50.06,0.24,息
2026-04-23,7795,421.0,418.85,2.15,息
2026-04-24,1217,10.3,10.05,0.25,息
2026-04-24,1315,65.7,63.2,2.5,息
2026-04-24,1717,78.8,77.8,1.0,息
2026-04-24,2477,24.5,23.1,1.4,息
2026-04-29,1786,60.6,58.69,1.90885,息
2026-05-04,00939,16.84,16.76,0.072,息
2026-05-04,00984D,10.16,10.07,0.085,息
2026-05-06,00946,12.09,12.03,0.058,息
2026-05-06,00953B,9.67,9.6,0.061,息
2026-05-06,00985B,10.23,10.18,0.048,息
2026-05-07,00940,10.85,10.8,0.045,息
2026-05-08,01001T,12.4,11.96,0.430233,息
2026-05-14,01002T,14.68,14.22,0.457505,息
2026-05-14,01007T,13.21,12.99,0.216853,息
2026-05-14,8033,140.0,137.66,2.332507,權
2026-05-18,00775B,32.29,31.94,0.35,息
2026-05-18,00936,19.22,19.12,0.1,息
2026-05-18,00962,13.41,13.36,0.05,息
2026-05-19,00690,72.0,70.6,1.4,息
2026-05-19,00730,26.19,26.08,0.11,息
2026-05-19,00878,27.8,27.14,0.66,息
2026-05-19,00891,33.9,32.65,1.25,息
2026-05-19,00894,46.01,45.41,0.6,息
2026-05-19,00900,16.69,16.61,0.075,息
2026-05-19,00932,16.3,16.08,0.22,息
2026-05-19,00934,25.1,24.85,0.25,息
2026-05-19,00938,20.83,20.61,0.22,息
2026-05-19,00943,19.75,19.66,0.09,息
2026-05-19,00944,18.44,18.38,0.054,息
2026-05-19,00945B,14.44,14.35,0.087,息
2026-05-19,00952,17.16,17.06,0.1,息
2026-05-19,00961,11.12,11.01,0.108,息
2026-05-19,00963,12.61,12.52,0.086,息
2026-05-19,00964,14.1,14.0,0.1,息
2026-05-19,009808,28.2,27.63,0.57,息
2026-05-19,00980A,22.82,22.34,0.48,息
2026-05-19,00981T,11.78,11.71,0.065,息
2026-05-19,00982A,22.52,21.88,0.64,息
2026-05-19,00982D,9.88,9.82,0.052,息
2026-05-19,00983D,10.08,10.02,0.06,息
2026-05-20,00731,75.15,74.39,0.752,息
2026-05-20,00929,25.23,25.1,0.13,息
2026-05-22,00771,16.1,15.89,0.21,息
2026-05-22,00850,82.1,81.25,0.85,息
2026-05-22,3257,56.5,53.7,2.8,息
2026-05-25,2426,83.2,83.1,0.1,息
2026-05-25,2486,271.0,270.5,0.49846,息
2026-05-26,00930,23.3,22.99,0.31,息
2026-05-27,1215,142.5,135.5,7.0,息
2026-05-27,1568,35.1,34.1,1.0,息
2026-05-27,3413,346.0,335.01,10.983792,息
2026-05-28,1459,11.6,11.4,0.2,息
2026-05-28,1702,32.9,31.3,1.6,息
2026-05-28,1708,38.45,36.85,1.6,息
2026-05-28,3717,22.0,21.7,0.29156,權
2026-05-28,4585,349.5,348.5,1.0,息
2026-06-01,2612,57.7,55.5,2.2,息
2026-06-01,6176,106.5,103.0,3.5,息
2026-06-01,6909,53.5,52.49,1.000142,息
2026-06-02,00939,20.5,20.42,0.072,息
2026-06-02,00946,15.32,15.26,0.058,息
2026-06-02,00953B,9.58,9.51,0.061,息
2026-06-02,00984D,10.1,10.01,0.085,息
2026-06-02,00985B,10.15,10.1,0.048,息
2026-06-02,1323,20.95,20.05,0.9,息
2026-06-02,2313,282.0,279.2,2.8,息
2026-06-02,2548,122.5,114.5,8.0,息
2026-06-02,4555,57.1,56.6,0.5,息
2026-06-02,4912,113.5,112.5,1.0,息
2026-06-02,8487,82.0,77.19,4.806,息
2026-06-03,2642,20.95,20.45,0.5,息
2026-06-04,3356,61.7,58.2,3.5,息
2026-06-05,6525,119.5,114.5,5.0,息
2026-06-08,01010T,10.0,9.9,0.098474,息
2026-06-08,1219,13.0,12.5,0.5,息
2026-06-08,3036,281.0,273.2,7.795026,息
2026-06-08,3406,682.0,665.0,17.0,息
2026-06-08,3443,4410.0,4390.0,20.0,息
2026-06-08,4958,504.0,500.57,3.421698,息
2026-06-08,6658,188.0,186.8,1.2,息
2026-06-09,00940,11.99,11.94,0.05,息
2026-06-09,1416,11.65,11.08,0.57,息
2026-06-09,1733,29.9,28.6,1.3,息
2026-06-09,2114,93.4,88.4,5.0,息
2026-06-09,2731,172.0,159.2,12.8,息
2026-06-09,4994,90.0,87.0,3.0,息
2026-06-09,6412,94.0,90.3,3.7,息
2026-06-09,6936,34.3,32.79,1.51,息
2026-06-09,7791,67.5,63.69,3.81,息
2026-06-09,9924,42.8,40.3,2.5,息
2026-06-09,9940,19.3,18.7,0.6,息
2026-06-10,1473,20.9,20.4,0.5,息
2026-06-10,1515,23.85,23.25,0.6,息
2026-06-10,2421,160.0,154.75,5.24042,息
2026-06-10,2637,80.9,77.4,3.5,息
2026-06-10,6271,240.0,237.0,3.0,息
2026-06-10,910322,24.1,22.25,1.840312,息
2026-06-11,1312,13.2,13.4,-0.209613,權
2026-06-11,1312A,22.2,22.37,-0.170421,權
2026-06-11,1605,34.8,34.3,0.5,息
2026-06-11,1760,61.5,59.5,2.0,息
2026-06-11,2030,18.65,18.15,0.5,息
2026-06-11,2329,52.7,51.69,1.000042,息
2026-06-11,2330,2255.0,2248.99,6.000035,息
2026-06-11,3030,323.0,316.0,7.0,息
2026-06-11,3481,44.3,43.3,1.0,息
2026-06-11,6834,70.0,69.6,0.4,息
2026-06-11,6951,83.0,79.0,4.0,息
2026-06-11,8454,449.5,439.5,10.0,息
2026-06-12,1218,19.2,17.88,1.32,息
2026-06-12,1776,17.85,17.25,0.6,息
2026-06-12,1810,20.7,20.5,0.2,息
2026-06-12,2207,489.5,469.5,20.0,息
2026-06-12,2327,842.0,836.0,5.998525,息
2026-06-12,3679,123.5,114.5,9.0,息
2026-06-12,8028,304.0,301.29,2.701988,息
2026-06-15,00936,20.55,20.43,0.12,息
2026-06-15,00962,14.67,14.59,0.08,息
2026-06-15,009803,21.59,21.09,0.5,息
2026-06-15,1232,150.5,143.3,7.2,息
2026-06-15,2031,41.75,39.25,2.5,息
2026-06-15,2107,26.45,25.05,1.4,息
2026-06-15,2385,141.0,133.8,7.2,息
2026-06-15,2608,30.2,28.55,1.65,息
2026-06-15,2832,54.9,51.4,3.5,息
2026-06-15,4938,93.1,89.09,4.009436,息
2026-06-15,6272,35.25,33.23,2.015579,息
2026-06-15,6861,304.0,302.0,2.0,息
2026-06-15,7722,333.5,332.0,1.5,息
2026-06-15,8016,289.5,278.0,11.5,息
2026-06-15,9910,91.9,87.8,4.1,息
2026-06-16,00730,29.52,29.41,0.11,息
2026-06-16,00896,29.0,27.75,1.25,息
2026-06-16,00900,19.51,19.43,0.075,息
2026-06-16,00915,31.46,31.01,0.45,息
2026-06-16,00916,27.9,25.98,1.92,息
2026-06-16,00919,30.69,29.69,1.0,息
2026-06-16,00921,23.12,22.8,0.32,息
2026-06-16,00934,28.77,28.52,0.25,息
2026-06-16,00943,22.3,22.18,0.12,息
2026-06-16,00944,21.36,21.3,0.054,息
2026-06-16,00945B,14.5,14.41,0.087,息
2026-06-16,00952,18.53,18.41,0.12,息
2026-06-16,00961,12.94,12.79,0.15,息
2026-06-16,00963,12.88,12.79,0.09,息
2026-06-16,00964,14.78,14.67,0.106,息
2026-06-16,00972,19.84,19.62,0.22,息
2026-06-16,009802,19.92,19.72,0.198,息
2026-06-16,009809,17.41,17.31,0.1,息
2026-06-16,00981A,31.47,30.84,0.63,息
2026-06-16,00981T,12.22,12.14,0.071,息
2026-06-16,00982D,10.02,9.96,0.052,息
2026-06-16,00983D,10.16,10.1,0.06,息
2026-06-16,1582,91.7,88.7,3.0,息
2026-06-16,2069,20.15,19.15,1.0,息
2026-06-16,2459,68.6,64.4,4.2,息
2026-06-16,2480,156.5,148.7,7.8,息
2026-06-16,2606,67.2,64.4,2.8,息
2026-06-16,2816,33.8,32.3,1.5,息
2026-06-16,2850,148.0,140.73,7.27,息
2026-06-16,2908,21.5,20.95,0.55,息
2026-06-16,3015,60.6,58.4,2.2,息
2026-06-16,3035,202.0,200.2,1.8,息
2026-06-16,3042,243.5,238.7,4.8,息
2026-06-16,4133,20.8,20.68,0.112,息
2026-06-16,6414,381.5,367.71,13.784207,息
2026-06-16,6722,39.2,37.2,2.0,息
2026-06-17,00710B,19.03,18.72,0.31,息
2026-06-17,00711B,16.22,16.02,0.2,息
2026-06-17,00712,8.84,8.6,0.235,息
2026-06-17,00929,30.63,30.37,0.26,息
2026-06-17,1476,343.5,328.5,15.0,息
2026-06-17,1504,71.8,69.8,2.0,息
2026-06-17,1707,103.0,99.2,3.8,息
2026-06-17,1773,177.5,173.5,4.0,息
2026-06-17,2105,33.95,32.15,1.8,息
2026-06-17,2115,22.4,20.9,1.5,息
2026-06-17,2308,2230.0,2218.4,11.6,息
2026-06-17,2353,38.9,37.6,1.3,息
2026-06-17,2360,2325.0,2305.5,19.5,息
2026-06-17,2450,31.0,29.45,1.55,息
2026-06-17,2504,36.25,33.65,2.6,息
2026-06-17,2603,220.5,204.5,16.0,息
2026-06-17,2852,27.85,26.19,1.66,息
2026-06-17,3028,74.8,71.8,3.0,息
2026-06-17,3168,48.65,45.65,3.0,息
2026-06-17,3450,499.5,498.5,1.0,息
2026-06-17,3543,31.6,31.0,0.6,息
2026-06-17,6438,149.0,147.0,2.0,息
2026-06-17,6579,165.0,161.25,3.75,息
2026-06-17,6606,25.8,24.77,1.03,息
2026-06-17,6792,68.5,66.0,2.5,息
2026-06-17,6923,80.0,76.96,3.034796,息
2026-06-17,8011,18.4,17.7,0.7,息
2026-06-17,8070,55.8,53.8,1.999999,息
2026-06-17,8162,70.0,68.5,1.5,息
2026-06-17,8163,43.6,43.1,0.5,息
2026-06-18,00728,63.65,62.99,0.66,息
2026-06-18,00918,32.66,31.4,1.26,息
2026-06-18,00994A,18.3,17.83,0.462,息
2026-06-18,1423,44.9,41.3,3.6,息
2026-06-18,2467,585.0,579.5,5.5,息
2026-06-18,2597,183.5,173.83,9.67,息
2026-06-18,7765,250.0,240.33,9.666295,息
2026-06-18,8462,144.5,137.22,7.277777,息
2026-06-18,8463,22.1,21.3,0.8,息
2026-06-22,00713,61.7,60.7,1.0,息
2026-06-22,1313,11.6,11.5,0.1,息
2026-06-22,1319,99.2,94.2,5.0,息
2026-06-22,1735,23.15,22.5,0.65,息
2026-06-22,1904,23.1,22.65,0.45,息
2026-06-22,2106,17.85,17.2,0.65,息
2026-06-22,2313,259.5,257.64,1.855213,權
2026-06-22,2388,81.4,81.35,0.05,息
2026-06-22,2498,46.4,45.9,0.5,息
2026-06-22,3026,902.0,896.2,5.8,息
2026-06-22,3094,38.25,38.0,0.25,息
2026-06-22,3447,40.2,39.1,1.1,息
2026-06-22,4739,123.5,122.5,0.999983,息
2026-06-22,4906,43.8,43.32,0.473163,息
2026-06-22,6120,15.05,14.8,0.25,息
2026-06-22,6531,1025.0,1018.01,6.985647,息
2026-06-22,6669,5130.0,4985.6,144.391544,息
2026-06-22,6965,82.0,77.0,5.0,息
2026-06-22,7780,19.2,18.3,0.893401,息
2026-06-22,9907,16.7,15.52,1.18,息
2026-06-23,1341,61.9,57.9,4.0,息
2026-06-23,1432,18.0,16.0,2.0,息
2026-06-23,1609,38.65,37.95,0.7,息
2026-06-23,2312,35.85,35.25,0.599867,息
2026-06-23,2368,1395.0,1385.19,9.803012,息
2026-06-23,2534,18.3,16.8,1.5,息
2026-06-23,2855,52.0,49.89,2.11,息
2026-06-23,3010,131.5,126.2,5.3,息
2026-06-23,4766,372.0,354.0,18.0,息
2026-06-23,6214,141.0,135.0,6.0,息
2026-06-23,6449,428.5,424.29,4.200947,息
2026-06-23,6505,54.0,52.8,1.2,息
2026-06-23,7760,34.0,32.0,2.0,息
2026-06-24,00907,16.61,16.4,0.205,息
2026-06-24,1104,28.95,27.1,1.85,息
2026-06-24,1326,53.1,52.5,0.6,息
2026-06-24,2103,21.15,20.88,0.27,息
2026-06-24,2423,80.0,77.5,2.5,息
2026-06-24,3019,157.0,152.4,4.6,息
2026-06-24,3530,73.6,72.8,0.8,息
2026-06-24,3705,57.0,54.0,3.0,息
2026-06-24,4557,49.55,47.55,2.0,息
2026-06-24,4571,179.0,173.72,5.271732,息
2026-06-24,4952,58.0,57.0,1.0,息
2026-06-24,6184,46.95,43.95,3.0,息
2026-06-24,6196,541.0,534.55,6.448786,息
2026-06-24,6670,287.0,271.0,16.0,息
2026-06-24,8249,51.4,49.32,2.078778,息
2026-06-24,9917,116.0,110.3,5.7,息
2026-06-24,9930,70.1,66.1,4.0,息
2026-06-24,9934,10.2,10.1,0.1,息
2026-06-25,1525,65.8,63.0,2.8,息
2026-06-25,2362,46.1,44.1,2.0,息
2026-06-25,2432,31.95,30.25,1.7,息
2026-06-25,2451,294.0,282.21,11.782382,息
2026-06-25,2489,47.1,45.9,1.2,息
2026-06-25,3046,56.0,53.0,3.0,息
2026-06-25,3338,74.8,73.5,1.3,息
2026-06-25,4935,38.75,37.75,1.0,息
2026-06-25,5285,110.0,108.5,1.5,息
2026-06-25,5515,41.55,38.25,3.3,息
2026-06-25,5521,10.4,10.25,0.15,息
2026-06-25,5522,71.5,66.0,5.5,息
2026-06-25,6189,53.4,50.7,2.699525,息
2026-06-25,6205,80.7,79.2,1.5,息
2026-06-25,6585,142.0,137.5,4.5,息
2026-06-25,6771,41.95,38.75,3.2,息
2026-06-25,6776,57.8,54.8,3.0,息
2026-06-25,6908,38.5,37.26,1.24,息
2026-06-25,8046,955.0,953.0,2.0,息
2026-06-25,8114,208.5,197.03,11.467,息
2026-06-25,8210,1325.0,1311.0,14.0,息
2026-06-25,9944,17.85,17.55,0.3,息
2026-06-26,2455,388.5,385.87,2.620556,息
2026-06-26,3054,65.6,64.8,0.8,息
2026-06-26,3669,35.4,34.4,1.0,息
2026-06-26,3708,115.0,108.5,6.49582,息
2026-06-26,5244,37.1,36.7,0.4,息
2026-06-26,6768,86.0,80.84,5.155125,息
2026-06-26,6789,537.0,534.0,3.0,息
2026-06-29,1234,34.95,33.3,1.65,息
2026-06-29,1472,90.5,84.5,6.0,息
2026-06-29,1717,69.5,69.3,0.197595,權
2026-06-29,2851,37.15,34.95,2.2,息
2026-06-29,3016,124.5,124.0,0.496874,息
2026-06-29,3563,675.0,663.0,12.0,息
2026-06-29,4164,29.6,28.49,1.107736,息
2026-06-29,4915,73.5,68.93,4.569244,息
2026-06-29,4989,82.4,77.86,4.537655,權
2026-06-29,5306,84.7,83.86,0.834859,息
2026-06-29,5706,51.5,46.96,4.538839,息
2026-06-29,7631,164.0,162.4,1.6,息
2026-06-29,8045,58.8,57.8,0.999821,息
2026-06-29,8150,97.5,96.27,1.23,息
2026-06-29,8341,78.1,74.1,4.0,息
2026-06-29,8422,28.25,27.05,1.198132,息
2026-06-30,1301,53.2,52.7,0.5,息
2026-06-30,1410,25.5,25.3,0.2,息
2026-06-30,1521,25.95,25.2,0.75,息
2026-06-30,1598,19.35,18.85,0.5,息
2026-06-30,1727,88.0,87.85,0.15,息
2026-06-30,1731,21.8,20.58,1.22,息
2026-06-30,1817,40.15,37.95,2.2,息
2026-06-30,2328,48.75,47.85,0.9,息
2026-06-30,2397,57.6,55.15,2.45,息
2026-06-30,2436,71.5,69.54,1.956716,息
2026-06-30,2605,29.9,28.9,1.0,息
2026-06-30,2882,101.5,98.0,3.5,息
2026-06-30,2882A,61.9,59.37,2.526,息
2026-06-30,2882B,60.8,58.51,2.280657,息
2026-06-30,2883,29.65,28.65,1.0,息
2026-06-30,2883B,8.27,7.91,0.355,息
2026-06-30,3416,166.5,161.4,5.095945,息
2026-06-30,3714,62.4,61.5,0.9,息
2026-06-30,4722,306.5,305.31,1.184076,息
2026-06-30,6592,64.0,59.22,4.7767,權息
2026-06-30,6592A,98.0,93.8,4.2,息
2026-06-30,6592B,98.1,93.6,4.5,息
2026-06-30,6835,35.15,34.14,1.006755,息
2026-06-30,7711,324.0,315.01,8.987093,息
2026-06-30,8039,137.5,135.5,1.993351,息
2026-06-30,9931,35.1,33.3,1.8,息
2026-07-01,1101,24.05,23.25,0.8,息
2026-07-01,1101B,45.6,43.57,2.02625,息
2026-07-01,1470,21.3,20.65,0.65,息
2026-07-01,1725,34.75,33.68,1.07,息
2026-07-01,2302,47.85,47.5,0.35,息
2026-07-01,2357,700.0,658.0,42.0,息
2026-07-01,2881,129.5,125.25,4.25,息
2026-07-01,2881A,63.6,60.85,2.74875,息
2026-07-01,2881B,62.9,60.32,2.572356,息
2026-07-01,2881C,51.7,49.9,1.8,息
2026-07-01,2884,34.45,33.05,1.4,息
2026-07-01,2887E,51.1,48.66,2.43625,息
2026-07-01,2887F,47.4,45.46,1.933601,息
2026-07-01,2887G,43.55,41.84,1.71,息
2026-07-01,2887H,41.5,39.7,1.8,息
2026-07-01,2887I,9.51,9.43,0.073442,息
2026-07-01,2887Z1,18.35,17.69,0.65305,息
2026-07-01,2903,23.0,21.75,1.25,息
2026-07-01,3515,234.0,222.99,11.001795,息
2026-07-01,3607,16.8,16.0,0.8,息
2026-07-01,4119,44.8,44.05,0.75,息
2026-07-01,4755,139.5,135.8,3.7,息
2026-07-01,4961,165.0,157.28,7.72,息
2026-07-01,6285,259.5,255.19,4.301769,息
2026-07-01,6655,123.0,118.2,4.8,息
2026-07-01,8271,194.5,190.05,4.448443,息
2026-07-01,8482,50.0,48.04,1.96,息
2026-07-02,00939,21.27,21.14,0.125,息
2026-07-02,00984D,10.18,10.09,0.085,息
2026-07-02,1452,10.9,10.7,0.2,息
2026-07-02,1612,37.1,34.6,2.5,息
2026-07-02,1752,33.2,31.6,1.6,息
2026-07-02,1789,20.8,20.51,0.29,息
2026-07-02,2010,23.7,21.7,2.0,息
2026-07-02,2317,248.0,240.82,7.171792,息
2026-07-02,2354,55.0,53.5,1.5,息
2026-07-02,2433,44.8,42.1,2.7,息
2026-07-02,2462,23.35,23.15,0.2,息
2026-07-02,2607,48.65,45.95,2.7,息
2026-07-02,2753,188.5,181.0,7.5,息
2026-07-02,2820,17.75,16.85,0.9,息
2026-07-02,3006,213.0,212.0,1.0,息
2026-07-02,3090,316.0,311.2,4.8,息
2026-07-02,3189,888.0,886.48,1.517564,息
2026-07-02,3311,38.05,37.45,0.6,息
2026-07-02,3592,281.5,266.9,14.6,息
2026-07-02,3703,21.45,20.4,1.05,息
2026-07-02,3715,172.0,170.92,1.08,息
2026-07-02,4137,110.5,100.5,10.0,息
2026-07-02,6136,25.2,24.04,1.16,息
2026-07-02,6197,348.0,341.07,6.923259,息
2026-07-02,6213,360.0,357.0,2.998927,息
2026-07-02,6715,443.5,441.55,1.943104,息
2026-07-02,8081,309.0,293.0,16.0,息
2026-07-02,8926,74.3,72.18,2.119737,息
2026-07-02,9904,25.0,23.7,1.3,息
2026-07-02,9939,127.5,121.3,6.2,息
2026-07-03,1455,10.2,10.04,0.16,息
2026-07-03,1730,53.3,50.3,3.0,息
2026-07-03,2013,44.0,41.6,2.4,息
2026-07-03,2425,42.15,42.05,0.1,息
2026-07-03,2838A,54.6,51.96,2.630625,息
2026-07-03,2945,42.45,40.95,1.5,息
2026-07-03,3711,727.0,720.41,6.584838,息
2026-07-03,910861,4.44,4.36,0.072018,息
2026-07-06,00946,15.7,15.64,0.058,息
2026-07-06,00953B,9.74,9.67,0.061,息
2026-07-06,00985B,10.33,10.28,0.048,息
2026-07-06,00997A,13.63,13.26,0.37,息
2026-07-06,1307,35.8,33.6,2.2,息
2026-07-06,2373,57.3,53.6,3.7,息
2026-07-06,2474,207.0,199.88,7.113868,息
2026-07-06,2615,82.8,79.8,3.0,息
2026-07-06,2904,14.4,13.7,0.7,息
2026-07-06,3037,969.0,967.01,1.980153,息
2026-07-06,3557,26.4,26.1,0.3,息
2026-07-06,3704,46.95,46.55,0.4,息
2026-07-06,5538,33.9,32.4,1.5,息
2026-07-06,6155,87.0,86.2,0.8,息
2026-07-06,6754,46.3,42.8,3.5,息
2026-07-06,7705,32.9,31.3,1.6,息
2026-07-06,8072,30.25,29.25,1.0,息
2026-07-06,8112,92.9,87.53,5.36055,權息
2026-07-06,8112A,47.4,44.12,3.272454,權息
2026-07-06,8476,24.45,24.25,0.2,息
2026-07-06,9935,20.5,19.3,1.2,息
2026-07-06,9943,56.5,53.0,3.5,息
2026-07-07,2408,420.5,419.15,1.347149,息
2026-07-07,2417,47.45,47.19,0.250119,息
2026-07-07,2454,4125.0,4100.49,24.500215,息
2026-07-07,2536,21.6,19.6,2.0,息
2026-07-07,3048,64.6,63.6,1.0,息
2026-07-07,6257,273.0,268.75,4.249688,息
2026-07-07,6526,686.0,672.5,13.5,息
2026-07-07,6591,55.8,51.8,4.0,息
2026-07-07,6862,195.0,190.0,5.0,息
2026-07-07,9945,26.5,25.4,1.1,息
2026-07-08,1229,42.7,40.09,2.603622,權息
2026-07-08,1303,166.5,165.7,0.8,息
2026-07-08,2028,16.1,15.9,0.2,息
2026-07-08,2049,344.5,342.5,2.0,息
2026-07-08,2303,155.0,152.39,2.608082,息
2026-07-08,2405,17.2,17.1,0.1,息
2026-07-08,2545,37.5,34.7,2.8,息
2026-07-08,2618,42.4,40.4,2.0,息
2026-07-08,2634,58.4,57.62,0.778,息
2026-07-08,3231,155.5,149.99,5.500622,息
2026-07-08,4148,30.45,29.45,1.0,息
2026-07-08,4576,223.0,222.2,0.8,息
2026-07-08,4904,103.0,99.19,3.809281,息
2026-07-08,6641,19.1,18.7,0.4,息
2026-07-08,6924,123.5,118.5,5.0,息
2026-07-08,6937,264.0,262.6,1.4,息
2026-07-09,00400A,14.29,14.17,0.12,息
2026-07-09,00940,12.59,12.54,0.05,息
2026-07-09,1110,15.95,15.65,0.3,息
2026-07-09,1236,26.3,24.65,1.65,息
2026-07-09,1256,199.5,192.9,6.6,息
2026-07-09,1338,17.35,17.03,0.311445,息
2026-07-09,1446,17.2,15.7,1.5,息
2026-07-09,1513,171.5,165.5,6.0,息
2026-07-09,1616,23.25,21.89,1.3584,息
2026-07-09,1723,82.6,80.75,1.85,息
2026-07-09,2412,139.5,134.3,5.2,息
2026-07-09,2453,56.7,53.9,2.8,息
2026-07-09,2478,181.0,179.0,2.0,息
2026-07-09,2488,53.7,50.7,3.0,息
2026-07-09,2492,474.0,471.49,2.503091,息
2026-07-09,2493,270.0,266.0,4.0,息
2026-07-09,2739,37.1,34.52,2.58,息
2026-07-09,3014,153.5,144.99,8.50169,息
2026-07-09,3024,12.45,12.23,0.22,息
2026-07-09,3044,472.0,459.3,12.7,息
2026-07-09,3045,113.0,108.25,4.74428,息
2026-07-09,3060,35.8,35.6,0.2,息
2026-07-09,3167,810.0,806.08,3.914761,息
2026-07-09,3588,68.0,67.5,0.498574,息
2026-07-09,4590,91.5,89.2,2.3,息
2026-07-09,4720,23.85,23.45,0.4,息
2026-07-09,5215,44.1,42.1,2.0,息
2026-07-09,5284,343.0,334.81,8.182653,權息
2026-07-09,5292,223.5,198.18,25.318182,權息
2026-07-09,5469,83.5,80.97,2.521177,息
2026-07-09,5533,14.1,13.5,0.6,息
2026-07-09,6115,48.2,45.4,2.8,息
2026-07-09,6166,135.5,134.3,1.198986,息
2026-07-09,6191,105.5,102.9,2.6,息
2026-07-09,6278,200.0,194.43,5.564956,息
2026-07-09,6446,1530.0,1377.93,152.067614,權息
2026-07-09,6605,134.0,127.5,6.5,息
2026-07-09,6781,1165.0,1145.9,19.1,息
2026-07-09,8110,51.3,49.8,1.494171,息
2026-07-09,8261,348.0,343.0,5.0,息
2026-07-09,8374,85.7,85.5,0.2,息
2026-07-09,8499,306.5,298.5,8.0,息
2026-07-09,9905,21.3,20.2,1.1,息
2026-07-10,2008,29.85,28.85,1.0,息
2026-07-10,2610,21.4,20.58,0.814457,息
2026-07-10,2891,69.9,67.39,2.500239,息
2026-07-10,2891B,64.9,62.1,2.796,息
2026-07-10,2891C,63.0,61.08,1.92,息
2026-07-10,3034,542.0,519.0,23.0,息
2026-07-10,3055,158.0,157.5,0.5,息
2026-07-10,4968,111.5,109.9,1.6,息
2026-07-10,5519,34.45,29.66,4.783334,權息
2026-07-10,6477,39.85,39.5,0.35,息
2026-07-13,1907,27.75,26.75,1.0,息
2026-07-13,2248,59.0,55.89,3.1055,息
2026-07-13,2316,208.0,206.0,2.0,息
2026-07-13,2347,88.5,84.3,4.2,息
2026-07-13,2359,139.0,138.0,1.0,息
2026-07-13,2645,240.0,235.0,5.0,息
2026-07-13,4306,15.5,14.8,0.7,息
2026-07-13,4999,20.05,19.8,0.25,息
2026-07-13,6790,40.6,37.95,2.65,息
2026-07-13,6890,206.0,197.03,8.967789,息
2026-07-13,6951,78.7,69.61,9.08077,權
2026-07-13,7610,2650.0,2181.01,468.983979,權息
2026-07-13,8103,92.0,89.2,2.8,息
2026-07-14,1402,26.85,25.6,1.25,息
2026-07-14,1603,31.85,29.85,2.0,息
2026-07-14,2027,39.5,38.0,1.5,息
2026-07-14,2029,20.95,20.35,0.6,息
2026-07-14,2501,23.5,22.3,1.2,息
2026-07-14,2609,50.1,48.1,2.0,息
2026-07-14,2633,26.45,25.3,1.15,息
2026-07-14,2836A,24.85,24.07,0.775,息
2026-07-14,2849,14.65,14.14,0.51,息
2026-07-14,3013,99.5,99.1,0.4,息
2026-07-14,3130,221.0,206.29,14.70435,息
2026-07-14,3150,18.05,17.55,0.5,息
2026-07-14,3532,465.5,464.5,1.0,息
2026-07-14,3645,79.5,78.3,1.2,息
2026-07-14,3717,25.4,25.2,0.197058,息
2026-07-14,4588,58.7,55.7,3.0,息
2026-07-14,5471,65.0,64.2,0.8,息
2026-07-14,6698,39.9,39.4,0.5,息
2026-07-14,6906,80.3,78.5,1.8,息
2026-07-15,00904,41.0,40.32,0.68,息
2026-07-15,00936,20.43,20.31,0.12,息
2026-07-15,00947,35.15,34.85,0.3,息
2026-07-15,00962,14.49,14.41,0.08,息
2026-07-15,009805,16.44,16.34,0.1,息
2026-07-15,1563,64.5,62.5,2.0,息
2026-07-15,2228,83.7,79.2,4.5,息
2026-07-15,2356,63.7,61.7,2.0,息
2026-07-15,2617,30.0,28.5,1.5,息
2026-07-15,2636,68.6,63.6,5.0,息
2026-07-15,2838,22.95,21.21,1.733019,權息
2026-07-15,3305,119.5,117.21,2.283304,息
2026-07-15,3652,32.05,30.85,1.195417,息
2026-07-15,3665,1775.0,1759.81,15.184938,息
2026-07-15,6215,105.0,104.0,1.0,息
2026-07-15,6442,1315.0,1303.74,11.258666,息
2026-07-15,6614,39.75,38.1,1.65,息
2026-07-15,6933,163.0,160.5,2.498033,息
2026-07-15,8021,487.5,485.52,1.972185,息
2026-07-15,8131,74.9,73.9,1.0,息
2026-07-15,8438,90.8,89.5,1.3,息
2026-07-15,9908,29.9,28.7,1.2,息
2026-07-16,006208,246.6,241.85,4.75,息
2026-07-16,00692,92.0,90.08,1.92,息
2026-07-16,00702,25.33,24.65,0.68,息
2026-07-16,00714,22.2,22.07,0.123,息
2026-07-16,00717,14.97,14.82,0.141,息
2026-07-16,00730,28.5,28.39,0.11,息
2026-07-16,00735,106.9,103.9,3.0,息
2026-07-16,00736,31.78,31.53,0.25,息
2026-07-16,00882,15.16,14.61,0.55,息
2026-07-16,00892,43.18,40.72,2.46,息
2026-07-16,00900,19.0,18.92,0.075,息
2026-07-16,00905,27.56,26.5,1.058,息
2026-07-16,00908,15.44,15.29,0.142,息
2026-07-16,00911,62.6,59.1,3.5,息
2026-07-16,00912,34.16,33.16,1.0,息
2026-07-16,00927,41.29,39.41,1.88,息
2026-07-16,00934,27.89,27.59,0.3,息
2026-07-16,00943,22.42,22.3,0.12,息
2026-07-16,00944,21.7,21.59,0.109,息
2026-07-16,00945B,14.67,14.58,0.09,息
2026-07-16,00952,18.48,18.36,0.12,息
2026-07-16,00956,12.75,12.45,0.3,息
2026-07-16,00960,18.14,17.91,0.225,息
2026-07-16,00961,12.75,12.56,0.19,息
2026-07-16,00963,12.99,12.89,0.095,息
2026-07-16,00964,14.21,14.09,0.12,息
2026-07-16,009804,23.77,22.24,1.53,息
2026-07-16,00981T,12.22,12.13,0.082,息
2026-07-16,00982D,9.93,9.87,0.052,息
2026-07-16,00983D,10.15,10.09,0.06,息
2026-07-16,00984A,16.3,15.88,0.415,息
2026-07-16,00992A,17.49,17.02,0.47,息
2026-07-16,1102,34.8,32.5,2.3,息
2026-07-16,1108,13.7,12.7,1.0,息
2026-07-16,1109,14.65,13.75,0.9,息
2026-07-16,1220,11.4,11.2,0.2,息
2026-07-16,1434,19.55,19.05,0.5,息
2026-07-16,1440,13.45,13.15,0.3,息
2026-07-16,1522,30.1,28.9,1.2,息
2026-07-16,1522A,50.1,48.1,2.0,息
2026-07-16,1560,742.0,737.05,4.942056,息
2026-07-16,1614,32.4,31.43,0.967772,息
2026-07-16,2034,20.75,19.75,1.0,息
2026-07-16,2247,230.0,222.0,7.999782,息
2026-07-16,2365,32.7,32.4,0.3,息
2026-07-16,2382,381.0,365.4,15.6,息
2026-07-16,2404,1285.0,1245.0,40.0,息
2026-07-16,2506,8.95,8.75,0.2,息
2026-07-16,2515,13.9,13.23,0.663166,權
2026-07-16,2727,233.5,217.38,16.117149,息
2026-07-16,3380,32.9,32.4,0.5,息
2026-07-16,3673,74.2,72.4,1.8,息
2026-07-16,4439,107.5,103.44,4.052853,息
2026-07-16,4536,171.0,163.0,8.0,息
2026-07-16,4572,153.0,148.0,4.997666,息
2026-07-16,5434,556.0,542.58,13.418095,息
2026-07-16,6112,43.65,42.0,1.65,息
2026-07-16,7721,68.0,67.0,1.0,息
2026-07-16,7749,401.0,392.0,9.0,息
2026-07-16,8222,41.95,41.6,0.35,息
2026-07-16,9937,56.9,54.7,2.2,息
2026-07-17,2395,530.0,518.84,11.158556,息
2026-07-17,2547,11.1,10.3,0.8,息
2026-07-17,2915,52.8,50.9,1.9,息
2026-07-17,3028,73.1,71.72,1.372721,權
2026-07-17,3149,93.5,86.68,6.812618,權
2026-07-17,6464,78.4,74.1,4.294231,權息
2026-07-17,6515,6735.0,6685.56,49.43752,息
2026-07-20,1464,10.6,10.35,0.25,息
2026-07-20,2211,94.2,87.7,6.5,息
2026-07-20,2392,35.55,34.55,1.0,息
2026-07-20,3031,26.2,25.2,1.0,息
2026-07-20,4169,252.0,251.68,0.31999,息
2026-07-20,4560,33.8,31.8,2.0,息
2026-07-20,6277,80.5,78.0,2.5,息
2026-07-20,6887,39.45,37.02,2.420931,息
2026-07-20,8213,32.8,31.66,1.14,息
2026-07-20,8481,41.6,38.85,2.75,息
2026-07-21,0050,99.2,98.6,0.6,息
2026-07-21,0056,49.95,48.6,1.35,息
2026-07-21,006203,181.0,179.75,1.25,息
2026-07-21,00929,27.94,27.56,0.38,息
2026-07-21,00991A,16.5,15.73,0.77,息
2026-07-21,1233,29.0,28.8,0.2,息
2026-07-21,1529,20.4,18.17,2.22699,權息
2026-07-21,1535,50.3,47.3,3.0,息
2026-07-21,1615,46.55,43.61,2.936139,權息
2026-07-21,1726,80.2,76.5,3.7,息
2026-07-21,2355,42.55,41.54,1.000377,息
2026-07-21,2704,45.3,44.8,0.5,息
2026-07-21,2885,62.9,61.1,1.8,息
2026-07-21,2887,35.15,33.81,1.338119,權息
2026-07-21,5269,1470.0,1424.62,45.376699,息
2026-07-21,6719,218.0,213.4,4.598343,息
2026-07-21,8215,24.45,24.15,0.3,息
2026-07-21,9926,50.8,48.7,2.1,息
2026-07-22,1608,31.8,29.8,2.0,息
2026-07-22,2206,63.9,60.84,3.058256,息
2026-07-22,2471,52.0,48.68,3.311836,息
2026-07-22,2548,102.0,97.14,4.857142,權
2026-07-22,2906,14.1,13.5,0.6,息
2026-07-22,3138,101.5,99.95,1.546282,息
2026-07-22,3266,13.95,13.45,0.5,息
2026-07-22,3617,211.5,201.56,9.937105,息
2026-07-22,3653,3520.0,3498.27,21.720712,息
2026-07-22,4977,134.0,131.81,2.181974,息
2026-07-22,6206,120.5,115.0,5.5,息
2026-07-22,6782,194.5,186.1,8.4,息
2026-07-22,8411,12.7,12.6,0.1,息
2026-07-23,1103,13.55,13.02,0.521797,息
2026-07-23,1201,12.65,12.44,0.21,息
2026-07-23,1227,29.95,28.61,1.34,息
2026-07-23,1304,13.35,13.2,0.15,息
2026-07-23,1305,12.7,12.6,0.1,息
2026-07-23,1308,14.6,14.4,0.2,息
2026-07-23,1309,14.8,14.65,0.15,息
2026-07-23,1417,8.8,8.55,0.25,息
2026-07-23,1436,45.3,40.25,5.047596,息
2026-07-23,1503,211.5,206.5,5.0,息
2026-07-23,1558,93.6,88.6,5.0,息
2026-07-23,1590,1430.0,1400.89,29.1078,息
2026-07-23,1720,63.5,55.9,7.59091,權息
2026-07-23,1806,8.38,8.23,0.15,息
2026-07-23,1809,40.0,39.75,0.25,息
2026-07-23,2204,55.5,51.9,3.6,息
2026-07-23,2352,30.4,29.4,1.0,息
2026-07-23,2414,57.3,54.3,3.0,息
2026-07-23,2890,40.4,38.52,1.870589,權息
2026-07-23,2897,10.5,9.98,0.52,息
2026-07-23,2897B,11.95,11.41,0.54,息
2026-07-23,3056,14.85,14.23,0.616413,息
2026-07-23,3716,34.65,33.64,1.00373,息
2026-07-23,4545,34.5,34.37,0.13,息
2026-07-23,6409,998.0,961.22,36.770247,息
2026-07-23,6671,24.0,22.8,1.2,息
2026-07-23,6944,1030.0,779.23,250.769231,權息
2026-07-23,7722,312.5,297.61,14.880953,權
2026-07-23,7768,296.0,292.49,3.50049,息
2026-07-23,9918,43.5,42.0,1.5,息
2026-07-23,9958,115.5,111.0,4.5,息
2026-07-24,1617,19.25,18.65,0.6,息
2026-07-24,1734,32.55,31.55,1.0,息
2026-07-24,2002,19.1,18.95,0.15,息
2026-07-24,2002A,38.85,37.45,1.4,息
2026-07-24,2495,38.8,38.0,0.8,息
2026-07-24,3694,64.1,61.79,2.300571,息
2026-07-24,4764,309.5,304.28,5.21072,權
2026-07-24,4771,194.5,187.52,6.972245,息
2026-07-24,6796,60.0,59.75,0.25,息
2026-07-24,6863,109.5,108.0,1.5,息
2026-07-24,7740,157.0,137.38,19.610999,權息
2026-07-24,7788,230.0,228.0,2.0,息
2026-07-24,9925,41.4,39.4,2.0,息
2026-07-27,00930,24.03,23.78,0.25,息
2026-07-27,1530,31.1,28.44,2.659634,權息
2026-07-27,3002,17.95,17.62,0.329867,息
2026-07-27,5546,15.85,14.85,1.0,息
2026-07-27,6451,437.5,437.28,0.217665,息
2026-07-27,6931,39.25,39.13,0.12,息
2026-07-28,2449,276.0,261.9,14.095236,權息
2026-07-28,2497,52.8,50.8,2.0,息
2026-07-28,2528,22.0,19.13,2.869566,權
2026-07-28,5876,47.0,44.75,2.247525,權息
2026-07-28,6416,102.0,99.2,2.8,息
2026-07-28,6757,55.5,53.07,2.42027,息
2026-07-28,7786,128.0,122.4,5.6,息
2026-07-29,1540,20.75,19.75,1.0,息
2026-07-29,2009,36.75,36.35,0.4,息
2026-07-29,2402,55.0,53.0,2.0,息
2026-07-29,2482,17.25,17.15,0.1,息
2026-07-29,2836,13.0,12.47,0.524753,權息
2026-07-29,4942,36.65,34.65,2.0,息
2026-07-29,5871,120.0,111.96,8.039215,權息
2026-07-29,5871A,103.0,98.82,4.179463,息
2026-07-29,6689,59.1,57.1,2.0,息
2026-07-29,6715,360.0,355.94,4.055467,權
2026-07-30,1216,78.2,75.2,3.0,息
2026-07-30,1231,90.3,80.72,9.572727,權息
2026-07-30,1514,98.7,94.8,3.896078,權息
2026-07-30,2233,185.5,181.5,3.999946,息
2026-07-30,2345,1910.0,1895.0,15.0,息
2026-07-30,2409,23.65,23.25,0.4,息
2026-07-30,2511,8.43,8.13,0.3,息
2026-07-30,2538,10.0,9.5,0.5,息
2026-07-30,2748,39.8,38.05,1.75,息
2026-07-30,2912,241.0,232.0,9.0,息
2026-07-30,3583,624.0,618.25,5.747619,息
2026-07-30,4106,24.5,23.5,1.0,息
2026-07-30,4526,27.55,26.55,1.0,息
2026-07-30,4551,160.5,156.3,4.2,息
2026-07-30,4916,90.2,89.7,0.498505,息
2026-07-30,5607,49.1,47.3,1.8,息
2026-07-30,6239,233.0,228.5,4.5,息
2026-07-30,6962,30.15,29.15,1.0,息
2026-07-30,7769,5175.0,5110.0,64.990246,息
2026-07-30,9942,120.0,113.0,7.0,息
2026-07-30,9955,22.85,22.49,0.357967,權
2026-07-31,00406A,8.06,7.93,0.128,息
2026-07-31,00939,21.41,21.28,0.125,息
2026-07-31,00984D,10.21,10.12,0.085,息
2026-07-31,1532,22.55,21.75,0.8,息
2026-07-31,2616,13.6,13.3,0.3,息
2026-07-31,6024,62.9,56.32,6.573852,權息
2026-07-31,6472,384.0,374.0,10.0,息
2026-07-31,8467,99.7,96.7,3.0,息
2026-08-03,1465,12.7,12.4,0.3,息
2026-08-03,1527,33.75,32.25,1.5,息
2026-08-03,2367,36.3,36.1,0.2,息
2026-08-03,2376,336.5,324.5,12.0,息
2026-08-03,3051,22.15,21.65,0.5,息
2026-08-03,3501,39.95,37.95,2.0,息
2026-08-03,6957,226.0,216.89,9.104411,息
2026-08-04,00946,14.56,14.5,0.058,息
2026-08-04,00953B,9.83,9.76,0.061,息
2026-08-04,00985B,10.41,10.35,0.053,息
2026-08-04,1474,10.25,10.0,0.25,息
2026-08-04,1736,130.0,125.5,4.5,息
2026-08-04,2348,74.4,66.09,8.304762,權息
2026-08-04,2348A,38.1,36.5,1.6,息
2026-08-04,2351,156.5,155.47,1.028839,息
2026-08-04,2393,61.5,57.0,4.5,息
2026-08-04,2543,37.45,36.42,1.027678,息
2026-08-04,2812,20.65,18.98,1.662184,權息
2026-08-04,2834,18.2,16.72,1.471029,權息
2026-08-04,3533,2005.0,1970.06,34.93436,息
2026-08-04,3545,50.1,49.28,0.81494,息
2026-08-04,4190,25.5,25.0,0.499953,息
2026-08-04,6209,69.8,69.3,0.495687,息
2026-08-04,6743,30.3,27.3,3.0,息
2026-08-04,8404,16.65,16.15,0.5,息
2026-08-04,9938,45.9,42.9,3.0,息
2026-08-05,00400A,13.57,13.45,0.12,息
2026-08-05,1437,30.85,30.36,0.481191,息
2026-08-05,1519,713.0,638.18,74.818182,權息
2026-08-05,2427,23.05,22.35,0.7,息
2026-08-05,2801,25.2,23.8,1.395122,權息
2026-08-05,6201,49.15,46.05,3.1,息
2026-08-06,1419,65.6,63.8,1.8,息
2026-08-06,1439,29.1,28.6,0.5,息
2026-08-06,1713,46.95,43.85,3.1,息
2026-08-06,2375,123.5,122.3,1.2,息
2026-08-06,2762,85.4,81.76,3.636991,息
2026-08-06,3003,59.5,58.5,1.0,息
2026-08-06,3033,47.8,45.88,1.919856,息
2026-08-06,3376,185.0,181.0,3.999665,息
2026-08-06,5288,191.5,184.99,6.502918,息
2026-08-06,5525,23.25,22.05,1.2,息
2026-08-06,9914,78.3,75.5,2.8,息
2026-08-07,1210,55.2,52.2,3.0,息
2026-08-07,6491,379.0,368.99,10.00513,息
2026-08-10,2520,34.7,33.08,1.615933,息
2026-08-10,2540,54.9,48.9,6.0,息
2026-08-10,2546,99.1,84.19,14.903572,權息
2026-08-10,3023,318.0,308.0,10.0,息
2026-08-10,6869,68.0,66.0,2.0,息
2026-08-10,8478,151.5,145.0,6.5,息
2026-08-11,00940,12.44,12.39,0.05,息
2026-08-11,2892,34.95,33.65,1.3,息
2026-08-11,5880,26.1,24.68,1.417074,權息
2026-08-11,6005,33.8,29.53,4.268612,權息
2026-08-11,6958,18.65,17.75,0.89231,權
2026-08-12,3605,111.0,109.42,1.572032,息
2026-08-12,4569,167.0,163.75,3.25,息
2026-08-12,4581,51.5,48.5,3.0,息
2026-08-12,5203,65.8,62.1,3.693092,息
2026-08-13,2476,128.0,125.02,2.973128,息
2026-08-13,2880,43.2,41.43,1.764357,權息
2026-08-13,2886,48.7,46.95,1.75,息
2026-08-13,3008,4585.0,4543.5,41.5,息
2026-08-13,3050,11.55,11.3,0.25,息
2026-08-13,6117,66.8,64.8,1.999441,息
2026-08-13,6202,63.8,63.12,0.68,息
2026-08-14,00401A,13.81,13.68,0.121,息
2026-08-17,00775B,31.46,31.11,0.35,息
2026-08-17,00936,21.47,21.35,0.12,息
2026-08-17,00962,15.65,15.49,0.16,息
2026-08-17,1477,218.0,212.0,6.0,息
2026-08-17,1618,41.7,40.0,1.7,息
2026-08-17,2231,102.0,101.5,0.5,息
2026-08-17,4967,275.0,266.38,8.619904,息
2026-08-17,6282,47.8,47.0,0.799933,息
2026-08-17,6698,31.45,31.02,0.420271,權
2026-08-18,00690,80.2,78.01,2.19,息
2026-08-18,00701,38.75,37.15,1.6,息
2026-08-18,00730,29.3,29.19,0.11,息
2026-08-18,00878,33.75,32.74,1.01,息
2026-08-18,00881,55.15,50.55,4.6,息
2026-08-18,00891,36.23,34.68,1.55,息
2026-08-18,00894,49.9,47.85,2.05,息
2026-08-18,00900,18.74,18.66,0.075,息
2026-08-18,00913,49.36,47.58,1.78,息
2026-08-18,00923,42.89,39.84,3.05,息
2026-08-18,00932,17.67,17.44,0.23,息
2026-08-18,00934,29.15,28.85,0.3,息
2026-08-18,00938,25.09,24.77,0.32,息
2026-08-18,00943,21.63,21.51,0.12,息
2026-08-18,00944,20.87,20.76,0.109,息
2026-08-18,00945B,14.57,14.48,0.09,息
2026-08-18,00952,18.17,18.05,0.12,息
2026-08-18,00961,13.3,13.11,0.19,息
2026-08-18,00963,13.23,13.13,0.1,息
2026-08-18,00964,14.6,14.48,0.12,息
2026-08-18,009801,12.57,11.57,1.0,息
2026-08-18,009808,31.12,30.55,0.57,息
2026-08-18,00980A,25.62,24.98,0.638,息
2026-08-18,00981T,11.94,11.85,0.082,息
2026-08-18,00982A,23.45,22.81,0.64,息
2026-08-18,00982D,9.79,9.73,0.052,息
2026-08-18,00983D,10.0,9.94,0.06,息
2026-08-18,2885,68.3,65.67,2.626924,權
2026-08-18,3022,96.5,93.0,3.5,息
2026-08-18,6225,44.4,30.04,14.355834,權
2026-08-18,6799,84.1,81.59,2.501141,息
2026-08-19,00731,91.75,90.29,1.458,息
2026-08-19,00929,28.87,28.49,0.38,息
2026-08-19,1537,127.5,120.3,7.2,息
2026-08-19,2301,273.5,271.0,2.5,息
2026-08-19,2363,51.3,50.69,0.605882,息
2026-08-19,2374,69.3,67.3,1.991664,息
2026-08-19,2496,59.4,55.14,4.257143,權息
2026-08-19,3017,3035.0,3014.11,20.881604,息
2026-08-20,1597,135.0,134.3,0.7,息
2026-08-20,1714,16.75,16.57,0.18,息
2026-08-20,2377,146.5,142.3,4.2,息
2026-08-20,2472,234.0,230.5,3.5,息
2026-08-20,2505,18.2,17.2,1.0,息
2026-08-20,2539,41.25,33.31,7.930328,權息
2026-08-20,4441,196.5,185.7,10.8,息
2026-08-20,4764,203.0,200.77,2.228484,權
2026-08-20,5222,117.5,106.82,10.678579,權
2026-08-20,6177,48.4,45.4,3.0,息
2026-08-20,6666,43.5,41.5,2.0,息
2026-08-20,6691,706.0,622.72,83.272728,權息
2026-08-20,6805,1800.0,1787.5,12.5,息
2026-08-21,00771,15.65,15.44,0.21,息
2026-08-21,00850,89.2,88.35,0.85,息
2026-08-21,2458,146.0,141.57,4.426,息
2026-08-24,1454,12.4,12.3,0.1,息
2026-08-24,1737,32.5,31.1,1.4,息
2026-08-24,2413,43.8,43.3,0.5,息
2026-08-24,2468,35.05,34.05,1.0,息
2026-08-24,2484,76.5,75.8,0.7,息
2026-08-24,2527,44.4,42.9,1.5,息
2026-08-24,4746,53.9,50.9,3.0,息
2026-08-24,9958,102.0,100.57,1.423772,權
2026-08-25,00907,17.47,17.23,0.24,息
2026-08-25,1722,46.2,44.2,2.0,息
2026-08-25,2012,14.95,14.65,0.3,息
2026-08-25,2201,29.1,28.54,0.56,息
2026-08-25,5284,318.5,315.7,2.795022,權
2026-08-25,5534,80.2,75.13,5.063943,息
2026-08-25,6873,68.6,66.06,2.537729,息
2026-08-25,9921,104.0,102.18,1.818553,息
2026-08-26,1583,51.3,46.97,4.327523,權息
2026-08-26,2227,48.0,47.16,0.84,息
2026-08-26,2420,56.5,53.5,3.0,息
2026-08-26,2753,188.5,179.52,8.976191,權
2026-08-26,4582,23.35,22.55,0.794117,息
2026-08-26,6216,22.0,20.96,1.03002,息
2026-08-26,6914,148.5,118.75,29.75,權息
2026-08-26,6955,120.0,97.95,22.040811,權
2026-08-26,7818,63.0,60.96,2.036375,息
2026-08-26,8442,49.6,46.6,3.0,息
2026-08-27,1315,66.3,64.3,2.0,息
2026-08-27,1339,46.3,43.8,2.5,息
2026-08-27,1409,24.85,23.95,0.9,息
2026-08-27,1734,32.5,30.66,1.839623,權
2026-08-27,2059,14510.0,14459.0,51.0,息
2026-08-27,2415,30.8,27.28,3.512,權息
2026-08-27,2428,252.0,246.1,5.9,息
2026-08-27,2439,82.1,78.01,4.084236,息
2026-08-27,2441,118.0,114.99,3.009077,息
2026-08-27,2901,23.55,23.17,0.37317,息
2026-08-27,3016,102.0,101.8,0.197359,權
2026-08-27,3025,57.2,54.0,3.2,息
2026-08-27,3528,83.4,82.02,1.38,息
2026-08-27,3702,108.0,104.35,3.643236,息
2026-08-27,4736,139.0,121.59,17.403104,權息
2026-08-27,6770,70.2,69.97,0.23,息
2026-08-27,9946,19.1,17.71,1.383888,息
2026-08-28,1453,11.7,11.35,0.340777,權
2026-08-28,1709,34.15,33.15,1.0,息
2026-08-28,2072,149.5,143.5,6.0,息
2026-08-28,2101,32.9,32.3,0.6,息
2026-08-28,2250,62.3,59.3,3.0,息
2026-08-28,2364,76.8,68.0,8.8,權息
2026-08-28,2383,5500.0,5475.0,25.0,息
2026-08-28,5283,61.1,52.5,8.6,權息
2026-08-28,6183,94.6,91.05,3.55,息
2026-08-28,7730,185.0,175.23,9.761907,權息
2026-08-28,7822,957.0,950.61,6.385436,息
2026-08-31,1531,13.7,12.7,1.0,息
2026-08-31,1795,193.0,187.98,5.010442,權息
2026-08-31,2905,17.45,17.15,0.3,息
2026-08-31,3209,51.9,47.52,4.376191,權息
2026-08-31,9105,8.35,8.28,0.067011,息
2026-08-31,9917,111.0,105.71,5.285715,權
2026-09-01,00939,23.17,23.04,0.125,息
2026-09-01,00984D,10.01,9.92,0.085,息
2026-09-01,1732,26.45,25.85,0.6,息
2026-09-01,1783,41.35,39.35,1.999598,息
2026-09-01,2701,10.65,10.37,0.28,息
2026-09-01,2889,15.95,15.31,0.636293,權息
2026-09-01,3052,11.15,10.55,0.6,息
2026-09-01,3135,182.5,171.08,11.416952,權息
2026-09-01,3416,182.0,173.37,8.627321,權
2026-09-01,4977,175.0,168.61,6.385328,權
2026-09-01,6534,92.0,90.99,1.008501,息
2026-09-01,9941,86.9,80.9,5.99804,權息
2026-09-01,9941A,51.4,49.06,2.339375,息
2026-09-02,00406A,9.96,9.82,0.138,息
2026-09-02,00946,15.74,15.68,0.058,息
2026-09-02,00953B,9.63,9.56,0.067,息
2026-09-02,00985B,10.16,10.1,0.053,息
2026-09-02,2464,184.5,182.3,2.192145,權息
2026-09-02,2845,13.65,12.98,0.669122,權息
2026-09-02,2923,24.75,24.63,0.12,息
2026-09-02,3013,92.4,88.84,3.553847,權
2026-09-02,3346,19.6,19.49,0.11,息
2026-09-02,4438,60.8,58.5,2.3,息
2026-09-02,6139,770.0,747.0,22.996187,息
2026-09-02,6426,270.0,269.5,0.5,息
2026-09-02,6669,7800.0,2614.99,5185.002642,權
2026-09-02,6753,142.5,141.25,1.249351,息
2026-09-03,1203,44.35,43.35,1.0,息
2026-09-03,3661,4200.0,4167.44,32.551656,息
2026-09-03,7780,17.05,16.93,0.116588,息
2026-09-03,8466,15.65,15.34,0.301938,息
2026-09-07,00400A,15.17,15.05,0.12,息
2026-09-07,01010T,10.0,9.9,0.09872,息
2026-09-07,1466,15.95,15.75,0.2,息
2026-09-07,6533,264.0,255.83,8.166973,權
2026-09-08,00940,12.99,12.93,0.055,息
2026-09-08,2379,729.0,704.0,25.0,息
2026-09-08,2442,19.45,16.26,3.188314,權息
2026-09-08,2706,12.55,12.2,0.35,息
2026-09-08,3312,52.6,51.3,1.3,息
2026-09-08,3622,53.5,50.3,3.2,息
2026-09-08,8473,45.5,40.43,5.065544,權息
2026-09-08,9933,40.3,38.79,1.503161,權息
2026-09-09,1438,23.3,21.38,1.911112,權息
2026-09-09,3059,38.5,37.5,0.998614,息
2026-09-09,3706,91.3,80.27,11.027273,權息
2026-09-09,6133,24.5,23.5,1.0,息
2026-09-10,2062,19.55,18.55,1.0,息
2026-09-10,4912,97.5,96.69,0.800477,息
2026-09-10,5906,41.55,39.38,2.169048,權息
2026-09-10,6504,37.9,36.9,1.0,息
2026-09-10,9802,71.2,68.1,3.1,息
2026-09-10,9906,41.4,41.05,0.348374,權
2026-09-14,00401A,14.07,13.94,0.125,息
2026-09-14,2530,20.1,19.64,0.46,息
2026-09-14,5243,89.6,87.4,2.2,息
2026-09-15,00936,21.28,21.12,0.16,息
2026-09-15,00962,15.0,14.75,0.25,息
2026-09-15,009803,21.64,20.74,0.9,息
2026-09-15,01009T,5.67,5.53,0.130476,息
2026-09-15,6924,142.5,139.0,3.5,息
2026-09-16,00404A,9.72,9.36,0.36,息
2026-09-16,00730,28.19,28.08,0.11,息
2026-09-16,00770,67.75,61.75,6.0,息
2026-09-16,00896,27.69,26.24,1.45,息
2026-09-16,00900,19.52,19.44,0.075,息
2026-09-16,00915,32.89,32.29,0.6,息
2026-09-16,00919,32.74,31.64,1.1,息
2026-09-16,00921,24.04,23.04,1.0,息
2026-09-16,00934,29.56,29.23,0.33,息
2026-09-16,00935,57.4,55.57,1.83,息
2026-09-16,00943,20.78,20.53,0.25,息
2026-09-16,00944,21.42,21.31,0.109,息
2026-09-16,00945B,14.41,14.31,0.097,息
2026-09-16,00952,17.66,17.54,0.12,息
2026-09-16,00961,13.33,13.14,0.19,息
2026-09-16,00963,13.11,13.01,0.1,息
2026-09-16,00964,14.85,14.65,0.2,息
2026-09-16,00972,22.15,21.93,0.22,息
2026-09-16,009802,19.7,19.51,0.189,息
2026-09-16,009809,17.95,17.73,0.215,息
2026-09-16,00981A,28.86,28.23,0.63,息
2026-09-16,00981T,11.72,11.63,0.082,息
2026-09-16,00982D,9.51,9.45,0.052,息
2026-09-16,00982T,15.78,14.78,1.0,息
2026-09-16,00983D,9.77,9.7,0.061,息
2026-09-16,00999A,11.18,10.89,0.29,息
2026-09-16,1517,10.5,10.3,0.2,息
2026-09-16,2330,2385.0,2377.99,7.000001,息
2026-09-16,4763,48.1,45.05,3.05,息
2026-09-16,6830,532.0,528.83,3.161725,權
2026-09-17,00710B,19.06,18.67,0.39,息
2026-09-17,00711B,15.34,15.14,0.2,息
2026-09-17,00712,8.21,8.01,0.2,息
2026-09-17,00929,28.84,28.46,0.38,息
2026-09-17,5306,89.7,88.62,1.074628,息
2026-09-18,00728,68.5,67.73,0.77,息
2026-09-18,00918,36.25,34.5,1.75,息
2026-09-18,00994A,16.37,16.11,0.257,息
2026-09-21,00713,65.1,63.85,1.25,息
2026-09-23,00930,24.81,23.99,0.815,息
2026-09-23,1442,31.15,28.75,2.4,息
2026-09-23,1808,35.0,33.5,1.5,息
2026-09-23,2542,45.45,41.45,4.0,息
2026-09-23,5258,42.4,41.39,1.007326,息
2026-09-24,1235,41.15,38.71,2.435714,權息
