stock_id,date,end_date,reason
1101,2018-04-16,2018-04-19,股東常會
1101,2018-07-20,2018-07-25,除權息
1101,2018-11-14,2018-11-19,其它利益
1101,2019-04-03,2019-04-10,股東常會
1101,2019-08-07,2019-08-12,除權息
1101,2020-04-01,2020-04-08,股東常會
1101,2020-08-06,2020-08-11,除權息
1101,2021-04-01,2021-04-08,股東常會
1101,2021-08-06,2021-08-11,除息
1101,2022-03-18,2022-03-23,股東常會
1101,2022-07-15,2022-07-20,除權息
1101,2023-03-24,2023-03-29,股東常會
1101,2023-07-05,2023-07-10,除息
1101,2024-03-15,2024-03-20,股東常會
1101,2024-06-25,2024-06-28,除息
1101,2025-03-21,2025-03-26,股東常會
1101,2025-06-26,2025-07-01,除息
1101,2026-03-16,2026-03-19,股東常會
1101,2026-06-25,2026-06-30,除息
1102,2018-04-20,2018-04-25,股東常會
1102,2018-08-24,2018-08-29,除息
1102,2019-04-18,2019-04-23,股東常會
1102,2019-07-18,2019-07-23,除息
1102,2020-04-17,2020-04-22,股東常會
1102,2020-07-17,2020-07-22,除息
1102,2021-04-19,2021-04-22,股東常會
1102,2021-07-30,2021-08-04,除息
1102,2022-04-22,2022-04-27,股東常會
1102,2022-07-22,2022-07-27,除息
1102,2023-04-21,2023-04-26,股東常會
1102,2023-07-14,2023-07-19,除息
1102,2024-04-19,2024-04-24,股東常會
1102,2024-07-12,2024-07-17,除息
1102,2025-03-21,2025-03-26,股東常會
1102,2025-07-11,2025-07-16,除息
1102,2026-03-20,2026-03-25,股東常會
1102,2026-07-10,2026-07-15,除息
1103,2018-04-13,2018-04-18,股東常會
1103,2018-07-30,2018-08-02,除息
1103,2019-04-15,2019-04-18,股東常會
1103,2019-08-23,2019-08-28,除息
1103,2020-04-16,2020-04-21,股東常會
1103,2020-07-17,2020-07-22,除息
1103,2021-04-09,2021-04-14,股東常會
1103,2021-09-02,2021-09-07,除息
1103,2022-04-08,2022-04-13,股東常會
1103,2022-07-29,2022-08-03,除息
1103,2023-03-24,2023-03-29,股東常會
1103,2023-07-21,2023-07-26,除權息
1103,2024-03-18,2024-03-21,股東常會
1103,2024-07-12,2024-07-17,除息
1103,2025-03-10,2025-03-13,股東常會
1103,2025-07-18,2025-07-23,除息
1103,2026-03-16,2026-03-19,股東常會
1103,2026-07-17,2026-07-22,除息
1104,2018-04-03,2018-04-11,股東常會
1104,2018-07-04,2018-07-09,除息
1104,2019-04-12,2019-04-17,股東常會
1104,2019-07-09,2019-07-12,除息
1104,2020-04-09,2020-04-14,股東常會
1104,2020-07-10,2020-07-15,除息
1104,2021-04-22,2021-04-27,股東常會
1104,2021-08-10,2021-08-13,除息
1104,2022-04-08,2022-04-13,股東常會
1104,2022-07-20,2022-07-25,除息
1104,2023-04-10,2023-04-13,股東常會
1104,2023-07-17,2023-07-20,除權息
1104,2024-04-15,2024-04-18,股東常會
1104,2024-07-10,2024-07-15,除權息
1104,2025-03-20,2025-03-25,股東常會
1104,2025-06-19,2025-06-24,除息
1104,2026-03-20,2026-03-25,股東常會
1104,2026-06-17,2026-06-23,除息
1108,2018-04-09,2018-04-12,股東常會
1108,2019-04-03,2019-04-10,股東常會
1108,2020-04-10,2020-04-15,股東常會
1108,2020-08-21,2020-08-26,除息
1108,2021-04-09,2021-04-14,股東常會
1108,2021-08-20,2021-08-25,除息
1108,2022-04-22,2022-04-27,股東常會
1108,2022-08-22,2022-08-25,除息
1108,2023-04-21,2023-04-26,股東常會
1108,2023-08-22,2023-08-25,除息
1108,2024-04-12,2024-04-17,股東常會
1108,2024-08-22,2024-08-27,除息
1108,2025-04-21,2025-04-24,股東常會
1108,2025-07-18,2025-07-23,除息
1108,2026-04-23,2026-04-28,股東常會
1108,2026-07-10,2026-07-15,除息
1109,2018-04-13,2018-04-18,股東常會
1109,2018-07-11,2018-07-16,除息
1109,2018-10-04,2018-10-09,減資
1109,2019-04-15,2019-04-18,股東常會
1109,2019-07-10,2019-07-15,除息
1109,2020-04-17,2020-04-22,股東常會
1109,2020-07-10,2020-07-15,除息
1109,2021-04-16,2021-04-21,股東常會
1109,2021-07-28,2021-08-02,除息
1109,2022-04-15,2022-04-20,股東常會
1109,2022-07-29,2022-08-03,除息
1109,2023-04-14,2023-04-19,股東常會
1109,2023-07-07,2023-07-12,除息
1109,2024-04-12,2024-04-17,股東常會
1109,2024-07-12,2024-07-17,除息
1109,2025-04-11,2025-04-16,股東常會
1109,2025-07-11,2025-07-16,除息
1109,2026-04-10,2026-04-15,股東常會
1109,2026-07-10,2026-07-15,除息
1110,2018-04-16,2018-04-19,股東常會
1110,2018-07-13,2018-07-18,除息
1110,2019-04-12,2019-04-17,股東常會
1110,2019-07-12,2019-07-17,除息
1110,2020-04-14,2020-04-17,股東常會
1110,2020-07-21,2020-07-24,除息
1110,2021-04-19,2021-04-22,股東常會
1110,2021-09-08,2021-09-13,除息
1110,2022-04-22,2022-04-27,股東常會
1110,2022-07-15,2022-07-20,除息
1110,2023-04-14,2023-04-19,股東常會
1110,2023-07-20,2023-07-25,除息
1110,2024-04-15,2024-04-18,股東常會
1110,2024-07-10,2024-07-15,除息
1110,2025-04-07,2025-04-10,股東常會
1110,2025-07-04,2025-07-09,除息
1110,2026-04-10,2026-04-15,股東常會
1110,2026-07-03,2026-07-08,除息
1201,2018-04-20,2018-04-25,股東常會
1201,2019-04-19,2019-04-24,股東常會
1201,2019-07-24,2019-07-29,除息
1201,2020-04-17,2020-04-22,股東常會
1201,2020-07-15,2020-07-20,除息
1201,2021-04-16,2021-04-21,股東常會
1201,2021-09-01,2021-09-06,除息
1201,2022-04-22,2022-04-27,股東常會
1201,2022-07-20,2022-07-25,除息
1201,2023-04-21,2023-04-26,股東常會
1201,2023-07-12,2023-07-17,除息
1201,2024-04-19,2024-04-24,股東常會
1201,2024-07-18,2024-07-23,除息
1201,2025-04-17,2025-04-22,股東常會
1201,2025-07-17,2025-07-22,除息
1201,2026-04-17,2026-04-22,股東常會
1201,2026-07-17,2026-07-22,除息
1203,2018-04-20,2018-04-25,股東常會
1203,2018-08-24,2018-08-29,除息
1203,2019-04-19,2019-04-24,股東常會
1203,2019-08-29,2019-09-03,除息
1203,2020-04-17,2020-04-22,股東常會
1203,2020-08-28,2020-09-02,除息
1203,2021-04-16,2021-04-21,股東常會
1203,2021-08-27,2021-09-01,除息
1203,2022-04-15,2022-04-20,股東常會
1203,2022-08-26,2022-08-31,除息
1203,2023-04-21,2023-04-26,股東常會
1203,2023-08-25,2023-08-30,除息
1203,2024-04-19,2024-04-24,股東常會
1203,2024-08-30,2024-09-04,除息
1203,2025-04-18,2025-04-23,股東常會
1203,2025-08-29,2025-09-03,除息
1203,2026-04-17,2026-04-22,股東常會
1203,2026-08-28,2026-09-02,除息
1210,2018-04-09,2018-04-12,股東常會
1210,2018-08-30,2018-09-04,除權息
1210,2019-03-25,2019-03-28,股東常會
1210,2019-08-21,2019-08-26,除權息
1210,2020-03-26,2020-03-31,股東常會
1210,2020-08-24,2020-08-27,除息
1210,2021-04-01,2021-04-08,股東常會
1210,2021-08-17,2021-08-20,除權息
1210,2022-04-11,2022-04-14,除息
1210,2022-08-24,2022-08-29,除權
1210,2023-04-10,2023-04-13,股東常會
1210,2023-07-05,2023-07-10,除息
1210,2024-03-28,2024-04-02,股東常會
1210,2024-07-26,2024-07-31,除息
1210,2025-04-11,2025-04-16,股東常會
1210,2025-08-04,2025-08-07,除息
1210,2026-03-23,2026-03-26,股東常會
1210,2026-08-03,2026-08-06,除息
1213,2018-03-23,2018-03-28,股東常會
1213,2019-03-22,2019-03-27,股東常會
1213,2020-04-10,,股東常會
1213,2021-03-30,,股東常會
1213,2022-03-25,,股東常會
1213,2023-04-07,,股東常會
1213,2024-04-08,,股東常會
1213,2024-08-09,,股東常會
1213,2025-04-02,,股東常會
1213,2025-06-20,,除息
1213,2026-04-01,,股東常會
1215,2018-04-03,2018-04-11,股東常會
1215,2018-07-06,2018-07-11,除息
1215,2019-04-19,2019-04-24,股東常會
1215,2019-07-09,2019-07-12,除息
1215,2020-04-17,2020-04-22,股東常會
1215,2020-06-19,2020-06-24,除息
1215,2021-04-16,2021-04-21,股東常會
1215,2021-06-22,2021-06-25,除息
1215,2022-04-15,2022-04-20,股東常會
1215,2022-06-29,2022-07-04,除息
1215,2022-08-19,2022-08-24,除權
1215,2023-04-07,2023-04-12,股東常會
1215,2023-09-08,2023-09-13,除息
1215,2024-04-19,2024-04-24,股東常會
1215,2024-06-20,2024-06-25,除息
1215,2025-03-21,2025-03-26,股東常會
1215,2025-05-22,2025-05-27,除息
1215,2026-03-20,2026-03-25,股東常會
1215,2026-05-21,2026-05-26,除息
1216,2018-04-13,2018-04-18,股東常會
1216,2018-07-27,2018-08-01,除息
1216,2019-04-12,2019-04-17,股東常會
1216,2019-07-26,2019-07-31,除息
1216,2020-04-17,2020-04-22,股東常會
1216,2020-07-31,2020-08-05,除息
1216,2021-04-16,2021-04-21,股東常會
1216,2021-09-03,2021-09-08,除息
1216,2022-03-25,2022-03-30,股東常會
1216,2022-07-29,2022-08-03,除息
1216,2023-04-21,2023-04-26,股東常會
1216,2023-07-28,2023-08-02,除息
1216,2024-04-19,2024-04-24,股東常會
1216,2024-07-26,2024-07-31,除息
1216,2025-03-21,2025-03-26,股東常會
1216,2025-07-25,2025-07-30,除息
1216,2026-03-20,2026-03-25,股東常會
1216,2026-07-24,2026-07-29,除息
1217,2018-04-20,2018-04-25,股東常會
1217,2019-04-19,2019-04-24,股東常會
1217,2020-04-17,2020-04-22,股東常會
1217,2021-04-16,2021-04-21,股東常會
1217,2022-04-18,2022-04-21,股東常會
1217,2022-07-06,2022-07-11,除息
1217,2023-03-29,2023-04-06,股東常會
1217,2024-04-15,2024-04-18,股東常會
1217,2025-04-18,2025-04-23,除息
1217,2026-04-20,2026-04-23,股東常會
1218,2018-04-20,2018-04-25,股東常會
1218,2018-07-17,2018-07-20,除息
1218,2019-03-15,2019-03-20,股東常會
1218,2019-06-05,2019-06-11,除息
1218,2020-03-13,2020-03-18,股東常會
1218,2020-06-03,2020-06-08,除息
1218,2021-03-19,2021-03-24,股東常會
1218,2021-09-14,2021-09-17,除息
1218,2022-03-18,2022-03-23,股東常會
1218,2022-06-17,2022-06-22,除息
1218,2023-04-21,2023-04-26,股東常會
1218,2023-06-28,2023-07-03,除息
1218,2024-03-22,2024-03-27,股東常會
1218,2025-03-21,2025-03-26,股東常會
1218,2025-06-20,2025-06-25,除息
1218,2026-03-23,2026-03-26,股東常會
1218,2026-06-08,2026-06-11,除息
1219,2018-04-20,2018-04-25,股東常會
1219,2018-07-12,2018-07-17,除息
1219,2019-04-19,2019-04-24,股東常會
1219,2019-07-12,2019-07-17,除息
1219,2020-04-10,2020-04-15,股東常會
1219,2020-07-02,2020-07-07,除息
1219,2021-04-16,2021-04-21,股東常會
1219,2021-08-10,2021-08-13,除息
1219,2022-04-11,2022-04-14,股東常會
1219,2022-06-30,2022-07-05,除息
1219,2023-03-29,2023-04-06,股東常會
1219,2023-07-05,2023-07-10,除權息
1219,2024-03-27,2024-04-01,股東常會
1219,2024-06-21,2024-06-26,除息
1219,2024-06-27,2024-07-02,除權
1219,2025-03-17,2025-03-20,股東常會
1219,2025-06-05,2025-06-10,除息
1219,2026-03-13,2026-03-18,股東常會
1219,2026-06-02,2026-06-05,除息
1220,2018-04-23,2018-04-26,股東常會
1220,2018-07-12,2018-07-17,除息
1220,2019-04-19,2019-04-24,股東常會
1220,2019-07-17,2019-07-22,除息
1220,2020-04-14,2020-04-17,股東常會
1220,2020-07-22,2020-07-27,除息
1220,2021-04-22,2021-04-27,股東常會
1220,2021-08-18,2021-08-23,除息
1220,2022-04-22,2022-04-27,股東常會
1220,2022-07-13,2022-07-18,除息
1220,2023-04-14,2023-04-19,股東常會
1220,2023-07-05,2023-07-10,除息
1220,2024-04-19,2024-04-24,股東常會
1220,2024-07-09,2024-07-12,除息
1220,2025-04-18,2025-04-23,股東常會
1220,2025-07-10,2025-07-15,除息
1220,2026-04-17,2026-04-22,股東常會
1220,2026-07-10,2026-07-15,除息
1225,2018-04-20,2018-04-25,股東常會
1225,2018-07-16,2018-07-19,除息
1225,2019-04-19,2019-04-24,股東常會
1225,2019-08-19,2019-08-22,除息
1225,2020-04-17,2020-04-22,股東常會
1225,2020-08-06,2020-08-11,除息
1225,2021-04-16,2021-04-21,股東常會
1225,2021-08-20,2021-08-25,除息
1225,2022-04-15,2022-04-20,股東常會
1225,2022-08-22,2022-08-25,除息
1225,2023-04-21,2023-04-26,股東常會
1225,2023-08-22,2023-08-25,除權息
1225,2024-04-19,2024-04-24,股東常會
1225,2024-08-22,2024-08-27,除息
1225,2025-04-18,,股東常會
1225,2025-09-18,2025-09-23,除權息
1225,2026-04-20,2026-04-23,股東常會
1225,2026-09-23,2026-09-30,股東常會
1227,2018-04-09,2018-04-12,股東常會
1227,2018-07-25,2018-07-30,除息
1227,2019-04-03,2019-04-10,股東常會
1227,2019-07-12,2019-07-17,除息
1227,2020-04-10,2020-04-15,股東常會
1227,2020-07-10,2020-07-15,除息
1227,2021-04-01,2021-04-08,股東常會
1227,2021-07-20,2021-07-23,除息
1227,2022-04-08,2022-04-13,股東常會
1227,2022-07-15,2022-07-20,除息
1227,2023-04-10,2023-04-13,股東常會
1227,2023-07-14,2023-07-19,除息
1227,2024-04-12,2024-04-17,股東常會
1227,2024-07-12,2024-07-17,除息
1227,2025-04-11,2025-04-16,股東常會
1227,2025-07-11,2025-07-16,除息
1227,2026-04-10,2026-04-15,股東常會
1227,2026-07-17,2026-07-22,除息
1229,2018-04-20,2018-04-25,股東常會
1229,2018-08-21,2018-08-24,除權息
1229,2019-04-19,2019-04-24,股東常會
1229,2019-08-23,2019-08-28,除權息
1229,2020-04-17,2020-04-22,股東常會
1229,2020-08-06,2020-08-11,除權息
1229,2021-04-16,2021-04-21,除息
1229,2021-09-16,2021-09-23,除權
1229,2022-04-15,2022-04-20,除息
1229,2022-08-24,2022-08-29,除權
1229,2023-03-24,2023-03-29,股東常會
1229,2023-07-20,2023-07-25,除權息
1229,2024-03-21,2024-03-26,股東常會
1229,2024-07-22,2024-07-25,除權息
1229,2025-03-20,2025-03-25,股東常會
1229,2025-07-18,2025-07-23,除權息
1229,2026-03-20,2026-03-25,股東常會
1229,2026-07-02,2026-07-07,除權息
1231,2018-04-20,2018-04-25,股東常會
1231,2018-08-21,2018-08-24,除權息
1231,2019-04-15,2019-04-18,股東常會
1231,2019-08-23,2019-08-28,除權息
1231,2020-04-10,2020-04-15,股東常會
1231,2020-07-22,2020-07-27,除權息
1231,2021-04-09,2021-04-14,股東常會
1231,2021-07-27,2021-07-30,除息
1231,2021-08-16,2021-08-19,除權
1231,2022-03-21,2022-03-24,股東常會
1231,2022-06-28,2022-07-01,除權息
1231,2023-04-10,2023-04-13,股東常會
1231,2023-07-07,2023-07-12,除權息
1231,2024-04-08,2024-04-11,股東常會
1231,2024-07-30,2024-08-02,除權息
1231,2025-04-11,2025-04-16,股東常會
1231,2025-08-15,2025-08-20,除權息
1231,2026-04-17,2026-04-22,股東常會
1231,2026-07-24,2026-07-29,除權息
1232,2018-04-03,2018-04-11,股東常會
1232,2018-07-10,2018-07-13,除息
1232,2019-04-03,2019-04-10,股東常會
1232,2019-07-04,2019-07-09,除息
1232,2020-04-01,2020-04-08,股東常會
1232,2020-07-03,2020-07-08,除息
1232,2021-03-31,2021-04-07,股東常會
1232,2021-08-18,2021-08-23,除息
1232,2022-03-18,2022-03-23,股東常會
1232,2022-06-21,2022-06-24,除息
1232,2023-03-17,2023-03-22,股東常會
1232,2023-06-19,2023-06-26,除息
1232,2024-04-03,2024-04-10,股東常會
1232,2024-07-11,2024-07-16,除息
1232,2025-03-14,2025-03-19,股東常會
1232,2025-06-05,2025-06-10,除息
1232,2026-03-16,2026-03-19,股東常會
1232,2026-06-09,2026-06-12,除息
1233,2018-04-02,2018-04-10,股東常會
1233,2018-07-04,2018-07-09,除息
1233,2019-04-03,2019-04-10,股東常會
1233,2019-07-04,2019-07-09,除息
1233,2020-04-06,2020-04-09,股東常會
1233,2020-07-06,2020-07-09,除息
1233,2021-03-31,2021-04-07,股東常會
1233,2021-08-31,2021-09-03,除息
1233,2022-04-08,2022-04-13,股東常會
1233,2022-07-06,2022-07-11,除息
1233,2023-04-07,2023-04-12,股東常會
1233,2023-07-07,2023-07-12,除息
1233,2024-04-03,2024-04-10,股東常會
1233,2024-07-04,2024-07-09,除息
1233,2025-04-07,2025-04-10,股東常會
1233,2025-07-10,2025-07-15,除息
1233,2026-04-01,2026-04-08,股東常會
1233,2026-07-15,2026-07-20,除息
1234,2018-04-16,2018-04-19,股東常會
1234,2018-07-19,2018-07-24,除息
1234,2019-04-18,2019-04-23,股東常會
1234,2019-07-19,2019-07-24,除息
1234,2020-04-17,2020-04-22,股東常會
1234,2020-07-10,2020-07-15,除息
1234,2021-04-16,2021-04-21,股東常會
1234,2021-08-18,2021-08-23,除息
1234,2022-04-15,2022-04-20,股東常會
1234,2022-07-18,2022-07-21,除息
1234,2023-04-13,2023-04-18,股東常會
1234,2023-07-04,2023-07-07,除息
1234,2024-04-12,2024-04-17,股東常會
1234,2024-06-25,2024-06-28,除息
1234,2025-04-10,2025-04-15,股東常會
1234,2025-06-24,2025-06-27,除息
1234,2026-04-01,2026-04-08,股東常會
1234,2026-06-23,2026-06-26,除息
1235,2018-04-19,2018-04-24,股東常會
1235,2018-11-07,2018-11-12,除權
1235,2019-04-18,2019-04-23,股東常會
1235,2019-11-08,2019-11-13,除權
1235,2020-04-16,2020-04-21,股東常會
1235,2020-12-09,2020-12-14,除權息
1235,2021-04-09,2021-04-14,股東常會
1235,2021-12-07,2021-12-10,除息
1235,2022-04-08,2022-04-13,股東常會
1235,2022-08-24,2022-08-29,除權息
1235,2023-04-14,2023-04-19,股東常會
1235,2023-08-24,2023-08-29,除權息
1235,2024-04-12,2024-04-17,股東常會
1235,2024-08-23,2024-08-28,除權息
1235,2025-04-11,2025-04-16,股東常會
1235,2025-10-01,2025-10-07,除權息
1235,2026-04-23,2026-04-28,股東常會
1235,2026-09-18,2026-09-23,除權息
1236,2018-04-13,2018-04-18,股東常會
1236,2018-07-03,2018-07-06,除息
1236,2019-04-15,2019-04-18,股東常會
1236,2019-07-11,2019-07-16,除息
1236,2020-04-17,2020-04-22,股東常會
1236,2020-07-08,2020-07-13,除息
1236,2021-04-22,2021-04-27,股東常會
1236,2021-07-07,2021-07-12,除息
1236,2022-04-22,2022-04-27,股東常會
1236,2022-07-13,2022-07-18,除息
1236,2023-04-14,2023-04-19,股東常會
1236,2023-07-07,2023-07-12,除息
1236,2023-09-21,2023-09-26,減資
1236,2024-03-18,2024-03-21,股東常會
1236,2024-07-12,2024-07-17,除息
1236,2025-04-11,2025-04-16,股東常會
1236,2025-07-04,2025-07-09,除息
1236,2026-04-10,2026-04-15,股東常會
1236,2026-07-03,2026-07-08,除息
1256,2018-03-22,2018-03-27,股東常會
1256,2018-07-02,2018-07-05,除息
1256,2019-03-22,2019-03-27,股東常會
1256,2019-07-11,2019-07-16,除權息
1256,2020-03-20,2020-03-25,股東常會
1256,2020-07-08,2020-07-13,除息
1256,2021-03-22,2021-03-25,股東常會
1256,2021-07-30,2021-08-04,除息
1256,2022-03-18,2022-03-23,股東常會
1256,2022-07-18,2022-07-21,除息
1256,2023-03-20,2023-03-23,股東常會
1256,2023-07-13,2023-07-18,除息
1256,2024-03-27,2024-04-01,股東常會
1256,2024-07-11,2024-07-16,除息
1256,2025-03-21,2025-03-26,股東常會
1256,2025-07-10,2025-07-15,除息
1256,2025-09-30,2025-10-03,現金增資
1256,2026-03-20,2026-03-25,股東常會
1256,2026-07-03,2026-07-08,除息
1301,2018-04-13,2018-04-18,股東常會
1301,2018-07-05,2018-07-10,除息
1301,2019-04-03,2019-04-10,股東常會
1301,2019-06-26,2019-07-01,除息
1301,2020-04-01,2020-04-08,股東常會
1301,2020-06-24,2020-07-01,除息
1301,2021-04-16,2021-04-21,股東常會
1301,2021-07-26,2021-07-29,除息
1301,2022-03-30,2022-04-06,股東常會
1301,2022-06-29,2022-07-04,除息
1301,2023-03-24,2023-03-29,股東常會
1301,2023-06-19,2023-06-26,除息
1301,2024-04-12,2024-04-17,股東常會
1301,2024-07-17,2024-07-22,除息
1301,2025-04-02,2025-04-09,股東常會
1301,2025-07-09,2025-07-14,除息
1301,2026-03-20,2026-03-25,股東常會
1301,2026-06-24,2026-06-29,除息
1303,2018-04-13,2018-04-18,股東常會
1303,2018-07-04,2018-07-09,除息
1303,2019-04-03,2019-04-10,股東常會
1303,2019-06-27,2019-07-02,除息
1303,2020-04-06,2020-04-09,股東常會
1303,2020-07-01,2020-07-06,除息
1303,2021-04-16,2021-04-21,股東常會
1303,2021-07-22,2021-07-27,除息
1303,2022-03-31,2022-04-07,股東常會
1303,2022-06-30,2022-07-05,除息
1303,2023-03-24,2023-03-29,股東常會
1303,2023-06-21,2023-06-28,除息
1303,2024-04-12,2024-04-17,股東常會
1303,2024-07-11,2024-07-16,除息
1303,2025-04-02,2025-04-09,股東常會
1303,2025-07-16,2025-07-21,除息
1303,2026-03-23,2026-03-26,股東常會
1303,2026-07-02,2026-07-07,除息
1304,2018-03-28,2018-03-31,股東常會
1304,2018-07-20,2018-07-25,除權息
1304,2019-04-03,2019-04-10,股東常會
1304,2019-07-19,2019-07-24,除息
1304,2020-04-06,2020-04-09,股東常會
1304,2020-07-17,2020-07-22,除息
1304,2021-04-01,2021-04-08,股東常會
1304,2021-07-21,2021-07-26,除息
1304,2022-03-25,2022-03-30,股東常會
1304,2022-07-22,2022-07-27,除息
1304,2023-03-24,2023-03-29,股東常會
1304,2023-07-21,2023-07-26,除息
1304,2024-03-25,2024-03-28,股東常會
1304,2024-07-19,2024-07-24,除息
1304,2025-03-21,2025-03-26,股東常會
1304,2025-07-18,2025-07-23,除息
1304,2026-03-23,2026-03-26,股東常會
1304,2026-07-17,2026-07-22,除息
1305,2018-04-16,2018-04-19,股東常會
1305,2018-07-20,2018-07-25,除權息
1305,2019-04-15,2019-04-18,股東常會
1305,2019-07-19,2019-07-24,除權息
1305,2020-03-20,2020-03-25,股東常會
1305,2020-07-17,2020-07-22,除權息
1305,2021-03-22,2021-03-25,股東常會
1305,2021-08-27,2021-09-01,除權息
1305,2022-03-24,2022-03-29,股東常會
1305,2022-07-22,2022-07-27,除息
1305,2023-03-20,2023-03-23,股東常會
1305,2023-07-21,2023-07-26,除息
1305,2024-03-22,2024-03-27,股東常會
1305,2024-07-19,2024-07-24,除息
1305,2025-03-21,2025-03-26,股東常會
1305,2025-07-18,2025-07-23,除息
1305,2026-03-20,2026-03-25,股東常會
1305,2026-07-17,2026-07-22,除息
1307,2018-04-03,2018-04-11,股東常會
1307,2018-07-04,2018-07-09,除息
1307,2019-04-03,2019-04-10,股東常會
1307,2019-06-27,2019-07-02,除息
1307,2020-04-01,2020-04-08,股東常會
1307,2020-08-21,2020-08-26,除息
1307,2021-04-16,2021-04-21,股東常會
1307,2021-08-20,2021-08-25,除息
1307,2022-04-15,2022-04-20,股東常會
1307,2022-07-01,2022-07-06,除息
1307,2023-04-07,2023-04-12,股東常會
1307,2023-06-27,2023-06-30,除息
1307,2024-04-12,2024-04-17,股東常會
1307,2024-08-19,2024-08-22,除息
1307,2025-04-02,2025-04-09,股東常會
1307,2025-07-04,2025-07-09,除息
1307,2026-04-01,2026-04-08,股東常會
1307,2026-06-30,2026-07-03,除息
1308,2018-03-28,2018-03-31,股東常會
1308,2018-07-20,2018-07-25,除權息
1308,2019-04-18,2019-04-23,股東常會
1308,2019-07-19,2019-07-24,除息
1308,2020-04-06,2020-04-09,股東常會
1308,2020-07-17,2020-07-22,除權息
1308,2021-04-01,2021-04-08,股東常會
1308,2021-08-27,2021-09-01,除權息
1308,2022-03-21,2022-03-24,股東常會
1308,2022-07-22,2022-07-27,除息
1308,2023-03-24,2023-03-29,股東常會
1308,2023-07-21,2023-07-26,除息
1308,2024-03-22,2024-03-27,股東常會
1308,2024-07-19,2024-07-24,除息
1308,2025-03-21,2025-03-26,股東常會
1308,2025-07-18,2025-07-23,除息
1308,2026-03-20,2026-03-25,股東常會
1308,2026-07-17,2026-07-22,除息
1309,2018-04-16,2018-04-19,股東常會
1309,2019-04-18,2019-04-23,股東常會
1309,2019-07-19,2019-07-24,除權息
1309,2020-04-10,2020-04-15,股東常會
1309,2020-07-17,2020-07-22,除權息
1309,2021-03-25,2021-03-30,股東常會
1309,2021-08-27,2021-09-01,除權息
1309,2022-03-21,2022-03-24,股東常會
1309,2022-07-22,2022-07-27,除權息
1309,2023-03-24,2023-03-29,股東常會
1309,2023-07-21,2023-07-26,除息
1309,2024-03-25,2024-03-28,股東常會
1309,2024-07-19,2024-07-24,除息
1309,2025-03-21,2025-03-26,股東常會
1309,2025-07-18,2025-07-23,除息
1309,2026-03-20,2026-03-25,股東常會
1309,2026-07-17,2026-07-22,除息
1310,2018-04-20,2018-04-25,股東常會
1310,2018-07-18,2018-07-23,除息
1310,2019-04-22,2019-04-25,股東常會
1310,2019-08-20,2019-08-23,除息
1310,2020-03-20,2020-03-25,股東常會
1310,2020-07-13,2020-07-16,除息
1310,2021-04-19,2021-04-22,股東常會
1310,2021-07-16,2021-07-21,除息
1310,2022-04-15,2022-04-20,股東常會
1310,2022-09-07,2022-09-13,除息
1310,2023-03-24,2023-03-29,股東常會
1310,2023-09-28,2023-10-04,除息
1310,2024-03-25,2024-03-28,股東常會
1310,2025-03-21,2025-03-26,股東常會
1310,2026-03-19,2026-03-24,股東常會
1312,2018-04-09,2018-04-12,股東常會
1312,2018-07-10,2018-07-13,除息
1312,2019-04-08,2019-04-11,股東常會
1312,2020-04-06,2020-04-09,股東常會
1312,2021-04-12,2021-04-15,股東常會
1312,2021-08-12,2021-08-17,除息
1312,2022-03-14,2022-03-17,股東常會
1312,2022-07-08,2022-07-13,除息
1312,2023-04-21,2023-04-26,股東常會
1312,2023-07-21,2023-07-26,除息
1312,2023-11-22,2023-11-27,現金增資
1312,2024-03-28,2024-04-02,股東常會
1312,2025-04-14,2025-04-17,股東常會
1312,2026-03-23,2026-03-26,股東常會
1312,2026-06-05,2026-06-10,現金增資
1313,2018-03-29,2018-04-02,股東常會
1313,2018-07-10,2018-07-13,除權息
1313,2019-04-08,2019-04-11,股東常會
1313,2019-07-10,2019-07-15,除息
1313,2019-08-20,2019-08-23,除權
1313,2020-03-25,2020-03-30,除息
1313,2020-04-01,2020-04-08,股東常會
1313,2021-03-31,2021-04-07,除息
1313,2022-03-18,2022-03-23,除息
1313,2023-03-17,2023-03-22,股東常會
1313,2024-03-18,2024-03-21,股東常會
1313,2025-03-21,2025-03-26,股東常會
1313,2025-06-20,2025-06-25,除息
1313,2026-03-20,2026-03-25,股東常會
1313,2026-06-15,2026-06-18,除息
1314,2018-02-02,2018-02-07,股東常會
1314,2019-03-18,2019-03-21,股東常會
1314,2019-06-21,2019-06-26,除權息
1314,2020-03-20,2020-03-25,股東常會
1314,2020-08-05,2020-08-10,除息
1314,2021-03-22,2021-03-25,股東常會
1314,2021-11-19,2021-11-24,現金增資
1314,2022-03-21,2022-03-24,股東常會
1314,2022-06-21,2022-06-24,除息
1314,2023-04-21,2023-04-26,股東常會
1314,2024-03-22,2024-03-27,股東常會
1314,2025-03-07,2025-03-12,股東常會
1314,2026-03-16,2026-03-19,股東常會
1315,2018-03-29,2018-04-02,股東常會
1315,2018-07-13,2018-07-18,除息
1315,2019-04-08,2019-04-11,股東常會
1315,2019-06-25,2019-06-28,除息
1315,2020-03-26,2020-03-31,股東常會
1315,2020-06-15,2020-06-18,除息
1315,2020-10-08,2020-10-14,減資
1315,2020-11-23,2020-11-26,除息
1315,2021-04-01,2021-04-08,股東常會
1315,2021-06-25,2021-06-30,除息
1315,2021-08-25,2021-08-30,除息
1315,2021-12-03,2021-12-08,減資
1315,2022-04-11,2022-04-14,除息
1315,2022-08-30,2022-09-02,除息
1315,2023-04-10,2023-04-13,股東常會
1315,2023-08-25,2023-08-30,除息
1315,2024-04-03,2024-04-10,除息
1315,2024-04-15,2024-04-18,股東常會
1315,2024-08-23,2024-08-28,除息
1315,2025-04-02,2025-04-09,除息
1315,2025-04-14,2025-04-17,股東常會
1315,2025-08-26,2025-08-29,除息
1315,2026-04-20,2026-04-23,股東常會
1315,2026-08-21,2026-08-26,除息
1316,2018-04-20,2018-04-25,股東常會
1316,2018-11-14,2018-11-19,現金增資
1316,2019-04-18,2019-04-23,股東常會
1316,2019-07-26,2019-07-31,除息
1316,2020-04-23,2020-04-28,股東常會
1316,2021-03-30,2021-04-06,股東常會
1316,2022-03-21,2022-03-24,股東常會
1316,2022-10-14,2022-10-19,減資
1316,2023-03-23,2023-03-28,股東常會
1316,2023-08-16,2023-08-21,現金增資
1316,2023-10-13,2023-10-18,除息
1316,2024-03-22,2024-03-27,股東常會
1316,2025-01-03,2025-01-08,現金增資
1316,2025-03-14,2025-03-19,股東常會
1316,2026-04-17,2026-04-22,股東常會
1319,2018-04-13,2018-04-18,股東常會
1319,2018-07-12,2018-07-17,除息
1319,2019-04-12,2019-04-17,股東常會
1319,2019-07-15,2019-07-18,除息
1319,2020-04-13,2020-04-16,股東常會
1319,2020-06-17,2020-06-22,除息
1319,2021-04-16,2021-04-21,股東常會
1319,2021-06-22,2021-06-25,除息
1319,2022-04-11,2022-04-14,股東常會
1319,2022-06-17,2022-06-22,除息
1319,2023-04-13,2023-04-18,股東常會
1319,2023-06-16,2023-06-21,除息
1319,2024-04-12,2024-04-17,股東常會
1319,2024-06-14,2024-06-19,除息
1319,2025-04-11,2025-04-16,股東常會
1319,2025-06-16,2025-06-19,除息
1319,2026-04-10,2026-04-15,股東常會
1319,2026-06-15,2026-06-18,除息
1321,2018-04-23,2018-04-26,股東常會
1321,2019-04-18,2019-04-23,股東常會
1321,2020-04-16,2020-04-21,股東常會
1321,2021-04-16,2021-04-21,股東常會
1321,2021-08-20,2021-08-25,除息
1321,2022-04-15,2022-04-20,股東常會
1321,2022-08-19,2022-08-24,除息
1321,2023-04-13,2023-04-18,股東常會
1321,2024-03-25,2024-03-28,股東常會
1321,2024-08-19,2024-08-22,除息
1321,2025-03-26,2025-03-31,股東常會
1321,2025-08-18,2025-08-21,除息
1321,2026-03-26,2026-03-31,股東常會
1323,2018-04-13,2018-04-18,股東常會
1323,2018-07-06,2018-07-11,除息
1323,2019-04-19,2019-04-24,股東常會
1323,2019-07-15,2019-07-18,除息
1323,2020-04-06,2020-04-09,股東常會
1323,2020-07-06,2020-07-09,除息
1323,2021-04-09,2021-04-14,股東常會
1323,2021-07-05,2021-07-08,除息
1323,2022-04-15,2022-04-20,股東常會
1323,2022-06-17,2022-06-22,除息
1323,2023-03-24,2023-03-29,股東常會
1323,2023-06-13,2023-06-16,除息
1323,2024-03-21,2024-03-26,股東常會
1323,2024-06-03,2024-06-06,除息
1323,2025-03-26,2025-03-31,股東常會
1323,2025-05-29,2025-06-04,除息
1323,2026-03-26,2026-03-31,股東常會
1323,2026-05-27,2026-06-01,除息
1324,2018-03-23,2018-03-28,股東常會
1324,2018-06-20,2018-06-25,除息
1324,2019-04-08,2019-04-11,股東常會
1324,2019-08-20,2019-08-23,除息
1324,2020-04-01,2020-04-08,股東常會
1324,2020-08-18,2020-08-21,除息
1324,2021-04-01,2021-04-08,股東常會
1324,2021-08-11,2021-08-16,除息
1324,2022-03-30,2022-04-06,股東常會
1324,2022-08-15,2022-08-18,除息
1324,2023-04-07,2023-04-12,股東常會
1324,2023-08-21,2023-08-24,除息
1324,2024-04-12,2024-04-17,股東常會
1324,2024-08-20,2024-08-23,除息
1324,2025-04-02,2025-04-09,股東常會
1324,2025-08-22,2025-08-27,除息
1324,2026-04-01,2026-04-08,股東常會
1325,2018-04-23,2018-04-26,股東常會
1325,2018-07-10,2018-07-13,除息
1325,2019-04-19,2019-04-24,股東常會
1325,2019-07-08,2019-07-11,除息
1325,2020-04-09,2020-04-14,股東常會
1325,2020-07-10,2020-07-15,除息
1325,2021-04-22,2021-04-27,股東常會
1325,2021-07-09,2021-07-14,除息
1325,2022-04-22,2022-04-27,股東常會
1325,2022-07-12,2022-07-15,除息
1325,2023-04-21,2023-04-26,股東常會
1325,2023-07-21,2023-07-26,除息
1325,2024-04-15,2024-04-18,股東常會
1325,2024-07-04,2024-07-09,除息
1325,2025-04-14,2025-04-17,股東常會
1325,2025-07-02,2025-07-07,除息
1325,2026-04-20,2026-04-23,股東常會
1326,2018-04-09,2018-04-12,股東常會
1326,2018-06-29,2018-07-04,除息
1326,2019-03-27,2019-04-01,股東常會
1326,2019-06-20,2019-06-25,除息
1326,2020-03-26,2020-03-31,股東常會
1326,2020-06-23,2020-06-30,除息
1326,2021-04-12,2021-04-15,股東常會
1326,2021-07-21,2021-07-26,除息
1326,2022-03-30,2022-04-06,股東常會
1326,2022-06-22,2022-06-27,除息
1326,2023-03-20,2023-03-23,股東常會
1326,2023-06-08,2023-06-13,除息
1326,2024-04-12,2024-04-17,股東常會
1326,2024-07-04,2024-07-09,除息
1326,2025-04-02,2025-04-09,股東常會
1326,2025-06-25,2025-06-30,除息
1326,2026-03-20,2026-03-25,股東常會
1326,2026-06-17,2026-06-23,除息
1337,2018-04-02,2018-04-10,股東常會
1337,2018-08-27,2018-08-30,除權息
1337,2019-04-08,2019-04-11,股東常會
1337,2020-04-09,2020-04-14,股東常會
1337,2021-04-09,2021-04-14,股東常會
1337,2022-04-08,2022-04-13,股東常會
1337,2023-04-07,2023-04-12,股東常會
1337,2024-04-08,2024-04-11,股東常會
1337,2025-04-07,2025-04-10,股東常會
1337,2026-04-02,2026-04-09,股東常會
1338,2018-03-26,2018-03-29,股東常會
1338,2018-07-06,2018-07-11,除息
1338,2019-03-25,2019-03-28,股東常會
1338,2019-07-05,2019-07-10,除息
1338,2020-03-23,2020-03-26,股東常會
1338,2020-07-03,2020-07-08,除息
1338,2021-03-31,2021-04-07,股東常會
1338,2021-07-28,2021-08-02,除息
1338,2022-03-24,2022-03-29,股東常會
1338,2022-07-08,2022-07-13,除息
1338,2023-03-23,2023-03-28,股東常會
1338,2023-07-11,2023-07-14,除息
1338,2024-03-25,2024-03-28,股東常會
1338,2024-07-11,2024-07-16,除息
1338,2025-03-17,2025-03-20,股東常會
1338,2025-07-03,2025-07-08,除息
1338,2026-03-16,2026-03-19,股東常會
1338,2026-07-03,2026-07-08,除息
1339,2018-03-22,2018-03-27,股東常會
1339,2018-08-24,2018-08-29,除息
1339,2019-03-22,2019-03-27,股東常會
1339,2019-08-21,2019-08-26,除息
1339,2020-03-23,2020-03-26,股東常會
1339,2020-08-20,2020-08-25,除息
1339,2021-03-25,2021-03-30,股東常會
1339,2021-08-25,2021-08-30,除息
1339,2022-03-21,2022-03-24,股東常會
1339,2022-08-12,2022-08-17,除息
1339,2023-03-24,2023-03-29,股東常會
1339,2023-08-31,2023-09-05,除息
1339,2024-03-22,2024-03-27,股東常會
1339,2024-08-15,2024-08-20,除息
1339,2025-03-21,2025-03-26,股東常會
1339,2025-08-29,2025-09-03,除息
1339,2026-03-23,2026-03-26,股東常會
1339,2026-08-21,2026-08-26,除息
1340,2018-04-03,2018-04-11,股東常會
1340,2018-08-20,2018-08-23,除權息
1340,2019-04-02,2019-04-09,股東常會
1340,2019-08-14,2019-08-19,除權息
1340,2020-04-23,2020-04-28,股東常會
1340,2021-04-22,2021-04-27,股東常會
1340,2022-04-22,2022-04-27,股東常會
1340,2023-04-21,2023-04-26,股東常會
1340,2024-04-18,2024-04-23,股東常會
1340,2025-04-10,2025-04-15,股東常會
1340,2026-03-31,2026-04-07,股東常會
1342,2022-03-11,2022-03-16,股東常會
1342,2022-05-30,2022-06-02,除息
1342,2023-03-10,2023-03-15,股東常會
1342,2024-03-15,2024-03-20,股東常會
1342,2024-07-11,2024-07-16,除權
1342,2025-03-14,2025-03-19,股東常會
1342,2026-03-06,2026-03-11,除息
1342,2026-06-26,2026-07-01,現金增資
1342,2026-07-29,2026-08-03,現金增資
1402,2018-04-23,2018-04-26,股東常會
1402,2018-07-13,2018-07-18,除息
1402,2019-04-22,2019-04-25,股東常會
1402,2019-07-15,2019-07-18,除息
1402,2020-04-23,2020-04-28,股東常會
1402,2020-07-21,2020-07-24,除息
1402,2021-04-22,2021-04-27,股東常會
1402,2021-07-26,2021-07-29,除息
1402,2022-04-22,2022-04-27,股東常會
1402,2022-07-22,2022-07-27,除息
1402,2023-04-21,2023-04-26,股東常會
1402,2023-07-11,2023-07-14,除息
1402,2024-04-19,2024-04-24,股東常會
1402,2024-07-12,2024-07-17,除息
1402,2025-03-21,2025-03-26,股東常會
1402,2025-07-09,2025-07-14,除息
1402,2026-03-23,2026-03-26,股東常會
1402,2026-07-08,2026-07-13,除息
1409,2018-03-23,2018-03-28,股東常會
1409,2018-08-22,2018-08-27,除息
1409,2019-03-22,2019-03-27,股東常會
1409,2019-08-22,2019-08-27,除息
1409,2020-03-20,2020-03-25,股東常會
1409,2020-08-26,2020-08-31,除息
1409,2021-03-22,2021-03-25,股東常會
1409,2021-08-25,2021-08-30,除息
1409,2022-03-24,2022-03-29,股東常會
1409,2022-08-24,2022-08-29,除息
1409,2023-03-24,2023-03-29,股東常會
1409,2023-08-25,2023-08-30,除息
1409,2024-03-22,2024-03-27,股東常會
1409,2024-08-21,2024-08-26,除息
1409,2025-03-21,2025-03-26,股東常會
1409,2025-08-20,2025-08-25,除息
1409,2026-03-20,2026-03-25,股東常會
1409,2026-08-21,2026-08-26,除息
1410,2018-04-09,2018-04-12,股東常會
1410,2018-07-09,2018-07-12,除息
1410,2019-04-08,2019-04-11,股東常會
1410,2019-07-09,2019-07-12,除息
1410,2019-10-09,2019-10-16,減資
1410,2020-04-10,2020-04-15,股東常會
1410,2020-06-17,2020-06-22,除息
1410,2021-04-09,2021-04-14,股東常會
1410,2021-07-09,2021-07-14,除息
1410,2022-03-30,2022-04-06,股東常會
1410,2022-07-12,2022-07-15,除息
1410,2023-04-07,2023-04-12,股東常會
1410,2023-06-28,2023-07-03,除息
1410,2024-04-12,2024-04-17,股東常會
1410,2024-07-01,2024-07-04,除息
1410,2025-04-07,2025-04-10,股東常會
1410,2025-07-23,2025-07-28,除息
1410,2026-04-01,2026-04-08,股東常會
1410,2026-06-24,2026-06-29,除息
1413,2018-03-26,,股東常會
1413,2019-03-27,,股東常會
1413,2020-03-25,,股東常會
1413,2021-04-16,,股東常會
1413,2022-04-22,,股東常會
1413,2023-03-24,,股東常會
1413,2024-03-21,,股東常會
1413,2025-03-21,,股東常會
1413,2026-03-16,,股東常會
1414,2018-04-02,2018-04-10,股東常會
1414,2018-07-13,2018-07-18,除息
1414,2019-04-03,2019-04-10,股東常會
1414,2019-07-12,2019-07-17,除息
1414,2020-04-06,2020-04-09,股東常會
1414,2020-07-07,2020-07-10,除息
1414,2021-04-01,2021-04-08,股東常會
1414,2021-07-13,2021-07-16,除息
1414,2022-04-11,2022-04-14,股東常會
1414,2022-07-06,2022-07-11,除息
1414,2023-04-06,2023-04-11,股東常會
1414,2023-06-08,2023-06-13,除息
1414,2024-03-29,2024-04-03,除息
1414,2024-04-12,2024-04-17,股東常會
1414,2025-03-28,2025-04-02,除息
1414,2025-04-10,2025-04-15,股東常會
1414,2025-12-24,2025-12-30,減資
1414,2026-03-25,2026-03-30,除息
1414,2026-04-09,2026-04-14,股東常會
1416,2018-04-23,2018-04-26,股東常會
1416,2018-08-23,2018-08-28,除息
1416,2019-04-19,2019-04-24,股東常會
1416,2019-08-22,2019-08-27,除息
1416,2020-03-20,2020-03-25,股東常會
1416,2021-04-22,2021-04-27,股東常會
1416,2021-07-13,2021-07-16,除息
1416,2022-03-25,2022-03-30,股東常會
1416,2022-06-13,2022-06-16,除息
1416,2023-03-24,2023-03-29,股東常會
1416,2023-06-12,2023-06-15,除息
1416,2024-03-22,2024-03-27,股東常會
1416,2024-06-12,2024-06-17,除息
1416,2025-03-14,2025-03-19,股東常會
1416,2025-06-04,2025-06-09,除息
1416,2026-03-16,2026-03-19,股東常會
1416,2026-06-03,2026-06-08,除息
1417,2018-04-13,,股東常會
1417,2019-04-08,,股東常會
1417,2019-08-23,,減資
1417,2020-01-31,2020-02-05,減資
1417,2020-04-10,2020-04-15,股東常會
1417,2020-07-06,2020-07-09,除息
1417,2021-04-12,2021-04-15,股東常會
1417,2021-07-30,2021-08-04,除息
1417,2022-04-22,2022-04-27,股東常會
1417,2022-07-15,2022-07-20,除息
1417,2023-04-21,2023-04-26,股東常會
1417,2023-07-21,2023-07-26,除息
1417,2024-04-12,2024-04-17,股東常會
1417,2024-07-19,2024-07-24,除息
1417,2025-03-14,2025-03-19,股東常會
1417,2026-03-16,2026-03-19,股東常會
1417,2026-07-17,2026-07-22,除息
1418,2018-04-13,,股東常會
1418,2019-04-15,,股東常會
1418,2020-04-10,,股東常會
1418,2021-04-16,,股東常會
1418,2022-04-21,,股東常會
1418,2023-04-21,2023-04-26,股東常會
1418,2024-04-19,2024-04-24,股東常會
1418,2025-04-02,2025-04-09,股東常會
1418,2026-03-31,2026-04-07,股東常會
1419,2018-03-26,2018-03-29,股東常會
1419,2018-06-28,2018-07-03,除息
1419,2019-04-08,2019-04-11,股東常會
1419,2019-07-05,2019-07-10,除息
1419,2020-04-13,2020-04-16,股東常會
1419,2020-07-31,2020-08-05,除息
1419,2021-04-12,2021-04-15,股東常會
1419,2021-07-30,2021-08-04,除息
1419,2022-03-31,2022-04-07,股東常會
1419,2022-08-05,2022-08-10,除息
1419,2023-03-20,2023-03-23,股東常會
1419,2023-08-18,2023-08-23,除息
1419,2024-03-22,2024-03-27,股東常會
1419,2024-07-05,2024-07-10,除息
1419,2025-03-20,2025-03-25,股東常會
1419,2025-07-18,2025-07-23,除息
1419,2026-04-02,2026-04-09,股東常會
1419,2026-07-31,2026-08-05,除息
1423,2018-04-13,2018-04-18,股東常會
1423,2018-10-12,2018-10-17,減資
1423,2019-04-08,2019-04-11,股東常會
1423,2020-04-10,2020-04-15,股東常會
1423,2020-07-17,2020-07-22,除息
1423,2021-04-16,2021-04-21,股東常會
1423,2021-08-16,2021-08-19,除息
1423,2022-04-15,2022-04-20,股東常會
1423,2022-07-06,2022-07-11,除息
1423,2023-04-14,2023-04-19,股東常會
1423,2023-07-07,2023-07-12,除息
1423,2023-10-04,2023-10-11,減資
1423,2024-04-15,2024-04-18,股東常會
1423,2024-07-05,2024-07-10,除息
1423,2025-04-11,2025-04-16,股東常會
1423,2025-06-11,2025-06-16,除息
1423,2026-04-10,2026-04-15,股東常會
1423,2026-06-12,2026-06-17,除息
1432,2018-04-16,2018-04-19,股東常會
1432,2019-04-19,2019-04-24,股東常會
1432,2020-03-26,,股東常會
1432,2020-09-04,,減資
1432,2020-11-10,,除息
1432,2021-04-22,2021-04-27,股東常會
1432,2021-11-17,,現金增資
1432,2022-03-25,,股東常會
1432,2023-03-24,,股東常會
1432,2024-03-25,,股東常會
1432,2025-03-20,,股東常會
1432,2026-03-20,,股東常會
1432,2026-06-16,2026-06-22,除息
1434,2018-04-16,2018-04-19,股東常會
1434,2018-07-12,2018-07-17,除息
1434,2019-04-12,2019-04-17,股東常會
1434,2019-07-11,2019-07-16,除息
1434,2020-04-13,2020-04-16,股東常會
1434,2020-07-07,2020-07-10,除息
1434,2021-04-19,2021-04-22,股東常會
1434,2021-07-28,2021-08-02,除息
1434,2022-04-18,2022-04-21,股東常會
1434,2022-07-20,2022-07-25,除息
1434,2023-04-10,2023-04-13,股東常會
1434,2023-07-12,2023-07-17,除息
1434,2024-04-15,2024-04-18,股東常會
1434,2024-07-25,2024-07-30,除息
1434,2025-04-14,2025-04-17,股東常會
1434,2025-07-18,2025-07-23,除息
1434,2026-04-20,2026-04-23,股東常會
1434,2026-07-10,2026-07-15,除息
1435,2018-04-13,,股東常會
1435,2019-04-15,,股東常會
1435,2020-04-16,,股東常會
1435,2021-04-16,,股東常會
1435,2022-04-22,,股東常會
1435,2023-03-24,,股東常會
1435,2024-04-09,,股東常會
1435,2024-08-19,,股東常會
1435,2025-04-14,,股東常會
1435,2026-04-10,,股東常會
1436,2018-04-13,2018-04-18,股東常會
1436,2018-08-28,2018-08-31,除權息
1436,2019-04-15,2019-04-18,股東常會
1436,2019-08-23,2019-08-28,除權息
1436,2020-04-10,2020-04-15,股東常會
1436,2020-07-14,2020-07-17,除息
1436,2021-04-09,2021-04-14,股東常會
1436,2021-07-27,2021-07-30,除息
1436,2022-04-15,2022-04-20,股東常會
1436,2022-07-20,2022-07-25,除息
1436,2023-04-14,2023-04-19,股東常會
1436,2023-07-19,2023-07-24,除息
1436,2024-04-12,2024-04-17,股東常會
1436,2024-07-22,2024-07-25,除權息
1436,2025-03-14,2025-03-19,股東常會
1436,2025-07-15,2025-07-18,除權息
1436,2026-03-20,2026-03-25,股東常會
1436,2026-07-17,2026-07-22,除息
1437,2018-04-03,2018-04-11,股東常會
1437,2018-06-22,2018-06-27,除息
1437,2018-07-20,2018-07-25,除權
1437,2019-04-12,2019-04-17,股東常會
1437,2019-06-27,2019-07-02,除息
1437,2020-04-06,2020-04-09,股東常會
1437,2020-06-22,2020-06-29,除息
1437,2021-04-01,2021-04-08,股東常會
1437,2021-06-23,2021-06-28,除息
1437,2022-03-30,2022-04-06,股東常會
1437,2022-06-21,2022-06-24,除息
1437,2023-03-29,2023-04-06,股東常會
1437,2023-06-19,2023-06-26,除息
1437,2024-03-28,2024-04-02,股東常會
1437,2024-06-21,2024-06-26,除息
1437,2025-03-26,2025-03-31,股東常會
1437,2025-07-25,2025-07-30,除息
1437,2026-01-16,2026-01-21,除息
1437,2026-04-01,2026-04-08,股東常會
1437,2026-07-30,2026-08-04,除息
1438,2018-04-20,,股東常會
1438,2019-04-03,,股東常會
1438,2020-04-01,,股東常會
1438,2021-03-15,,減資
1438,2021-04-09,,股東常會
1438,2021-10-29,2021-11-03,現金增資
1438,2022-04-15,2022-04-20,股東常會
1438,2023-04-07,2023-04-12,股東常會
1438,2023-09-05,2023-09-08,除息
1438,2024-04-19,2024-04-24,股東常會
1438,2024-12-02,2024-12-05,現金增資
1438,2025-04-17,2025-04-22,股東常會
1438,2026-04-17,2026-04-22,股東常會
1438,2026-09-03,2026-09-08,除權息
1439,2018-03-29,2018-04-02,股東常會
1439,2019-04-18,2019-04-23,股東常會
1439,2020-04-17,2020-04-22,股東常會
1439,2020-08-21,2020-08-26,除息
1439,2021-04-19,2021-04-22,股東常會
1439,2022-04-15,2022-04-20,股東常會
1439,2022-06-17,2022-06-22,除息
1439,2023-04-14,2023-04-19,股東常會
1439,2023-07-11,2023-07-14,除息
1439,2024-04-19,2024-04-24,股東常會
1439,2024-08-01,2024-08-06,除息
1439,2025-04-11,2025-04-16,股東常會
1439,2025-07-29,2025-08-01,除息
1439,2026-04-10,2026-04-15,股東常會
1439,2026-07-31,2026-08-05,除息
1440,2018-04-16,2018-04-19,股東常會
1440,2018-08-03,2018-08-08,除息
1440,2019-04-12,2019-04-17,股東常會
1440,2019-08-02,2019-08-07,除息
1440,2020-04-10,2020-04-15,股東常會
1440,2020-07-31,2020-08-05,除息
1440,2021-04-09,2021-04-14,股東常會
1440,2021-07-30,2021-08-04,除息
1440,2022-03-21,2022-03-24,股東常會
1440,2022-07-08,2022-07-13,除息
1440,2023-03-24,2023-03-29,股東常會
1440,2023-07-07,2023-07-12,除息
1440,2024-03-22,2024-03-27,股東常會
1440,2024-08-07,2024-08-12,除息
1440,2025-03-20,2025-03-25,股東常會
1440,2025-07-10,2025-07-15,除息
1440,2026-03-20,2026-03-25,股東常會
1440,2026-07-10,2026-07-15,除息
1441,2018-04-03,,股東常會
1441,2019-04-12,2019-04-17,股東常會
1441,2019-08-23,2019-08-28,除權息
1441,2020-04-09,2020-04-14,股東常會
1441,2021-04-09,,股東常會
1441,2022-04-08,,股東常會
1441,2023-03-16,,股東常會
1441,2023-08-16,,減資
1441,2024-03-21,,股東常會
1441,2025-03-21,,股東常會
1441,2026-03-26,,股東常會
1441,2026-09-11,,減資
1442,2018-04-09,2018-04-12,股東常會
1442,2018-08-08,2018-08-13,除息
1442,2019-04-12,2019-04-17,股東常會
1442,2019-08-05,2019-08-08,除息
1442,2020-04-10,2020-04-15,股東常會
1442,2020-07-28,2020-07-31,除息
1442,2021-04-09,2021-04-14,股東常會
1442,2021-09-03,2021-09-08,除息
1442,2022-04-08,2022-04-13,股東常會
1442,2022-07-27,2022-08-01,除息
1442,2023-04-07,2023-04-12,股東常會
1442,2023-06-30,2023-07-05,除息
1442,2024-04-12,2024-04-17,股東常會
1442,2024-08-13,2024-08-16,除息
1442,2025-04-11,2025-04-16,股東常會
1442,2025-08-15,2025-08-20,除息
1442,2026-03-20,2026-03-25,股東常會
1442,2026-09-17,2026-09-22,除息
1443,2018-04-03,,股東常會
1443,2019-04-03,,股東常會
1443,2020-04-01,,股東常會
1443,2021-04-09,,股東常會
1443,2022-04-08,2022-04-13,股東常會
1443,2023-04-07,2023-04-12,股東常會
1443,2024-04-03,2024-04-10,股東常會
1443,2025-04-02,2025-04-09,股東常會
1443,2026-04-01,2026-04-08,股東常會
1444,2018-04-03,2018-04-11,股東常會
1444,2018-06-29,2018-07-04,除息
1444,2019-04-03,2019-04-10,股東常會
1444,2019-06-24,2019-06-27,除息
1444,2020-04-10,2020-04-15,股東常會
1444,2021-04-16,2021-04-21,股東常會
1444,2022-04-18,2022-04-21,股東常會
1444,2022-08-05,2022-08-10,除息
1444,2023-04-21,2023-04-26,股東常會
1444,2023-07-20,2023-07-25,除權
1444,2024-04-15,2024-04-18,股東常會
1444,2025-04-07,2025-04-10,股東常會
1444,2026-04-01,,股東常會
1445,2018-03-28,2018-03-31,股東常會
1445,2018-08-15,2018-08-20,除息
1445,2019-04-11,2019-04-16,股東常會
1445,2019-08-15,2019-08-20,除息
1445,2020-04-09,2020-04-14,股東常會
1445,2020-08-17,2020-08-20,除息
1445,2021-03-31,2021-04-07,股東常會
1445,2021-08-30,2021-09-02,除息
1445,2022-04-08,2022-04-13,股東常會
1445,2023-03-24,2023-03-29,股東常會
1445,2023-06-26,2023-06-29,除息
1445,2024-03-22,2024-03-27,股東常會
1445,2024-06-12,2024-06-17,除息
1445,2025-03-21,2025-03-26,股東常會
1445,2026-03-26,2026-03-31,除息
1446,2018-03-28,2018-03-31,股東常會
1446,2018-08-24,2018-08-29,除息
1446,2019-03-27,2019-04-01,股東常會
1446,2019-08-23,2019-08-28,除息
1446,2020-04-01,2020-04-08,股東常會
1446,2020-07-23,2020-07-28,除息
1446,2021-03-31,2021-04-07,股東常會
1446,2021-08-09,2021-08-12,除息
1446,2022-04-08,2022-04-13,股東常會
1446,2022-07-11,2022-07-14,除息
1446,2023-04-07,2023-04-12,股東常會
1446,2023-07-10,2023-07-13,除息
1446,2024-04-08,2024-04-11,股東常會
1446,2024-07-10,2024-07-15,除息
1446,2025-04-07,2025-04-10,股東常會
1446,2025-07-15,2025-07-18,除息
1446,2026-03-26,2026-03-31,股東常會
1446,2026-07-03,2026-07-08,除息
1447,2018-04-03,2018-04-11,股東常會
1447,2019-04-03,2019-04-10,股東常會
1447,2019-06-24,2019-06-27,除息
1447,2020-04-10,2020-04-15,股東常會
1447,2021-04-16,2021-04-21,股東常會
1447,2022-04-18,2022-04-21,股東常會
1447,2023-04-21,2023-04-26,股東常會
1447,2024-04-15,2024-04-18,股東常會
1447,2025-04-07,2025-04-10,股東常會
1447,2026-04-01,,股東常會
1449,2018-04-20,,股東常會
1449,2019-04-19,,股東常會
1449,2020-02-27,,現金增資
1449,2020-04-17,,股東常會
1449,2020-11-13,,減資
1449,2021-04-19,2021-04-22,股東常會
1449,2022-04-18,2022-04-21,股東常會
1449,2022-11-25,2022-11-30,減資
1449,2023-04-21,2023-04-26,股東常會
1449,2023-10-25,2023-10-30,除權
1449,2024-04-19,2024-04-24,股東常會
1449,2024-06-20,2024-06-25,現金增資
1449,2024-09-12,2024-09-18,除權息
1449,2025-04-11,2025-04-16,股東常會
1449,2025-07-23,2025-07-28,現金增資
1449,2025-10-03,2025-10-09,除權
1449,2026-04-17,2026-04-22,股東常會
1451,2018-04-03,2018-04-11,股東常會
1451,2018-06-22,2018-06-27,除息
1451,2019-04-12,2019-04-17,股東常會
1451,2019-06-28,2019-07-03,除息
1451,2020-04-10,2020-04-15,股東常會
1451,2021-04-09,2021-04-14,股東常會
1451,2021-08-06,2021-08-11,除息
1451,2022-04-15,2022-04-20,股東常會
1451,2022-07-05,2022-07-08,除息
1451,2023-04-07,2023-04-12,股東常會
1451,2023-06-27,2023-06-30,除息
1451,2024-04-12,2024-04-17,股東常會
1451,2024-06-28,2024-07-03,除息
1451,2025-04-11,2025-04-16,股東常會
1451,2026-04-10,2026-04-15,除息
1452,2018-04-02,2018-04-10,股東常會
1452,2018-07-03,2018-07-06,除息
1452,2019-04-03,2019-04-10,股東常會
1452,2019-06-25,2019-06-28,除息
1452,2020-04-06,2020-04-09,股東常會
1452,2020-06-30,2020-07-03,除息
1452,2021-03-31,2021-04-07,股東常會
1452,2021-07-30,2021-08-04,除息
1452,2022-04-08,2022-04-13,股東常會
1452,2022-06-28,2022-07-01,除息
1452,2023-04-10,2023-04-13,股東常會
1452,2023-07-04,2023-07-07,除息
1452,2024-04-08,2024-04-11,股東常會
1452,2024-06-27,2024-07-02,除息
1452,2025-04-07,2025-04-10,股東常會
1452,2025-06-27,2025-07-02,除息
1452,2026-04-02,2026-04-09,股東常會
1452,2026-06-26,2026-07-01,除息
1453,2018-04-02,2018-04-10,股東常會
1453,2019-04-08,2019-04-11,股東常會
1453,2019-07-31,2019-08-05,除權
1453,2020-04-06,2020-04-09,股東常會
1453,2020-08-20,2020-08-25,除權
1453,2021-04-12,2021-04-15,股東常會
1453,2022-04-08,2022-04-13,股東常會
1453,2022-08-23,2022-08-26,除權
1453,2023-04-07,2023-04-12,股東常會
1453,2023-08-22,2023-08-25,除權
1453,2024-04-08,2024-04-11,股東常會
1453,2024-08-22,2024-08-27,除權
1453,2025-04-07,2025-04-10,股東常會
1453,2025-08-22,2025-08-27,除權
1453,2026-04-02,2026-04-09,股東常會
1453,2026-08-24,2026-08-27,除權
1454,2018-03-28,2018-03-31,股東常會
1454,2018-08-14,2018-08-17,除息
1454,2019-04-12,2019-04-17,股東常會
1454,2019-07-10,2019-07-15,除息
1454,2020-04-01,2020-04-08,股東常會
1454,2020-08-17,2020-08-20,除息
1454,2021-04-09,2021-04-14,股東常會
1454,2021-08-27,2021-09-01,除息
1454,2022-04-14,2022-04-19,股東常會
1454,2022-07-08,2022-07-13,除息
1454,2023-04-20,2023-04-25,股東常會
1454,2023-08-18,2023-08-23,除息
1454,2024-03-22,2024-03-27,股東常會
1454,2024-08-21,2024-08-26,除息
1454,2025-03-26,2025-03-31,股東常會
1454,2025-04-17,2025-04-22,股東常會
1454,2025-07-16,2025-07-21,除息
1454,2026-04-01,2026-04-08,股東常會
1454,2026-08-18,2026-08-21,除息
1455,2018-04-02,2018-04-10,股東常會
1455,2018-07-06,2018-07-11,除息
1455,2019-04-18,2019-04-23,股東常會
1455,2019-07-16,2019-07-19,除息
1455,2020-04-16,2020-04-21,股東常會
1455,2021-04-19,2021-04-22,股東常會
1455,2021-08-05,2021-08-10,除息
1455,2022-03-30,2022-04-06,股東常會
1455,2022-08-03,2022-08-08,除息
1455,2023-03-29,2023-04-06,股東常會
1455,2023-06-30,2023-07-05,除息
1455,2024-03-27,2024-04-01,股東常會
1455,2025-04-02,2025-04-09,股東常會
1455,2026-04-09,2026-04-14,股東常會
1455,2026-06-29,2026-07-02,除息
1456,2018-04-16,2018-04-19,股東常會
1456,2019-04-22,2019-04-25,股東常會
1456,2020-03-23,2020-03-26,股東常會
1456,2021-03-22,2021-03-25,股東常會
1456,2022-03-24,2022-03-29,股東常會
1456,2022-06-10,2022-06-15,除息
1456,2023-03-24,2023-03-29,股東常會
1456,2024-03-22,2024-03-27,股東常會
1456,2024-06-26,2024-07-01,除息
1456,2025-03-21,2025-03-26,股東常會
1456,2026-03-23,2026-03-26,股東常會
1457,2018-03-27,2018-03-30,股東常會
1457,2018-06-29,2018-07-04,除息
1457,2019-03-27,2019-04-01,股東常會
1457,2019-06-20,2019-06-25,除息
1457,2019-08-21,2019-08-26,除息
1457,2020-04-01,2020-04-08,除息
1457,2020-08-20,2020-08-25,除息
1457,2021-04-22,2021-04-27,除息
1457,2022-04-18,2022-04-21,股東常會
1457,2022-07-05,2022-07-08,除息
1457,2023-03-24,2023-03-29,股東常會
1457,2023-06-13,2023-06-16,除息
1457,2024-03-22,2024-03-27,除息
1457,2024-04-12,2024-04-17,股東常會
1457,2024-08-22,2024-08-27,除權
1457,2025-04-02,2025-04-09,除息
1457,2026-03-23,2026-03-26,股東常會
1459,2018-04-20,2018-04-25,股東常會
1459,2018-07-19,2018-07-24,除息
1459,2019-04-22,,股東常會
1459,2020-04-17,,股東常會
1459,2021-04-19,,股東常會
1459,2022-04-18,2022-04-21,股東常會
1459,2022-07-18,2022-07-21,除息
1459,2023-04-21,,股東常會
1459,2024-04-19,,股東常會
1459,2025-04-18,,股東常會
1459,2026-03-06,2026-03-11,股東常會
1459,2026-05-22,2026-05-27,除息
1459,2026-07-17,2026-07-22,減資
1460,2018-04-03,2018-04-11,股東常會
1460,2018-08-17,2018-08-22,除權
1460,2019-04-08,2019-04-11,股東常會
1460,2019-08-20,2019-08-23,除權
1460,2020-04-09,2020-04-14,股東常會
1460,2021-02-25,,股東常會
1460,2021-06-24,,減資
1460,2021-07-23,,現金增資
1460,2022-04-08,2022-04-13,股東常會
1460,2023-03-29,,股東常會
1460,2024-04-08,,股東常會
1460,2025-03-17,,股東常會
1460,2026-03-20,,股東常會
1463,2018-04-13,2018-04-18,股東常會
1463,2018-07-05,2018-07-10,除息
1463,2019-04-12,2019-04-17,股東常會
1463,2019-07-11,2019-07-16,除息
1463,2020-04-16,2020-04-21,股東常會
1463,2020-07-14,2020-07-17,除息
1463,2021-04-16,2021-04-21,股東常會
1463,2021-09-03,2021-09-08,除息
1463,2022-04-21,2022-04-26,股東常會
1463,2022-07-26,2022-07-29,除息
1463,2023-04-21,2023-04-26,股東常會
1463,2023-07-18,2023-07-21,除息
1463,2024-04-19,2024-04-24,股東常會
1463,2024-08-23,2024-08-28,除息
1463,2025-03-21,2025-03-26,股東常會
1463,2025-10-09,2025-10-15,除息
1463,2026-04-17,2026-04-22,股東常會
1464,2018-04-09,2018-04-12,股東常會
1464,2018-08-03,2018-08-08,除息
1464,2019-04-15,2019-04-18,股東常會
1464,2019-07-03,2019-07-08,除息
1464,2019-07-30,2019-08-02,現金增資
1464,2020-04-01,2020-04-08,股東常會
1464,2020-07-03,2020-07-08,除息
1464,2021-03-31,2021-04-07,股東常會
1464,2021-08-09,2021-08-12,除息
1464,2022-04-11,2022-04-14,股東常會
1464,2022-06-29,2022-07-04,除息
1464,2023-04-07,2023-04-12,股東常會
1464,2023-08-18,2023-08-23,除權息
1464,2024-03-28,2024-04-02,股東常會
1464,2024-06-20,2024-06-25,除息
1464,2025-04-02,2025-04-09,股東常會
1464,2025-07-30,2025-08-04,除權息
1464,2026-04-01,2026-04-08,股東常會
1464,2026-07-14,2026-07-17,除息
1465,2018-04-02,2018-04-10,股東常會
1465,2018-08-06,2018-08-09,除息
1465,2019-04-12,2019-04-17,股東常會
1465,2019-07-17,2019-07-22,除息
1465,2020-04-01,2020-04-08,股東常會
1465,2020-09-01,2020-09-04,除息
1465,2021-04-01,2021-04-08,股東常會
1465,2021-08-26,2021-08-31,除息
1465,2022-03-30,2022-04-06,股東常會
1465,2022-07-13,2022-07-18,除息
1465,2023-03-29,2023-04-06,股東常會
1465,2023-07-20,2023-07-25,除息
1465,2024-03-25,2024-03-28,股東常會
1465,2024-09-04,2024-09-09,除息
1465,2025-03-20,2025-03-25,股東常會
1465,2025-08-15,2025-08-20,除息
1465,2026-03-26,2026-03-31,股東常會
1465,2026-07-28,2026-07-31,除息
1466,2018-04-23,2018-04-26,股東常會
1466,2019-04-22,2019-04-25,股東常會
1466,2020-04-13,2020-04-16,股東常會
1466,2021-04-19,2021-04-22,股東常會
1466,2022-04-22,2022-04-27,股東常會
1466,2022-08-18,2022-08-23,除息
1466,2023-04-10,2023-04-13,股東常會
1466,2024-04-15,2024-04-18,股東常會
1466,2025-04-11,2025-04-16,股東常會
1466,2026-04-10,2026-04-15,股東常會
1466,2026-09-01,2026-09-04,除息
1467,2018-04-20,2018-04-25,股東常會
1467,2019-04-03,2019-04-10,股東常會
1467,2020-04-10,2020-04-15,股東常會
1467,2021-04-16,2021-04-21,股東常會
1467,2021-09-07,2021-09-10,除息
1467,2022-04-08,2022-04-13,股東常會
1467,2023-03-29,2023-04-06,股東常會
1467,2024-04-08,2024-04-11,股東常會
1467,2025-04-07,2025-04-10,股東常會
1467,2026-04-02,2026-04-09,股東常會
1468,2018-04-20,,股東常會
1468,2019-04-22,,股東常會
1468,2020-04-16,,股東常會
1468,2021-04-16,,股東常會
1468,2022-04-08,,股東常會
1468,2023-04-07,,股東常會
1468,2024-04-12,,股東常會
1468,2025-04-10,,股東常會
1468,2026-04-09,,股東常會
1470,2018-04-23,2018-04-26,股東常會
1470,2018-07-26,2018-07-31,除息
1470,2019-04-19,2019-04-24,股東常會
1470,2019-07-26,2019-07-31,除息
1470,2020-04-23,2020-04-28,股東常會
1470,2020-07-24,2020-07-29,除息
1470,2021-04-22,2021-04-27,股東常會
1470,2021-07-23,2021-07-28,除息
1470,2022-04-22,2022-04-27,股東常會
1470,2022-07-22,2022-07-27,除息
1470,2023-04-21,2023-04-26,股東常會
1470,2023-07-21,2023-07-26,除息
1470,2024-04-19,2024-04-24,股東常會
1470,2024-07-09,2024-07-12,除息
1470,2025-04-18,2025-04-23,股東常會
1470,2025-07-09,2025-07-14,除息
1470,2026-04-17,2026-04-22,股東常會
1470,2026-06-25,2026-06-30,除息
1471,2018-01-05,,減資
1471,2018-01-15,,減資
1471,2018-04-20,,股東常會
1471,2019-04-19,,股東常會
1471,2020-04-10,,股東常會
1471,2021-04-16,,股東常會
1471,2022-04-15,,股東常會
1471,2023-04-14,2023-04-19,股東常會
1471,2024-04-12,,股東常會
1471,2025-04-14,,股東常會
1471,2026-04-17,,股東常會
1472,2018-04-23,,股東常會
1472,2019-02-19,,現金增資
1472,2019-04-12,,股東常會
1472,2020-03-25,2020-03-30,股東常會
1472,2021-04-09,,股東常會
1472,2021-10-01,,減資
1472,2022-03-30,,股東常會
1472,2023-04-13,,股東常會
1472,2024-03-21,2024-03-26,股東常會
1472,2024-06-06,2024-06-12,除息
1472,2024-06-24,2024-06-27,現金增資
1472,2025-03-21,2025-03-26,股東常會
1472,2025-07-03,2025-07-08,除息
1472,2026-03-20,2026-03-25,股東常會
1472,2026-06-23,2026-06-26,除息
1473,2018-04-20,2018-04-25,股東常會
1473,2018-07-18,2018-07-23,除息
1473,2019-04-18,2019-04-23,股東常會
1473,2019-07-19,2019-07-24,除息
1473,2020-04-09,2020-04-14,股東常會
1473,2020-08-05,2020-08-10,除息
1473,2021-04-22,2021-04-27,股東常會
1473,2021-09-27,2021-09-30,除息
1473,2022-04-14,2022-04-19,股東常會
1473,2022-07-22,2022-07-27,除息
1473,2023-04-14,2023-04-19,股東常會
1473,2023-07-14,2023-07-19,除息
1473,2024-03-18,2024-03-21,股東常會
1473,2024-06-21,2024-06-26,除息
1473,2025-03-20,2025-03-25,股東常會
1473,2025-06-05,2025-06-10,除息
1473,2026-03-20,2026-03-25,股東常會
1473,2026-06-04,2026-06-09,除息
1474,2018-04-20,2018-04-25,股東常會
1474,2018-07-24,2018-07-27,除息
1474,2019-04-19,2019-04-24,股東常會
1474,2019-08-21,2019-08-26,除息
1474,2020-04-13,2020-04-16,股東常會
1474,2021-04-16,2021-04-21,股東常會
1474,2021-09-30,2021-10-05,除息
1474,2022-04-15,2022-04-20,股東常會
1474,2022-07-26,2022-07-29,除息
1474,2023-04-20,2023-04-25,股東常會
1474,2023-09-01,2023-09-06,除息
1474,2024-04-19,2024-04-24,股東常會
1474,2025-04-18,2025-04-23,股東常會
1474,2025-08-13,2025-08-18,除息
1474,2026-04-17,2026-04-22,股東常會
1474,2026-07-29,2026-08-03,除息
1475,2018-04-20,,股東常會
1475,2019-04-19,,股東常會
1475,2020-04-16,,股東常會
1475,2021-04-09,,現金增資
1475,2021-04-16,,股東常會
1475,2022-04-15,2022-04-20,股東常會
1475,2023-04-14,2023-04-19,股東常會
1475,2023-08-15,2023-08-18,除息
1475,2024-04-19,2024-04-24,股東常會
1475,2024-07-04,2024-07-09,除息
1475,2025-04-18,2025-04-23,股東常會
1475,2025-06-27,2025-07-02,除息
1475,2026-04-09,2026-04-14,除息
1475,2026-04-20,2026-04-23,股東常會
1476,2018-04-03,2018-04-11,股東常會
1476,2018-07-03,2018-07-06,除息
1476,2019-04-12,2019-04-17,股東常會
1476,2019-07-05,2019-07-10,除息
1476,2020-04-10,2020-04-15,股東常會
1476,2020-07-03,2020-07-08,除息
1476,2021-04-12,2021-04-15,股東常會
1476,2021-08-09,2021-08-12,除息
1476,2022-04-08,2022-04-13,股東常會
1476,2022-06-29,2022-07-04,除息
1476,2023-04-07,2023-04-12,股東常會
1476,2023-06-09,2023-06-14,除息
1476,2024-04-03,2024-04-10,股東常會
1476,2025-04-07,2025-04-10,股東常會
1476,2025-07-04,2025-07-09,除息
1476,2026-03-23,2026-03-26,股東常會
1476,2026-06-11,2026-06-16,除息
1477,2018-04-20,2018-04-25,股東常會
1477,2018-07-09,2018-07-12,除息
1477,2019-04-12,2019-04-17,股東常會
1477,2019-07-16,2019-07-19,除權息
1477,2020-04-10,2020-04-15,股東常會
1477,2020-07-01,2020-07-06,除息
1477,2021-01-19,2021-01-22,現金增資
1477,2021-04-12,2021-04-15,除息
1477,2022-04-08,2022-04-13,除息
1477,2023-03-24,2023-03-29,股東常會
1477,2024-03-22,2024-03-27,除息
1477,2024-04-22,2024-04-25,股東常會
1477,2024-09-06,2024-09-11,除權息
1477,2025-03-21,2025-03-26,股東常會
1477,2025-08-11,2025-08-14,除息
1477,2026-03-20,2026-03-25,除息
1477,2026-08-11,2026-08-14,除息
1503,2018-04-03,2018-04-11,股東常會
1503,2018-07-24,2018-07-27,除息
1503,2019-04-12,2019-04-17,股東常會
1503,2019-07-23,2019-07-26,除息
1503,2020-04-13,2020-04-16,股東常會
1503,2020-07-21,2020-07-24,除息
1503,2021-04-12,2021-04-15,股東常會
1503,2021-09-10,2021-09-15,除息
1503,2022-04-18,2022-04-21,股東常會
1503,2022-07-14,2022-07-19,除息
1503,2023-04-14,2023-04-19,股東常會
1503,2023-07-11,2023-07-14,除息
1503,2024-04-12,2024-04-17,股東常會
1503,2024-07-18,2024-07-23,除息
1503,2025-04-07,2025-04-10,股東常會
1503,2025-07-18,2025-07-23,除息
1503,2026-04-10,2026-04-15,股東常會
1503,2026-07-17,2026-07-22,除息
1504,2018-04-09,2018-04-12,股東常會
1504,2018-06-29,2018-07-04,除息
1504,2019-04-08,2019-04-11,股東常會
1504,2019-06-27,2019-07-02,除息
1504,2020-03-05,2020-03-10,股東常會
1504,2020-06-05,2020-06-10,除息
1504,2021-03-19,2021-03-24,股東常會
1504,2021-06-03,2021-06-08,除息
1504,2022-03-14,2022-03-17,股東常會
1504,2022-06-09,2022-06-14,除息
1504,2023-03-17,2023-03-22,股東常會
1504,2023-06-09,2023-06-14,除息
1504,2024-03-18,2024-03-21,股東常會
1504,2024-06-12,2024-06-17,除息
1504,2025-03-26,2025-03-31,股東常會
1504,2025-06-13,2025-06-18,除息
1504,2026-03-20,2026-03-25,股東常會
1504,2026-06-11,2026-06-16,除息
1506,2018-04-23,2018-04-26,股東常會
1506,2019-04-18,,股東常會
1506,2020-03-04,,現金增資
1506,2020-04-23,,股東常會
1506,2021-04-19,,股東常會
1506,2022-04-14,,股東常會
1506,2023-03-29,,股東常會
1506,2024-04-03,,股東常會
1506,2025-04-02,,股東常會
1506,2026-03-20,,股東常會
1512,2018-04-23,,股東常會
1512,2019-04-19,,股東常會
1512,2020-04-23,,股東常會
1512,2021-04-22,,股東常會
1512,2022-04-15,,股東常會
1512,2023-02-22,,減資
1512,2023-04-21,,股東常會
1512,2024-04-18,,股東常會
1512,2025-04-18,,股東常會
1512,2026-04-17,,股東常會
1513,2018-04-23,2018-04-26,股東常會
1513,2018-08-23,2018-08-28,除息
1513,2019-04-19,2019-04-24,股東常會
1513,2019-08-22,2019-08-27,除息
1513,2020-04-16,2020-04-21,股東常會
1513,2020-09-04,2020-09-09,除息
1513,2021-04-22,2021-04-27,股東常會
1513,2021-09-01,2021-09-06,除息
1513,2022-04-22,2022-04-27,股東常會
1513,2022-07-19,2022-07-22,除息
1513,2023-03-17,2023-03-22,股東常會
1513,2023-07-10,2023-07-13,除息
1513,2024-03-21,2024-03-26,股東常會
1513,2024-06-25,2024-06-28,除息
1513,2025-03-17,2025-03-20,股東常會
1513,2025-08-22,2025-08-27,除息
1513,2026-03-19,2026-03-24,股東常會
1513,2026-07-03,2026-07-08,除息
1514,2018-04-20,2018-04-25,股東常會
1514,2018-08-01,2018-08-06,除息
1514,2019-04-12,2019-04-17,股東常會
1514,2019-08-22,2019-08-27,除權息
1514,2020-04-17,2020-04-22,股東常會
1514,2020-08-21,2020-08-26,除權息
1514,2021-04-16,2021-04-21,股東常會
1514,2021-08-24,2021-08-27,除權息
1514,2022-04-15,2022-04-20,股東常會
1514,2022-08-23,2022-08-26,除權息
1514,2023-04-14,2023-04-19,股東常會
1514,2023-08-22,2023-08-25,除權息
1514,2024-04-19,2024-04-24,股東常會
1514,2024-09-03,2024-09-06,除權息
1514,2025-04-02,2025-04-09,股東常會
1514,2025-09-03,2025-09-08,除權息
1514,2026-04-01,2026-04-08,股東常會
1514,2026-07-24,2026-07-29,除權息
1515,2018-03-16,2018-03-21,股東常會
1515,2018-07-06,2018-07-11,除息
1515,2019-03-15,2019-03-20,股東常會
1515,2019-06-21,2019-06-26,除息
1515,2020-04-10,2020-04-15,股東常會
1515,2020-07-08,2020-07-13,除息
1515,2021-03-25,2021-03-30,股東常會
1515,2021-06-04,2021-06-09,除息
1515,2022-03-25,2022-03-30,股東常會
1515,2022-06-02,2022-06-08,除息
1515,2023-03-24,2023-03-29,股東常會
1515,2024-03-22,2024-03-27,股東常會
1515,2024-06-06,2024-06-12,除息
1515,2025-03-14,2025-03-19,股東常會
1515,2025-06-06,2025-06-11,除息
1515,2026-03-13,2026-03-18,股東常會
1515,2026-06-04,2026-06-09,除息
1516,2018-03-28,2018-03-31,股東常會
1516,2018-08-22,2018-08-27,除權
1516,2019-03-27,2019-04-01,股東常會
1516,2019-08-19,2019-08-22,除權
1516,2020-03-25,2020-03-30,股東常會
1516,2020-08-26,2020-08-31,除權息
1516,2021-03-12,2021-03-17,股東常會
1516,2021-08-10,2021-08-13,除權息
1516,2022-03-30,2022-04-06,股東常會
1516,2022-09-21,2022-09-26,除息
1516,2023-03-28,2023-03-31,股東常會
1516,2023-08-16,2023-08-21,除權息
1516,2024-03-28,2024-04-02,股東常會
1516,2024-10-28,2024-10-31,除權
1516,2025-04-07,2025-04-10,股東常會
1516,2026-04-17,,股東常會
1517,2018-04-13,2018-04-18,股東常會
1517,2018-08-31,2018-09-05,除息
1517,2019-04-19,2019-04-24,股東常會
1517,2019-08-26,2019-08-29,除息
1517,2020-04-17,2020-04-22,股東常會
1517,2020-08-28,2020-09-02,除息
1517,2021-04-22,2021-04-27,股東常會
1517,2021-09-13,2021-09-16,除息
1517,2022-04-15,2022-04-20,股東常會
1517,2022-09-14,2022-09-19,除息
1517,2023-04-14,2023-04-19,股東常會
1517,2023-09-07,2023-09-12,除息
1517,2024-04-19,2024-04-24,股東常會
1517,2024-09-09,2024-09-12,除息
1517,2025-04-18,2025-04-23,股東常會
1517,2025-09-08,2025-09-11,除息
1517,2026-04-17,2026-04-22,股東常會
1517,2026-09-10,2026-09-15,除息
1519,2018-04-03,2018-04-11,股東常會
1519,2018-07-13,2018-07-18,除息
1519,2019-04-03,2019-04-10,股東常會
1519,2019-07-12,2019-07-17,除息
1519,2020-04-06,2020-04-09,股東常會
1519,2020-07-24,2020-07-29,除息
1519,2021-04-01,2021-04-08,股東常會
1519,2021-07-26,2021-07-29,除息
1519,2022-04-08,2022-04-13,股東常會
1519,2022-07-25,2022-07-28,除息
1519,2023-04-07,2023-04-12,股東常會
1519,2023-07-21,2023-07-26,除息
1519,2024-04-03,2024-04-10,股東常會
1519,2024-07-19,2024-07-24,除權息
1519,2025-04-07,2025-04-10,股東常會
1519,2025-07-21,2025-07-24,除權息
1519,2026-04-02,2026-04-09,股東常會
1519,2026-07-30,2026-08-04,除權息
1521,2018-04-02,2018-04-10,股東常會
1521,2018-06-29,2018-07-04,除息
1521,2019-04-12,2019-04-17,股東常會
1521,2019-06-28,2019-07-03,除息
1521,2020-04-06,2020-04-09,股東常會
1521,2020-07-03,2020-07-08,除息
1521,2021-04-16,2021-04-21,股東常會
1521,2021-08-13,2021-08-18,除息
1521,2022-04-15,2022-04-20,股東常會
1521,2022-06-30,2022-07-05,除息
1521,2023-04-07,2023-04-12,股東常會
1521,2023-07-21,2023-07-26,除息
1521,2024-04-03,2024-04-10,股東常會
1521,2024-06-25,2024-06-28,除息
1521,2025-04-02,2025-04-09,股東常會
1521,2025-06-23,2025-06-26,除息
1521,2026-04-01,2026-04-08,股東常會
1521,2026-06-24,2026-06-29,除息
1522,2018-04-13,2018-04-18,股東常會
1522,2018-07-20,2018-07-25,除息
1522,2019-04-15,2019-04-18,股東常會
1522,2019-07-19,2019-07-24,除息
1522,2020-04-13,2020-04-16,股東常會
1522,2020-07-17,2020-07-22,除息
1522,2021-04-16,2021-04-21,股東常會
1522,2021-06-17,2021-06-22,其它利益
1522,2021-08-13,2021-08-18,除息
1522,2022-04-15,2022-04-20,股東常會
1522,2022-07-08,2022-07-13,除息
1522,2023-04-07,2023-04-12,股東常會
1522,2023-07-14,2023-07-19,除息
1522,2024-04-12,2024-04-17,股東常會
1522,2024-07-12,2024-07-17,除息
1522,2025-04-11,2025-04-16,股東常會
1522,2025-07-11,2025-07-16,除息
1522,2026-04-10,2026-04-15,股東常會
1522,2026-07-10,2026-07-15,除息
1524,2018-04-03,2018-04-11,股東常會
1524,2018-07-11,2018-07-16,除息
1524,2019-04-03,2019-04-10,股東常會
1524,2019-07-10,2019-07-15,除息
1524,2020-04-01,2020-04-08,除息
1524,2020-10-16,2020-10-21,減資
1524,2021-03-31,2021-04-07,除息
1524,2022-04-08,2022-04-13,除息
1524,2023-04-07,2023-04-12,股東常會
1524,2024-04-03,2024-04-10,股東常會
1524,2025-04-11,2025-04-16,股東常會
1524,2026-04-10,2026-04-15,除息
1525,2018-04-13,2018-04-18,股東常會
1525,2018-07-25,2018-07-30,除息
1525,2019-04-12,2019-04-17,股東常會
1525,2019-07-25,2019-07-30,除息
1525,2020-04-10,2020-04-15,股東常會
1525,2020-07-24,2020-07-29,除息
1525,2021-04-16,2021-04-21,股東常會
1525,2021-08-25,2021-08-30,除息
1525,2022-04-15,2022-04-20,股東常會
1525,2022-07-22,2022-07-27,除息
1525,2023-04-07,2023-04-12,股東常會
1525,2023-07-13,2023-07-18,除息
1525,2024-03-22,2024-03-27,股東常會
1525,2024-06-21,2024-06-26,除息
1525,2025-03-20,2025-03-25,股東常會
1525,2025-06-20,2025-06-25,除息
1525,2026-03-20,2026-03-25,股東常會
1525,2026-06-18,2026-06-24,除息
1526,2018-04-20,2018-04-25,股東常會
1526,2018-08-24,2018-08-29,除息
1526,2018-10-19,2018-10-24,現金增資
1526,2019-04-22,2019-04-25,股東常會
1526,2019-08-23,2019-08-28,除息
1526,2020-04-09,2020-04-14,股東常會
1526,2020-08-20,2020-08-25,除息
1526,2021-04-22,2021-04-27,股東常會
1526,2021-09-23,2021-09-28,除息
1526,2022-04-11,2022-04-14,股東常會
1526,2022-07-07,2022-07-12,除息
1526,2022-11-15,2022-11-18,除息
1526,2023-04-13,2023-04-18,股東常會
1526,2023-06-13,2023-06-16,除息
1526,2023-11-23,2023-11-28,除息
1526,2024-04-12,2024-04-17,股東常會
1526,2025-04-11,2025-04-16,股東常會
1526,2026-04-17,2026-04-22,股東常會
1527,2018-04-20,2018-04-25,股東常會
1527,2018-08-27,2018-08-30,除息
1527,2019-04-19,2019-04-24,股東常會
1527,2019-08-22,2019-08-27,除息
1527,2020-04-23,2020-04-28,股東常會
1527,2020-08-24,2020-08-27,除息
1527,2021-04-22,2021-04-27,股東常會
1527,2021-09-08,2021-09-13,除息
1527,2022-03-25,2022-03-30,股東常會
1527,2022-08-18,2022-08-23,除息
1527,2023-03-29,2023-04-06,股東常會
1527,2023-08-18,2023-08-23,除息
1527,2024-04-22,2024-04-25,股東常會
1527,2024-07-23,2024-07-26,除息
1527,2025-04-11,2025-04-16,股東常會
1527,2025-07-29,2025-08-01,除息
1527,2026-04-09,2026-04-14,股東常會
1527,2026-07-28,2026-07-31,除息
1528,2018-03-23,2018-03-28,股東常會
1528,2018-06-20,2018-06-25,其它利益
1528,2018-07-24,2018-07-27,現金增資
1528,2018-08-08,2018-08-13,除息
1528,2019-03-22,2019-03-27,股東常會
1528,2019-06-11,2019-06-14,其它利益
1528,2019-07-19,2019-07-24,除息
1528,2020-03-20,2020-03-25,股東常會
1528,2020-09-21,2020-09-24,除息
1528,2021-03-19,2021-03-24,股東常會
1528,2021-08-20,2021-08-25,除息
1528,2022-03-24,2022-03-29,股東常會
1528,2022-08-19,2022-08-24,除息
1528,2023-03-23,2023-03-28,股東常會
1528,2023-08-21,2023-08-24,除息
1528,2024-03-22,2024-03-27,股東常會
1528,2024-08-20,2024-08-23,除息
1528,2025-03-20,2025-03-25,股東常會
1528,2025-09-15,2025-09-18,除息
1528,2026-03-16,2026-03-19,股東常會
1529,2018-03-28,,股東常會
1529,2018-12-07,,減資
1529,2019-03-22,,股東常會
1529,2019-06-28,2019-07-03,現金增資
1529,2020-04-23,2020-04-28,股東常會
1529,2020-07-17,2020-07-22,除息
1529,2021-02-26,2021-03-04,股東常會
1529,2021-07-09,2021-07-14,現金增資
1529,2022-04-15,2022-04-20,股東常會
1529,2022-09-01,2022-09-06,除權息
1529,2023-03-17,2023-03-22,股東常會
1529,2023-07-21,2023-07-26,除權息
1529,2024-03-08,2024-03-13,股東常會
1529,2024-07-19,2024-07-24,除權息
1529,2025-03-17,2025-03-20,股東常會
1529,2025-08-20,2025-08-25,除息
1529,2026-03-16,2026-03-19,股東常會
1529,2026-07-15,2026-07-20,除權息
1530,2018-04-03,2018-04-11,股東常會
1530,2018-07-27,2018-08-01,除息
1530,2019-04-03,2019-04-10,股東常會
1530,2019-07-26,2019-07-31,除息
1530,2020-04-01,2020-04-08,股東常會
1530,2020-07-29,2020-08-03,除息
1530,2021-04-01,2021-04-08,股東常會
1530,2021-08-30,2021-09-02,除息
1530,2022-04-08,2022-04-13,股東常會
1530,2022-07-29,2022-08-03,除息
1530,2023-03-28,2023-03-31,股東常會
1530,2023-07-21,2023-07-26,除息
1530,2024-04-12,2024-04-17,股東常會
1530,2024-08-02,2024-08-07,除息
1530,2025-03-21,2025-03-26,股東常會
1530,2025-06-26,2025-07-01,除息
1530,2026-03-20,2026-03-25,股東常會
1530,2026-07-21,2026-07-24,除權息
1531,2018-04-16,2018-04-19,股東常會
1531,2018-08-23,2018-08-28,除息
1531,2019-04-15,2019-04-18,股東常會
1531,2019-07-05,2019-07-10,除息
1531,2020-04-17,2020-04-22,股東常會
1531,2020-07-21,2020-07-24,除息
1531,2021-04-19,2021-04-22,股東常會
1531,2021-09-09,2021-09-14,除息
1531,2022-04-18,2022-04-21,股東常會
1531,2022-08-23,2022-08-26,除息
1531,2023-04-21,2023-04-26,股東常會
1531,2023-08-25,2023-08-30,除息
1531,2024-04-15,2024-04-18,股東常會
1531,2024-07-26,2024-07-31,除息
1531,2025-04-18,2025-04-23,股東常會
1531,2025-07-08,2025-07-11,除息
1531,2026-04-20,2026-04-23,股東常會
1531,2026-08-25,2026-08-28,除息
1532,2018-04-13,2018-04-18,股東常會
1532,2018-07-11,2018-07-16,除息
1532,2019-04-18,2019-04-23,股東常會
1532,2019-07-10,2019-07-15,除息
1532,2020-04-16,2020-04-21,股東常會
1532,2020-08-06,2020-08-11,除息
1532,2021-04-19,2021-04-22,股東常會
1532,2021-07-06,2021-07-09,除息
1532,2022-04-18,2022-04-21,股東常會
1532,2022-07-08,2022-07-13,除息
1532,2023-04-07,2023-04-12,股東常會
1532,2023-07-11,2023-07-14,除息
1532,2024-04-19,2024-04-24,股東常會
1532,2024-08-23,2024-08-28,除息
1532,2025-04-11,2025-04-16,股東常會
1532,2025-07-16,2025-07-21,除息
1532,2026-04-17,2026-04-22,股東常會
1532,2026-07-27,2026-07-30,除息
1533,2018-04-09,2018-04-12,股東常會
1533,2018-08-21,2018-08-24,除息
1533,2019-04-03,2019-04-10,股東常會
1533,2019-08-20,2019-08-23,除息
1533,2020-04-17,2020-04-22,股東常會
1533,2020-08-21,2020-08-26,除息
1533,2021-04-09,2021-04-14,股東常會
1533,2022-04-08,2022-04-13,股東常會
1533,2022-08-30,2022-09-02,除息
1533,2023-04-07,2023-04-12,股東常會
1533,2024-04-12,2024-04-17,股東常會
1533,2025-04-11,2025-04-16,股東常會
1533,2026-04-17,2026-04-22,股東常會
1535,2018-04-16,2018-04-19,股東常會
1535,2018-07-06,2018-07-11,除息
1535,2019-04-19,2019-04-24,股東常會
1535,2019-07-12,2019-07-17,除息
1535,2020-04-17,2020-04-22,股東常會
1535,2020-07-10,2020-07-15,除息
1535,2021-04-16,2021-04-21,股東常會
1535,2021-09-08,2021-09-13,除息
1535,2022-04-15,2022-04-20,股東常會
1535,2022-07-13,2022-07-18,除息
1535,2023-04-14,2023-04-19,股東常會
1535,2023-07-13,2023-07-18,除息
1535,2024-04-19,2024-04-24,股東常會
1535,2024-07-15,2024-07-18,除息
1535,2025-04-18,2025-04-23,股東常會
1535,2025-07-15,2025-07-18,除息
1535,2026-03-20,2026-03-25,股東常會
1535,2026-07-15,2026-07-20,除息
1536,2018-04-03,2018-04-11,股東常會
1536,2018-06-28,2018-07-03,除息
1536,2019-04-03,2019-04-10,股東常會
1536,2019-06-28,2019-07-03,除息
1536,2020-04-01,2020-04-08,股東常會
1536,2020-06-19,2020-06-24,除息
1536,2020-12-08,2020-12-11,現金增資
1536,2021-03-31,2021-04-07,股東常會
1536,2021-07-29,2021-08-03,除息
1536,2022-03-30,2022-04-06,股東常會
1536,2022-06-22,2022-06-27,除息
1536,2023-04-07,2023-04-12,股東常會
1536,2023-06-27,2023-06-30,除息
1536,2024-04-03,2024-04-10,股東常會
1536,2024-06-25,2024-06-28,除息
1536,2025-04-02,2025-04-09,除息
1536,2026-03-23,2026-03-26,股東常會
1537,2018-04-02,2018-04-10,股東常會
1537,2018-08-15,2018-08-20,除息
1537,2019-04-03,2019-04-10,股東常會
1537,2019-08-07,2019-08-12,除息
1537,2020-04-01,2020-04-08,股東常會
1537,2020-08-06,2020-08-11,除息
1537,2021-04-09,2021-04-14,股東常會
1537,2021-08-06,2021-08-11,除息
1537,2022-04-11,2022-04-14,股東常會
1537,2022-08-11,2022-08-16,除息
1537,2023-04-07,2023-04-12,股東常會
1537,2023-08-17,2023-08-22,除息
1537,2024-04-12,2024-04-17,股東常會
1537,2024-08-15,2024-08-20,除息
1537,2025-04-11,2025-04-16,股東常會
1537,2025-08-13,2025-08-18,除息
1537,2026-04-10,2026-04-15,股東常會
1537,2026-08-13,2026-08-18,除息
1538,2018-02-07,,股東常會
1538,2018-08-29,,減資
1538,2019-04-12,,股東常會
1538,2020-04-10,,股東常會
1538,2020-11-03,,減資
1538,2021-04-16,,股東常會
1538,2022-04-22,,股東常會
1538,2023-04-20,,股東常會
1538,2023-11-24,,減資
1538,2024-04-22,,股東常會
1538,2024-12-13,,減資
1538,2025-04-18,,股東常會
1538,2026-04-23,,股東常會
1539,2018-04-23,2018-04-26,股東常會
1539,2018-08-27,2018-08-30,除息
1539,2019-04-12,2019-04-17,股東常會
1539,2019-08-26,2019-08-29,除息
1539,2020-04-13,2020-04-16,股東常會
1539,2020-08-27,2020-09-01,除息
1539,2021-04-12,2021-04-15,股東常會
1539,2022-04-15,2022-04-20,股東常會
1539,2022-08-23,2022-08-26,除息
1539,2023-04-07,2023-04-12,股東常會
1539,2023-08-22,2023-08-25,除息
1539,2024-04-12,2024-04-17,股東常會
1539,2024-08-20,2024-08-23,除息
1539,2025-04-11,2025-04-16,股東常會
1539,2025-08-19,2025-08-22,除息
1539,2026-04-10,2026-04-15,股東常會
1540,2018-04-20,2018-04-25,股東常會
1540,2018-07-18,2018-07-23,除息
1540,2019-04-22,2019-04-25,股東常會
1540,2019-07-18,2019-07-23,除息
1540,2020-04-17,2020-04-22,股東常會
1540,2020-07-16,2020-07-21,除息
1540,2021-04-22,2021-04-27,股東常會
1540,2021-07-23,2021-07-28,除息
1540,2022-04-22,2022-04-27,股東常會
1540,2022-07-27,2022-08-01,除息
1540,2023-04-21,2023-04-26,股東常會
1540,2023-07-20,2023-07-25,除息
1540,2024-04-19,2024-04-24,股東常會
1540,2024-07-24,2024-07-29,除息
1540,2025-04-21,2025-04-24,股東常會
1540,2025-07-09,2025-07-14,除息
1540,2026-04-23,2026-04-28,股東常會
1540,2026-07-23,2026-07-28,除息
1541,2018-04-23,2018-04-26,股東常會
1541,2018-08-20,2018-08-23,除息
1541,2019-04-22,2019-04-25,股東常會
1541,2019-08-20,2019-08-23,除息
1541,2020-04-23,2020-04-28,股東常會
1541,2021-04-19,2021-04-22,股東常會
1541,2021-10-04,2021-10-07,除息
1541,2022-04-21,2022-04-26,股東常會
1541,2022-08-19,2022-08-24,除息
1541,2023-04-13,2023-04-18,股東常會
1541,2023-08-18,2023-08-23,除息
1541,2024-04-15,2024-04-18,股東常會
1541,2024-08-21,2024-08-26,除息
1541,2025-03-27,2025-04-01,股東常會
1541,2025-08-21,2025-08-26,除息
1541,2026-04-16,2026-04-21,股東常會
1558,2018-04-03,2018-04-11,股東常會
1558,2018-07-03,2018-07-06,除息
1558,2019-04-08,2019-04-11,股東常會
1558,2019-06-28,2019-07-03,除息
1558,2020-04-06,2020-04-09,股東常會
1558,2020-06-23,2020-06-30,除息
1558,2021-04-01,2021-04-08,股東常會
1558,2021-08-16,2021-08-19,除息
1558,2022-04-08,2022-04-13,股東常會
1558,2022-07-22,2022-07-27,除息
1558,2022-10-19,2022-10-24,現金增資
1558,2023-04-14,2023-04-19,股東常會
1558,2023-07-17,2023-07-20,除息
1558,2024-04-15,2024-04-18,股東常會
1558,2024-07-26,2024-07-31,除息
1558,2025-04-07,2025-04-10,股東常會
1558,2025-07-21,2025-07-24,除息
1558,2026-03-19,2026-03-24,股東常會
1558,2026-07-17,2026-07-22,除息
1560,2018-04-09,2018-04-12,股東常會
1560,2018-06-27,2018-07-02,除息
1560,2019-04-03,2019-04-10,股東常會
1560,2019-06-27,2019-07-02,除息
1560,2020-04-09,2020-04-14,股東常會
1560,2020-06-30,2020-07-03,除息
1560,2021-04-16,2021-04-21,股東常會
1560,2021-07-22,2021-07-27,除息
1560,2022-04-15,2022-04-20,股東常會
1560,2022-07-08,2022-07-13,除息
1560,2023-04-14,2023-04-19,股東常會
1560,2023-07-07,2023-07-12,除息
1560,2024-04-18,2024-04-23,股東常會
1560,2024-07-05,2024-07-10,除息
1560,2025-04-11,2025-04-16,股東常會
1560,2025-07-15,2025-07-18,除息
1560,2026-04-17,2026-04-22,股東常會
1560,2026-07-10,2026-07-15,除息
1563,2025-03-14,2025-03-19,股東常會
1563,2025-08-06,2025-08-11,除息
1563,2026-03-13,2026-03-18,股東常會
1563,2026-07-09,2026-07-14,除息
1563,2026-08-21,2026-08-26,減資
1568,2018-04-03,2018-04-11,股東常會
1568,2018-06-25,2018-06-28,除息
1568,2019-04-12,2019-04-17,股東常會
1568,2019-06-28,2019-07-03,除息
1568,2020-04-09,2020-04-14,股東常會
1568,2020-07-06,2020-07-09,除息
1568,2021-04-01,2021-04-08,股東常會
1568,2021-07-06,2021-07-09,除息
1568,2022-03-30,2022-04-06,股東常會
1568,2022-06-02,2022-06-08,除息
1568,2023-03-24,2023-03-29,股東常會
1568,2023-05-24,2023-05-29,除息
1568,2024-03-18,2024-03-21,股東常會
1568,2024-05-21,2024-05-24,除息
1568,2025-03-21,2025-03-26,股東常會
1568,2025-05-22,2025-05-27,除息
1568,2026-03-20,2026-03-25,股東常會
1568,2026-05-21,2026-05-26,除息
1582,2018-04-23,2018-04-26,股東常會
1582,2018-07-11,2018-07-16,除息
1582,2018-10-19,2018-10-24,減資
1582,2019-04-12,2019-04-17,股東常會
1582,2019-07-02,2019-07-05,除息
1582,2020-04-10,2020-04-15,股東常會
1582,2020-07-09,2020-07-14,除息
1582,2021-04-16,2021-04-21,股東常會
1582,2021-08-11,2021-08-16,除息
1582,2022-03-31,2022-04-07,股東常會
1582,2022-07-04,2022-07-07,除息
1582,2023-04-10,2023-04-13,股東常會
1582,2023-07-12,2023-07-17,除息
1582,2024-04-15,2024-04-18,股東常會
1582,2024-07-15,2024-07-18,除息
1582,2025-03-21,2025-03-26,股東常會
1582,2025-06-10,2025-06-13,除息
1582,2026-03-23,2026-03-26,股東常會
1582,2026-06-10,2026-06-15,除息
1583,2018-04-03,2018-04-11,股東常會
1583,2018-08-30,2018-09-04,除息
1583,2019-04-08,2019-04-11,股東常會
1583,2019-08-27,2019-08-30,除息
1583,2020-04-06,2020-04-09,股東常會
1583,2020-08-07,2020-08-12,除息
1583,2021-04-09,2021-04-14,股東常會
1583,2021-08-06,2021-08-11,除息
1583,2022-04-11,2022-04-14,股東常會
1583,2022-08-05,2022-08-10,除息
1583,2023-03-29,2023-04-06,股東常會
1583,2023-08-04,2023-08-09,除息
1583,2024-04-12,2024-04-17,股東常會
1583,2024-08-09,2024-08-14,除息
1583,2025-03-21,2025-03-26,股東常會
1583,2025-07-02,2025-07-07,除息
1583,2026-03-23,2026-03-26,股東常會
1583,2026-08-20,2026-08-25,除權息
1587,2019-04-08,2019-04-11,股東常會
1587,2019-08-20,2019-08-23,除權息
1587,2020-03-20,2020-03-25,股東常會
1587,2020-06-08,2020-06-11,除息
1587,2021-03-22,2021-03-25,股東常會
1587,2021-08-27,2021-09-01,除權息
1587,2022-03-21,2022-03-24,股東常會
1587,2022-06-30,2022-07-05,除息
1587,2023-03-24,2023-03-29,股東常會
1587,2023-05-29,2023-06-01,除息
1587,2024-03-22,2024-03-27,股東常會
1587,2024-05-27,2024-05-30,除息
1587,2024-08-21,2024-08-26,除權
1587,2024-10-31,2024-11-05,現金增資
1587,2025-03-26,2025-03-31,股東常會
1587,2025-06-02,2025-06-05,除息
1587,2026-03-26,2026-03-31,股東常會
1589,2018-03-28,2018-03-31,股東常會
1589,2018-07-04,2018-07-09,除息
1589,2019-04-12,2019-04-17,股東常會
1589,2020-04-13,2020-04-16,股東常會
1589,2020-07-14,2020-07-17,除息
1589,2020-09-16,2020-09-21,現金增資
1589,2021-04-09,2021-04-14,股東常會
1589,2021-08-23,2021-08-26,除息
1589,2022-04-11,2022-04-14,股東常會
1589,2022-07-29,2022-08-03,除息
1589,2023-04-10,2023-04-13,股東常會
1589,2024-03-25,2024-03-28,股東常會
1589,2024-09-25,2024-09-30,現金增資
1589,2025-03-21,2025-03-26,股東常會
1589,2025-10-16,2025-10-21,現金增資
1589,2026-04-23,,股東常會
1590,2018-04-02,2018-04-10,股東常會
1590,2018-08-24,2018-08-29,除息
1590,2019-04-15,2019-04-18,股東常會
1590,2019-08-28,2019-09-02,除息
1590,2020-04-17,2020-04-22,股東常會
1590,2020-08-28,2020-09-02,除息
1590,2021-03-22,2021-03-25,股東常會
1590,2021-06-09,2021-06-15,除息
1590,2021-09-15,2021-09-22,現金增資
1590,2022-04-08,2022-04-13,股東常會
1590,2022-09-01,2022-09-06,除息
1590,2023-04-14,2023-04-19,股東常會
1590,2023-09-20,2023-09-25,除息
1590,2024-03-22,2024-03-27,股東常會
1590,2024-09-20,2024-09-25,除息
1590,2025-03-14,2025-03-19,股東常會
1590,2025-09-17,2025-09-22,除息
1590,2026-03-06,2026-03-11,股東常會
1590,2026-07-17,2026-07-22,除息
1597,2018-03-22,2018-03-27,股東常會
1597,2018-07-24,2018-07-27,除權、息
1597,2019-04-03,2019-04-10,股東常會
1597,2019-08-20,2019-08-23,除權、息
1597,2020-03-31,2020-04-07,股東常會
1597,2020-08-18,2020-08-21,除息
1597,2021-03-22,2021-03-25,股東常會
1597,2021-06-01,2021-06-04,除息
1597,2022-03-21,2022-03-24,股東常會
1597,2022-06-08,2022-06-13,除息
1597,2022-08-23,2022-08-26,除權
1597,2023-03-20,2023-03-23,股東常會
1597,2023-08-15,2023-08-18,除息
1597,2024-03-22,2024-03-27,股東常會
1597,2024-08-16,2024-08-21,除息
1597,2025-03-21,2025-03-26,股東常會
1597,2025-08-15,2025-08-20,除息
1597,2026-03-20,2026-03-25,股東常會
1597,2026-08-14,2026-08-19,除息
1598,2018-03-26,2018-03-29,股東常會
1598,2018-06-22,2018-06-27,除息
1598,2018-09-17,2018-09-20,現金增資
1598,2019-03-22,2019-03-27,股東常會
1598,2019-07-25,2019-07-30,除權息
1598,2019-11-28,2019-12-03,現金增資
1598,2020-03-20,2020-03-25,股東常會
1598,2020-07-07,2020-07-10,除息
1598,2021-03-22,2021-03-25,股東常會
1598,2021-06-21,2021-06-24,除息
1598,2022-03-21,2022-03-24,股東常會
1598,2022-06-21,2022-06-24,除息
1598,2023-03-20,2023-03-23,股東常會
1598,2023-05-22,2023-05-25,除息
1598,2024-03-21,2024-03-26,股東常會
1598,2024-07-12,2024-07-17,除權
1598,2025-02-27,2025-03-05,現金增資
1598,2025-03-21,2025-03-26,股東常會
1598,2025-05-26,2025-05-29,除息
1598,2026-03-19,2026-03-24,股東常會
1598,2026-06-24,2026-06-29,除息
1603,2018-04-23,2018-04-26,股東常會
1603,2018-08-22,2018-08-27,除息
1603,2019-04-19,,股東常會
1603,2019-10-09,2019-10-16,除息
1603,2020-04-17,2020-04-22,股東常會
1603,2020-08-25,2020-08-28,除息
1603,2021-04-19,2021-04-22,股東常會
1603,2021-08-24,2021-08-27,除息
1603,2022-04-18,2022-04-21,股東常會
1603,2022-08-23,2022-08-26,除息
1603,2023-04-21,2023-04-26,股東常會
1603,2023-08-22,2023-08-25,除息
1603,2024-04-15,2024-04-18,股東常會
1603,2024-08-22,2024-08-27,除息
1603,2025-04-18,2025-04-23,股東常會
1603,2025-08-22,2025-08-27,除息
1603,2026-04-17,2026-04-22,股東常會
1603,2026-07-08,2026-07-13,除息
1604,2018-04-02,2018-04-10,股東常會
1604,2018-08-16,2018-08-21,除息
1604,2018-11-28,2018-12-03,減資
1604,2019-04-12,2019-04-17,股東常會
1604,2019-07-29,2019-08-01,除息
1604,2020-04-06,2020-04-09,股東常會
1604,2020-06-23,2020-06-30,除息
1604,2021-04-09,2021-04-14,股東常會
1604,2021-09-09,2021-09-14,除息
1604,2022-04-11,2022-04-14,股東常會
1604,2022-06-29,2022-07-04,除息
1604,2023-04-21,2023-04-26,股東常會
1604,2024-04-03,2024-04-10,股東常會
1604,2025-04-07,2025-04-10,除息
1604,2026-04-10,2026-04-15,除息
1605,2018-03-19,2018-03-22,股東常會
1605,2018-06-11,2018-06-14,除息
1605,2019-03-18,2019-03-21,股東常會
1605,2019-06-12,2019-06-17,除息
1605,2020-03-23,2020-03-26,股東常會
1605,2020-06-17,2020-06-22,除息
1605,2021-03-22,2021-03-25,股東常會
1605,2021-07-27,2021-07-30,除息
1605,2022-03-07,2022-03-10,股東常會
1605,2022-06-15,2022-06-20,現金增資
1605,2023-03-13,2023-03-16,股東常會
1605,2023-05-31,2023-06-05,除息
1605,2024-03-11,2024-03-14,股東常會
1605,2024-06-14,2024-06-19,除息
1605,2025-03-10,2025-03-13,股東常會
1605,2025-05-28,2025-06-03,現金增資
1605,2026-03-16,2026-03-19,股東常會
1605,2026-06-05,2026-06-10,除息
1608,2018-04-03,2018-04-11,股東常會
1608,2018-06-29,2018-07-04,除息
1608,2019-04-03,2019-04-10,股東常會
1608,2020-04-10,2020-04-15,股東常會
1608,2020-07-02,2020-07-07,除息
1608,2021-04-12,2021-04-15,股東常會
1608,2021-09-03,2021-09-08,除息
1608,2022-04-08,2022-04-13,股東常會
1608,2022-07-01,2022-07-06,除息
1608,2023-04-14,2023-04-19,股東常會
1608,2023-07-06,2023-07-11,除息
1608,2024-04-03,2024-04-10,股東常會
1608,2024-07-04,2024-07-09,除息
1608,2025-04-11,2025-04-16,股東常會
1608,2025-07-09,2025-07-14,除息
1608,2026-04-10,2026-04-15,股東常會
1608,2026-07-16,2026-07-21,除息
1609,2018-03-28,2018-03-31,股東常會
1609,2018-07-16,2018-07-19,除息
1609,2019-04-03,2019-04-10,股東常會
1609,2019-07-30,2019-08-02,除息
1609,2019-08-19,2019-08-22,除權
1609,2020-04-01,2020-04-08,股東常會
1609,2020-07-10,2020-07-15,除息
1609,2021-03-31,2021-04-07,股東常會
1609,2021-10-06,2021-10-12,現金增資
1609,2022-03-31,2022-04-07,股東常會
1609,2022-08-23,2022-08-26,除權息
1609,2023-03-24,2023-03-29,股東常會
1609,2023-07-25,2023-07-28,除權息
1609,2024-03-25,2024-03-28,股東常會
1609,2024-08-12,2024-08-15,除權息
1609,2025-03-17,2025-03-20,股東常會
1609,2025-07-08,2025-07-11,除權息
1609,2026-03-16,2026-03-19,股東常會
1609,2026-06-16,2026-06-22,除息
1611,2018-04-13,2018-04-18,股東常會
1611,2018-07-06,2018-07-11,除息
1611,2019-04-12,2019-04-17,股東常會
1611,2019-07-08,2019-07-11,除息
1611,2019-12-06,2019-12-11,減資
1611,2020-03-20,2020-03-25,股東常會
1611,2020-06-09,2020-06-12,除息
1611,2020-09-04,2020-09-09,減資
1611,2021-03-19,2021-03-24,股東常會
1611,2021-09-09,2021-09-14,除息
1611,2022-03-25,2022-03-30,股東常會
1611,2022-07-15,2022-07-20,除息
1611,2023-03-23,2023-03-28,股東常會
1611,2023-06-13,2023-06-16,除息
1611,2024-03-22,2024-03-27,股東常會
1611,2024-06-03,2024-06-06,除息
1611,2025-03-20,2025-03-25,股東常會
1611,2026-03-20,2026-03-25,除息
1612,2018-04-03,2018-04-11,股東常會
1612,2018-06-29,2018-07-04,除息
1612,2019-04-03,2019-04-10,股東常會
1612,2019-07-03,2019-07-08,除息
1612,2020-04-01,2020-04-08,股東常會
1612,2020-06-29,2020-07-02,除息
1612,2021-04-09,2021-04-14,股東常會
1612,2021-06-30,2021-07-05,除息
1612,2022-04-15,2022-04-20,股東常會
1612,2022-07-04,2022-07-07,除息
1612,2023-04-07,2023-04-12,股東常會
1612,2023-07-04,2023-07-07,除息
1612,2024-04-03,2024-04-10,股東常會
1612,2024-06-26,2024-07-01,除息
1612,2025-04-11,2025-04-16,股東常會
1612,2025-07-03,2025-07-08,除息
1612,2026-04-01,2026-04-08,股東常會
1612,2026-06-26,2026-07-01,除息
1614,2018-04-03,2018-04-11,股東常會
1614,2018-07-09,2018-07-12,除息
1614,2019-04-03,2019-04-10,股東常會
1614,2019-07-09,2019-07-12,除息
1614,2020-04-10,2020-04-15,股東常會
1614,2020-07-10,2020-07-15,除息
1614,2021-04-09,2021-04-14,股東常會
1614,2021-07-02,2021-07-07,除息
1614,2022-04-08,2022-04-13,股東常會
1614,2022-07-01,2022-07-06,除息
1614,2023-04-07,2023-04-12,股東常會
1614,2023-07-07,2023-07-12,除息
1614,2024-04-03,2024-04-10,股東常會
1614,2024-07-03,2024-07-08,除息
1614,2025-04-11,2025-04-16,股東常會
1614,2025-07-09,2025-07-14,除息
1614,2026-04-10,2026-04-15,股東常會
1614,2026-07-10,2026-07-15,除息
1615,2018-04-13,2018-04-18,股東常會
1615,2018-06-28,2018-07-03,除息
1615,2019-04-12,2019-04-17,股東常會
1615,2019-07-03,2019-07-08,除息
1615,2020-04-01,2020-04-08,股東常會
1615,2020-07-14,2020-07-17,除權息
1615,2021-04-15,2021-04-20,股東常會
1615,2021-06-18,2021-06-23,除息
1615,2021-08-05,2021-08-10,除權
1615,2022-04-21,2022-04-26,股東常會
1615,2022-07-13,2022-07-18,除息
1615,2022-09-07,2022-09-13,除權
1615,2023-04-20,2023-04-25,股東常會
1615,2023-07-13,2023-07-18,除息
1615,2023-08-21,2023-08-24,除權
1615,2024-04-19,2024-04-24,股東常會
1615,2024-08-20,2024-08-23,除權息
1615,2025-04-02,2025-04-09,股東常會
1615,2025-08-11,2025-08-14,除權息
1615,2026-04-09,2026-04-14,股東常會
1615,2026-07-15,2026-07-20,除權息
1616,2018-03-28,,股東常會
1616,2019-04-11,,股東常會
1616,2020-04-09,,股東常會
1616,2021-03-30,,股東常會
1616,2022-04-08,,股東常會
1616,2023-04-06,,股東常會
1616,2024-04-18,,股東常會
1616,2024-08-22,2024-08-27,除息
1616,2025-04-10,2025-04-15,股東常會
1616,2025-07-03,2025-07-08,除息
1616,2026-04-09,2026-04-14,股東常會
1616,2026-07-03,2026-07-08,除息
1617,2018-04-20,2018-04-25,股東常會
1617,2018-07-20,2018-07-25,除息
1617,2019-04-12,2019-04-17,股東常會
1617,2019-08-20,2019-08-23,除息
1617,2020-04-10,2020-04-15,股東常會
1617,2020-07-24,2020-07-29,除息
1617,2021-04-09,2021-04-14,股東常會
1617,2021-09-10,2021-09-15,除息
1617,2022-04-08,2022-04-13,現金增資
1617,2022-07-22,2022-07-27,除息
1617,2023-04-06,2023-04-11,股東常會
1617,2023-07-21,2023-07-26,除息
1617,2024-04-03,2024-04-10,股東常會
1617,2024-07-24,2024-07-29,除息
1617,2025-04-11,2025-04-16,股東常會
1617,2025-07-18,2025-07-23,除息
1617,2026-04-10,2026-04-15,股東常會
1617,2026-07-20,2026-07-23,除息
1618,2018-04-23,2018-04-26,股東常會
1618,2018-07-11,2018-07-16,除息
1618,2019-04-18,2019-04-23,股東常會
1618,2019-07-04,2019-07-09,除息
1618,2020-04-23,2020-04-28,股東常會
1618,2020-07-09,2020-07-14,除息
1618,2021-04-22,2021-04-27,股東常會
1618,2021-07-29,2021-08-03,除息
1618,2021-10-01,2021-10-06,減資
1618,2022-04-21,2022-04-26,股東常會
1618,2022-07-06,2022-07-11,除息
1618,2023-04-20,2023-04-25,股東常會
1618,2023-07-05,2023-07-10,除息
1618,2024-04-18,2024-04-23,股東常會
1618,2024-07-16,2024-07-19,除息
1618,2025-03-20,2025-03-25,股東常會
1618,2025-08-12,2025-08-15,除息
1618,2026-03-19,2026-03-24,股東常會
1618,2026-08-11,2026-08-14,除息
1626,2018-04-02,2018-04-10,股東常會
1626,2018-07-23,2018-07-26,除息
1626,2019-03-27,2019-04-01,股東常會
1626,2019-11-15,2019-11-20,現金增資
1626,2020-04-01,2020-04-08,股東常會
1626,2020-07-15,2020-07-20,除權息
1626,2021-04-22,2021-04-27,股東常會
1626,2021-09-09,2021-09-14,除權息
1626,2022-03-31,2022-04-07,股東常會
1626,2023-04-13,2023-04-18,股東常會
1626,2023-08-31,2023-09-05,除權息
1626,2024-04-12,2024-04-17,股東常會
1626,2024-06-14,2024-06-19,除息
1626,2025-03-21,2025-03-26,股東常會
1626,2026-03-31,2026-04-07,股東常會
1702,2018-03-26,2018-03-29,股東常會
1702,2018-07-06,2018-07-11,除息
1702,2019-03-22,2019-03-27,股東常會
1702,2019-06-20,2019-06-25,除息
1702,2020-04-23,2020-04-28,股東常會
1702,2020-06-23,2020-06-30,除息
1702,2021-03-25,2021-03-30,股東常會
1702,2021-05-26,2021-05-31,除息
1702,2022-03-25,2022-03-30,股東常會
1702,2022-05-27,2022-06-01,除息
1702,2023-03-24,2023-03-29,股東常會
1702,2023-05-26,2023-05-31,除息
1702,2024-03-22,2024-03-27,股東常會
1702,2024-05-27,2024-05-30,除息
1702,2025-03-26,2025-03-31,股東常會
1702,2025-05-27,2025-06-02,除息
1702,2026-03-20,2026-03-25,股東常會
1702,2026-05-22,2026-05-27,除息
1707,2018-03-23,2018-03-28,股東常會
1707,2018-07-03,2018-07-06,除息
1707,2019-03-22,2019-03-27,股東常會
1707,2019-06-18,2019-06-21,除息
1707,2020-03-20,2020-03-25,股東常會
1707,2020-06-18,2020-06-23,除息
1707,2021-03-22,2021-03-25,股東常會
1707,2021-07-27,2021-07-30,除息
1707,2022-03-21,2022-03-24,股東常會
1707,2022-06-09,2022-06-14,除息
1707,2023-03-24,2023-03-29,股東常會
1707,2023-06-14,2023-06-19,除息
1707,2024-03-22,2024-03-27,股東常會
1707,2024-06-14,2024-06-19,除息
1707,2025-01-15,2025-01-20,除息
1707,2025-03-20,2025-03-25,股東常會
1707,2025-06-17,2025-06-20,除息
1707,2026-01-02,2026-01-07,除息
1707,2026-03-20,2026-03-25,股東常會
1707,2026-06-11,2026-06-16,除息
1708,2018-03-29,2018-04-02,股東常會
1708,2018-07-09,2018-07-12,除息
1708,2019-03-27,2019-04-01,股東常會
1708,2019-07-16,2019-07-19,除權息
1708,2020-03-20,2020-03-25,股東常會
1708,2020-07-03,2020-07-08,除權息
1708,2021-03-19,2021-03-24,股東常會
1708,2021-08-23,2021-08-26,除權息
1708,2022-03-14,2022-03-17,股東常會
1708,2022-07-15,2022-07-20,除息
1708,2023-03-10,2023-03-15,股東常會
1708,2023-06-30,2023-07-05,除息
1708,2024-03-15,2024-03-20,股東常會
1708,2024-05-27,2024-05-30,除息
1708,2025-03-10,2025-03-13,股東常會
1708,2025-05-22,2025-05-27,除息
1708,2026-03-13,2026-03-18,股東常會
1708,2026-05-22,2026-05-27,除息
1709,2018-04-03,2018-04-11,股東常會
1709,2018-08-17,2018-08-22,除息
1709,2019-04-03,2019-04-10,股東常會
1709,2019-08-19,2019-08-22,除息
1709,2019-11-08,2019-11-13,減資
1709,2020-04-01,2020-04-08,股東常會
1709,2020-08-19,2020-08-24,除息
1709,2021-04-01,2021-04-08,股東常會
1709,2021-08-19,2021-08-24,除息
1709,2022-04-11,2022-04-14,股東常會
1709,2022-08-18,2022-08-23,除息
1709,2023-04-10,2023-04-13,股東常會
1709,2023-08-18,2023-08-23,除息
1709,2024-04-03,2024-04-10,股東常會
1709,2024-08-21,2024-08-26,除息
1709,2025-04-10,2025-04-15,股東常會
1709,2025-08-21,2025-08-26,除息
1709,2026-04-01,2026-04-08,股東常會
1709,2026-08-24,2026-08-27,除息
1710,2018-03-29,2018-04-02,股東常會
1710,2018-06-26,2018-06-29,除息
1710,2019-04-03,2019-04-10,股東常會
1710,2019-06-28,2019-07-03,除息
1710,2020-04-10,2020-04-15,股東常會
1710,2020-07-07,2020-07-10,除息
1710,2021-04-09,2021-04-14,股東常會
1710,2022-03-30,2022-04-06,股東常會
1710,2022-06-27,2022-06-30,除息
1710,2023-03-28,2023-03-31,股東常會
1710,2023-06-28,2023-07-03,除息
1710,2024-04-03,2024-04-10,股東常會
1710,2024-06-26,2024-07-01,除息
1710,2025-03-13,2025-03-18,股東常會
1710,2026-03-13,2026-03-18,股東常會
1711,2018-03-28,2018-03-31,股東常會
1711,2018-06-29,2018-07-04,除息
1711,2019-03-22,2019-03-27,股東常會
1711,2019-06-18,2019-06-21,除息
1711,2020-03-20,2020-03-25,股東常會
1711,2020-06-11,2020-06-16,除息
1711,2021-03-19,2021-03-24,股東常會
1711,2021-06-09,2021-06-15,除息
1711,2022-03-18,2022-03-23,股東常會
1711,2022-06-10,2022-06-15,除息
1711,2023-03-17,2023-03-22,股東常會
1711,2023-06-09,2023-06-14,除息
1711,2024-03-22,2024-03-27,股東常會
1711,2024-06-14,2024-06-19,除息
1711,2025-03-21,2025-03-26,股東常會
1711,2025-06-13,2025-06-18,除息
1711,2026-03-20,2026-03-25,股東常會
1712,2018-04-16,2018-04-19,股東常會
1712,2018-08-03,2018-08-08,除息
1712,2019-04-08,2019-04-11,股東常會
1712,2019-06-28,2019-07-03,除息
1712,2020-03-31,2020-04-07,除息
1712,2020-04-17,2020-04-22,股東常會
1712,2021-03-31,2021-04-07,除息
1712,2021-04-16,2021-04-21,股東常會
1712,2022-03-30,2022-04-06,除息
1712,2022-04-18,2022-04-21,股東常會
1712,2023-03-10,2023-03-15,除息
1712,2023-03-24,2023-03-29,股東常會
1712,2024-03-08,2024-03-13,除息
1712,2024-03-25,2024-03-28,股東常會
1712,2025-03-07,2025-03-12,除息
1712,2025-03-20,2025-03-25,股東常會
1712,2026-03-12,2026-03-17,除息
1712,2026-03-20,2026-03-25,股東常會
1713,2018-04-03,2018-04-11,股東常會
1713,2018-07-05,2018-07-10,除息
1713,2019-04-15,2019-04-18,股東常會
1713,2019-07-05,2019-07-10,除息
1713,2020-03-20,2020-03-25,股東常會
1713,2020-07-03,2020-07-08,除息
1713,2021-03-22,2021-03-25,股東常會
1713,2021-08-06,2021-08-11,除息
1713,2022-03-25,2022-03-30,股東常會
1713,2022-07-29,2022-08-03,除息
1713,2023-04-14,2023-04-19,股東常會
1713,2023-08-04,2023-08-09,除息
1713,2024-04-12,2024-04-17,股東常會
1713,2024-07-01,2024-07-04,除息
1713,2025-04-17,2025-04-22,股東常會
1713,2025-08-01,2025-08-06,除息
1713,2026-04-17,2026-04-22,股東常會
1713,2026-07-31,2026-08-05,除息
1714,2018-04-13,2018-04-18,股東常會
1714,2018-10-22,2018-10-25,除息
1714,2019-04-19,2019-04-24,股東常會
1714,2019-10-21,2019-10-24,除息
1714,2020-04-13,2020-04-16,股東常會
1714,2021-04-16,2021-04-21,股東常會
1714,2021-08-24,2021-08-27,除息
1714,2022-04-15,2022-04-20,股東常會
1714,2022-07-29,2022-08-03,除息
1714,2023-04-14,2023-04-19,股東常會
1714,2023-08-09,2023-08-14,除息
1714,2024-04-12,2024-04-17,股東常會
1714,2024-08-09,2024-08-14,除息
1714,2025-03-21,2025-03-26,股東常會
1714,2025-08-15,2025-08-20,除息
1714,2026-03-20,2026-03-25,股東常會
1714,2026-08-14,2026-08-19,除息
1717,2018-04-13,2018-04-18,股東常會
1717,2018-07-20,2018-07-25,除權息
1717,2019-04-19,2019-04-24,股東常會
1717,2019-07-10,2019-07-15,除息
1717,2020-04-10,2020-04-15,股東常會
1717,2020-07-03,2020-07-08,除息
1717,2021-04-16,2021-04-21,股東常會
1717,2021-07-21,2021-07-26,除息
1717,2022-04-15,2022-04-20,股東常會
1717,2022-07-22,2022-07-27,除息
1717,2022-09-23,2022-09-28,減資
1717,2023-03-23,2023-03-28,除息
1717,2023-04-21,2023-04-26,股東常會
1717,2023-11-22,2023-11-27,其他
1717,2024-04-19,2024-04-24,股東常會
1717,2024-07-10,2024-07-15,其他
1717,2025-04-18,2025-04-23,股東常會
1717,2026-04-20,2026-04-23,股東常會
1717,2026-06-23,2026-06-26,現金增資
1718,2018-04-03,2018-04-11,股東常會
1718,2018-08-23,2018-08-28,除權息
1718,2019-03-27,2019-04-01,股東常會
1718,2019-07-31,2019-08-05,除權息
1718,2020-03-25,2020-03-30,股東常會
1718,2021-03-25,2021-03-30,股東常會
1718,2021-10-21,2021-10-26,除權息
1718,2022-04-08,2022-04-13,股東常會
1718,2023-03-29,2023-04-06,股東常會
1718,2024-04-03,2024-04-10,股東常會
1718,2025-04-02,2025-04-09,股東常會
1718,2026-04-01,2026-04-08,股東常會
1720,2018-04-13,2018-04-18,股東常會
1720,2018-07-27,2018-08-01,除息
1720,2019-04-12,2019-04-17,股東常會
1720,2019-07-26,2019-07-31,除息
1720,2020-04-10,2020-04-15,股東常會
1720,2020-07-24,2020-07-29,除息
1720,2021-04-12,2021-04-15,股東常會
1720,2021-07-23,2021-07-28,除息
1720,2022-04-15,2022-04-20,股東常會
1720,2022-07-22,2022-07-27,除息
1720,2023-04-14,2023-04-19,股東常會
1720,2023-07-28,2023-08-02,除息
1720,2024-04-12,2024-04-17,股東常會
1720,2024-07-26,2024-07-31,除息
1720,2025-03-21,2025-03-26,股東常會
1720,2025-07-31,2025-08-05,除息
1720,2026-03-06,2026-03-11,股東常會
1720,2026-07-17,2026-07-22,除權息
1721,2018-04-03,2018-04-11,股東常會
1721,2018-07-11,2018-07-16,除息
1721,2019-04-03,2019-04-10,股東常會
1721,2020-04-01,2020-04-08,股東常會
1721,2021-01-22,2021-01-27,減資
1721,2021-03-31,2021-04-07,股東常會
1721,2021-07-30,2021-08-04,除息
1721,2022-04-08,2022-04-13,股東常會
1721,2023-04-07,2023-04-12,股東常會
1721,2023-07-17,2023-07-20,除息
1721,2024-04-03,2024-04-10,股東常會
1721,2025-04-02,2025-04-09,股東常會
1721,2026-04-10,,股東常會
1722,2018-04-23,2018-04-26,股東常會
1722,2018-08-17,2018-08-22,除息
1722,2019-04-12,2019-04-17,股東常會
1722,2019-08-14,2019-08-19,除息
1722,2020-04-16,2020-04-21,股東常會
1722,2020-08-24,2020-08-27,除息
1722,2021-04-22,2021-04-27,股東常會
1722,2021-08-24,2021-08-27,除息
1722,2022-04-22,2022-04-27,股東常會
1722,2022-08-22,2022-08-25,除息
1722,2023-04-21,2023-04-26,股東常會
1722,2023-08-21,2023-08-24,除息
1722,2024-04-19,2024-04-24,股東常會
1722,2024-08-21,2024-08-26,除息
1722,2025-04-02,2025-04-09,股東常會
1722,2025-08-27,2025-09-01,除息
1722,2026-03-20,2026-03-25,股東常會
1722,2026-08-19,2026-08-24,除息
1723,2018-04-03,2018-04-11,股東常會
1723,2018-07-13,2018-07-18,除息
1723,2019-04-03,2019-04-10,股東常會
1723,2019-07-04,2019-07-09,除息
1723,2020-04-01,2020-04-08,股東常會
1723,2020-07-09,2020-07-14,除息
1723,2021-04-09,2021-04-14,股東常會
1723,2021-08-13,2021-08-18,除息
1723,2022-04-08,2022-04-13,股東常會
1723,2022-06-29,2022-07-04,除息
1723,2023-04-07,2023-04-12,股東常會
1723,2023-07-07,2023-07-12,除息
1723,2024-04-03,2024-04-10,股東常會
1723,2024-07-05,2024-07-10,除息
1723,2025-04-11,2025-04-16,股東常會
1723,2025-07-04,2025-07-09,除息
1723,2026-03-20,2026-03-25,股東常會
1723,2026-07-03,2026-07-08,除息
1725,2018-04-02,2018-04-10,股東常會
1725,2018-07-24,2018-07-27,除息
1725,2019-04-12,2019-04-17,股東常會
1725,2019-07-24,2019-07-29,除息
1725,2020-04-01,2020-04-08,股東常會
1725,2020-07-10,2020-07-15,除息
1725,2021-04-01,2021-04-08,股東常會
1725,2021-07-02,2021-07-07,除息
1725,2022-03-30,2022-04-06,股東常會
1725,2022-07-19,2022-07-22,除息
1725,2023-04-10,2023-04-13,股東常會
1725,2023-07-27,2023-08-01,除息
1725,2024-04-03,2024-04-10,股東常會
1725,2024-07-17,2024-07-22,除息
1725,2025-04-02,2025-04-09,股東常會
1725,2025-06-25,2025-06-30,除息
1725,2026-03-13,2026-03-18,股東常會
1725,2026-06-25,2026-06-30,除息
1726,2018-04-16,2018-04-19,股東常會
1726,2018-08-17,2018-08-22,除息
1726,2019-04-22,2019-04-25,股東常會
1726,2019-08-20,2019-08-23,除息
1726,2020-04-14,2020-04-17,股東常會
1726,2020-08-19,2020-08-24,除息
1726,2021-04-19,2021-04-22,股東常會
1726,2021-08-19,2021-08-24,除息
1726,2022-04-15,2022-04-20,股東常會
1726,2022-08-18,2022-08-23,除息
1726,2023-04-13,2023-04-18,股東常會
1726,2023-08-09,2023-08-14,除息
1726,2024-03-25,2024-03-28,股東常會
1726,2024-07-11,2024-07-16,除息
1726,2025-03-21,2025-03-26,股東常會
1726,2025-07-10,2025-07-15,除息
1726,2026-03-23,2026-03-26,股東常會
1726,2026-07-15,2026-07-20,除息
1727,2018-04-03,2018-04-11,股東常會
1727,2018-07-12,2018-07-17,除息
1727,2019-03-25,2019-03-28,股東常會
1727,2019-06-28,2019-07-03,除息
1727,2020-03-23,2020-03-26,股東常會
1727,2020-06-09,2020-06-12,除息
1727,2021-03-22,2021-03-25,股東常會
1727,2022-03-21,2022-03-24,股東常會
1727,2022-06-08,2022-06-13,除息
1727,2023-03-20,2023-03-23,股東常會
1727,2023-07-28,2023-08-02,除息
1727,2024-03-18,2024-03-21,股東常會
1727,2024-07-23,2024-07-26,除息
1727,2025-03-17,2025-03-20,股東常會
1727,2025-07-30,2025-08-04,除息
1727,2026-03-23,2026-03-26,股東常會
1727,2026-06-24,2026-06-29,除息
1730,2018-04-09,2018-04-12,股東常會
1730,2018-07-20,2018-07-25,除息
1730,2019-04-03,2019-04-10,股東常會
1730,2019-07-26,2019-07-31,除息
1730,2020-04-10,2020-04-15,股東常會
1730,2020-08-10,2020-08-13,除息
1730,2021-04-09,2021-04-14,股東常會
1730,2021-08-03,2021-08-06,除息
1730,2022-04-08,2022-04-13,股東常會
1730,2022-07-22,2022-07-27,除息
1730,2023-04-10,2023-04-13,股東常會
1730,2023-07-28,2023-08-02,除息
1730,2024-04-03,2024-04-10,股東常會
1730,2024-07-26,2024-07-31,除息
1730,2025-03-21,2025-03-26,股東常會
1730,2025-06-27,2025-07-02,除息
1730,2026-03-23,2026-03-26,股東常會
1730,2026-06-29,2026-07-02,除息
1731,2018-03-26,2018-03-29,股東常會
1731,2018-06-19,2018-06-22,除息
1731,2019-03-22,2019-03-27,股東常會
1731,2019-06-19,2019-06-24,除息
1731,2020-03-20,2020-03-25,股東常會
1731,2020-06-17,2020-06-22,除息
1731,2021-03-19,2021-03-24,股東常會
1731,2021-07-28,2021-08-02,除息
1731,2022-03-18,2022-03-23,股東常會
1731,2022-06-22,2022-06-27,除息
1731,2023-03-20,2023-03-23,股東常會
1731,2023-06-19,2023-06-26,除息
1731,2024-03-22,2024-03-27,股東常會
1731,2024-06-24,2024-06-27,除息
1731,2025-03-26,2025-03-31,股東常會
1731,2025-06-24,2025-06-27,除息
1731,2026-04-01,2026-04-08,股東常會
1731,2026-06-24,2026-06-29,除息
1732,2018-04-03,,股東常會
1732,2019-04-03,,股東常會
1732,2020-04-01,2020-04-08,股東常會
1732,2021-04-09,2021-04-14,股東常會
1732,2021-09-10,2021-09-15,除息
1732,2022-04-08,2022-04-13,股東常會
1732,2022-08-31,2022-09-05,除息
1732,2023-04-14,2023-04-19,股東常會
1732,2024-04-03,2024-04-10,股東常會
1732,2025-04-02,2025-04-09,股東常會
1732,2025-08-25,2025-08-28,除息
1732,2026-04-01,2026-04-08,股東常會
1732,2026-08-26,2026-08-31,除息
1733,2018-03-19,2018-03-22,股東常會
1733,2018-06-28,2018-07-03,除息
1733,2019-03-25,2019-03-28,股東常會
1733,2019-06-25,2019-06-28,除息
1733,2020-03-23,2020-03-26,股東常會
1733,2020-06-23,2020-06-30,除息
1733,2021-03-22,2021-03-25,股東常會
1733,2021-08-11,2021-08-16,除息
1733,2022-03-21,2022-03-24,股東常會
1733,2022-06-10,2022-06-15,除息
1733,2023-03-24,2023-03-29,股東常會
1733,2023-06-09,2023-06-14,除息
1733,2024-02-22,2024-02-27,股東常會
1733,2024-05-13,2024-05-16,除息
1733,2025-03-17,2025-03-20,股東常會
1733,2025-06-05,2025-06-10,除息
1733,2026-03-16,2026-03-19,股東常會
1733,2026-06-03,2026-06-08,除息
1734,2018-04-13,2018-04-18,股東常會
1734,2018-07-17,2018-07-20,除息
1734,2019-04-12,2019-04-17,股東常會
1734,2019-07-11,2019-07-16,除息
1734,2020-03-20,2020-03-25,股東常會
1734,2020-07-17,2020-07-22,除息
1734,2021-04-16,2021-04-21,股東常會
1734,2021-08-25,2021-08-30,除息
1734,2022-04-15,2022-04-20,股東常會
1734,2022-07-15,2022-07-20,除息
1734,2023-04-14,2023-04-19,股東常會
1734,2023-07-07,2023-07-12,除息
1734,2024-04-12,2024-04-17,股東常會
1734,2024-08-29,2024-09-03,除權息
1734,2025-04-11,2025-04-16,股東常會
1734,2025-07-07,2025-07-10,除息
1734,2025-08-27,2025-09-01,除權
1734,2026-04-10,2026-04-15,股東常會
1734,2026-07-20,2026-07-23,除息
1734,2026-08-21,2026-08-26,除權
1735,2018-04-20,2018-04-25,股東常會
1735,2018-08-22,2018-08-27,除息
1735,2019-04-19,2019-04-24,股東常會
1735,2019-07-16,2019-07-19,除息
1735,2020-04-09,2020-04-14,股東常會
1735,2020-06-30,2020-07-03,除息
1735,2021-04-22,2021-04-27,股東常會
1735,2021-08-05,2021-08-10,除息
1735,2022-04-22,2022-04-27,股東常會
1735,2023-04-21,2023-04-26,股東常會
1735,2023-07-13,2023-07-18,除息
1735,2024-04-19,2024-04-24,股東常會
1735,2024-08-22,2024-08-27,除息
1735,2025-03-21,2025-03-26,股東常會
1735,2025-06-13,2025-06-18,除息
1735,2026-03-20,2026-03-25,股東常會
1735,2026-06-15,2026-06-18,除息
1736,2018-04-20,2018-04-25,股東常會
1736,2018-07-12,2018-07-17,除息
1736,2019-04-12,2019-04-17,股東常會
1736,2019-07-11,2019-07-16,除息
1736,2020-04-01,2020-04-08,股東常會
1736,2020-09-10,2020-09-15,除息
1736,2021-04-19,2021-04-22,股東常會
1736,2021-09-28,2021-10-01,除息
1736,2022-04-21,2022-04-26,股東常會
1736,2022-09-01,2022-09-06,除息
1736,2023-04-21,2023-04-26,股東常會
1736,2023-07-21,2023-07-26,除息
1736,2024-04-19,2024-04-24,股東常會
1736,2024-07-24,2024-07-29,除息
1736,2025-04-18,2025-04-23,股東常會
1736,2025-07-25,2025-07-30,除息
1736,2026-04-17,2026-04-22,股東常會
1736,2026-07-29,2026-08-03,除息
1737,2018-04-16,2018-04-19,股東常會
1737,2018-08-10,2018-08-15,除息
1737,2019-04-15,2019-04-18,股東常會
1737,2019-08-14,2019-08-19,除息
1737,2020-04-13,2020-04-16,股東常會
1737,2020-08-19,2020-08-24,除息
1737,2021-04-19,2021-04-22,股東常會
1737,2021-10-14,2021-10-19,除息
1737,2022-04-15,2022-04-20,股東常會
1737,2022-08-17,2022-08-22,除息
1737,2023-04-13,2023-04-18,股東常會
1737,2023-08-17,2023-08-22,除息
1737,2024-04-15,2024-04-18,股東常會
1737,2024-08-14,2024-08-19,除息
1737,2025-04-18,2025-04-23,股東常會
1737,2025-08-14,2025-08-19,除息
1737,2026-04-17,2026-04-22,股東常會
1737,2026-08-18,2026-08-21,除息
1752,2018-03-26,2018-03-29,股東常會
1752,2018-08-17,2018-08-22,除息
1752,2019-03-22,2019-03-27,股東常會
1752,2019-07-12,2019-07-17,除息
1752,2020-03-20,2020-03-25,股東常會
1752,2020-07-01,2020-07-06,除息
1752,2021-03-19,2021-03-24,股東常會
1752,2021-08-18,2021-08-23,除息
1752,2022-03-21,2022-03-24,股東常會
1752,2022-06-23,2022-06-28,除息
1752,2023-03-24,2023-03-29,股東常會
1752,2023-06-14,2023-06-19,除息
1752,2024-04-12,2024-04-17,股東常會
1752,2024-06-28,2024-07-03,除息
1752,2025-03-14,2025-03-19,股東常會
1752,2025-06-27,2025-07-02,除息
1752,2026-03-20,2026-03-25,股東常會
1752,2026-06-26,2026-07-01,除息
1760,2019-03-27,2019-04-01,股東常會
1760,2019-06-21,2019-06-26,除息
1760,2020-04-01,2020-04-08,股東常會
1760,2020-06-22,2020-06-29,除息
1760,2021-03-25,2021-03-30,股東常會
1760,2021-06-18,2021-06-23,除息
1760,2021-08-02,2021-08-05,現金增資
1760,2022-03-30,2022-04-06,股東常會
1760,2022-06-21,2022-06-24,除息
1760,2023-04-21,2023-04-26,股東常會
1760,2023-07-12,2023-07-17,除息
1760,2024-03-18,2024-03-21,股東常會
1760,2024-06-06,2024-06-12,除息
1760,2025-03-17,2025-03-20,股東常會
1760,2025-06-06,2025-06-11,除息
1760,2026-03-19,2026-03-24,股東常會
1760,2026-06-05,2026-06-10,除息
1762,2018-03-26,2018-03-29,股東常會
1762,2018-07-18,2018-07-23,除息
1762,2019-03-25,2019-03-28,股東常會
1762,2019-07-18,2019-07-23,除息
1762,2020-03-23,2020-03-26,股東常會
1762,2020-07-17,2020-07-22,除息
1762,2021-03-18,2021-03-23,股東常會
1762,2021-07-16,2021-07-21,除息
1762,2022-03-18,2022-03-23,股東常會
1762,2022-07-18,2022-07-21,除息
1762,2023-03-24,2023-03-29,股東常會
1762,2023-07-18,2023-07-21,除息
1762,2024-03-22,2024-03-27,股東常會
1762,2024-07-18,2024-07-23,除息
1762,2025-03-21,2025-03-26,股東常會
1762,2025-07-18,2025-07-23,除息
1762,2026-03-20,2026-03-25,股東常會
1773,2018-03-16,2018-03-21,股東常會
1773,2018-06-01,2018-06-06,除息
1773,2019-03-15,2019-03-20,股東常會
1773,2019-06-06,2019-06-12,除息
1773,2020-03-13,2020-03-18,股東常會
1773,2020-07-02,2020-07-07,除權息
1773,2021-03-12,2021-03-17,股東常會
1773,2021-08-09,2021-08-12,除權息
1773,2022-03-18,2022-03-23,股東常會
1773,2022-06-23,2022-06-28,除權息
1773,2023-03-10,2023-03-15,股東常會
1773,2023-06-28,2023-07-03,除息
1773,2024-03-08,2024-03-13,股東常會
1773,2024-06-06,2024-06-12,除息
1773,2025-03-14,2025-03-19,股東常會
1773,2025-06-09,2025-06-12,除權息
1773,2026-03-13,2026-03-18,股東常會
1773,2026-06-11,2026-06-16,除息
1776,2018-03-22,2018-03-27,股東常會
1776,2018-09-11,2018-09-14,除息
1776,2019-03-25,2019-03-28,股東常會
1776,2019-08-22,2019-08-27,除息
1776,2020-04-16,2020-04-21,股東常會
1776,2020-08-28,2020-09-02,除息
1776,2021-03-25,2021-03-30,股東常會
1776,2021-08-19,2021-08-24,除息
1776,2022-03-30,2022-04-06,股東常會
1776,2022-08-22,2022-08-25,除息
1776,2023-03-24,2023-03-29,股東常會
1776,2023-06-14,2023-06-19,除息
1776,2023-09-21,2023-09-26,減資
1776,2024-03-18,2024-03-21,股東常會
1776,2024-06-06,2024-06-12,除息
1776,2025-03-21,2025-03-26,股東常會
1776,2025-06-09,2025-06-12,除息
1776,2026-03-20,2026-03-25,股東常會
1776,2026-06-08,2026-06-11,除息
1783,2018-04-20,2018-04-25,股東常會
1783,2018-07-18,2018-07-23,除息
1783,2019-04-19,2019-04-24,股東常會
1783,2019-07-18,2019-07-23,除息
1783,2020-04-23,2020-04-28,股東常會
1783,2020-07-31,2020-08-05,除息
1783,2021-04-22,2021-04-27,股東常會
1783,2021-08-13,2021-08-18,除息
1783,2022-04-15,2022-04-20,股東常會
1783,2022-11-07,2022-11-10,除權
1783,2023-04-13,2023-04-18,股東常會
1783,2023-09-01,2023-09-06,除權息
1783,2024-04-03,2024-04-10,股東常會
1783,2024-07-17,2024-07-22,除息
1783,2025-04-02,2025-04-09,股東常會
1783,2025-09-01,2025-09-04,除息
1783,2026-04-01,2026-04-08,股東常會
1783,2026-08-26,2026-08-31,除息
1786,2018-03-23,2018-03-28,股東常會
1786,2018-06-08,2018-06-13,除息
1786,2018-12-28,2019-01-04,現金增資
1786,2019-04-19,2019-04-24,股東常會
1786,2019-08-06,2019-08-09,除息
1786,2020-04-16,2020-04-21,股東常會
1786,2020-08-27,2020-09-01,除權息
1786,2021-04-16,2021-04-21,股東常會
1786,2021-09-28,2021-10-01,除權息
1786,2022-04-22,2022-04-27,股東常會
1786,2022-07-12,2022-07-15,除息
1786,2023-04-21,2023-04-26,股東常會
1786,2023-07-20,2023-07-25,除息
1786,2024-04-19,2024-04-24,股東常會
1786,2024-07-18,2024-07-23,除息
1786,2025-04-21,2025-04-24,除息
1786,2026-04-23,2026-04-28,股東常會
1789,2018-04-20,2018-04-25,股東常會
1789,2018-07-20,2018-07-25,除息
1789,2019-04-19,2019-04-24,股東常會
1789,2019-07-19,2019-07-24,除息
1789,2020-04-23,2020-04-28,股東常會
1789,2020-07-17,2020-07-22,除息
1789,2021-04-22,2021-04-27,股東常會
1789,2021-08-20,2021-08-25,除息
1789,2022-03-24,2022-03-29,股東常會
1789,2022-07-01,2022-07-06,除息
1789,2023-03-23,2023-03-28,股東常會
1789,2023-06-30,2023-07-05,除息
1789,2024-03-22,2024-03-27,股東常會
1789,2024-06-28,2024-07-03,除息
1789,2025-03-21,2025-03-26,股東常會
1789,2025-06-27,2025-07-02,除息
1789,2026-03-20,2026-03-25,股東常會
1789,2026-06-26,2026-07-01,除息
1795,2018-04-20,2018-04-25,股東常會
1795,2019-04-18,2019-04-23,股東常會
1795,2020-04-23,2020-04-28,股東常會
1795,2021-04-09,2021-04-14,股東常會
1795,2021-07-01,2021-07-06,除息
1795,2022-04-22,2022-04-27,股東常會
1795,2022-07-29,2022-08-03,除息
1795,2023-04-07,2023-04-12,股東常會
1795,2023-06-29,2023-07-04,除息
1795,2024-04-03,2024-04-10,股東常會
1795,2024-07-30,2024-08-02,除息
1795,2025-04-18,2025-04-23,股東常會
1795,2025-08-05,2025-08-08,除息
1795,2026-04-10,2026-04-15,股東常會
1795,2026-08-25,2026-08-28,除權息
1802,2018-04-03,2018-04-11,股東常會
1802,2018-06-26,2018-06-29,除息
1802,2019-04-12,2019-04-17,股東常會
1802,2019-07-02,2019-07-05,除息
1802,2020-03-26,2020-03-31,股東常會
1802,2021-04-01,2021-04-08,股東常會
1802,2021-07-13,2021-07-16,除息
1802,2022-03-30,2022-04-06,股東常會
1802,2022-06-22,2022-06-27,除息
1802,2023-04-07,2023-04-12,股東常會
1802,2024-03-28,2024-04-02,股東常會
1802,2025-04-02,2025-04-09,股東常會
1802,2026-04-02,2026-04-09,股東常會
1805,2018-04-20,,股東常會
1805,2019-04-22,,股東常會
1805,2020-04-10,,股東常會
1805,2021-04-16,,股東常會
1805,2022-04-22,,股東常會
1805,2023-04-14,,股東常會
1805,2023-09-21,,減資
1805,2023-10-27,,現金增資
1805,2024-02-23,,股東常會
1805,2024-12-20,,現金增資
1805,2025-04-21,2025-04-24,股東常會
1805,2026-04-20,2026-04-23,股東常會
1806,2018-04-20,2018-04-25,股東常會
1806,2019-04-08,2019-04-11,股東常會
1806,2020-04-10,2020-04-15,股東常會
1806,2021-04-22,2021-04-27,股東常會
1806,2022-04-15,2022-04-20,股東常會
1806,2022-07-12,2022-07-15,除息
1806,2022-11-04,2022-11-09,減資
1806,2023-04-13,2023-04-18,股東常會
1806,2024-04-12,,股東常會
1806,2025-04-10,2025-04-15,股東常會
1806,2025-06-27,2025-07-02,除息
1806,2026-04-10,2026-04-15,股東常會
1806,2026-07-17,2026-07-22,除息
1808,2018-04-02,2018-04-10,股東常會
1808,2018-07-12,2018-07-17,除息
1808,2019-04-02,2019-04-09,股東常會
1808,2019-10-29,2019-11-01,除息
1808,2020-04-01,2020-04-08,股東常會
1808,2020-09-18,2020-09-23,除權息
1808,2021-03-31,2021-04-07,股東常會
1808,2021-09-16,2021-09-23,除權息
1808,2022-03-30,2022-04-06,股東常會
1808,2022-09-20,2022-09-23,除權息
1808,2023-04-07,2023-04-12,股東常會
1808,2023-09-20,2023-09-25,除息
1808,2024-04-03,2024-04-10,股東常會
1808,2024-09-20,2024-09-25,除權息
1808,2025-04-11,2025-04-16,股東常會
1808,2025-09-19,2025-09-24,除息
1808,2025-11-07,2025-11-12,減資
1808,2026-04-01,2026-04-08,股東常會
1808,2026-09-17,2026-09-22,除息
1809,2018-04-13,2018-04-18,股東常會
1809,2018-07-12,2018-07-17,除息
1809,2019-04-12,2019-04-17,股東常會
1809,2019-07-05,2019-07-10,除息
1809,2020-04-16,2020-04-21,股東常會
1809,2020-07-15,2020-07-20,除息
1809,2021-04-16,2021-04-21,股東常會
1809,2021-08-06,2021-08-11,除息
1809,2022-04-15,2022-04-20,股東常會
1809,2022-07-20,2022-07-25,除息
1809,2023-04-13,2023-04-18,股東常會
1809,2023-07-28,2023-08-02,除息
1809,2024-04-12,2024-04-17,股東常會
1809,2024-07-25,2024-07-30,除息
1809,2025-04-11,2025-04-16,股東常會
1809,2025-07-14,2025-07-17,除息
1809,2026-04-17,2026-04-22,股東常會
1809,2026-07-17,2026-07-22,除息
1810,2018-04-20,2018-04-25,股東常會
1810,2018-07-20,2018-07-25,除息
1810,2019-04-22,2019-04-25,股東常會
1810,2019-07-19,2019-07-24,除息
1810,2020-04-23,2020-04-28,股東常會
1810,2021-04-22,2021-04-27,股東常會
1810,2021-07-21,2021-07-26,除息
1810,2022-04-21,2022-04-26,股東常會
1810,2022-07-21,2022-07-26,除息
1810,2022-10-06,2022-10-12,減資
1810,2023-04-14,2023-04-19,股東常會
1810,2023-07-21,2023-07-26,除息
1810,2024-04-19,2024-04-24,股東常會
1810,2024-07-23,2024-07-26,除息
1810,2025-04-10,2025-04-15,股東常會
1810,2025-06-26,2025-07-01,除息
1810,2026-03-20,2026-03-25,股東常會
1810,2026-06-08,2026-06-11,除息
1817,2018-04-03,2018-04-11,股東常會
1817,2018-08-03,2018-08-08,除息
1817,2019-04-12,2019-04-17,股東常會
1817,2019-08-02,2019-08-07,除息
1817,2020-03-20,2020-03-25,股東常會
1817,2020-06-23,2020-06-30,除息
1817,2021-03-19,2021-03-24,股東常會
1817,2021-08-17,2021-08-20,除息
1817,2022-03-18,2022-03-23,股東常會
1817,2022-06-24,2022-06-29,除息
1817,2023-03-24,2023-03-29,股東常會
1817,2023-06-20,2023-06-27,除息
1817,2024-03-22,2024-03-27,股東常會
1817,2024-06-27,2024-07-02,除息
1817,2025-03-20,2025-03-25,股東常會
1817,2025-06-24,2025-06-27,除息
1817,2026-03-20,2026-03-25,股東常會
1817,2026-06-24,2026-06-29,除息
1903,2018-04-02,2018-04-10,股東常會
1903,2019-04-18,2019-04-23,股東常會
1903,2020-04-10,,股東常會
1903,2021-03-30,,股東常會
1903,2022-04-08,2022-04-13,股東常會
1903,2023-03-27,2023-03-30,股東常會
1903,2024-04-12,2024-04-17,股東常會
1903,2025-04-14,2025-04-17,股東常會
1903,2026-03-26,2026-03-31,股東常會
1904,2018-03-29,2018-04-02,股東常會
1904,2018-07-06,2018-07-11,除息
1904,2019-04-03,2019-04-10,股東常會
1904,2019-07-05,2019-07-10,除息
1904,2020-04-06,2020-04-09,股東常會
1904,2020-06-30,2020-07-03,除息
1904,2021-04-01,2021-04-08,股東常會
1904,2021-08-11,2021-08-16,除息
1904,2022-03-31,2022-04-07,股東常會
1904,2022-06-22,2022-06-27,除息
1904,2023-03-29,2023-04-06,股東常會
1904,2023-06-19,2023-06-26,除息
1904,2024-03-25,2024-03-28,股東常會
1904,2024-06-18,2024-06-21,除息
1904,2025-03-21,2025-03-26,股東常會
1904,2025-06-13,2025-06-18,除息
1904,2026-03-23,2026-03-26,股東常會
1904,2026-06-15,2026-06-18,除息
1905,2018-04-20,2018-04-25,股東常會
1905,2018-07-13,2018-07-18,除息
1905,2019-04-15,2019-04-18,股東常會
1905,2019-07-12,2019-07-17,除息
1905,2020-04-23,2020-04-28,股東常會
1905,2021-03-19,2021-03-24,股東常會
1905,2022-04-11,2022-04-14,股東常會
1905,2022-07-08,2022-07-13,除息
1905,2023-04-21,2023-04-26,股東常會
1905,2023-07-14,2023-07-19,除息
1905,2024-04-19,2024-04-24,股東常會
1905,2025-04-11,2025-04-16,股東常會
1905,2026-04-10,2026-04-15,股東常會
1906,2018-03-29,2018-04-02,股東常會
1906,2018-06-22,2018-06-27,除息
1906,2019-03-27,2019-04-01,股東常會
1906,2019-06-18,2019-06-21,除息
1906,2020-04-01,2020-04-08,股東常會
1906,2020-07-03,2020-07-08,除息
1906,2021-04-01,2021-04-08,股東常會
1906,2021-07-02,2021-07-07,除息
1906,2022-03-29,2022-04-01,股東常會
1906,2022-07-01,2022-07-06,除息
1906,2023-03-24,2023-03-29,股東常會
1906,2023-06-30,2023-07-05,除息
1906,2024-03-21,2024-03-26,股東常會
1906,2024-06-28,2024-07-03,除息
1906,2025-03-21,2025-03-26,股東常會
1906,2025-06-27,2025-07-02,除息
1906,2026-03-20,2026-03-25,股東常會
1907,2018-04-13,2018-04-18,股東常會
1907,2018-07-06,2018-07-11,除息
1907,2019-04-19,2019-04-24,股東常會
1907,2019-07-10,2019-07-15,除息
1907,2020-04-16,2020-04-21,股東常會
1907,2020-07-09,2020-07-14,除息
1907,2021-03-11,2021-03-16,股東常會
1907,2021-06-03,2021-06-08,除息
1907,2022-04-15,2022-04-20,股東常會
1907,2022-07-11,2022-07-14,除息
1907,2023-04-14,2023-04-19,股東常會
1907,2023-07-07,2023-07-12,除息
1907,2024-04-12,2024-04-17,股東常會
1907,2024-07-05,2024-07-10,除息
1907,2025-04-14,2025-04-17,股東常會
1907,2025-07-07,2025-07-10,除息
1907,2026-04-02,2026-04-09,股東常會
1907,2026-07-07,2026-07-10,除息
1909,2018-04-03,2018-04-11,股東常會
1909,2018-06-28,2018-07-03,除息
1909,2018-11-09,2018-11-14,現金增資
1909,2019-04-03,2019-04-10,股東常會
1909,2019-06-24,2019-06-27,除息
1909,2019-10-31,2019-11-05,現金增資
1909,2020-03-25,2020-03-30,股東常會
1909,2020-06-24,2020-07-01,除息
1909,2020-10-30,2020-11-04,現金增資
1909,2021-04-09,2021-04-14,股東常會
1909,2021-06-25,2021-06-30,除息
1909,2022-03-30,2022-04-06,股東常會
1909,2022-06-29,2022-07-04,除息
1909,2022-11-29,2022-12-02,現金增資
1909,2023-03-24,2023-03-29,股東常會
1909,2023-06-28,2023-07-03,除息
1909,2024-03-22,2024-03-27,股東常會
1909,2025-03-21,2025-03-26,股東常會
1909,2026-03-20,2026-03-25,股東常會
2002,2018-04-13,2018-04-18,股東常會
2002,2018-07-20,2018-07-25,除息
2002,2019-04-12,2019-04-17,股東常會
2002,2019-07-19,2019-07-24,除息
2002,2020-04-13,2020-04-16,股東常會
2002,2020-07-20,2020-07-23,除息
2002,2021-04-12,2021-04-15,股東常會
2002,2021-08-25,2021-08-30,除息
2002,2022-04-11,2022-04-14,股東常會
2002,2022-07-20,2022-07-25,除息
2002,2023-04-10,2023-04-13,股東常會
2002,2023-07-20,2023-07-25,除息
2002,2024-04-12,2024-04-17,股東常會
2002,2024-07-19,2024-07-24,除息
2002,2025-04-11,2025-04-16,股東常會
2002,2025-07-18,2025-07-23,除息
2002,2026-03-16,2026-03-19,股東常會
2002,2026-07-20,2026-07-23,除息
2006,2018-04-02,2018-04-10,股東常會
2006,2018-06-25,2018-06-28,除息
2006,2019-04-12,2019-04-17,股東常會
2006,2019-07-10,2019-07-15,除息
2006,2020-03-13,2020-03-18,股東常會
2006,2020-06-08,2020-06-11,除息
2006,2021-04-19,2021-04-22,股東常會
2006,2021-06-21,2021-06-24,除息
2006,2021-11-19,2021-11-24,減資
2006,2022-03-21,2022-03-24,除息
2006,2023-03-24,2023-03-29,股東常會
2006,2024-03-18,2024-03-21,股東常會
2006,2025-03-14,2025-03-19,股東常會
2006,2026-03-16,2026-03-19,除息
2007,2018-04-13,,股東常會
2007,2019-04-12,,股東常會
2007,2020-04-10,,股東常會
2007,2021-04-16,2021-04-21,股東常會
2007,2022-04-15,2022-04-20,股東常會
2007,2023-04-14,2023-04-19,股東常會
2007,2024-04-12,2024-04-17,股東常會
2007,2025-04-11,2025-04-16,股東常會
2007,2026-04-17,,股東常會
2008,2018-04-20,2018-04-25,股東常會
2008,2019-04-11,2019-04-16,股東常會
2008,2020-04-13,2020-04-16,股東常會
2008,2021-04-16,2021-04-21,股東常會
2008,2022-04-15,2022-04-20,股東常會
2008,2023-04-14,2023-04-19,股東常會
2008,2023-07-19,2023-07-24,除息
2008,2024-04-12,2024-04-17,股東常會
2008,2024-07-08,2024-07-11,除息
2008,2025-04-11,2025-04-16,股東常會
2008,2025-07-07,2025-07-10,除息
2008,2026-04-10,2026-04-15,股東常會
2008,2026-07-06,2026-07-09,除息
2009,2018-04-20,2018-04-25,股東常會
2009,2019-04-12,2019-04-17,股東常會
2009,2020-04-01,2020-04-08,股東常會
2009,2021-04-16,2021-04-21,股東常會
2009,2021-09-08,2021-09-13,除息
2009,2022-04-15,2022-04-20,股東常會
2009,2022-07-08,2022-07-13,除息
2009,2023-04-07,2023-04-12,股東常會
2009,2023-07-13,2023-07-18,除息
2009,2024-04-12,2024-04-17,股東常會
2009,2025-04-18,2025-04-23,股東常會
2009,2025-07-16,2025-07-21,除息
2009,2026-04-17,2026-04-22,股東常會
2009,2026-07-23,2026-07-28,除息
2010,2018-04-03,2018-04-11,股東常會
2010,2018-06-27,2018-07-02,除息
2010,2019-04-15,2019-04-18,股東常會
2010,2019-07-15,2019-07-18,除息
2010,2020-04-10,2020-04-15,股東常會
2010,2020-07-03,2020-07-08,除息
2010,2021-04-09,2021-04-14,股東常會
2010,2021-07-05,2021-07-08,除息
2010,2022-04-15,2022-04-20,除息
2010,2023-04-07,2023-04-12,股東常會
2010,2023-07-12,2023-07-17,除息
2010,2024-04-03,2024-04-10,股東常會
2010,2024-06-28,2024-07-03,除息
2010,2025-04-11,2025-04-16,除息
2010,2026-04-01,2026-04-08,股東常會
2010,2026-06-26,2026-07-01,除息
2012,2018-04-03,2018-04-11,股東常會
2012,2018-06-26,2018-06-29,除息
2012,2019-03-27,2019-04-01,股東常會
2012,2019-07-05,2019-07-10,除息
2012,2020-04-10,2020-04-15,股東常會
2012,2020-06-29,2020-07-02,除息
2012,2021-03-22,2021-03-25,除息
2012,2021-03-31,2021-04-07,股東常會
2012,2021-11-22,2021-11-25,除息
2012,2022-03-22,2022-03-25,除息
2012,2022-04-15,2022-04-20,股東常會
2012,2022-09-02,2022-09-07,除權
2012,2022-12-01,2022-12-06,除息
2012,2023-03-20,2023-03-23,股東常會
2012,2023-06-19,2023-06-26,除息
2012,2024-03-22,2024-03-27,股東常會
2012,2024-06-24,2024-06-27,除息
2012,2025-03-20,2025-03-25,股東常會
2012,2025-08-20,2025-08-25,除息
2012,2026-03-20,2026-03-25,股東常會
2012,2026-08-19,2026-08-24,除息
2013,2018-04-13,2018-04-18,股東常會
2013,2018-07-13,2018-07-18,除息
2013,2019-04-12,2019-04-17,股東常會
2013,2019-07-12,2019-07-17,除息
2013,2020-04-17,2020-04-22,股東常會
2013,2020-07-15,2020-07-20,除息
2013,2021-04-16,2021-04-21,股東常會
2013,2021-08-24,2021-08-27,除息
2013,2022-04-15,2022-04-20,股東常會
2013,2022-07-15,2022-07-20,除息
2013,2023-03-24,2023-03-29,股東常會
2013,2023-06-21,2023-06-28,除息
2013,2024-03-22,2024-03-27,股東常會
2013,2024-06-28,2024-07-03,除息
2013,2025-03-21,2025-03-26,股東常會
2013,2025-07-08,2025-07-11,除息
2013,2026-03-20,2026-03-25,股東常會
2013,2026-06-29,2026-07-02,除息
2014,2018-04-16,,股東常會
2014,2019-04-19,2019-04-24,股東常會
2014,2019-07-19,2019-07-24,除息
2014,2020-04-17,2020-04-22,股東常會
2014,2021-04-16,2021-04-21,股東常會
2014,2021-08-20,2021-08-25,除息
2014,2022-04-18,2022-04-21,股東常會
2014,2022-07-20,2022-07-25,除息
2014,2023-04-21,2023-04-26,股東常會
2014,2023-07-20,2023-07-25,除息
2014,2024-04-19,2024-04-24,股東常會
2014,2024-07-19,2024-07-24,除息
2014,2025-04-18,,股東常會
2014,2026-03-16,,股東常會
2015,2018-03-29,2018-04-02,股東常會
2015,2018-07-02,2018-07-05,除息
2015,2019-04-08,2019-04-11,股東常會
2015,2019-06-25,2019-06-28,除息
2015,2020-04-01,2020-04-08,股東常會
2015,2020-06-19,2020-06-24,除息
2015,2021-04-01,2021-04-08,股東常會
2015,2021-08-16,2021-08-19,除息
2015,2022-03-30,2022-04-06,除息
2015,2023-03-24,2023-03-29,股東常會
2015,2024-04-03,2024-04-10,股東常會
2015,2025-03-21,2025-03-26,股東常會
2015,2026-03-20,2026-03-25,除息
2017,2018-03-05,2018-03-08,股東常會
2017,2018-06-06,2018-06-11,除權息
2017,2019-03-22,2019-03-27,股東常會
2017,2019-07-02,2019-07-05,除息
2017,2020-03-13,2020-03-18,股東常會
2017,2021-03-22,2021-03-25,股東常會
2017,2021-08-27,2021-09-01,除息
2017,2022-03-18,2022-03-23,股東常會
2017,2022-07-08,2022-07-13,除權息
2017,2023-03-24,2023-03-29,股東常會
2017,2023-08-04,2023-08-09,除權息
2017,2024-03-22,2024-03-27,股東常會
2017,2025-03-21,2025-03-26,股東常會
2017,2026-03-13,2026-03-18,股東常會
2020,2018-04-09,2018-04-12,股東常會
2020,2018-07-09,2018-07-12,除息
2020,2019-04-03,2019-04-10,股東常會
2020,2019-07-08,2019-07-11,除息
2020,2020-04-10,2020-04-15,股東常會
2020,2020-06-12,2020-06-17,除息
2020,2021-03-31,2021-04-07,股東常會
2020,2021-06-04,2021-06-09,除息
2020,2022-04-08,2022-04-13,股東常會
2020,2022-06-10,2022-06-15,除息
2020,2023-03-28,2023-03-31,股東常會
2020,2023-06-07,2023-06-12,除息
2020,2024-03-28,2024-04-02,股東常會
2020,2024-06-05,2024-06-11,除息
2020,2024-07-24,2024-07-29,除權
2020,2025-03-21,2025-03-26,股東常會
2020,2025-06-05,2025-06-10,除息
2020,2026-04-10,2026-04-15,股東常會
2022,2018-03-23,,股東常會
2022,2018-08-10,,減資
2022,2018-10-15,2018-10-18,現金增資
2022,2019-04-19,2019-04-24,股東常會
2022,2020-03-20,2020-03-25,股東常會
2022,2021-04-16,,股東常會
2022,2022-03-18,,股東常會
2022,2023-03-24,,股東常會
2022,2023-08-11,,減資
2022,2024-03-22,2024-03-27,股東常會
2022,2024-06-21,2024-06-26,除息
2022,2025-03-21,2025-03-26,股東常會
2022,2026-03-20,,股東常會
2023,2018-04-13,2018-04-18,股東常會
2023,2018-08-17,2018-08-22,除權息
2023,2019-04-12,2019-04-17,股東常會
2023,2019-08-21,2019-08-26,除權息
2023,2020-04-10,2020-04-15,股東常會
2023,2021-04-16,2021-04-21,股東常會
2023,2022-04-15,2022-04-20,股東常會
2023,2022-08-03,2022-08-08,除息
2023,2022-08-24,2022-08-29,除權
2023,2023-04-14,2023-04-19,股東常會
2023,2023-07-20,2023-07-25,除息
2023,2024-04-12,2024-04-17,股東常會
2023,2024-07-18,2024-07-23,除息
2023,2024-08-22,2024-08-27,除權
2023,2025-04-11,2025-04-16,股東常會
2023,2026-04-17,2026-04-22,股東常會
2024,2018-03-28,2018-03-31,股東常會
2024,2018-06-22,2018-06-27,除息
2024,2019-03-27,2019-04-01,股東常會
2024,2019-06-20,2019-06-25,除息
2024,2020-03-26,2020-03-31,股東常會
2024,2020-06-24,2020-07-01,除息
2024,2021-03-25,2021-03-30,股東常會
2024,2021-09-03,2021-09-08,除息
2024,2022-03-18,2022-03-23,股東常會
2024,2022-08-12,2022-08-17,除息
2024,2023-03-17,2023-03-22,股東常會
2024,2023-07-06,2023-07-11,除息
2024,2024-03-22,2024-03-27,股東常會
2024,2025-03-21,2025-03-26,股東常會
2024,2026-03-20,2026-03-25,股東常會
2025,2018-01-19,,股東常會
2025,2019-04-12,,股東常會
2025,2020-04-01,,股東常會
2025,2021-04-15,,股東常會
2025,2022-04-08,,股東常會
2025,2023-04-07,,股東常會
2025,2024-04-08,,股東常會
2025,2025-03-26,,股東常會
2025,2026-04-01,,股東常會
2027,2018-03-29,2018-04-02,股東常會
2027,2018-08-20,2018-08-23,現金增資
2027,2019-04-12,2019-04-17,股東常會
2027,2019-08-08,2019-08-13,除息
2027,2020-04-16,2020-04-21,股東常會
2027,2020-07-09,2020-07-14,除權息
2027,2020-09-07,2020-09-10,現金增資
2027,2021-04-22,2021-04-27,股東常會
2027,2021-08-03,2021-08-06,除息
2027,2021-09-01,2021-09-06,現金增資
2027,2022-04-14,2022-04-19,股東常會
2027,2022-07-14,2022-07-19,除權息
2027,2023-04-20,2023-04-25,股東常會
2027,2023-07-24,2023-07-27,除權息
2027,2024-04-12,2024-04-17,股東常會
2027,2024-07-30,2024-08-02,除息
2027,2025-04-02,2025-04-09,股東常會
2027,2025-07-07,2025-07-10,除息
2027,2026-04-10,2026-04-15,股東常會
2027,2026-07-08,2026-07-13,除息
2028,2018-04-23,,股東常會
2028,2019-04-12,,股東常會
2028,2020-04-17,,股東常會
2028,2021-04-15,,股東常會
2028,2022-04-14,2022-04-19,股東常會
2028,2022-06-29,2022-07-04,除息
2028,2022-12-20,2022-12-23,除息
2028,2023-04-06,2023-04-11,股東常會
2028,2023-08-01,2023-08-04,除息
2028,2023-12-20,2023-12-25,除息
2028,2024-04-12,2024-04-17,股東常會
2028,2024-07-03,2024-07-08,除息
2028,2024-12-20,2024-12-25,除息
2028,2025-04-11,2025-04-16,股東常會
2028,2026-04-10,2026-04-15,股東常會
2028,2026-07-02,2026-07-07,除息
2029,2018-04-03,2018-04-11,股東常會
2029,2018-07-12,2018-07-17,除息
2029,2019-04-08,2019-04-11,股東常會
2029,2019-07-11,2019-07-16,除息
2029,2020-04-10,2020-04-15,股東常會
2029,2020-07-10,2020-07-15,除息
2029,2021-04-01,2021-04-08,股東常會
2029,2021-07-08,2021-07-13,除息
2029,2022-04-11,2022-04-14,股東常會
2029,2022-07-08,2022-07-13,除息
2029,2023-04-10,2023-04-13,股東常會
2029,2023-07-07,2023-07-12,除息
2029,2024-04-08,2024-04-11,股東常會
2029,2024-07-10,2024-07-15,除息
2029,2025-04-07,2025-04-10,股東常會
2029,2025-07-09,2025-07-14,除息
2029,2026-04-02,2026-04-09,股東常會
2029,2026-07-08,2026-07-13,除息
2030,2018-04-03,2018-04-11,股東常會
2030,2018-07-16,2018-07-19,除息
2030,2019-04-03,2019-04-10,股東常會
2030,2019-07-11,2019-07-16,除息
2030,2020-04-06,2020-04-09,股東常會
2030,2020-07-17,2020-07-22,除息
2030,2021-04-09,2021-04-14,股東常會
2030,2021-08-30,2021-09-02,除息
2030,2022-04-15,2022-04-20,股東常會
2030,2022-07-15,2022-07-20,除息
2030,2023-04-07,2023-04-12,股東常會
2030,2023-06-29,2023-07-04,除息
2030,2024-04-03,2024-04-10,股東常會
2030,2024-06-28,2024-07-03,除息
2030,2025-04-10,2025-04-15,股東常會
2030,2025-06-25,2025-06-30,除息
2030,2026-03-20,2026-03-25,股東常會
2030,2026-06-05,2026-06-10,除息
2031,2018-04-13,2018-04-18,股東常會
2031,2018-07-12,2018-07-17,除息
2031,2019-04-03,2019-04-10,股東常會
2031,2019-07-10,2019-07-15,除息
2031,2020-04-01,2020-04-08,股東常會
2031,2020-07-09,2020-07-14,除息
2031,2021-04-01,2021-04-08,股東常會
2031,2021-08-04,2021-08-09,除息
2031,2022-04-08,2022-04-13,股東常會
2031,2022-06-30,2022-07-05,除息
2031,2023-04-07,2023-04-12,股東常會
2031,2023-06-30,2023-07-05,除息
2031,2024-04-08,2024-04-11,股東常會
2031,2024-06-27,2024-07-02,除息
2031,2025-03-21,2025-03-26,股東常會
2031,2025-06-13,2025-06-18,除息
2031,2026-03-19,2026-03-24,股東常會
2031,2026-06-09,2026-06-12,除息
2032,2018-04-02,2018-04-10,股東常會
2032,2018-07-02,2018-07-05,除息
2032,2019-03-27,2019-04-01,股東常會
2032,2019-06-25,2019-06-28,除息
2032,2020-04-06,2020-04-09,股東常會
2032,2020-06-30,2020-07-03,除息
2032,2021-04-16,2021-04-21,股東常會
2032,2021-07-14,2021-07-19,除息
2032,2022-04-08,2022-04-13,股東常會
2032,2022-06-23,2022-06-28,除息
2032,2023-04-14,2023-04-19,股東常會
2032,2023-07-07,2023-07-12,除息
2032,2024-04-15,2024-04-18,股東常會
2032,2025-04-02,2025-04-09,股東常會
2032,2025-06-23,2025-06-26,除息
2032,2026-04-10,2026-04-15,股東常會
2033,2018-04-13,2018-04-18,股東常會
2033,2018-07-19,2018-07-24,除息
2033,2019-04-12,2019-04-17,股東常會
2033,2019-07-26,2019-07-31,除息
2033,2020-04-16,2020-04-21,股東常會
2033,2020-07-16,2020-07-21,除息
2033,2021-04-15,2021-04-20,股東常會
2033,2021-08-19,2021-08-24,除息
2033,2022-04-15,2022-04-20,股東常會
2033,2022-07-18,2022-07-21,除息
2033,2023-04-14,2023-04-19,股東常會
2033,2024-04-12,2024-04-17,股東常會
2033,2025-04-14,2025-04-17,股東常會
2033,2025-08-01,2025-08-06,除息
2033,2026-04-10,2026-04-15,股東常會
2034,2018-04-09,2018-04-12,股東常會
2034,2018-07-10,2018-07-13,除息
2034,2019-04-08,2019-04-11,股東常會
2034,2019-06-26,2019-07-01,除息
2034,2020-04-10,2020-04-15,股東常會
2034,2020-07-09,2020-07-14,除息
2034,2020-12-04,2020-12-09,現金增資
2034,2021-04-12,2021-04-15,股東常會
2034,2021-09-29,2021-10-04,除息
2034,2022-04-08,2022-04-13,股東常會
2034,2022-07-13,2022-07-18,除息
2034,2023-04-10,2023-04-13,股東常會
2034,2023-07-14,2023-07-19,除息
2034,2024-04-11,2024-04-16,股東常會
2034,2024-07-22,2024-07-25,除息
2034,2024-10-07,2024-10-11,現金增資
2034,2025-04-10,2025-04-15,股東常會
2034,2025-07-09,2025-07-14,除息
2034,2026-04-10,2026-04-15,股東常會
2034,2026-07-10,2026-07-15,除息
2038,2018-04-20,2018-04-25,股東常會
2038,2019-04-19,2019-04-24,股東常會
2038,2020-04-10,2020-04-15,股東常會
2038,2021-04-12,2021-04-15,股東常會
2038,2021-08-19,2021-08-24,除息
2038,2022-04-15,2022-04-20,股東常會
2038,2022-08-22,2022-08-25,除息
2038,2023-04-14,2023-04-19,股東常會
2038,2023-08-22,2023-08-25,除權
2038,2024-04-19,2024-04-24,股東常會
2038,2025-04-18,2025-04-23,股東常會
2038,2025-08-22,2025-08-27,除權
2038,2026-04-17,2026-04-22,股東常會
2049,2018-04-20,2018-04-25,股東常會
2049,2018-07-17,2018-07-20,現金增資
2049,2019-04-22,2019-04-25,股東常會
2049,2019-08-01,2019-08-06,除權息
2049,2020-04-13,2020-04-16,股東常會
2049,2020-08-06,2020-08-11,除權息
2049,2020-10-30,2020-11-04,現金增資
2049,2021-04-22,2021-04-27,股東常會
2049,2021-08-06,2021-08-11,除息
2049,2021-09-10,2021-09-15,除權
2049,2022-04-21,2022-04-26,股東常會
2049,2022-07-06,2022-07-11,現金增資
2049,2023-03-24,2023-03-29,股東常會
2049,2023-06-30,2023-07-05,除息
2049,2024-03-25,2024-03-28,股東常會
2049,2024-07-04,2024-07-09,除息
2049,2025-03-21,2025-03-26,股東常會
2049,2025-07-11,2025-07-16,除息
2049,2026-03-20,2026-03-25,股東常會
2049,2026-07-02,2026-07-07,除息
2059,2018-04-20,2018-04-25,股東常會
2059,2018-08-23,2018-08-28,除息
2059,2019-04-19,2019-04-24,股東常會
2059,2019-08-21,2019-08-26,除息
2059,2020-04-23,2020-04-28,股東常會
2059,2020-08-21,2020-08-26,除息
2059,2021-04-22,2021-04-27,股東常會
2059,2021-08-20,2021-08-25,除息
2059,2022-04-22,2022-04-27,股東常會
2059,2022-08-24,2022-08-29,除息
2059,2023-04-21,2023-04-26,股東常會
2059,2023-08-23,2023-08-28,除息
2059,2024-04-22,2024-04-25,股東常會
2059,2024-08-23,2024-08-28,除息
2059,2025-04-21,2025-04-24,股東常會
2059,2025-08-22,2025-08-27,除息
2059,2026-04-23,2026-04-28,股東常會
2059,2026-08-21,2026-08-26,除息
2062,2018-03-02,2018-03-07,股東常會
2062,2018-10-25,2018-10-30,除息
2062,2019-02-27,2019-03-06,股東常會
2062,2019-09-18,2019-09-23,除息
2062,2020-03-20,2020-03-25,股東常會
2062,2020-09-14,2020-09-17,除息
2062,2021-03-22,2021-03-25,股東常會
2062,2021-07-29,2021-08-03,現金增資
2062,2021-09-22,2021-09-27,除息
2062,2022-02-18,2022-02-23,股東常會
2062,2022-11-11,2022-11-16,除息
2062,2023-02-17,2023-02-22,股東常會
2062,2023-07-19,2023-07-24,除息
2062,2024-03-04,2024-03-07,股東常會
2062,2024-07-17,2024-07-22,除息
2062,2025-03-03,2025-03-06,股東常會
2062,2025-08-22,2025-08-27,除息
2062,2026-02-10,2026-02-24,股東常會
2062,2026-09-04,2026-09-09,除息
2069,2018-04-16,2018-04-19,股東常會
2069,2018-07-18,2018-07-23,除息
2069,2018-08-30,2018-09-04,現金增資
2069,2019-04-15,2019-04-18,股東常會
2069,2019-07-19,2019-07-24,除息
2069,2020-04-17,2020-04-22,股東常會
2069,2020-07-22,2020-07-27,除息
2069,2021-04-09,2021-04-14,股東常會
2069,2021-07-29,2021-08-03,除息
2069,2021-09-17,2021-09-24,現金增資
2069,2022-04-08,2022-04-13,股東常會
2069,2022-07-06,2022-07-11,除息
2069,2023-03-29,2023-04-06,股東常會
2069,2023-07-05,2023-07-10,除息
2069,2024-03-27,2024-04-01,股東常會
2069,2024-06-24,2024-06-27,除息
2069,2025-03-21,2025-03-26,股東常會
2069,2025-06-16,2025-06-19,除息
2069,2026-03-20,2026-03-25,股東常會
2069,2026-06-10,2026-06-15,除息
2101,2018-02-23,2018-03-01,股東常會
2101,2018-05-15,2018-05-18,除息
2101,2019-03-08,2019-03-13,股東常會
2101,2019-05-27,2019-05-30,除息
2101,2019-08-16,2019-08-21,除息
2101,2020-03-06,2020-03-11,除息
2101,2020-08-20,2020-08-25,除息
2101,2021-03-05,2021-03-10,股東常會
2101,2021-05-06,2021-05-11,除息
2101,2022-03-11,2022-03-16,股東常會
2101,2023-03-17,2023-03-22,股東常會
2101,2024-04-18,2024-04-23,股東常會
2101,2025-03-14,2025-03-19,股東常會
2101,2025-08-29,2025-09-03,減資
2101,2026-03-20,2026-03-25,除息
2101,2026-08-24,2026-08-27,除息
2102,2018-04-09,2018-04-12,股東常會
2102,2019-04-11,2019-04-16,股東常會
2102,2020-04-13,2020-04-16,股東常會
2102,2021-04-09,2021-04-14,股東常會
2102,2021-11-03,2021-11-08,除息
2102,2022-04-08,2022-04-13,股東常會
2102,2023-04-07,,股東常會
2102,2024-03-18,2024-03-21,股東常會
2102,2025-03-13,2025-03-18,股東常會
2102,2026-03-13,2026-03-18,股東常會
2103,2018-04-13,2018-04-18,股東常會
2103,2018-07-12,2018-07-17,除息
2103,2019-03-27,2019-04-01,股東常會
2103,2019-08-26,2019-08-29,除息
2103,2020-04-13,2020-04-16,股東常會
2103,2020-07-13,2020-07-16,除息
2103,2021-04-16,2021-04-21,股東常會
2103,2021-08-19,2021-08-24,除息
2103,2022-04-11,2022-04-14,股東常會
2103,2022-07-13,2022-07-18,除息
2103,2023-03-24,2023-03-29,股東常會
2103,2023-06-21,2023-06-28,除息
2103,2024-03-28,2024-04-02,股東常會
2103,2024-06-28,2024-07-03,除息
2103,2025-03-26,2025-03-31,股東常會
2103,2025-06-25,2025-06-30,除息
2103,2026-03-23,2026-03-26,股東常會
2103,2026-06-17,2026-06-23,除息
2104,2018-04-20,2018-04-25,股東常會
2104,2018-08-21,2018-08-24,現金增資
2104,2019-04-12,2019-04-17,股東常會
2104,2019-08-22,2019-08-27,除權息
2104,2020-04-06,2020-04-09,股東常會
2104,2020-08-25,2020-08-28,除息
2104,2021-04-12,2021-04-15,股東常會
2104,2021-08-26,2021-08-31,除息
2104,2022-03-21,2022-03-24,股東常會
2104,2022-06-17,2022-06-22,除息
2104,2023-03-24,2023-03-29,股東常會
2104,2023-06-21,2023-06-28,除息
2104,2024-03-22,2024-03-27,股東常會
2104,2025-03-21,2025-03-26,股東常會
2104,2026-03-20,2026-03-25,股東常會
2105,2018-04-03,2018-04-11,股東常會
2105,2018-07-09,2018-07-12,除息
2105,2019-04-08,2019-04-11,股東常會
2105,2019-07-16,2019-07-19,除息
2105,2020-04-10,2020-04-15,股東常會
2105,2020-07-17,2020-07-22,除息
2105,2021-04-09,2021-04-14,股東常會
2105,2021-08-24,2021-08-27,除息
2105,2022-03-25,2022-03-30,股東常會
2105,2022-07-19,2022-07-22,除息
2105,2023-03-24,2023-03-29,股東常會
2105,2023-05-26,2023-05-31,除息
2105,2024-03-22,2024-03-27,股東常會
2105,2024-05-30,2024-06-04,除息
2105,2025-03-20,2025-03-25,股東常會
2105,2025-06-06,2025-06-11,除息
2105,2026-03-20,2026-03-25,股東常會
2105,2026-06-11,2026-06-16,除息
2106,2018-04-02,2018-04-10,股東常會
2106,2018-08-21,2018-08-24,除息
2106,2019-04-03,2019-04-10,股東常會
2106,2019-08-21,2019-08-26,除息
2106,2020-04-10,2020-04-15,股東常會
2106,2020-08-27,2020-09-01,除權息
2106,2021-04-12,2021-04-15,股東常會
2106,2021-08-20,2021-08-25,除息
2106,2022-04-22,2022-04-27,股東常會
2106,2022-08-30,2022-09-02,除息
2106,2023-03-24,2023-03-29,股東常會
2106,2023-07-10,2023-07-13,除權息
2106,2024-03-25,2024-03-28,股東常會
2106,2024-06-11,2024-06-14,除息
2106,2025-03-21,2025-03-26,股東常會
2106,2025-06-11,2025-06-16,除息
2106,2026-03-26,2026-03-31,股東常會
2106,2026-06-15,2026-06-18,除息
2107,2018-03-29,2018-04-02,股東常會
2107,2018-06-21,2018-06-26,除息
2107,2019-03-27,2019-04-01,股東常會
2107,2019-06-18,2019-06-21,除息
2107,2020-04-06,2020-04-09,股東常會
2107,2020-06-29,2020-07-02,除息
2107,2021-04-01,2021-04-08,股東常會
2107,2021-08-18,2021-08-23,除息
2107,2022-03-30,2022-04-06,股東常會
2107,2022-06-27,2022-06-30,除息
2107,2023-03-29,2023-04-06,股東常會
2107,2023-06-29,2023-07-04,除息
2107,2023-09-01,2023-09-06,減資
2107,2024-03-28,2024-04-02,股東常會
2107,2024-06-25,2024-06-28,除息
2107,2025-04-07,2025-04-10,股東常會
2107,2025-06-10,2025-06-13,除息
2107,2026-04-02,2026-04-09,股東常會
2107,2026-06-09,2026-06-12,除息
2108,2018-04-03,2018-04-11,股東常會
2108,2018-07-19,2018-07-24,除權息
2108,2019-04-12,2019-04-17,股東常會
2108,2019-08-02,2019-08-07,除息
2108,2020-04-10,2020-04-15,股東常會
2108,2020-07-07,2020-07-10,除息
2108,2021-03-30,2021-04-06,除息
2108,2021-04-09,2021-04-14,股東常會
2108,2022-03-18,2022-03-23,除息
2108,2023-03-24,2023-03-29,股東常會
2108,2024-03-22,2024-03-27,股東常會
2108,2025-03-20,2025-03-25,股東常會
2108,2026-03-20,2026-03-25,除息
2109,2018-04-20,,股東常會
2109,2019-04-15,,股東常會
2109,2020-04-06,,股東常會
2109,2021-03-12,,減資
2109,2021-04-09,,股東常會
2109,2021-09-14,2021-09-17,除息
2109,2022-04-08,2022-04-13,除息
2109,2022-09-08,2022-09-14,除息
2109,2023-04-10,2023-04-13,股東常會
2109,2023-09-08,2023-09-13,除息
2109,2024-04-12,2024-04-17,股東常會
2109,2024-09-12,2024-09-18,除息
2109,2025-04-07,2025-04-10,除息
2109,2025-09-19,2025-09-24,除息
2109,2026-03-20,2026-03-25,除息
2109,2026-09-21,2026-09-24,除息
2114,2018-04-20,2018-04-25,股東常會
2114,2018-07-06,2018-07-11,除息
2114,2019-04-19,2019-04-24,股東常會
2114,2019-08-19,2019-08-22,除權息
2114,2020-04-16,2020-04-21,股東常會
2114,2020-07-06,2020-07-09,除息
2114,2021-04-16,2021-04-21,股東常會
2114,2021-08-20,2021-08-25,除權息
2114,2022-04-15,2022-04-20,股東常會
2114,2022-07-06,2022-07-11,除息
2114,2023-04-21,2023-04-26,股東常會
2114,2023-07-07,2023-07-12,除息
2114,2024-03-08,2024-03-13,股東常會
2114,2024-05-27,2024-05-30,除息
2114,2025-03-14,2025-03-19,股東常會
2114,2025-06-18,2025-06-23,除息
2114,2026-03-16,2026-03-19,股東常會
2114,2026-06-03,2026-06-08,除息
2115,2018-04-19,2018-04-24,股東常會
2115,2018-07-04,2018-07-09,除息
2115,2019-03-22,2019-03-27,股東常會
2115,2019-07-26,2019-07-31,除權息
2115,2020-03-23,2020-03-26,股東常會
2115,2020-08-19,2020-08-24,除權息
2115,2021-04-16,2021-04-21,股東常會
2115,2021-08-04,2021-08-09,除權息
2115,2022-04-07,2022-04-12,股東常會
2115,2022-06-30,2022-07-05,除息
2115,2023-03-24,2023-03-29,股東常會
2115,2023-06-20,2023-06-27,除息
2115,2024-04-12,2024-04-17,股東常會
2115,2024-07-10,2024-07-15,除權息
2115,2025-03-21,2025-03-26,股東常會
2115,2025-06-11,2025-06-16,除息
2115,2026-03-20,2026-03-25,股東常會
2115,2026-06-11,2026-06-16,除息
2201,2018-04-09,2018-04-12,股東常會
2201,2018-07-12,2018-07-17,除息
2201,2019-04-15,2019-04-18,股東常會
2201,2019-07-17,2019-07-22,除息
2201,2020-04-10,2020-04-15,股東常會
2201,2020-09-29,2020-10-06,減資
2201,2021-04-09,2021-04-14,股東常會
2201,2021-07-28,2021-08-02,除息
2201,2022-04-11,2022-04-14,股東常會
2201,2022-08-19,2022-08-24,除息
2201,2023-03-24,2023-03-29,股東常會
2201,2023-05-31,2023-06-05,現金增資
2201,2023-08-18,2023-08-23,除息
2201,2024-03-22,2024-03-27,股東常會
2201,2024-08-16,2024-08-21,除息
2201,2025-03-21,2025-03-26,股東常會
2201,2025-08-15,2025-08-20,除息
2201,2026-03-20,2026-03-25,股東常會
2201,2026-08-19,2026-08-24,除息
2204,2018-04-20,2018-04-25,股東常會
2204,2018-07-13,2018-07-18,除息
2204,2019-04-19,2019-04-24,股東常會
2204,2019-07-12,2019-07-17,除息
2204,2019-09-20,2019-09-25,減資
2204,2020-04-17,2020-04-22,股東常會
2204,2021-04-16,2021-04-21,股東常會
2204,2021-07-16,2021-07-21,除息
2204,2022-04-15,2022-04-20,股東常會
2204,2022-07-15,2022-07-20,除息
2204,2023-03-24,2023-03-29,股東常會
2204,2023-07-07,2023-07-12,除息
2204,2024-03-25,2024-03-28,股東常會
2204,2024-07-12,2024-07-17,除息
2204,2025-03-21,2025-03-26,股東常會
2204,2025-07-11,2025-07-16,除息
2204,2026-03-23,2026-03-26,股東常會
2204,2026-07-17,2026-07-22,除息
2206,2018-04-13,2018-04-18,股東常會
2206,2018-07-18,2018-07-23,除息
2206,2019-04-22,2019-04-25,股東常會
2206,2019-07-15,2019-07-18,除息
2206,2020-04-17,2020-04-22,股東常會
2206,2020-07-15,2020-07-20,除息
2206,2021-04-16,2021-04-21,股東常會
2206,2021-08-04,2021-08-09,除息
2206,2022-04-15,2022-04-20,股東常會
2206,2022-07-14,2022-07-19,除息
2206,2023-04-21,2023-04-26,股東常會
2206,2023-07-19,2023-07-24,除息
2206,2024-04-19,2024-04-24,股東常會
2206,2024-07-18,2024-07-23,除息
2206,2025-04-18,2025-04-23,股東常會
2206,2025-07-16,2025-07-21,除息
2206,2026-04-20,2026-04-23,股東常會
2206,2026-07-16,2026-07-21,除息
2207,2018-04-13,2018-04-18,股東常會
2207,2018-07-11,2018-07-16,除息
2207,2019-04-12,2019-04-17,股東常會
2207,2019-07-10,2019-07-15,除息
2207,2020-04-13,2020-04-16,股東常會
2207,2020-07-08,2020-07-13,除息
2207,2021-04-16,2021-04-21,股東常會
2207,2021-07-05,2021-07-08,除息
2207,2022-04-15,2022-04-20,股東常會
2207,2022-07-04,2022-07-07,除息
2207,2023-04-21,2023-04-26,股東常會
2207,2023-07-28,2023-08-02,除權息
2207,2024-03-22,2024-03-27,股東常會
2207,2024-06-14,2024-06-19,除息
2207,2025-04-07,2025-04-10,股東常會
2207,2025-06-26,2025-07-01,除息
2207,2026-03-20,2026-03-25,股東常會
2207,2026-06-08,2026-06-11,除息
2208,2018-04-20,,股東常會
2208,2018-07-13,,減資
2208,2018-12-18,2018-12-21,現金增資
2208,2019-04-19,2019-04-24,股東常會
2208,2020-04-10,2020-04-15,股東常會
2208,2021-02-22,2021-02-25,現金增資
2208,2021-04-19,2021-04-22,股東常會
2208,2022-04-15,2022-04-20,股東常會
2208,2023-04-21,2023-04-26,股東常會
2208,2023-12-11,,現金增資
2208,2024-04-19,,股東常會
2208,2025-04-18,,股東常會
2208,2026-04-17,,股東常會
2211,2022-03-31,2022-04-07,股東常會
2211,2022-08-23,2022-08-26,除息
2211,2023-04-14,2023-04-19,股東常會
2211,2023-07-12,2023-07-17,除息
2211,2024-03-21,2024-03-26,股東常會
2211,2024-07-10,2024-07-15,除息
2211,2025-03-21,2025-03-26,股東常會
2211,2025-07-11,2025-07-16,除息
2211,2026-03-20,2026-03-25,股東常會
2211,2026-07-14,2026-07-17,除息
2228,2018-04-03,2018-04-11,股東常會
2228,2018-07-26,2018-07-31,除息
2228,2019-04-12,2019-04-17,股東常會
2228,2019-07-26,2019-07-31,除息
2228,2020-04-17,2020-04-22,股東常會
2228,2020-07-28,2020-07-31,除息
2228,2021-04-16,2021-04-21,股東常會
2228,2021-09-06,2021-09-09,除息
2228,2022-04-18,2022-04-21,股東常會
2228,2022-07-22,2022-07-27,除息
2228,2023-04-14,2023-04-19,股東常會
2228,2023-07-20,2023-07-25,除息
2228,2024-04-15,2024-04-18,股東常會
2228,2024-07-11,2024-07-16,除息
2228,2024-09-10,2024-09-13,現金增資
2228,2025-03-21,2025-03-26,股東常會
2228,2025-07-02,2025-07-07,除息
2228,2026-03-23,2026-03-26,股東常會
2228,2026-07-09,2026-07-14,除息
2231,2018-03-29,2018-04-02,股東常會
2231,2018-07-12,2018-07-17,除權息
2231,2019-01-30,2019-02-13,股東常會
2231,2019-06-11,2019-06-14,除權息
2231,2020-04-01,2020-04-08,股東常會
2231,2020-07-03,2020-07-08,除權息
2231,2021-04-09,2021-04-14,股東常會
2231,2021-09-23,2021-09-28,除息
2231,2022-03-18,2022-03-23,股東常會
2231,2022-06-16,2022-06-21,除息
2231,2022-10-04,2022-10-07,除權
2231,2023-03-17,2023-03-22,股東常會
2231,2023-08-31,2023-09-05,除權息
2231,2024-03-15,2024-03-20,股東常會
2231,2024-06-12,2024-06-17,除息
2231,2025-03-21,2025-03-26,股東常會
2231,2025-06-30,2025-07-03,除息
2231,2026-03-20,2026-03-25,股東常會
2231,2026-08-11,2026-08-14,除息
2233,2018-04-20,2018-04-25,股東常會
2233,2018-09-21,2018-09-27,除權、息
2233,2019-04-11,2019-04-16,股東常會
2233,2019-08-16,2019-08-21,除息
2233,2020-04-17,2020-04-22,股東常會
2233,2020-08-17,2020-08-20,除息
2233,2021-04-16,2021-04-21,股東常會
2233,2021-08-13,2021-08-18,除息
2233,2022-04-22,2022-04-27,股東常會
2233,2022-07-25,2022-07-28,除息
2233,2023-04-21,2023-04-26,股東常會
2233,2023-07-28,2023-08-02,除息
2233,2024-04-03,2024-04-10,股東常會
2233,2024-07-25,2024-07-30,除息
2233,2025-03-21,2025-03-26,股東常會
2233,2025-07-24,2025-07-29,除息
2233,2026-03-20,2026-03-25,股東常會
2233,2026-07-24,2026-07-29,除息
2236,2018-04-20,2018-04-25,股東常會
2236,2018-09-04,2018-09-07,除權息
2236,2019-04-22,2019-04-25,股東常會
2236,2019-09-03,2019-09-06,除權息
2236,2020-04-16,2020-04-21,股東常會
2236,2020-11-18,2020-11-23,除權息
2236,2021-04-22,2021-04-27,股東常會
2236,2021-09-07,2021-09-10,除息
2236,2022-04-14,2022-04-19,股東常會
2236,2022-07-01,2022-07-06,除息
2236,2022-09-12,2022-09-15,除息
2236,2023-04-07,2023-04-12,股東常會
2236,2023-09-12,2023-09-15,現金增資
2236,2023-12-06,2023-12-11,除息
2236,2024-04-19,2024-04-24,股東常會
2236,2024-09-19,2024-09-24,除權息
2236,2025-04-21,2025-04-24,股東常會
2236,2025-10-13,2025-10-16,現金增資
2236,2025-12-04,2025-12-09,除權息
2236,2026-04-23,2026-04-28,股東常會
2239,2018-03-23,2018-03-28,股東常會
2239,2018-06-28,2018-07-03,除息
2239,2019-04-18,2019-04-23,股東常會
2239,2019-10-22,2019-10-25,除息
2239,2020-04-13,2020-04-16,股東常會
2239,2020-08-14,2020-08-19,除息
2239,2021-04-09,2021-04-14,股東常會
2239,2021-09-16,2021-09-23,除息
2239,2022-04-18,2022-04-21,股東常會
2239,2022-07-15,2022-07-20,除息
2239,2023-04-21,2023-04-26,股東常會
2239,2023-07-19,2023-07-24,除息
2239,2024-04-03,2024-04-10,股東常會
2239,2024-07-04,2024-07-09,除息
2239,2025-04-18,2025-04-23,股東常會
2239,2026-04-10,2026-04-15,股東常會
2241,2021-03-19,2021-03-24,股東常會
2241,2021-08-16,2021-08-19,除息
2241,2022-03-18,2022-03-23,股東常會
2241,2023-03-17,2023-03-22,股東常會
2241,2023-11-14,2023-11-17,現金增資
2241,2024-03-15,2024-03-20,股東常會
2241,2025-03-14,2025-03-19,股東常會
2241,2026-03-20,2026-03-25,股東常會
2243,2018-07-12,2018-07-17,除息
2243,2019-04-19,2019-04-24,股東常會
2243,2020-04-09,2020-04-14,股東常會
2243,2021-04-22,2021-04-27,股東常會
2243,2022-04-22,2022-04-27,股東常會
2243,2023-01-12,2023-01-17,現金增資
2243,2023-04-21,2023-04-26,股東常會
2243,2024-04-22,,股東常會
2243,2025-03-17,2025-03-20,股東常會
2243,2026-03-19,,股東常會
2247,2021-09-06,2021-09-09,除息
2247,2022-04-11,2022-04-14,股東常會
2247,2022-06-29,2022-07-04,除息
2247,2023-04-10,2023-04-13,股東常會
2247,2023-06-12,2023-06-15,除息
2247,2024-04-15,2024-04-18,股東常會
2247,2024-06-18,2024-06-21,除息
2247,2025-04-07,2025-04-10,股東常會
2247,2025-07-22,2025-07-25,除息
2247,2026-01-02,2026-01-07,除息
2247,2026-04-02,2026-04-09,股東常會
2247,2026-07-10,2026-07-15,除息
2248,2026-04-02,2026-04-09,股東常會
2248,2026-07-07,2026-07-10,除息
2250,2022-04-18,2022-04-21,股東常會
2250,2022-07-22,2022-07-27,除息
2250,2023-04-21,2023-04-26,股東常會
2250,2023-08-24,2023-08-29,除息
2250,2024-01-17,2024-01-22,現金增資
2250,2024-04-19,2024-04-24,股東常會
2250,2024-08-29,2024-09-03,除息
2250,2025-04-23,2025-04-28,股東常會
2250,2025-08-19,2025-08-22,除權息
2250,2026-04-20,2026-04-23,股東常會
2250,2026-08-24,2026-08-27,除息
2254,2025-03-07,2025-03-12,股東常會
2254,2026-03-20,2026-03-25,股東常會
2301,2018-04-16,2018-04-19,股東常會
2301,2018-08-06,2018-08-09,除息
2301,2019-04-15,2019-04-18,股東常會
2301,2019-07-16,2019-07-19,除息
2301,2020-04-09,2020-04-14,股東常會
2301,2020-06-17,2020-06-22,除息
2301,2021-03-25,2021-03-30,股東常會
2301,2021-06-23,2021-06-28,除息
2301,2021-08-10,2021-08-13,除息
2301,2022-03-14,2022-03-17,除息
2301,2022-08-10,2022-08-15,除息
2301,2023-03-10,2023-03-15,股東常會
2301,2023-08-10,2023-08-15,除息
2301,2024-03-21,2024-03-26,股東常會
2301,2024-08-13,2024-08-16,除息
2301,2025-03-14,2025-03-19,股東常會
2301,2025-08-13,2025-08-18,除息
2301,2026-03-13,2026-03-18,股東常會
2301,2026-08-13,2026-08-18,除息
2302,2018-04-20,,股東常會
2302,2019-04-15,,股東常會
2302,2020-04-17,,股東常會
2302,2021-04-16,2021-04-21,股東常會
2302,2021-11-24,2021-11-29,除息
2302,2022-04-15,2022-04-20,股東常會
2302,2022-07-15,2022-07-20,除息
2302,2023-04-10,2023-04-13,股東常會
2302,2023-07-05,2023-07-10,除息
2302,2024-04-19,2024-04-24,股東常會
2302,2024-07-08,2024-07-11,除息
2302,2025-03-21,2025-03-26,股東常會
2302,2025-06-11,2025-06-16,除息
2302,2026-03-16,2026-03-19,股東常會
2302,2026-06-25,2026-06-30,除息
2303,2018-04-03,2018-04-11,股東常會
2303,2018-07-04,2018-07-09,除息
2303,2019-04-03,2019-04-10,股東常會
2303,2019-07-10,2019-07-15,除息
2303,2020-04-01,2020-04-08,股東常會
2303,2020-07-09,2020-07-14,除息
2303,2021-03-31,2021-04-07,股東常會
2303,2021-07-16,2021-07-21,除息
2303,2022-03-21,2022-03-24,股東常會
2303,2022-06-16,2022-06-21,除息
2303,2023-03-24,2023-03-29,股東常會
2303,2023-06-19,2023-06-26,除息
2303,2024-03-22,2024-03-27,股東常會
2303,2024-06-26,2024-07-01,除息
2303,2025-03-21,2025-03-26,股東常會
2303,2025-06-18,2025-06-23,除息
2303,2026-03-20,2026-03-25,股東常會
2303,2026-07-02,2026-07-07,除息
2305,2018-03-16,2018-03-21,股東常會
2305,2019-03-22,2019-03-27,股東常會
2305,2020-03-20,2020-03-25,股東常會
2305,2021-03-19,2021-03-24,股東常會
2305,2022-03-18,2022-03-23,股東常會
2305,2023-03-24,2023-03-29,股東常會
2305,2024-03-21,2024-03-26,股東常會
2305,2025-03-21,2025-03-26,股東常會
2305,2026-03-20,2026-03-25,股東常會
2308,2018-04-02,2018-04-10,股東常會
2308,2018-06-26,2018-06-29,除息
2308,2019-04-02,2019-04-09,股東常會
2308,2019-06-26,2019-07-01,除息
2308,2020-04-01,2020-04-08,股東常會
2308,2020-06-24,2020-07-01,除息
2308,2021-04-01,2021-04-08,股東常會
2308,2021-07-14,2021-07-19,除息
2308,2022-04-08,2022-04-13,股東常會
2308,2022-06-23,2022-06-28,除息
2308,2023-04-07,2023-04-12,股東常會
2308,2023-06-26,2023-06-29,除息
2308,2024-03-22,2024-03-27,股東常會
2308,2024-06-12,2024-06-17,除息
2308,2025-03-21,2025-03-26,股東常會
2308,2025-06-11,2025-06-16,除息
2308,2026-03-20,2026-03-25,股東常會
2308,2026-06-11,2026-06-16,除息
2312,2018-04-02,2018-04-10,股東常會
2312,2018-06-28,2018-07-03,除息
2312,2019-04-18,2019-04-23,股東常會
2312,2019-07-03,2019-07-08,除息
2312,2020-04-16,2020-04-21,股東常會
2312,2020-07-03,2020-07-08,除息
2312,2021-04-16,2021-04-21,股東常會
2312,2021-06-16,2021-06-21,除息
2312,2022-04-21,2022-04-26,股東常會
2312,2022-07-27,2022-08-01,除息
2312,2023-03-24,2023-03-29,股東常會
2312,2023-06-20,2023-06-27,除息
2312,2024-03-27,2024-04-01,股東常會
2312,2024-06-28,2024-07-03,除息
2312,2025-03-26,2025-03-31,股東常會
2312,2025-06-25,2025-06-30,除息
2312,2026-03-19,2026-03-24,股東常會
2312,2026-06-16,2026-06-22,除息
2313,2018-04-03,2018-04-11,股東常會
2313,2018-07-04,2018-07-09,除息
2313,2019-04-03,2019-04-10,股東常會
2313,2019-07-05,2019-07-10,除息
2313,2020-04-10,2020-04-15,股東常會
2313,2020-07-03,2020-07-08,除息
2313,2021-03-31,2021-04-07,股東常會
2313,2021-07-02,2021-07-07,除息
2313,2022-03-30,2022-04-06,除息
2313,2023-04-07,2023-04-12,股東常會
2313,2024-03-22,2024-03-27,股東常會
2313,2024-05-28,2024-05-31,除息
2313,2025-03-21,2025-03-26,股東常會
2313,2025-05-27,2025-06-02,除息
2313,2026-03-20,2026-03-25,股東常會
2313,2026-05-27,2026-06-01,除息
2313,2026-06-15,2026-06-18,現金增資
2314,2018-04-13,2018-04-18,股東常會
2314,2018-07-04,2018-07-09,除息
2314,2019-04-12,2019-04-17,股東常會
2314,2019-07-03,2019-07-08,除息
2314,2020-04-10,2020-04-15,股東常會
2314,2021-04-09,2021-04-14,股東常會
2314,2022-01-26,,現金增資
2314,2022-04-08,,股東常會
2314,2023-04-07,,股東常會
2314,2023-11-17,,現金增資
2314,2024-04-03,,股東常會
2314,2025-04-11,,股東常會
2314,2025-10-01,,減資
2314,2026-04-20,,股東常會
2316,2018-04-03,2018-04-11,股東常會
2316,2019-04-12,2019-04-17,股東常會
2316,2019-06-28,2019-07-03,除息
2316,2019-09-20,2019-09-25,減資
2316,2020-04-10,2020-04-15,股東常會
2316,2020-07-07,2020-07-10,除息
2316,2020-09-18,2020-09-23,減資
2316,2021-04-09,2021-04-14,股東常會
2316,2021-08-24,2021-08-27,除息
2316,2022-04-08,2022-04-13,股東常會
2316,2022-07-06,2022-07-11,除息
2316,2023-04-10,2023-04-13,股東常會
2316,2023-07-06,2023-07-11,除息
2316,2024-04-12,2024-04-17,股東常會
2316,2024-07-02,2024-07-05,除息
2316,2025-04-11,2025-04-16,股東常會
2316,2025-07-04,2025-07-09,除息
2316,2026-04-02,2026-04-09,股東常會
2316,2026-07-07,2026-07-10,除息
2317,2018-04-16,2018-04-19,股東常會
2317,2018-07-19,2018-07-24,除息
2317,2018-10-12,2018-10-17,減資
2317,2019-04-15,2019-04-18,股東常會
2317,2019-07-19,2019-07-24,除息
2317,2020-04-17,2020-04-22,股東常會
2317,2020-07-17,2020-07-22,除息
2317,2021-04-16,2021-04-21,股東常會
2317,2021-07-16,2021-07-21,除息
2317,2022-03-25,2022-03-30,股東常會
2317,2022-06-28,2022-07-01,除息
2317,2023-03-24,2023-03-29,股東常會
2317,2023-06-28,2023-07-03,除息
2317,2024-03-25,2024-03-28,股東常會
2317,2024-06-26,2024-07-01,除息
2317,2025-03-21,2025-03-26,股東常會
2317,2025-06-26,2025-07-01,除息
2317,2026-03-23,2026-03-26,股東常會
2317,2026-06-26,2026-07-01,除息
2321,2018-04-03,,股東常會
2321,2018-10-19,,減資
2321,2019-04-03,,股東常會
2321,2020-04-10,,股東常會
2321,2020-09-29,,減資
2321,2021-03-18,,股東常會
2321,2022-04-08,,股東常會
2321,2023-02-03,,減資
2321,2023-04-10,,股東常會
2321,2024-04-12,,股東常會
2321,2025-04-11,,股東常會
2321,2026-03-20,,股東常會
2321,2026-09-04,,減資
2323,2018-04-03,2018-04-11,股東常會
2323,2019-03-27,2019-04-01,股東常會
2323,2019-09-12,2019-09-18,減資
2323,2020-04-10,2020-04-15,股東常會
2323,2020-07-13,2020-07-16,除息
2323,2021-04-12,2021-04-15,股東常會
2323,2021-08-31,2021-09-03,除息
2323,2022-04-11,2022-04-14,股東常會
2323,2022-10-07,2022-10-13,減資
2323,2023-04-07,2023-04-12,股東常會
2323,2024-04-08,2024-04-11,股東常會
2323,2024-08-29,2024-09-03,除息
2323,2025-04-02,2025-04-09,股東常會
2323,2025-08-29,2025-09-03,除息
2323,2026-04-01,2026-04-08,股東常會
2323,2026-09-23,2026-09-30,減資
2324,2018-04-16,2018-04-19,股東常會
2324,2018-07-17,2018-07-20,除息
2324,2019-04-15,2019-04-18,股東常會
2324,2019-07-09,2019-07-12,除息
2324,2020-04-13,2020-04-16,股東常會
2324,2020-07-13,2020-07-16,除息
2324,2021-04-19,2021-04-22,除息
2324,2022-04-18,2022-04-21,除息
2324,2023-04-14,2023-04-19,股東常會
2324,2024-03-25,2024-03-28,股東常會
2324,2025-03-21,2025-03-26,股東常會
2324,2026-03-23,2026-03-26,股東常會
2327,2018-03-28,2018-03-31,股東常會
2327,2018-07-03,2018-07-06,除權息
2327,2019-03-27,2019-04-01,股東常會
2327,2019-08-20,2019-08-23,除息
2327,2020-03-26,2020-03-31,股東常會
2327,2020-06-16,2020-06-19,除息
2327,2021-03-25,2021-03-30,股東常會
2327,2021-07-27,2021-07-30,除息
2327,2022-03-30,2022-04-06,股東常會
2327,2022-06-28,2022-07-01,除息
2327,2022-10-14,2022-10-19,減資
2327,2023-03-28,2023-03-31,股東常會
2327,2023-06-29,2023-07-04,除息
2327,2024-03-22,2024-03-27,股東常會
2327,2024-06-21,2024-06-26,除息
2327,2024-08-09,2024-08-14,除權
2327,2025-03-21,2025-03-26,股東常會
2327,2025-06-09,2025-06-12,除息
2327,2025-08-08,2025-08-13,變更面額
2327,2026-03-20,2026-03-25,股東常會
2327,2026-06-08,2026-06-11,除息
2328,2018-03-29,2018-04-02,股東常會
2328,2018-08-23,2018-08-28,除息
2328,2019-04-08,2019-04-11,股東常會
2328,2019-08-23,2019-08-28,除息
2328,2020-04-06,2020-04-09,股東常會
2328,2020-08-25,2020-08-28,除息
2328,2021-04-01,2021-04-08,股東常會
2328,2021-08-24,2021-08-27,除息
2328,2022-04-08,2022-04-13,股東常會
2328,2022-08-24,2022-08-29,除息
2328,2023-03-29,2023-04-06,股東常會
2328,2023-08-21,2023-08-24,除息
2328,2024-03-25,2024-03-28,股東常會
2328,2024-08-26,2024-08-29,除息
2328,2025-03-20,2025-03-25,股東常會
2328,2025-06-23,2025-06-26,除息
2328,2026-03-20,2026-03-25,股東常會
2328,2026-06-24,2026-06-29,除息
2329,2018-04-23,,股東常會
2329,2018-11-16,,減資
2329,2019-04-12,,股東常會
2329,2020-04-10,2020-04-15,股東常會
2329,2020-08-26,2020-08-31,除息
2329,2021-03-22,2021-03-25,股東常會
2329,2022-03-31,2022-04-07,股東常會
2329,2022-07-15,2022-07-20,除息
2329,2023-03-29,2023-04-06,股東常會
2329,2023-06-21,2023-06-28,除息
2329,2024-03-28,2024-04-02,股東常會
2329,2024-06-20,2024-06-25,除息
2329,2025-03-21,2025-03-26,股東常會
2329,2025-06-20,2025-06-25,除息
2329,2026-03-23,2026-03-26,股東常會
2329,2026-06-05,2026-06-10,除息
2330,2018-03-28,2018-03-31,股東常會
2330,2018-06-19,2018-06-22,除息
2330,2019-03-27,2019-04-01,股東常會
2330,2019-06-18,2019-06-21,除息
2330,2019-09-12,2019-09-18,除息
2330,2019-12-13,2019-12-18,除息
2330,2020-03-13,2020-03-18,除息
2330,2020-04-01,2020-04-08,股東常會
2330,2020-06-12,2020-06-17,除息
2330,2020-09-11,2020-09-16,除息
2330,2020-12-11,2020-12-16,除息
2330,2021-03-11,2021-03-16,除息
2330,2021-03-31,2021-04-07,股東常會
2330,2021-06-10,2021-06-16,除息
2330,2021-09-10,2021-09-15,除息
2330,2021-12-10,2021-12-15,除息
2330,2022-03-10,2022-03-15,除息
2330,2022-03-30,2022-04-06,股東常會
2330,2022-06-10,2022-06-15,除息
2330,2022-09-08,2022-09-14,除息
2330,2022-12-09,2022-12-14,除息
2330,2023-03-10,2023-03-15,除息
2330,2023-03-28,2023-03-31,股東常會
2330,2023-06-09,2023-06-14,除息
2330,2023-09-08,2023-09-13,除息
2330,2023-12-08,2023-12-13,除息
2330,2024-03-12,2024-03-15,除息
2330,2024-03-27,2024-04-01,股東常會
2330,2024-06-06,2024-06-12,除息
2330,2024-09-06,2024-09-11,除息
2330,2024-12-06,2024-12-11,除息
2330,2025-03-12,2025-03-17,除息
2330,2025-03-26,2025-03-31,股東常會
2330,2025-06-06,2025-06-11,除息
2330,2025-09-10,2025-09-15,除息
2330,2025-12-05,2025-12-10,除息
2330,2026-03-11,2026-03-16,除息
2330,2026-03-26,2026-03-31,股東常會
2330,2026-06-05,2026-06-10,除息
2330,2026-09-10,2026-09-15,除息
2331,2018-04-19,2018-04-24,股東常會
2331,2018-07-06,2018-07-11,除息
2331,2019-04-12,2019-04-17,股東常會
2331,2020-04-16,2020-04-21,股東常會
2331,2021-04-16,2021-04-21,股東常會
2331,2021-09-06,2021-09-09,除息
2331,2022-04-15,2022-04-20,股東常會
2331,2023-03-24,2023-03-29,股東常會
2331,2024-03-22,2024-03-27,股東常會
2331,2024-07-23,2024-07-26,除息
2331,2025-03-21,2025-03-26,股東常會
2331,2025-07-30,2025-08-04,除息
2331,2026-03-20,2026-03-25,股東常會
2332,2018-04-16,2018-04-19,股東常會
2332,2019-04-15,2019-04-18,股東常會
2332,2019-07-30,2019-08-02,除息
2332,2020-04-09,2020-04-14,股東常會
2332,2021-04-12,2021-04-15,股東常會
2332,2021-07-23,2021-07-28,除息
2332,2021-11-05,2021-11-10,減資
2332,2022-03-21,2022-03-24,股東常會
2332,2022-07-21,2022-07-26,除息
2332,2023-03-24,2023-03-29,股東常會
2332,2023-07-06,2023-07-11,除息
2332,2024-03-22,2024-03-27,股東常會
2332,2024-05-23,2024-05-28,除息
2332,2025-03-21,2025-03-26,股東常會
2332,2025-05-21,2025-05-26,除息
2332,2026-03-19,2026-03-24,股東常會
2337,2018-04-03,2018-04-11,股東常會
2337,2018-08-20,2018-08-23,除權息
2337,2019-04-12,2019-04-17,股東常會
2337,2019-08-05,2019-08-08,除息
2337,2020-03-20,2020-03-25,股東常會
2337,2020-07-20,2020-07-23,除息
2337,2021-03-22,2021-03-25,股東常會
2337,2021-09-02,2021-09-07,除息
2337,2022-03-21,2022-03-24,股東常會
2337,2022-07-07,2022-07-12,除息
2337,2023-03-17,2023-03-22,股東常會
2337,2023-06-14,2023-06-19,除息
2337,2024-03-22,2024-03-27,股東常會
2337,2024-06-18,2024-06-21,除息
2337,2025-03-17,2025-03-20,股東常會
2337,2026-03-20,2026-03-25,股東常會
2338,2018-04-03,2018-04-11,股東常會
2338,2019-04-03,2019-04-10,股東常會
2338,2019-08-19,2019-08-22,除息
2338,2020-04-01,2020-04-08,股東常會
2338,2020-07-03,2020-07-08,除息
2338,2021-03-25,2021-03-30,股東常會
2338,2021-07-21,2021-07-26,除息
2338,2022-03-18,2022-03-23,股東常會
2338,2022-08-11,2022-08-16,除息
2338,2023-03-17,2023-03-22,股東常會
2338,2023-07-14,2023-07-19,除息
2338,2024-03-21,2024-03-26,股東常會
2338,2024-08-27,2024-08-30,除息
2338,2025-03-21,2025-03-26,股東常會
2338,2026-02-03,2026-02-06,現金增資
2338,2026-04-10,2026-04-15,股東常會
2340,2018-04-13,2018-04-18,股東常會
2340,2018-07-16,2018-07-19,除息
2340,2019-04-03,2019-04-10,股東常會
2340,2019-06-25,2019-06-28,除息
2340,2019-09-05,2019-09-10,減資
2340,2020-04-10,2020-04-15,股東常會
2340,2021-02-19,2021-02-24,股東常會
2340,2021-04-16,2021-04-21,股東常會
2340,2021-06-18,2021-06-23,除息
2340,2022-04-15,2022-04-20,股東常會
2340,2022-07-15,2022-07-20,除息
2340,2023-04-14,2023-04-19,股東常會
2340,2023-07-12,2023-07-17,除息
2340,2024-03-22,2024-03-27,股東常會
2340,2024-07-05,2024-07-10,除息
2340,2025-04-11,2025-04-16,股東常會
2340,2026-04-17,2026-04-22,股東常會
2342,2018-04-03,,股東常會
2342,2018-11-09,2018-11-14,現金增資
2342,2019-04-03,2019-04-10,股東常會
2342,2019-09-17,2019-09-20,除息
2342,2020-04-10,2020-04-15,股東常會
2342,2021-04-01,2021-04-08,股東常會
2342,2021-09-27,2021-09-30,除息
2342,2022-03-11,2022-03-16,股東常會
2342,2022-07-29,2022-08-03,除息
2342,2023-01-17,2023-02-01,除息
2342,2023-03-17,2023-03-22,股東常會
2342,2023-07-28,2023-08-02,除息
2342,2024-03-15,2024-03-20,股東常會
2342,2025-03-14,2025-03-19,股東常會
2342,2025-07-25,2025-07-30,除息
2342,2026-03-13,2026-03-18,股東常會
2344,2018-04-02,2018-04-10,股東常會
2344,2018-08-08,2018-08-13,除息
2344,2019-04-08,2019-04-11,股東常會
2344,2019-07-05,2019-07-10,除息
2344,2020-04-06,2020-04-09,股東常會
2344,2020-06-24,2020-07-01,除息
2344,2021-04-16,2021-04-21,股東常會
2344,2021-07-07,2021-07-12,除息
2344,2022-03-25,2022-03-30,股東常會
2344,2022-06-10,2022-06-15,除息
2344,2023-03-24,2023-03-29,股東常會
2344,2023-09-14,2023-09-19,除息
2344,2023-10-06,2023-10-13,現金增資
2344,2024-03-01,2024-03-06,股東常會
2344,2024-06-26,2024-07-01,現金增資
2344,2025-03-21,2025-03-26,股東常會
2344,2026-03-23,2026-03-26,股東常會
2345,2018-04-03,2018-04-11,股東常會
2345,2018-07-05,2018-07-10,除息
2345,2019-04-03,2019-04-10,股東常會
2345,2019-07-05,2019-07-10,除息
2345,2020-04-10,2020-04-15,股東常會
2345,2020-07-17,2020-07-22,除息
2345,2021-04-09,2021-04-14,股東常會
2345,2021-08-03,2021-08-06,除息
2345,2022-04-08,2022-04-13,股東常會
2345,2022-07-29,2022-08-03,除息
2345,2023-04-07,2023-04-12,股東常會
2345,2023-07-27,2023-08-01,除息
2345,2024-04-03,2024-04-10,股東常會
2345,2024-07-25,2024-07-30,除息
2345,2025-04-02,2025-04-09,股東常會
2345,2025-07-24,2025-07-29,除息
2345,2026-04-01,2026-04-08,股東常會
2345,2026-07-24,2026-07-29,除息
2347,2018-04-03,2018-04-11,股東常會
2347,2018-08-16,2018-08-21,除息
2347,2019-03-27,2019-04-01,股東常會
2347,2019-08-19,2019-08-22,除息
2347,2020-04-06,2020-04-09,股東常會
2347,2020-06-10,2020-06-15,除息
2347,2021-03-25,2021-03-30,股東常會
2347,2021-06-02,2021-06-07,除息
2347,2022-03-24,2022-03-29,股東常會
2347,2022-06-02,2022-06-08,除息
2347,2023-03-24,2023-03-29,股東常會
2347,2023-06-01,2023-06-06,除息
2347,2024-03-25,2024-03-28,股東常會
2347,2024-06-18,2024-06-21,除息
2347,2025-03-21,2025-03-26,股東常會
2347,2025-06-17,2025-06-20,除息
2347,2026-03-23,2026-03-26,股東常會
2347,2026-07-07,2026-07-10,除息
2348,2018-04-13,2018-04-18,股東常會
2348,2018-07-09,2018-07-12,除息
2348,2019-04-11,2019-04-16,股東常會
2348,2019-07-24,2019-07-29,除息
2348,2020-04-06,2020-04-09,股東常會
2348,2020-07-07,2020-07-10,除息
2348,2021-04-01,2021-04-08,股東常會
2348,2021-07-26,2021-07-29,除權息
2348,2022-04-11,2022-04-14,股東常會
2348,2022-07-27,2022-08-01,除權息
2348,2023-04-10,2023-04-13,股東常會
2348,2023-07-12,2023-07-17,除息
2348,2024-04-12,2024-04-17,股東常會
2348,2024-07-24,2024-07-29,除權息
2348,2025-04-10,2025-04-15,股東常會
2348,2025-07-09,2025-07-14,除息
2348,2026-04-10,2026-04-15,股東常會
2348,2026-07-29,2026-08-03,除權息
2349,2018-04-03,,股東常會
2349,2018-08-31,,減資
2349,2019-04-12,,股東常會
2349,2020-04-10,,股東常會
2349,2020-09-23,,減資
2349,2021-04-12,,股東常會
2349,2022-04-08,,股東常會
2349,2023-04-13,,股東常會
2349,2024-04-18,,股東常會
2349,2025-04-11,,股東常會
2349,2026-04-10,,股東常會
2351,2018-04-16,2018-04-19,股東常會
2351,2018-07-25,2018-07-30,除息
2351,2019-04-15,2019-04-18,股東常會
2351,2019-07-25,2019-07-30,除息
2351,2020-04-17,2020-04-22,股東常會
2351,2020-07-24,2020-07-29,除息
2351,2021-04-16,2021-04-21,股東常會
2351,2021-09-10,2021-09-15,除息
2351,2022-03-21,2022-03-24,股東常會
2351,2022-07-28,2022-08-02,除息
2351,2023-03-24,2023-03-29,股東常會
2351,2023-07-28,2023-08-02,除息
2351,2024-03-22,2024-03-27,股東常會
2351,2024-07-26,2024-07-31,除息
2351,2025-03-21,2025-03-26,股東常會
2351,2025-07-25,2025-07-30,除息
2351,2026-03-13,2026-03-18,股東常會
2351,2026-07-29,2026-08-03,除息
2352,2018-04-13,2018-04-18,股東常會
2352,2018-07-27,2018-08-01,除息
2352,2019-04-15,2019-04-18,股東常會
2352,2019-07-18,2019-07-23,除息
2352,2020-04-13,2020-04-16,股東常會
2352,2020-07-17,2020-07-22,除息
2352,2021-04-16,2021-04-21,股東常會
2352,2021-07-16,2021-07-21,除息
2352,2022-03-24,2022-03-29,股東常會
2352,2022-07-22,2022-07-27,除息
2352,2023-03-23,2023-03-28,股東常會
2352,2023-07-14,2023-07-19,除息
2352,2024-03-22,2024-03-27,股東常會
2352,2024-07-19,2024-07-24,除息
2352,2025-03-21,2025-03-26,股東常會
2352,2025-07-18,2025-07-23,除息
2352,2025-09-19,2025-09-24,減資
2352,2026-03-23,2026-03-26,股東常會
2352,2026-07-17,2026-07-22,除息
2353,2018-04-09,2018-04-12,股東常會
2353,2018-06-29,2018-07-04,除息
2353,2019-04-08,2019-04-11,股東常會
2353,2019-06-28,2019-07-03,除息
2353,2020-04-06,2020-04-09,股東常會
2353,2020-06-24,2020-07-01,除息
2353,2021-04-01,2021-04-08,股東常會
2353,2021-06-24,2021-06-29,除息
2353,2022-03-31,2022-04-07,股東常會
2353,2022-06-24,2022-06-29,除息
2353,2023-03-28,2023-03-31,股東常會
2353,2023-06-21,2023-06-28,除息
2353,2024-03-25,2024-03-28,股東常會
2353,2024-06-14,2024-06-19,除息
2353,2025-03-21,2025-03-26,股東常會
2353,2025-06-13,2025-06-18,除息
2353,2026-03-23,2026-03-26,股東常會
2353,2026-06-11,2026-06-16,除息
2354,2018-04-16,2018-04-19,股東常會
2354,2018-07-19,2018-07-24,除息
2354,2019-04-15,2019-04-18,股東常會
2354,2019-07-19,2019-07-24,除息
2354,2020-04-17,2020-04-22,股東常會
2354,2020-07-17,2020-07-22,除息
2354,2021-04-16,2021-04-21,股東常會
2354,2021-07-16,2021-07-21,除息
2354,2022-03-25,2022-03-30,股東常會
2354,2022-06-28,2022-07-01,除息
2354,2023-03-24,2023-03-29,股東常會
2354,2023-06-28,2023-07-03,除息
2354,2024-03-25,2024-03-28,股東常會
2354,2024-06-26,2024-07-01,除息
2354,2025-03-21,2025-03-26,股東常會
2354,2025-06-26,2025-07-01,除息
2354,2026-03-23,2026-03-26,股東常會
2354,2026-06-26,2026-07-01,除息
2355,2018-04-23,2018-04-26,股東常會
2355,2018-07-25,2018-07-30,除息
2355,2019-04-19,2019-04-24,股東常會
2355,2019-07-24,2019-07-29,除息
2355,2020-04-17,2020-04-22,股東常會
2355,2020-07-22,2020-07-27,除息
2355,2021-04-16,2021-04-21,股東常會
2355,2021-08-23,2021-08-26,除息
2355,2022-04-18,2022-04-21,股東常會
2355,2022-07-20,2022-07-25,除息
2355,2023-04-21,2023-04-26,股東常會
2355,2023-07-19,2023-07-24,除息
2355,2024-04-19,2024-04-24,股東常會
2355,2024-07-23,2024-07-26,除息
2355,2025-04-18,2025-04-23,股東常會
2355,2025-07-08,2025-07-11,除息
2355,2026-04-17,2026-04-22,股東常會
2355,2026-07-15,2026-07-20,除息
2356,2018-04-03,2018-04-11,股東常會
2356,2018-07-06,2018-07-11,除息
2356,2019-04-08,2019-04-11,股東常會
2356,2019-07-05,2019-07-10,除息
2356,2020-04-06,2020-04-09,股東常會
2356,2020-07-09,2020-07-14,除息
2356,2021-04-12,2021-04-15,股東常會
2356,2021-07-09,2021-07-14,除息
2356,2022-04-08,2022-04-13,股東常會
2356,2022-07-08,2022-07-13,除息
2356,2023-04-07,2023-04-12,股東常會
2356,2023-07-06,2023-07-11,除息
2356,2024-04-03,2024-04-10,股東常會
2356,2024-07-05,2024-07-10,除息
2356,2025-03-21,2025-03-26,股東常會
2356,2025-07-04,2025-07-09,除息
2356,2026-03-20,2026-03-25,股東常會
2356,2026-07-09,2026-07-14,除息
2357,2018-04-03,2018-04-11,股東常會
2357,2018-06-27,2018-07-02,除息
2357,2019-04-12,2019-04-17,股東常會
2357,2019-07-02,2019-07-05,除息
2357,2020-04-01,2020-04-08,股東常會
2357,2020-06-18,2020-06-23,除息
2357,2021-03-31,2021-04-07,股東常會
2357,2021-07-27,2021-07-30,除息
2357,2022-03-30,2022-04-06,股東常會
2357,2022-07-25,2022-07-28,除息
2357,2023-03-29,2023-04-06,股東常會
2357,2023-06-28,2023-07-03,除息
2357,2024-04-03,2024-04-10,股東常會
2357,2024-06-27,2024-07-02,除息
2357,2025-03-21,2025-03-26,股東常會
2357,2025-06-20,2025-06-25,除息
2357,2026-03-23,2026-03-26,股東常會
2357,2026-06-25,2026-06-30,除息
2359,2018-03-28,2018-03-31,股東常會
2359,2018-06-14,2018-06-20,除息
2359,2019-04-03,2019-04-10,股東常會
2359,2019-06-21,2019-06-26,除息
2359,2020-03-25,2020-03-30,股東常會
2359,2020-06-16,2020-06-19,除息
2359,2021-03-30,2021-04-06,股東常會
2359,2021-06-22,2021-06-25,除息
2359,2022-03-30,2022-04-06,股東常會
2359,2022-07-01,2022-07-06,除息
2359,2023-03-29,2023-04-06,股東常會
2359,2023-07-04,2023-07-07,除息
2359,2024-03-28,2024-04-02,股東常會
2359,2024-07-04,2024-07-09,除息
2359,2025-04-02,2025-04-09,股東常會
2359,2025-07-04,2025-07-09,除息
2359,2026-04-01,2026-04-08,股東常會
2359,2026-07-07,2026-07-10,除息
2360,2018-03-29,2018-04-02,股東常會
2360,2018-07-09,2018-07-12,除息
2360,2019-04-12,2019-04-17,股東常會
2360,2019-07-22,2019-07-25,除息
2360,2020-04-01,2020-04-08,股東常會
2360,2020-07-20,2020-07-23,除息
2360,2021-03-31,2021-04-07,股東常會
2360,2021-06-17,2021-06-22,除息
2360,2022-03-30,2022-04-06,股東常會
2360,2022-07-19,2022-07-22,除息
2360,2023-03-29,2023-04-06,股東常會
2360,2023-07-03,2023-07-06,除息
2360,2024-03-27,2024-04-01,股東常會
2360,2024-06-05,2024-06-11,除息
2360,2025-04-02,2025-04-09,股東常會
2360,2025-06-16,2025-06-19,除息
2360,2026-03-23,2026-03-26,股東常會
2360,2026-06-11,2026-06-16,除息
2362,2018-04-09,2018-04-12,股東常會
2362,2018-07-03,2018-07-06,除息
2362,2019-04-12,2019-04-17,股東常會
2362,2019-06-27,2019-07-02,除息
2362,2020-04-13,2020-04-16,股東常會
2362,2020-07-03,2020-07-08,除息
2362,2021-04-09,2021-04-14,股東常會
2362,2021-07-14,2021-07-19,除息
2362,2022-04-08,2022-04-13,股東常會
2362,2022-06-20,2022-06-23,除息
2362,2023-03-24,2023-03-29,股東常會
2362,2023-06-14,2023-06-19,除息
2362,2024-03-25,2024-03-28,股東常會
2362,2024-06-13,2024-06-18,除息
2362,2025-03-21,2025-03-26,股東常會
2362,2025-06-18,2025-06-23,除息
2362,2026-03-23,2026-03-26,股東常會
2362,2026-06-18,2026-06-24,除息
2363,2018-03-29,2018-04-02,股東常會
2363,2019-04-15,2019-04-18,股東常會
2363,2020-04-06,2020-04-09,股東常會
2363,2020-09-17,2020-09-22,除權息
2363,2021-03-31,2021-04-07,股東常會
2363,2021-08-25,2021-08-30,除權息
2363,2022-04-15,2022-04-20,股東常會
2363,2022-08-18,2022-08-23,除權息
2363,2023-03-28,2023-03-31,股東常會
2363,2023-07-03,2023-07-06,除息
2363,2024-03-21,2024-03-26,股東常會
2363,2024-06-25,2024-06-28,除息
2363,2024-07-15,2024-07-18,減資
2363,2025-03-14,2025-03-19,股東常會
2363,2025-07-24,2025-07-29,除息
2363,2026-03-20,2026-03-25,股東常會
2363,2026-08-13,2026-08-18,除息
2364,2018-04-02,,股東常會
2364,2019-04-03,,股東常會
2364,2020-04-23,,股東常會
2364,2021-03-25,,股東常會
2364,2021-09-24,,減資
2364,2022-03-31,,股東常會
2364,2022-08-31,2022-09-05,除息
2364,2023-04-07,2023-04-12,股東常會
2364,2023-10-06,2023-10-13,除權
2364,2024-04-08,2024-04-11,股東常會
2364,2024-08-23,2024-08-28,除權
2364,2025-04-02,2025-04-09,股東常會
2364,2025-08-22,2025-08-27,除權
2364,2026-04-02,2026-04-09,股東常會
2364,2026-08-24,2026-08-27,除權息
2365,2018-04-13,2018-04-18,股東常會
2365,2018-09-14,2018-09-19,除息
2365,2019-04-15,2019-04-18,股東常會
2365,2019-08-22,2019-08-27,除息
2365,2020-04-10,2020-04-15,股東常會
2365,2020-07-22,2020-07-27,除息
2365,2021-04-16,2021-04-21,股東常會
2365,2021-07-27,2021-07-30,除息
2365,2022-03-30,2022-04-06,股東常會
2365,2022-08-05,2022-08-10,除息
2365,2023-04-14,2023-04-19,股東常會
2365,2023-07-21,2023-07-26,除息
2365,2024-04-15,2024-04-18,股東常會
2365,2024-07-19,2024-07-24,除息
2365,2025-04-01,2025-04-08,股東常會
2365,2025-07-02,2025-07-07,除息
2365,2026-04-10,2026-04-15,股東常會
2365,2026-07-10,2026-07-15,除息
2367,2018-04-03,2018-04-11,股東常會
2367,2018-08-06,2018-08-09,除權息
2367,2019-04-03,2019-04-10,股東常會
2367,2019-07-15,2019-07-18,除息
2367,2020-04-01,2020-04-08,股東常會
2367,2020-08-17,2020-08-20,除息
2367,2021-04-16,2021-04-21,股東常會
2367,2022-04-15,2022-04-20,股東常會
2367,2022-06-17,2022-06-22,現金增資
2367,2023-04-07,2023-04-12,股東常會
2367,2023-08-28,2023-08-31,除息
2367,2024-04-19,2024-04-24,股東常會
2367,2024-10-18,2024-10-23,現金增資
2367,2025-04-11,2025-04-16,股東常會
2367,2025-08-25,2025-08-28,除息
2367,2026-04-10,2026-04-15,股東常會
2367,2026-07-28,2026-07-31,除息
2368,2018-04-02,2018-04-10,股東常會
2368,2019-04-08,2019-04-11,股東常會
2368,2020-04-01,2020-04-08,股東常會
2368,2021-03-31,2021-04-07,股東常會
2368,2021-07-30,2021-08-04,除息
2368,2022-03-30,2022-04-06,股東常會
2368,2022-06-21,2022-06-24,除息
2368,2022-09-01,2022-09-06,減資
2368,2023-04-07,2023-04-12,股東常會
2368,2024-03-22,2024-03-27,股東常會
2368,2024-06-21,2024-06-26,除息
2368,2025-03-21,2025-03-26,股東常會
2368,2025-06-18,2025-06-23,除息
2368,2026-03-23,2026-03-26,股東常會
2368,2026-06-16,2026-06-22,除息
2369,2018-04-09,2018-04-12,股東常會
2369,2018-06-28,2018-07-03,除息
2369,2019-04-03,2019-04-10,股東常會
2369,2019-07-04,2019-07-09,除息
2369,2020-04-10,2020-04-15,股東常會
2369,2021-04-12,2021-04-15,股東常會
2369,2022-03-31,2022-04-07,股東常會
2369,2022-07-29,2022-08-03,除息
2369,2023-03-24,2023-03-29,股東常會
2369,2023-07-25,2023-07-28,除息
2369,2024-03-22,2024-03-27,股東常會
2369,2024-07-26,2024-07-31,除息
2369,2025-03-21,2025-03-26,股東常會
2369,2025-07-29,2025-08-01,除息
2369,2026-03-20,2026-03-25,股東常會
2371,2018-04-20,2018-04-25,股東常會
2371,2019-04-11,2019-04-16,股東常會
2371,2020-04-23,2020-04-28,股東常會
2371,2021-04-22,2021-04-27,股東常會
2371,2022-04-08,2022-04-13,股東常會
2371,2023-04-10,2023-04-13,股東常會
2371,2024-03-25,2024-03-28,股東常會
2371,2025-03-21,2025-03-26,股東常會
2371,2025-06-06,2025-06-11,減資
2371,2025-07-02,2025-07-07,除息
2371,2026-03-20,2026-03-25,股東常會
2373,2018-04-03,2018-04-11,股東常會
2373,2018-06-27,2018-07-02,除息
2373,2019-04-03,2019-04-10,股東常會
2373,2019-07-05,2019-07-10,除息
2373,2020-04-01,2020-04-08,股東常會
2373,2020-07-02,2020-07-07,除息
2373,2021-04-09,2021-04-14,股東常會
2373,2021-07-27,2021-07-30,除息
2373,2022-03-30,2022-04-06,股東常會
2373,2022-06-30,2022-07-05,除息
2373,2023-04-13,2023-04-18,股東常會
2373,2023-07-03,2023-07-06,除息
2373,2024-04-12,2024-04-17,股東常會
2373,2024-07-01,2024-07-04,除息
2373,2025-04-11,2025-04-16,股東常會
2373,2025-07-01,2025-07-04,除息
2373,2026-04-10,2026-04-15,股東常會
2373,2026-06-30,2026-07-03,除息
2374,2018-04-02,2018-04-10,股東常會
2374,2018-08-13,2018-08-16,除息
2374,2019-04-08,2019-04-11,股東常會
2374,2019-08-13,2019-08-16,除息
2374,2020-04-10,2020-04-15,股東常會
2374,2020-07-21,2020-07-24,除息
2374,2021-04-09,2021-04-14,股東常會
2374,2021-09-01,2021-09-06,除息
2374,2022-04-15,2022-04-20,股東常會
2374,2022-07-12,2022-07-15,除息
2374,2023-04-21,2023-04-26,股東常會
2374,2023-07-13,2023-07-18,除息
2374,2024-04-12,2024-04-17,股東常會
2374,2024-07-12,2024-07-17,除息
2374,2025-04-18,2025-04-23,股東常會
2374,2025-09-11,2025-09-16,除權息
2374,2026-01-29,2026-02-03,現金增資
2374,2026-04-17,2026-04-22,股東常會
2374,2026-08-13,2026-08-18,除息
2375,2018-03-28,2018-03-31,股東常會
2375,2018-08-17,2018-08-22,除息
2375,2019-03-27,2019-04-01,股東常會
2375,2019-07-08,2019-07-11,除息
2375,2020-03-26,2020-03-31,股東常會
2375,2020-06-16,2020-06-19,除息
2375,2020-07-31,2020-08-05,減資
2375,2021-03-25,2021-03-30,股東常會
2375,2021-08-26,2021-08-31,除息
2375,2022-03-30,2022-04-06,股東常會
2375,2022-06-23,2022-06-28,除息
2375,2022-08-26,2022-08-31,減資
2375,2023-03-28,2023-03-31,股東常會
2375,2023-08-01,2023-08-04,除息
2375,2024-03-22,2024-03-27,股東常會
2375,2024-07-31,2024-08-05,除息
2375,2025-03-17,2025-03-20,股東常會
2375,2025-07-31,2025-08-05,除息
2375,2026-03-19,2026-03-24,股東常會
2375,2026-07-31,2026-08-05,除息
2376,2018-04-02,2018-04-10,股東常會
2376,2018-07-06,2018-07-11,除息
2376,2019-04-03,2019-04-10,股東常會
2376,2019-07-09,2019-07-12,除息
2376,2020-04-06,2020-04-09,股東常會
2376,2020-07-09,2020-07-14,除息
2376,2021-04-09,2021-04-14,股東常會
2376,2021-07-02,2021-07-07,除息
2376,2022-04-08,2022-04-13,股東常會
2376,2022-07-29,2022-08-03,除息
2376,2023-03-29,2023-04-06,股東常會
2376,2023-07-28,2023-08-02,除息
2376,2024-04-03,2024-04-10,股東常會
2376,2024-07-30,2024-08-02,除息
2376,2025-04-02,2025-04-09,股東常會
2376,2025-07-24,2025-07-29,除息
2376,2026-04-01,2026-04-08,股東常會
2376,2026-07-28,2026-07-31,除息
2377,2018-04-09,2018-04-12,股東常會
2377,2018-08-16,2018-08-21,除息
2377,2019-04-08,2019-04-11,股東常會
2377,2019-08-20,2019-08-23,除息
2377,2020-04-01,2020-04-08,股東常會
2377,2020-08-18,2020-08-21,除息
2377,2021-04-01,2021-04-08,股東常會
2377,2021-08-17,2021-08-20,除息
2377,2022-03-31,2022-04-07,股東常會
2377,2022-08-11,2022-08-16,除息
2377,2023-04-07,2023-04-12,股東常會
2377,2023-08-22,2023-08-25,除息
2377,2024-04-08,2024-04-11,股東常會
2377,2024-08-20,2024-08-23,除息
2377,2025-04-02,2025-04-09,股東常會
2377,2025-08-19,2025-08-22,除息
2377,2026-04-01,2026-04-08,股東常會
2377,2026-08-14,2026-08-19,除息
2379,2018-03-28,2018-03-31,股東常會
2379,2018-08-31,2018-09-05,除息
2379,2019-04-03,2019-04-10,股東常會
2379,2019-08-30,2019-09-04,除息
2379,2020-04-01,2020-04-08,股東常會
2379,2020-09-02,2020-09-07,除息
2379,2021-03-31,2021-04-07,股東常會
2379,2021-09-02,2021-09-07,除息
2379,2022-03-30,2022-04-06,股東常會
2379,2022-09-05,2022-09-08,除息
2379,2023-03-28,2023-03-31,股東常會
2379,2023-09-05,2023-09-08,除息
2379,2024-03-22,2024-03-27,股東常會
2379,2024-08-30,2024-09-04,除息
2379,2025-03-21,2025-03-26,股東常會
2379,2025-09-04,2025-09-09,除息
2379,2026-03-20,2026-03-25,股東常會
2379,2026-09-02,2026-09-07,除息
2380,2018-04-09,2018-04-12,股東常會
2380,2019-01-25,,股東常會
2380,2019-09-20,,減資
2380,2020-04-01,,股東常會
2380,2021-04-12,,股東常會
2380,2022-04-08,,股東常會
2380,2022-12-02,,現金增資
2380,2023-04-10,,股東常會
2380,2024-04-19,,股東常會
2380,2025-04-18,,股東常會
2380,2026-04-01,,股東常會
2380,2026-06-11,,減資
2382,2018-04-09,2018-04-12,股東常會
2382,2018-07-24,2018-07-27,除息
2382,2019-04-15,2019-04-18,股東常會
2382,2019-07-23,2019-07-26,除息
2382,2020-04-13,2020-04-16,股東常會
2382,2020-07-28,2020-07-31,除息
2382,2021-04-12,2021-04-15,股東常會
2382,2021-07-20,2021-07-23,除息
2382,2022-04-11,2022-04-14,股東常會
2382,2022-07-26,2022-07-29,除息
2382,2023-04-10,2023-04-13,股東常會
2382,2024-04-08,2024-04-11,股東常會
2382,2025-04-07,2025-04-10,股東常會
2382,2025-06-24,2025-06-27,除息
2382,2026-03-23,2026-03-26,股東常會
2382,2026-07-10,2026-07-15,除息
2383,2018-04-03,2018-04-11,股東常會
2383,2018-08-24,2018-08-29,除息
2383,2019-04-02,2019-04-09,股東常會
2383,2019-08-23,2019-08-28,除息
2383,2020-04-10,2020-04-15,股東常會
2383,2020-09-01,2020-09-04,除息
2383,2021-03-22,2021-03-25,股東常會
2383,2021-08-20,2021-08-25,除息
2383,2022-03-18,2022-03-23,股東常會
2383,2022-08-19,2022-08-24,除息
2383,2023-03-24,2023-03-29,股東常會
2383,2023-08-18,2023-08-23,除息
2383,2024-03-22,2024-03-27,股東常會
2383,2024-08-23,2024-08-28,除息
2383,2025-03-07,2025-03-12,股東常會
2383,2025-08-22,2025-08-27,除息
2383,2026-03-20,2026-03-25,股東常會
2383,2026-08-24,2026-08-27,除息
2385,2018-03-28,2018-03-31,股東常會
2385,2018-06-14,2018-06-20,除息
2385,2018-07-13,2018-07-18,除權
2385,2019-03-27,2019-04-01,股東常會
2385,2019-06-19,2019-06-24,除息
2385,2020-04-01,2020-04-08,除息
2385,2021-04-01,2021-04-08,除息
2385,2022-03-31,2022-04-07,股東常會
2385,2022-06-10,2022-06-15,除息
2385,2023-03-24,2023-03-29,股東常會
2385,2023-06-12,2023-06-15,除息
2385,2024-03-22,2024-03-27,股東常會
2385,2024-06-12,2024-06-17,除息
2385,2025-03-21,2025-03-26,股東常會
2385,2025-06-11,2025-06-16,除息
2385,2026-03-20,2026-03-25,股東常會
2385,2026-06-09,2026-06-12,除息
2387,2018-04-03,2018-04-11,股東常會
2387,2018-08-27,2018-08-30,除息
2387,2018-11-16,2018-11-21,減資
2387,2019-04-08,2019-04-11,股東常會
2387,2019-07-16,2019-07-19,除息
2387,2020-04-06,2020-04-09,股東常會
2387,2020-09-11,2020-09-16,除息
2387,2021-04-09,2021-04-14,股東常會
2387,2021-07-19,2021-07-22,除息
2387,2022-04-11,2022-04-14,股東常會
2387,2022-08-05,2022-08-10,除息
2387,2023-04-14,2023-04-19,股東常會
2387,2023-07-05,2023-07-10,除息
2387,2024-04-15,2024-04-18,股東常會
2387,2024-07-03,2024-07-08,除息
2387,2025-03-21,2025-03-26,股東常會
2387,2025-06-18,2025-06-23,除息
2387,2026-03-23,2026-03-26,股東常會
2388,2018-04-20,,股東常會
2388,2019-04-15,,股東常會
2388,2019-07-10,,其它利益
2388,2020-04-13,,股東常會
2388,2021-04-12,2021-04-15,股東常會
2388,2021-08-13,2021-08-18,除息
2388,2022-03-30,2022-04-06,除息
2388,2022-04-11,2022-04-14,股東常會
2388,2023-04-10,2023-04-13,股東常會
2388,2023-06-12,2023-06-15,除息
2388,2024-04-12,2024-04-17,股東常會
2388,2024-06-14,2024-06-19,除息
2388,2025-04-14,2025-04-17,股東常會
2388,2025-06-16,2025-06-19,除息
2388,2026-04-10,2026-04-15,股東常會
2388,2026-06-15,2026-06-18,除息
2390,2018-04-09,2018-04-12,股東常會
2390,2019-04-12,2019-04-17,股東常會
2390,2020-04-10,2020-04-15,股東常會
2390,2021-04-16,2021-04-21,股東常會
2390,2022-04-15,2022-04-20,股東常會
2390,2022-07-05,2022-07-08,除息
2390,2022-10-21,2022-10-26,減資
2390,2023-04-21,2023-04-26,股東常會
2390,2024-04-12,2024-04-17,股東常會
2390,2025-04-11,2025-04-16,股東常會
2390,2026-04-10,2026-04-15,股東常會
2392,2018-03-29,2018-04-02,股東常會
2392,2018-07-27,2018-08-01,除息
2392,2019-04-03,2019-04-10,股東常會
2392,2019-07-25,2019-07-30,除息
2392,2020-04-13,2020-04-16,股東常會
2392,2020-07-16,2020-07-21,除息
2392,2021-04-12,2021-04-15,股東常會
2392,2021-07-14,2021-07-19,除息
2392,2022-04-15,2022-04-20,股東常會
2392,2022-07-13,2022-07-18,除息
2392,2023-03-24,2023-03-29,股東常會
2392,2023-07-20,2023-07-25,除息
2392,2024-03-22,2024-03-27,股東常會
2392,2024-07-12,2024-07-17,除息
2392,2025-03-21,2025-03-26,股東常會
2392,2025-07-14,2025-07-17,除息
2392,2026-04-17,2026-04-22,股東常會
2392,2026-07-14,2026-07-17,除息
2393,2018-04-09,2018-04-12,股東常會
2393,2018-07-26,2018-07-31,除息
2393,2019-04-08,2019-04-11,股東常會
2393,2019-07-26,2019-07-31,除息
2393,2020-04-06,2020-04-09,股東常會
2393,2020-07-29,2020-08-03,除息
2393,2021-04-09,2021-04-14,股東常會
2393,2021-08-13,2021-08-18,除息
2393,2022-04-11,2022-04-14,股東常會
2393,2022-07-28,2022-08-02,除息
2393,2023-04-10,2023-04-13,股東常會
2393,2023-07-27,2023-08-01,除息
2393,2024-04-03,2024-04-10,股東常會
2393,2024-07-26,2024-07-31,除息
2393,2025-04-02,2025-04-09,股東常會
2393,2025-07-25,2025-07-30,除息
2393,2026-04-01,2026-04-08,股東常會
2393,2026-07-29,2026-08-03,除息
2395,2018-03-16,2018-03-21,股東常會
2395,2018-07-03,2018-07-06,除息
2395,2019-03-22,2019-03-27,股東常會
2395,2019-07-03,2019-07-08,除息
2395,2020-03-20,2020-03-25,股東常會
2395,2020-07-27,2020-07-30,除權息
2395,2021-03-19,2021-03-24,股東常會
2395,2021-07-02,2021-07-07,除息
2395,2022-03-18,2022-03-23,股東常會
2395,2022-07-01,2022-07-06,除息
2395,2023-03-17,2023-03-22,股東常會
2395,2023-06-28,2023-07-03,除權息
2395,2024-03-22,2024-03-27,股東常會
2395,2024-07-12,2024-07-17,除息
2395,2025-03-21,2025-03-26,股東常會
2395,2025-07-11,2025-07-16,除息
2395,2026-03-23,2026-03-26,股東常會
2395,2026-07-13,2026-07-16,除息
2397,2018-04-03,2018-04-11,股東常會
2397,2018-06-29,2018-07-04,除息
2397,2019-03-22,2019-03-27,股東常會
2397,2019-06-27,2019-07-02,除息
2397,2020-04-10,2020-04-15,股東常會
2397,2020-07-10,2020-07-15,除息
2397,2021-04-12,2021-04-15,股東常會
2397,2021-07-16,2021-07-21,除息
2397,2022-04-11,2022-04-14,股東常會
2397,2022-07-13,2022-07-18,除息
2397,2023-03-24,2023-03-29,股東常會
2397,2023-06-30,2023-07-05,除息
2397,2024-03-22,2024-03-27,股東常會
2397,2024-07-03,2024-07-08,除息
2397,2025-03-14,2025-03-19,股東常會
2397,2025-06-19,2025-06-24,除息
2397,2026-03-20,2026-03-25,股東常會
2397,2026-06-24,2026-06-29,除息
2399,2018-04-13,2018-04-18,股東常會
2399,2018-08-15,2018-08-20,除息
2399,2019-04-12,2019-04-17,股東常會
2399,2020-04-10,2020-04-15,股東常會
2399,2021-04-16,2021-04-21,股東常會
2399,2021-08-11,2021-08-16,除息
2399,2022-04-15,2022-04-20,股東常會
2399,2022-08-12,2022-08-17,除息
2399,2023-04-14,2023-04-19,股東常會
2399,2024-04-12,2024-04-17,股東常會
2399,2025-04-14,2025-04-17,股東常會
2399,2026-04-10,2026-04-15,股東常會
2401,2018-04-02,2018-04-10,股東常會
2401,2018-07-06,2018-07-11,除息
2401,2018-09-21,2018-09-27,其它利益
2401,2019-04-02,2019-04-09,股東常會
2401,2019-07-09,2019-07-12,除息
2401,2020-04-06,2020-04-09,股東常會
2401,2020-07-07,2020-07-10,除息
2401,2021-03-30,2021-04-06,股東常會
2401,2021-08-11,2021-08-16,除息
2401,2022-03-30,2022-04-06,股東常會
2401,2022-07-08,2022-07-13,除息
2401,2023-04-07,2023-04-12,股東常會
2401,2023-07-05,2023-07-10,除息
2401,2024-04-03,2024-04-10,股東常會
2401,2025-04-07,2025-04-10,股東常會
2401,2026-04-09,2026-04-14,股東常會
2402,2018-04-09,2018-04-12,股東常會
2402,2019-04-08,2019-04-11,股東常會
2402,2019-08-23,2019-08-28,除息
2402,2020-04-06,2020-04-09,股東常會
2402,2020-07-10,2020-07-15,除息
2402,2021-04-15,2021-04-20,股東常會
2402,2021-07-23,2021-07-28,除息
2402,2022-04-08,2022-04-13,股東常會
2402,2022-07-25,2022-07-28,除息
2402,2023-04-14,2023-04-19,股東常會
2402,2023-08-18,2023-08-23,除息
2402,2024-04-15,2024-04-18,股東常會
2402,2024-06-27,2024-07-02,除息
2402,2025-04-11,2025-04-16,股東常會
2402,2025-07-28,2025-07-31,除息
2402,2026-04-10,2026-04-15,股東常會
2402,2026-07-23,2026-07-28,除息
2404,2018-04-03,2018-04-11,股東常會
2404,2018-06-26,2018-06-29,除息
2404,2018-11-23,2018-11-28,減資
2404,2019-04-12,2019-04-17,股東常會
2404,2019-07-03,2019-07-08,除息
2404,2020-03-20,2020-03-25,股東常會
2404,2020-06-11,2020-06-16,除息
2404,2021-03-22,2021-03-25,股東常會
2404,2021-06-11,2021-06-17,除息
2404,2022-03-18,2022-03-23,股東常會
2404,2022-06-22,2022-06-27,除息
2404,2023-03-24,2023-03-29,股東常會
2404,2023-07-07,2023-07-12,除息
2404,2024-03-25,2024-03-28,股東常會
2404,2024-07-08,2024-07-11,除息
2404,2025-04-02,2025-04-09,股東常會
2404,2025-07-11,2025-07-16,除息
2404,2026-03-23,2026-03-26,股東常會
2404,2026-07-10,2026-07-15,除息
2405,2018-04-13,2018-04-18,股東常會
2405,2019-04-19,,股東常會
2405,2020-04-17,,股東常會
2405,2021-04-09,,股東常會
2405,2022-03-30,,股東常會
2405,2023-04-14,2023-04-19,股東常會
2405,2023-07-19,2023-07-24,除息
2405,2024-03-28,2024-04-02,股東常會
2405,2024-07-16,2024-07-19,除息
2405,2025-03-21,2025-03-26,股東常會
2405,2025-06-27,2025-07-02,除息
2405,2026-03-26,2026-03-31,股東常會
2405,2026-07-02,2026-07-07,除息
2406,2018-04-13,2018-04-18,股東常會
2406,2019-04-19,,股東常會
2406,2019-11-19,2019-11-22,減資
2406,2020-03-10,2020-03-13,現金增資
2406,2020-04-01,2020-04-08,股東常會
2406,2020-06-04,,現金增資
2406,2021-04-19,,股東常會
2406,2022-01-06,2022-01-11,現金增資
2406,2022-04-18,2022-04-21,股東常會
2406,2023-04-21,2023-04-26,股東常會
2406,2024-04-19,2024-04-24,股東常會
2406,2025-04-21,2025-04-24,股東常會
2406,2026-04-20,2026-04-23,股東常會
2408,2018-03-16,2018-03-21,股東常會
2408,2018-06-22,2018-06-27,除息
2408,2019-03-22,2019-03-27,股東常會
2408,2019-06-28,2019-07-03,除息
2408,2020-03-20,2020-03-25,股東常會
2408,2020-06-24,2020-07-01,除息
2408,2021-03-19,2021-03-24,股東常會
2408,2021-07-30,2021-08-04,除息
2408,2022-03-18,2022-03-23,股東常會
2408,2022-06-24,2022-06-29,除息
2408,2023-03-17,2023-03-22,股東常會
2408,2023-06-20,2023-06-27,除息
2408,2024-03-22,2024-03-27,股東常會
2408,2025-03-21,2025-03-26,股東常會
2408,2026-03-13,2026-03-18,股東常會
2408,2026-07-01,2026-07-06,除息
2409,2018-04-09,2018-04-12,股東常會
2409,2018-07-06,2018-07-11,除息
2409,2019-04-08,2019-04-11,股東常會
2409,2019-07-05,2019-07-10,除息
2409,2020-04-10,2020-04-15,股東常會
2409,2021-03-31,2021-04-07,股東常會
2409,2021-06-18,2021-06-23,除息
2409,2022-04-11,2022-04-14,股東常會
2409,2022-06-28,2022-07-01,除息
2409,2022-09-23,2022-09-28,減資
2409,2023-03-20,2023-03-23,股東常會
2409,2023-08-04,2023-08-09,除息
2409,2024-03-22,2024-03-27,股東常會
2409,2024-07-30,2024-08-02,除息
2409,2025-03-21,2025-03-26,股東常會
2409,2025-07-30,2025-08-04,除息
2409,2026-03-20,2026-03-25,股東常會
2409,2026-07-24,2026-07-29,除息
2412,2018-04-09,2018-04-12,股東常會
2412,2018-07-17,2018-07-20,除息
2412,2019-04-15,2019-04-18,股東常會
2412,2019-07-19,2019-07-24,除息
2412,2020-03-23,2020-03-26,股東常會
2412,2020-06-24,2020-07-01,除息
2412,2021-03-22,2021-03-25,股東常會
2412,2021-08-19,2021-08-24,除息
2412,2022-03-21,2022-03-24,股東常會
2412,2022-06-24,2022-06-29,除息
2412,2023-03-20,2023-03-23,股東常會
2412,2023-06-21,2023-06-28,除息
2412,2024-03-25,2024-03-28,股東常會
2412,2024-06-28,2024-07-03,除息
2412,2025-03-21,2025-03-26,股東常會
2412,2025-06-27,2025-07-02,除息
2412,2026-03-23,2026-03-26,股東常會
2412,2026-07-03,2026-07-08,除息
2413,2018-04-13,2018-04-18,股東常會
2413,2019-04-12,2019-04-17,股東常會
2413,2020-04-16,2020-04-21,股東常會
2413,2021-04-16,2021-04-21,股東常會
2413,2022-04-14,2022-04-19,股東常會
2413,2023-04-20,2023-04-25,股東常會
2413,2023-11-13,2023-11-16,除息
2413,2024-04-19,2024-04-24,股東常會
2413,2024-08-21,2024-08-26,除息
2413,2025-04-11,2025-04-16,股東常會
2413,2026-04-10,2026-04-15,股東常會
2413,2026-08-18,2026-08-21,除息
2414,2018-04-13,2018-04-18,股東常會
2414,2018-07-19,2018-07-24,除息
2414,2019-04-19,2019-04-24,股東常會
2414,2019-07-19,2019-07-24,除息
2414,2020-04-17,2020-04-22,股東常會
2414,2020-07-17,2020-07-22,除息
2414,2021-04-16,2021-04-21,股東常會
2414,2021-09-07,2021-09-10,除息
2414,2022-04-15,2022-04-20,股東常會
2414,2022-07-19,2022-07-22,除息
2414,2023-04-14,2023-04-19,股東常會
2414,2023-07-19,2023-07-24,除息
2414,2024-04-18,2024-04-23,股東常會
2414,2024-07-19,2024-07-24,除息
2414,2025-04-14,2025-04-17,股東常會
2414,2025-07-18,2025-07-23,除息
2414,2026-04-17,2026-04-22,股東常會
2414,2026-07-17,2026-07-22,除息
2415,2018-03-28,2018-03-31,股東常會
2415,2018-06-27,2018-07-02,除息
2415,2019-03-27,2019-04-01,股東常會
2415,2019-06-14,2019-06-19,除息
2415,2020-04-09,2020-04-14,股東常會
2415,2020-06-24,2020-07-01,除息
2415,2021-04-22,2021-04-27,股東常會
2415,2021-07-29,2021-08-03,除息
2415,2022-04-21,2022-04-26,股東常會
2415,2022-08-25,2022-08-30,除權息
2415,2023-04-07,2023-04-12,股東常會
2415,2023-06-27,2023-06-30,除息
2415,2024-04-12,2024-04-17,股東常會
2415,2025-04-10,2025-04-15,股東常會
2415,2025-06-27,2025-07-02,除息
2415,2026-04-01,2026-04-08,股東常會
2415,2026-08-21,2026-08-26,除權息
2417,2018-04-03,2018-04-11,股東常會
2417,2018-07-03,2018-07-06,除息
2417,2019-04-12,2019-04-17,股東常會
2417,2019-07-12,2019-07-17,除息
2417,2020-04-10,2020-04-15,股東常會
2417,2020-06-30,2020-07-03,除息
2417,2021-04-09,2021-04-14,股東常會
2417,2021-07-19,2021-07-22,除息
2417,2021-09-24,2021-09-29,減資
2417,2022-04-08,2022-04-13,股東常會
2417,2022-06-28,2022-07-01,除息
2417,2023-04-07,2023-04-12,股東常會
2417,2023-06-28,2023-07-03,除息
2417,2024-04-12,2024-04-17,股東常會
2417,2024-07-01,2024-07-04,除息
2417,2025-04-11,2025-04-16,股東常會
2417,2025-07-01,2025-07-04,除息
2417,2026-04-01,2026-04-08,股東常會
2417,2026-07-01,2026-07-06,除息
2419,2018-04-03,2018-04-11,股東常會
2419,2018-07-09,2018-07-12,除息
2419,2018-08-24,2018-08-29,減資
2419,2019-04-03,2019-04-10,股東常會
2419,2019-07-10,2019-07-15,除息
2419,2020-04-10,2020-04-15,股東常會
2419,2020-07-10,2020-07-15,除息
2419,2021-04-01,2021-04-08,股東常會
2419,2021-08-06,2021-08-11,除息
2419,2022-03-24,2022-03-29,股東常會
2419,2022-06-01,2022-06-07,除息
2419,2023-03-17,2023-03-22,股東常會
2419,2023-06-30,2023-07-05,除息
2419,2024-03-21,2024-03-26,股東常會
2419,2024-07-05,2024-07-10,除息
2419,2025-03-20,2025-03-25,股東常會
2419,2026-03-16,2026-03-19,股東常會
2420,2018-03-23,2018-03-28,股東常會
2420,2018-08-31,2018-09-05,除息
2420,2019-03-27,2019-04-01,股東常會
2420,2019-07-23,2019-07-26,除息
2420,2020-03-20,2020-03-25,股東常會
2420,2020-09-07,2020-09-10,除息
2420,2021-03-22,2021-03-25,股東常會
2420,2021-10-13,2021-10-18,除息
2420,2022-03-21,2022-03-24,股東常會
2420,2022-08-23,2022-08-26,除息
2420,2023-03-24,2023-03-29,股東常會
2420,2023-07-31,2023-08-03,除息
2420,2024-03-15,2024-03-20,股東常會
2420,2024-08-22,2024-08-27,除息
2420,2025-03-14,2025-03-19,股東常會
2420,2025-08-20,2025-08-25,除息
2420,2026-03-13,2026-03-18,股東常會
2420,2026-08-20,2026-08-25,除息
2421,2018-03-26,2018-03-29,股東常會
2421,2018-06-13,2018-06-19,除息
2421,2019-04-12,2019-04-17,股東常會
2421,2019-07-01,2019-07-04,除息
2421,2020-04-10,2020-04-15,股東常會
2421,2020-07-02,2020-07-07,除息
2421,2021-03-31,2021-04-07,股東常會
2421,2021-07-15,2021-07-20,除息
2421,2022-03-31,2022-04-07,股東常會
2421,2022-06-22,2022-06-27,除息
2421,2023-03-29,2023-04-06,股東常會
2421,2023-06-29,2023-07-04,除息
2421,2024-04-08,2024-04-11,股東常會
2421,2024-06-27,2024-07-02,除息
2421,2025-03-21,2025-03-26,股東常會
2421,2025-06-10,2025-06-13,除息
2421,2026-02-09,2026-02-23,現金增資
2421,2026-03-19,2026-03-24,股東常會
2421,2026-06-04,2026-06-09,除息
2423,2018-04-02,2018-04-10,股東常會
2423,2018-07-02,2018-07-05,除息
2423,2019-04-03,2019-04-10,股東常會
2423,2019-06-25,2019-06-28,除息
2423,2020-04-01,2020-04-08,股東常會
2423,2020-06-23,2020-06-30,除息
2423,2021-03-22,2021-03-25,股東常會
2423,2021-07-16,2021-07-21,除息
2423,2022-03-21,2022-03-24,股東常會
2423,2022-06-16,2022-06-21,除息
2423,2023-03-23,2023-03-28,股東常會
2423,2023-06-14,2023-06-19,除息
2423,2024-03-22,2024-03-27,股東常會
2423,2024-06-14,2024-06-19,除息
2423,2025-03-21,2025-03-26,股東常會
2423,2025-06-13,2025-06-18,除息
2423,2026-03-20,2026-03-25,股東常會
2423,2026-06-17,2026-06-23,除息
2424,2018-03-28,2018-03-31,股東常會
2424,2019-03-27,2019-04-01,股東常會
2424,2020-03-25,,股東常會
2424,2020-12-04,,減資
2424,2021-04-01,,股東常會
2424,2022-04-11,,股東常會
2424,2023-04-21,,股東常會
2424,2024-04-19,,股東常會
2424,2025-04-18,,股東常會
2424,2026-03-26,,股東常會
2425,2018-04-09,2018-04-12,股東常會
2425,2019-04-08,2019-04-11,股東常會
2425,2019-06-25,2019-06-28,除息
2425,2020-04-10,2020-04-15,股東常會
2425,2020-07-02,2020-07-07,除息
2425,2021-04-09,2021-04-14,股東常會
2425,2021-08-09,2021-08-12,除息
2425,2022-04-08,2022-04-13,股東常會
2425,2022-06-27,2022-06-30,除息
2425,2023-04-10,2023-04-13,股東常會
2425,2023-06-29,2023-07-04,除息
2425,2024-04-08,2024-04-11,股東常會
2425,2024-06-28,2024-07-03,除息
2425,2025-04-14,2025-04-17,股東常會
2425,2025-07-02,2025-07-07,除息
2425,2026-04-10,2026-04-15,股東常會
2425,2026-06-29,2026-07-02,除息
2426,2018-04-03,2018-04-11,股東常會
2426,2018-07-10,2018-07-13,除息
2426,2019-04-18,2019-04-23,股東常會
2426,2019-07-11,2019-07-16,除息
2426,2020-04-17,2020-04-22,股東常會
2426,2020-06-17,2020-06-22,除息
2426,2021-03-25,2021-03-30,股東常會
2426,2021-07-09,2021-07-14,除息
2426,2022-03-30,2022-04-06,股東常會
2426,2022-08-12,2022-08-17,除息
2426,2023-03-23,2023-03-28,股東常會
2426,2024-03-22,2024-03-27,股東常會
2426,2024-08-20,2024-08-23,除息
2426,2025-03-21,2025-03-26,股東常會
2426,2025-05-21,2025-05-26,除息
2426,2026-03-16,2026-03-19,股東常會
2426,2026-05-19,2026-05-22,除息
2427,2018-04-03,2018-04-11,股東常會
2427,2018-07-09,2018-07-12,除息
2427,2019-04-12,2019-04-17,股東常會
2427,2019-07-22,2019-07-25,除息
2427,2020-04-10,2020-04-15,股東常會
2427,2020-07-15,2020-07-20,除息
2427,2021-03-31,2021-04-07,股東常會
2427,2021-08-23,2021-08-26,除息
2427,2022-04-11,2022-04-14,股東常會
2427,2022-07-26,2022-07-29,除息
2427,2023-04-07,2023-04-12,股東常會
2427,2023-07-12,2023-07-17,除息
2427,2023-11-17,2023-11-22,現金增資
2427,2024-03-22,2024-03-27,股東常會
2427,2024-07-15,2024-07-18,除息
2427,2025-04-01,2025-04-08,股東常會
2427,2025-07-30,2025-08-04,除息
2427,2026-04-01,2026-04-08,股東常會
2427,2026-07-30,2026-08-04,除息
2428,2018-04-16,2018-04-19,股東常會
2428,2018-08-17,2018-08-22,除息
2428,2019-04-15,2019-04-18,股東常會
2428,2019-08-21,2019-08-26,除息
2428,2020-04-09,2020-04-14,股東常會
2428,2020-08-21,2020-08-26,除息
2428,2021-04-19,2021-04-22,股東常會
2428,2021-08-20,2021-08-25,除息
2428,2022-04-08,2022-04-13,股東常會
2428,2022-08-18,2022-08-23,除息
2428,2023-04-07,2023-04-12,股東常會
2428,2023-08-18,2023-08-23,除息
2428,2024-04-12,2024-04-17,股東常會
2428,2024-08-20,2024-08-23,除息
2428,2025-04-11,2025-04-16,股東常會
2428,2025-08-18,2025-08-21,除息
2428,2026-03-20,2026-03-25,股東常會
2428,2026-08-21,2026-08-26,除息
2429,2018-04-23,,股東常會
2429,2018-12-17,,減資
2429,2019-04-19,,股東常會
2429,2020-04-23,,股東常會
2429,2021-04-22,,股東常會
2429,2022-04-22,,股東常會
2429,2023-04-21,,股東常會
2429,2024-03-27,,股東常會
2429,2024-06-26,,現金增資
2429,2025-04-07,2025-04-10,股東常會
2429,2026-04-10,,股東常會
2430,2018-02-07,2018-02-12,股東常會
2430,2018-05-03,2018-05-08,除息
2430,2019-02-11,2019-02-14,股東常會
2430,2019-05-02,2019-05-07,除息
2430,2020-03-25,2020-03-30,股東常會
2430,2020-06-15,2020-06-18,除息
2430,2021-02-19,2021-02-24,股東常會
2430,2021-05-11,2021-05-14,除息
2430,2022-03-10,2022-03-15,除息
2430,2022-07-29,2022-08-03,減資
2430,2023-03-20,2023-03-23,股東常會
2430,2024-03-15,2024-03-20,股東常會
2430,2025-03-14,2025-03-19,股東常會
2430,2026-03-13,2026-03-18,除息
2431,2018-04-03,2018-04-11,股東常會
2431,2019-04-03,2019-04-10,股東常會
2431,2020-04-16,2020-04-21,股東常會
2431,2021-04-22,2021-04-27,股東常會
2431,2021-09-08,2021-09-13,除息
2431,2022-04-18,2022-04-21,股東常會
2431,2022-07-22,2022-07-27,除息
2431,2023-04-07,2023-04-12,股東常會
2431,2023-07-25,2023-07-28,除息
2431,2024-03-22,2024-03-27,股東常會
2431,2025-03-21,2025-03-26,股東常會
2431,2026-03-13,2026-03-18,股東常會
2432,2025-06-27,2025-07-02,除息
2432,2026-03-16,2026-03-19,股東常會
2432,2026-06-18,2026-06-24,除息
2433,2018-03-29,2018-04-02,股東常會
2433,2018-06-29,2018-07-04,除息
2433,2019-04-03,2019-04-10,股東常會
2433,2019-07-02,2019-07-05,除息
2433,2020-04-01,2020-04-08,股東常會
2433,2020-06-30,2020-07-03,除息
2433,2021-04-09,2021-04-14,股東常會
2433,2021-08-02,2021-08-05,除息
2433,2022-03-30,2022-04-06,股東常會
2433,2022-06-30,2022-07-05,除息
2433,2023-04-10,2023-04-13,股東常會
2433,2023-06-30,2023-07-05,除息
2433,2024-04-12,2024-04-17,股東常會
2433,2024-06-28,2024-07-03,除息
2433,2025-04-11,2025-04-16,股東常會
2433,2025-06-27,2025-07-02,除息
2433,2026-04-10,2026-04-15,股東常會
2433,2026-06-26,2026-07-01,除息
2434,2018-04-20,,股東常會
2434,2019-04-19,,股東常會
2434,2020-04-23,,股東常會
2434,2020-09-02,,減資
2434,2021-03-31,,股東常會
2434,2022-04-08,2022-04-13,股東常會
2434,2023-04-07,2023-04-12,股東常會
2434,2024-04-03,2024-04-10,股東常會
2434,2025-03-21,2025-03-26,股東常會
2434,2026-03-20,2026-03-25,股東常會
2436,2018-04-03,2018-04-11,股東常會
2436,2018-07-03,2018-07-06,除息
2436,2018-09-07,2018-09-12,減資
2436,2019-03-27,2019-04-01,股東常會
2436,2019-06-28,2019-07-03,除息
2436,2020-03-25,2020-03-30,股東常會
2436,2020-06-23,2020-06-30,除息
2436,2021-03-25,2021-03-30,股東常會
2436,2021-07-19,2021-07-22,除息
2436,2022-04-15,2022-04-20,股東常會
2436,2022-08-26,2022-08-31,除息
2436,2023-03-24,2023-03-29,股東常會
2436,2023-06-14,2023-06-19,除息
2436,2024-03-22,2024-03-27,股東常會
2436,2024-06-21,2024-06-26,除息
2436,2025-03-21,2025-03-26,股東常會
2436,2025-06-20,2025-06-25,除息
2436,2026-03-23,2026-03-26,股東常會
2436,2026-06-24,2026-06-29,除息
2438,2018-04-20,,股東常會
2438,2019-04-19,,股東常會
2438,2020-04-10,,股東常會
2438,2020-12-24,,減資
2438,2021-04-15,,股東常會
2438,2022-04-15,,股東常會
2438,2023-04-20,,股東常會
2438,2024-04-19,,股東常會
2438,2025-04-02,,股東常會
2438,2026-03-31,,股東常會
2439,2018-04-03,2018-04-11,股東常會
2439,2018-08-06,2018-08-09,除息
2439,2018-12-21,2018-12-25,現金增資
2439,2019-04-12,2019-04-17,股東常會
2439,2019-08-16,2019-08-21,除息
2439,2020-04-13,2020-04-16,股東常會
2439,2020-08-21,2020-08-26,除息
2439,2021-04-09,2021-04-14,股東常會
2439,2021-08-19,2021-08-24,除息
2439,2021-09-22,2021-09-27,現金增資
2439,2022-04-08,2022-04-13,股東常會
2439,2022-08-19,2022-08-24,除息
2439,2023-04-07,2023-04-12,股東常會
2439,2023-08-25,2023-08-30,除息
2439,2024-03-22,2024-03-27,股東常會
2439,2024-08-26,2024-08-29,現金增資
2439,2025-03-20,2025-03-25,股東常會
2439,2025-08-22,2025-08-27,除息
2439,2026-03-20,2026-03-25,股東常會
2439,2026-08-21,2026-08-26,除息
2440,2018-04-23,,股東常會
2440,2019-04-18,,股東常會
2440,2020-04-23,,股東常會
2440,2021-04-22,,股東常會
2440,2022-04-18,2022-04-21,股東常會
2440,2023-04-14,2023-04-19,股東常會
2440,2024-04-19,,股東常會
2440,2025-04-18,,股東常會
2440,2026-04-20,2026-04-23,股東常會
2441,2018-03-23,2018-03-28,股東常會
2441,2018-08-20,2018-08-23,除息
2441,2019-03-18,2019-03-21,股東常會
2441,2019-08-21,2019-08-26,除息
2441,2020-03-20,2020-03-25,股東常會
2441,2020-08-20,2020-08-25,除息
2441,2021-03-22,2021-03-25,股東常會
2441,2021-08-20,2021-08-25,除息
2441,2022-03-18,2022-03-23,股東常會
2441,2022-08-19,2022-08-24,除息
2441,2023-03-24,2023-03-29,股東常會
2441,2023-08-23,2023-08-28,除息
2441,2024-03-21,2024-03-26,股東常會
2441,2024-08-21,2024-08-26,除息
2441,2025-03-21,2025-03-26,股東常會
2441,2025-08-22,2025-08-27,除息
2441,2026-03-20,2026-03-25,股東常會
2441,2026-08-21,2026-08-26,除息
2442,2018-03-23,2018-03-28,股東常會
2442,2018-07-02,2018-07-05,其它利益
2442,2019-03-22,2019-03-27,股東常會
2442,2019-07-16,2019-07-19,除權息
2442,2020-03-20,2020-03-25,股東常會
2442,2020-08-24,2020-08-27,其它利益
2442,2020-11-06,2020-11-11,減資
2442,2021-03-19,2021-03-24,股東常會
2442,2021-11-02,2021-11-05,除權息
2442,2022-03-18,2022-03-23,股東常會
2442,2022-08-23,2022-08-26,除權息
2442,2023-03-24,2023-03-29,股東常會
2442,2023-08-22,2023-08-25,除權息
2442,2024-03-22,2024-03-27,股東常會
2442,2024-08-27,2024-08-30,除權息
2442,2025-03-14,2025-03-19,股東常會
2442,2025-09-03,2025-09-08,除權息
2442,2025-12-30,2026-01-05,現金增資
2442,2026-03-23,2026-03-26,股東常會
2442,2026-09-02,2026-09-07,除權息
2444,2018-03-15,2018-03-20,股東常會
2444,2018-05-31,2018-06-05,除息
2444,2019-04-22,,股東常會
2444,2020-03-16,,股東常會
2444,2021-04-22,,股東常會
2444,2022-04-22,,股東常會
2444,2023-03-09,,股東常會
2444,2024-04-03,,股東常會
2444,2025-03-26,,股東常會
2444,2026-03-13,,股東常會
2449,2018-03-29,2018-04-02,股東常會
2449,2018-07-12,2018-07-17,除息
2449,2019-03-27,2019-04-01,股東常會
2449,2019-07-12,2019-07-17,除息
2449,2020-04-01,2020-04-08,股東常會
2449,2020-07-07,2020-07-10,除息
2449,2021-03-31,2021-04-07,股東常會
2449,2021-08-13,2021-08-18,除息
2449,2022-04-22,2022-04-27,股東常會
2449,2022-07-15,2022-07-20,除息
2449,2023-03-24,2023-03-29,股東常會
2449,2023-07-07,2023-07-12,除息
2449,2024-03-25,2024-03-28,股東常會
2449,2024-07-10,2024-07-15,除息
2449,2025-03-21,2025-03-26,股東常會
2449,2025-07-04,2025-07-09,除息
2449,2026-03-23,2026-03-26,股東常會
2449,2026-07-22,2026-07-27,除權息
2450,2018-04-03,2018-04-11,股東常會
2450,2018-07-27,2018-08-01,除息
2450,2019-04-08,2019-04-11,股東常會
2450,2019-08-02,2019-08-07,除息
2450,2020-04-06,2020-04-09,股東常會
2450,2020-06-22,2020-06-29,除息
2450,2021-04-15,2021-04-20,股東常會
2450,2021-06-17,2021-06-22,除息
2450,2022-04-08,2022-04-13,股東常會
2450,2022-06-17,2022-06-22,除息
2450,2023-03-23,2023-03-28,股東常會
2450,2023-06-14,2023-06-19,除息
2450,2024-03-14,2024-03-19,股東常會
2450,2024-06-14,2024-06-19,除息
2450,2025-03-21,2025-03-26,股東常會
2450,2025-06-13,2025-06-18,除息
2450,2026-03-20,2026-03-25,股東常會
2450,2026-06-11,2026-06-16,除息
2451,2018-04-03,2018-04-11,股東常會
2451,2018-06-28,2018-07-03,除息
2451,2019-04-03,2019-04-10,股東常會
2451,2019-06-27,2019-07-02,除息
2451,2020-04-13,2020-04-16,股東常會
2451,2020-06-24,2020-07-01,除息
2451,2021-04-09,2021-04-14,股東常會
2451,2021-06-29,2021-07-02,除息
2451,2022-04-11,2022-04-14,股東常會
2451,2022-06-28,2022-07-01,除息
2451,2023-04-10,2023-04-13,股東常會
2451,2023-06-30,2023-07-05,除息
2451,2024-04-15,2024-04-18,股東常會
2451,2024-07-02,2024-07-05,除息
2451,2025-04-14,2025-04-17,股東常會
2451,2025-07-02,2025-07-07,除息
2451,2026-04-10,2026-04-15,股東常會
2451,2026-06-18,2026-06-24,除息
2453,2018-04-03,2018-04-11,股東常會
2453,2018-07-09,2018-07-12,除息
2453,2019-04-03,2019-04-10,股東常會
2453,2019-07-01,2019-07-04,除息
2453,2020-04-06,2020-04-09,股東常會
2453,2020-07-01,2020-07-06,除息
2453,2021-04-09,2021-04-14,股東常會
2453,2021-08-23,2021-08-26,除息
2453,2022-04-08,2022-04-13,股東常會
2453,2022-07-08,2022-07-13,除息
2453,2023-04-07,2023-04-12,股東常會
2453,2023-07-07,2023-07-12,除息
2453,2024-04-03,2024-04-10,股東常會
2453,2024-07-05,2024-07-10,除息
2453,2025-04-02,2025-04-09,股東常會
2453,2025-07-04,2025-07-09,除息
2453,2026-04-01,2026-04-08,股東常會
2453,2026-07-03,2026-07-08,除息
2454,2018-04-09,2018-04-12,股東常會
2454,2018-07-03,2018-07-06,除息
2454,2019-04-08,2019-04-11,股東常會
2454,2019-07-02,2019-07-05,除息
2454,2020-04-01,2020-04-08,股東常會
2454,2020-06-30,2020-07-03,除息
2454,2021-03-31,2021-04-07,股東常會
2454,2021-06-30,2021-07-05,除息
2454,2022-03-25,2022-03-30,股東常會
2454,2022-06-17,2022-06-22,除息
2454,2023-03-24,2023-03-29,股東常會
2454,2023-06-14,2023-06-19,除息
2454,2023-12-28,2024-01-03,除息
2454,2024-03-21,2024-03-26,股東常會
2454,2024-06-28,2024-07-03,除息
2454,2024-12-26,2024-12-31,除息
2454,2025-03-21,2025-03-26,股東常會
2454,2025-06-27,2025-07-02,除息
2454,2025-12-30,2026-01-05,除息
2454,2026-03-23,2026-03-26,股東常會
2454,2026-07-01,2026-07-06,除息
2455,2018-04-09,2018-04-12,股東常會
2455,2018-07-03,2018-07-06,除息
2455,2019-04-03,2019-04-10,股東常會
2455,2019-06-21,2019-06-26,除息
2455,2020-04-06,2020-04-09,股東常會
2455,2020-06-23,2020-06-30,除息
2455,2021-04-01,2021-04-08,股東常會
2455,2021-08-09,2021-08-12,除息
2455,2022-03-30,2022-04-06,股東常會
2455,2022-06-17,2022-06-22,除息
2455,2023-03-28,2023-03-31,股東常會
2455,2023-06-16,2023-06-21,除息
2455,2024-03-22,2024-03-27,股東常會
2455,2024-06-18,2024-06-21,除息
2455,2025-03-21,2025-03-26,股東常會
2455,2025-06-16,2025-06-19,除息
2455,2026-03-23,2026-03-26,股東常會
2455,2026-06-22,2026-06-25,除息
2457,2018-04-03,2018-04-11,股東常會
2457,2019-04-12,2019-04-17,股東常會
2457,2020-04-01,2020-04-08,股東常會
2457,2021-04-09,2021-04-14,股東常會
2457,2022-03-30,2022-04-06,股東常會
2457,2023-03-29,2023-04-06,股東常會
2457,2023-09-06,2023-09-11,現金增資
2457,2024-04-03,2024-04-10,股東常會
2457,2025-04-02,2025-04-09,股東常會
2457,2026-04-01,2026-04-08,股東常會
2458,2018-04-02,2018-04-10,股東常會
2458,2018-07-17,2018-07-20,除息
2458,2018-10-04,2018-10-09,減資
2458,2019-04-02,2019-04-09,股東常會
2458,2019-08-05,2019-08-08,除息
2458,2020-03-20,2020-03-25,股東常會
2458,2020-06-09,2020-06-12,除息
2458,2021-04-09,2021-04-14,股東常會
2458,2021-07-16,2021-07-21,除息
2458,2022-04-08,2022-04-13,股東常會
2458,2022-07-01,2022-07-06,除息
2458,2023-03-24,2023-03-29,股東常會
2458,2023-08-01,2023-08-04,除息
2458,2023-10-02,2023-10-05,除息
2458,2024-03-22,2024-03-27,股東常會
2458,2024-09-19,2024-09-24,除息
2458,2025-03-21,2025-03-26,股東常會
2458,2025-09-19,2025-09-24,除息
2458,2026-03-20,2026-03-25,除息
2458,2026-08-17,2026-08-20,除息
2459,2018-04-03,2018-04-11,股東常會
2459,2018-06-26,2018-06-29,除息
2459,2019-04-03,2019-04-10,股東常會
2459,2019-07-05,2019-07-10,除息
2459,2020-04-09,2020-04-14,股東常會
2459,2020-07-01,2020-07-06,除息
2459,2021-04-09,2021-04-14,股東常會
2459,2021-07-01,2021-07-06,除息
2459,2022-04-11,2022-04-14,股東常會
2459,2022-06-30,2022-07-05,除息
2459,2023-04-10,2023-04-13,股東常會
2459,2023-07-06,2023-07-11,除息
2459,2024-04-03,2024-04-10,股東常會
2459,2024-07-08,2024-07-11,除息
2459,2025-03-21,2025-03-26,股東常會
2459,2025-06-12,2025-06-17,除息
2459,2026-03-23,2026-03-26,股東常會
2459,2026-06-10,2026-06-15,除息
2460,2018-04-03,2018-04-11,股東常會
2460,2019-04-19,2019-04-24,股東常會
2460,2020-04-10,2020-04-15,股東常會
2460,2021-04-16,2021-04-21,股東常會
2460,2022-04-18,2022-04-21,股東常會
2460,2022-08-19,2022-08-24,除息
2460,2023-04-07,2023-04-12,股東常會
2460,2024-04-03,2024-04-10,股東常會
2460,2025-04-18,2025-04-23,股東常會
2460,2026-04-17,,股東常會
2461,2018-03-26,2018-03-29,股東常會
2461,2018-06-12,2018-06-15,除息
2461,2019-03-25,2019-03-28,股東常會
2461,2019-06-21,2019-06-26,除息
2461,2020-03-20,2020-03-25,股東常會
2461,2021-03-22,2021-03-25,股東常會
2461,2021-05-24,2021-05-27,除息
2461,2021-08-30,2021-09-02,除息
2461,2022-03-21,2022-03-24,股東常會
2461,2022-06-17,2022-06-22,除息
2461,2022-09-02,2022-09-07,除息
2461,2023-02-23,2023-03-02,股東常會
2461,2023-06-14,2023-06-19,除息
2461,2024-04-18,2024-04-23,股東常會
2461,2024-07-12,2024-07-17,除息
2461,2024-09-09,2024-09-12,除息
2461,2025-03-21,2025-03-26,股東常會
2461,2025-07-02,2025-07-07,除息
2461,2026-03-19,2026-03-24,股東常會
2462,2018-03-29,2018-04-02,股東常會
2462,2019-04-15,2019-04-18,股東常會
2462,2019-07-08,2019-07-11,除息
2462,2020-04-10,2020-04-15,股東常會
2462,2020-07-08,2020-07-13,除息
2462,2021-04-09,2021-04-14,股東常會
2462,2021-08-02,2021-08-05,除息
2462,2022-04-11,2022-04-14,股東常會
2462,2022-07-08,2022-07-13,除息
2462,2023-04-10,2023-04-13,股東常會
2462,2023-08-22,2023-08-25,除權息
2462,2024-03-21,2024-03-26,股東常會
2462,2024-07-11,2024-07-16,除息
2462,2025-03-21,2025-03-26,股東常會
2462,2025-07-22,2025-07-25,除息
2462,2026-03-20,2026-03-25,股東常會
2462,2026-06-26,2026-07-01,除息
2464,2018-04-03,2018-04-11,股東常會
2464,2018-06-27,2018-07-02,除息
2464,2019-04-08,2019-04-11,股東常會
2464,2019-07-04,2019-07-09,除息
2464,2020-04-06,2020-04-09,股東常會
2464,2020-06-24,2020-07-01,除息
2464,2021-04-01,2021-04-08,股東常會
2464,2021-08-10,2021-08-13,除息
2464,2022-03-30,2022-04-06,股東常會
2464,2022-06-28,2022-07-01,除息
2464,2023-03-24,2023-03-29,股東常會
2464,2023-06-27,2023-06-30,除息
2464,2024-03-22,2024-03-27,股東常會
2464,2024-06-27,2024-07-02,除息
2464,2024-09-10,2024-09-13,現金增資
2464,2025-03-20,2025-03-25,股東常會
2464,2025-06-27,2025-07-02,除息
2464,2026-03-20,2026-03-25,股東常會
2464,2026-08-27,2026-09-01,除息
2465,2018-04-03,2018-04-11,股東常會
2465,2019-04-03,,股東常會
2465,2020-04-01,,股東常會
2465,2021-03-31,,股東常會
2465,2022-03-30,2022-04-06,股東常會
2465,2022-08-26,2022-08-31,除權息
2465,2023-03-29,2023-04-06,股東常會
2465,2024-04-03,,股東常會
2465,2025-03-17,,股東常會
2465,2025-10-14,,現金增資
2465,2026-03-26,,股東常會
2466,2018-04-13,2018-04-18,股東常會
2466,2019-04-12,2019-04-17,股東常會
2466,2020-04-10,2020-04-15,股東常會
2466,2021-04-16,2021-04-21,股東常會
2466,2021-09-22,2021-09-27,除權
2466,2022-04-18,2022-04-21,股東常會
2466,2022-12-01,2022-12-06,除權
2466,2023-04-07,2023-04-12,股東常會
2466,2023-09-07,2023-09-12,除權息
2466,2024-04-19,2024-04-24,股東常會
2466,2025-04-18,2025-04-23,股東常會
2466,2026-04-20,2026-04-23,股東常會
2467,2018-03-23,2018-03-28,股東常會
2467,2018-06-11,2018-06-14,除息
2467,2019-04-03,2019-04-10,股東常會
2467,2019-07-03,2019-07-08,除息
2467,2020-03-13,2020-03-18,股東常會
2467,2020-06-02,2020-06-05,除息
2467,2021-03-19,2021-03-24,股東常會
2467,2021-07-28,2021-08-02,除權息
2467,2022-03-30,2022-04-06,股東常會
2467,2022-07-01,2022-07-06,除權息
2467,2023-03-17,2023-03-22,股東常會
2467,2023-06-01,2023-06-06,除息
2467,2024-03-15,2024-03-20,股東常會
2467,2024-05-24,2024-05-29,除息
2467,2025-03-21,2025-03-26,股東常會
2467,2025-05-22,2025-05-27,除息
2467,2026-03-16,2026-03-19,股東常會
2467,2026-06-12,2026-06-17,除息
2468,2018-04-09,2018-04-12,股東常會
2468,2018-07-19,2018-07-24,除息
2468,2019-04-15,2019-04-18,股東常會
2468,2019-08-26,2019-08-29,除息
2468,2020-04-17,2020-04-22,股東常會
2468,2020-08-20,2020-08-25,除息
2468,2021-04-19,2021-04-22,股東常會
2468,2021-08-13,2021-08-18,除息
2468,2022-04-18,2022-04-21,股東常會
2468,2022-08-31,2022-09-05,除息
2468,2023-04-13,2023-04-18,股東常會
2468,2023-08-31,2023-09-05,除息
2468,2024-04-12,2024-04-17,股東常會
2468,2024-08-23,2024-08-28,除息
2468,2025-04-23,2025-04-28,股東常會
2468,2025-08-22,2025-08-27,除息
2468,2026-03-20,2026-03-25,股東常會
2468,2026-08-18,2026-08-21,除息
2471,2018-04-16,2018-04-19,股東常會
2471,2018-08-02,2018-08-07,除息
2471,2019-04-15,2019-04-18,股東常會
2471,2019-07-23,2019-07-26,除息
2471,2020-04-13,2020-04-16,股東常會
2471,2020-07-30,2020-08-04,除息
2471,2021-04-16,2021-04-21,股東常會
2471,2021-08-17,2021-08-20,除息
2471,2022-04-15,2022-04-20,股東常會
2471,2022-07-15,2022-07-20,除息
2471,2023-04-14,2023-04-19,股東常會
2471,2023-07-14,2023-07-19,除息
2471,2024-04-12,2024-04-17,股東常會
2471,2024-07-19,2024-07-24,除息
2471,2025-04-11,2025-04-16,股東常會
2471,2025-07-16,2025-07-21,除息
2471,2026-04-17,2026-04-22,股東常會
2471,2026-07-16,2026-07-21,除息
2472,2018-04-16,2018-04-19,股東常會
2472,2018-08-24,2018-08-29,除息
2472,2019-04-18,2019-04-23,股東常會
2472,2019-08-15,2019-08-20,除息
2472,2020-04-17,2020-04-22,股東常會
2472,2020-08-21,2020-08-26,除息
2472,2020-11-27,2020-12-02,現金增資
2472,2021-04-16,2021-04-21,股東常會
2472,2021-08-26,2021-08-31,除息
2472,2022-04-22,2022-04-27,股東常會
2472,2022-07-27,2022-08-01,除息
2472,2023-04-14,2023-04-19,股東常會
2472,2023-08-11,2023-08-16,除息
2472,2024-04-19,2024-04-24,股東常會
2472,2024-08-14,2024-08-19,除息
2472,2025-04-18,2025-04-23,股東常會
2472,2025-08-15,2025-08-20,除息
2472,2026-04-17,2026-04-22,股東常會
2472,2026-08-14,2026-08-19,除息
2474,2018-04-02,2018-04-10,股東常會
2474,2018-09-12,2018-09-17,除息
2474,2019-04-03,2019-04-10,股東常會
2474,2019-09-09,2019-09-12,除息
2474,2020-04-23,2020-04-28,股東常會
2474,2020-08-28,2020-09-02,除息
2474,2021-03-25,2021-03-30,股東常會
2474,2021-08-25,2021-08-30,除息
2474,2022-03-21,2022-03-24,股東常會
2474,2022-08-30,2022-09-02,除息
2474,2023-03-24,2023-03-29,股東常會
2474,2023-06-21,2023-06-28,除息
2474,2023-12-01,2023-12-06,除息
2474,2024-03-22,2024-03-27,股東常會
2474,2024-06-28,2024-07-03,除息
2474,2024-12-04,2024-12-09,除息
2474,2025-03-21,2025-03-26,股東常會
2474,2025-06-27,2025-07-02,除息
2474,2025-12-17,2025-12-22,除息
2474,2026-03-20,2026-03-25,股東常會
2474,2026-06-30,2026-07-03,除息
2476,2018-04-03,2018-04-11,股東常會
2476,2018-07-31,2018-08-03,除息
2476,2019-04-03,2019-04-10,股東常會
2476,2019-07-30,2019-08-02,除息
2476,2020-04-09,2020-04-14,股東常會
2476,2020-07-29,2020-08-03,除息
2476,2021-03-25,2021-03-30,股東常會
2476,2021-07-28,2021-08-02,除息
2476,2022-03-31,2022-04-07,股東常會
2476,2022-08-05,2022-08-10,除息
2476,2023-03-29,2023-04-06,股東常會
2476,2023-08-04,2023-08-09,除息
2476,2024-01-23,2024-01-26,現金增資
2476,2024-04-08,2024-04-11,股東常會
2476,2024-08-07,2024-08-12,除息
2476,2025-04-07,2025-04-10,股東常會
2476,2025-08-08,2025-08-13,除息
2476,2026-04-02,2026-04-09,股東常會
2476,2026-08-07,2026-08-12,除息
2477,2018-04-13,2018-04-18,股東常會
2477,2018-08-17,2018-08-22,除息
2477,2019-04-19,2019-04-24,股東常會
2477,2019-07-31,2019-08-05,除息
2477,2020-04-17,2020-04-22,股東常會
2477,2020-07-08,2020-07-13,除息
2477,2021-04-16,2021-04-21,股東常會
2477,2021-08-04,2021-08-09,除息
2477,2022-04-15,2022-04-20,股東常會
2477,2022-07-05,2022-07-08,除息
2477,2022-11-18,2022-11-23,減資
2477,2023-04-21,2023-04-26,股東常會
2477,2024-04-19,2024-04-24,股東常會
2477,2025-04-18,2025-04-23,股東常會
2477,2026-04-20,2026-04-23,股東常會
2478,2018-03-29,2018-04-02,股東常會
2478,2018-07-27,2018-08-01,除息
2478,2019-03-27,2019-04-01,股東常會
2478,2019-06-21,2019-06-26,除息
2478,2019-09-20,2019-09-25,減資
2478,2020-04-01,2020-04-08,股東常會
2478,2020-07-22,2020-07-27,除息
2478,2021-04-01,2021-04-08,股東常會
2478,2021-07-23,2021-07-28,除息
2478,2022-03-30,2022-04-06,股東常會
2478,2022-06-24,2022-06-29,除息
2478,2023-03-28,2023-03-31,股東常會
2478,2023-06-30,2023-07-05,除息
2478,2024-03-27,2024-04-01,股東常會
2478,2024-06-21,2024-06-26,除息
2478,2025-03-26,2025-03-31,股東常會
2478,2025-06-20,2025-06-25,除息
2478,2026-04-02,2026-04-09,股東常會
2478,2026-07-03,2026-07-08,除息
2480,2018-03-22,2018-03-27,股東常會
2480,2018-06-08,2018-06-13,除息
2480,2019-03-22,2019-03-27,股東常會
2480,2019-06-21,2019-06-26,除息
2480,2020-03-20,2020-03-25,股東常會
2480,2020-06-12,2020-06-17,除息
2480,2021-03-22,2021-03-25,股東常會
2480,2021-06-18,2021-06-23,除息
2480,2022-03-21,2022-03-24,股東常會
2480,2022-06-17,2022-06-22,除息
2480,2023-03-23,2023-03-28,股東常會
2480,2023-06-09,2023-06-14,除息
2480,2024-03-25,2024-03-28,股東常會
2480,2024-06-14,2024-06-19,除息
2480,2025-03-21,2025-03-26,股東常會
2480,2025-06-12,2025-06-17,除息
2480,2026-03-23,2026-03-26,股東常會
2480,2026-06-10,2026-06-15,除息
2481,2018-04-03,2018-04-11,股東常會
2481,2019-04-03,2019-04-10,股東常會
2481,2019-06-28,2019-07-03,除息
2481,2019-09-09,2019-09-12,減資
2481,2020-04-06,2020-04-09,股東常會
2481,2020-07-10,2020-07-15,除息
2481,2021-04-09,2021-04-14,股東常會
2481,2021-07-30,2021-08-04,除息
2481,2022-04-08,2022-04-13,股東常會
2481,2022-06-29,2022-07-04,除息
2481,2023-04-07,2023-04-12,股東常會
2481,2023-07-24,2023-07-27,除息
2481,2024-04-03,2024-04-10,股東常會
2481,2024-07-29,2024-08-01,除息
2481,2025-04-14,2025-04-17,股東常會
2481,2025-07-04,2025-07-09,除息
2481,2026-04-10,2026-04-15,除息
2482,2018-03-28,2018-03-31,股東常會
2482,2019-04-03,2019-04-10,股東常會
2482,2020-04-01,2020-04-08,股東常會
2482,2021-03-30,2021-04-06,股東常會
2482,2022-03-30,2022-04-06,股東常會
2482,2023-03-28,2023-03-31,股東常會
2482,2023-07-12,2023-07-17,除息
2482,2024-03-22,2024-03-27,股東常會
2482,2024-07-12,2024-07-17,除息
2482,2025-03-21,2025-03-26,股東常會
2482,2025-07-02,2025-07-07,除息
2482,2026-03-20,2026-03-25,股東常會
2482,2026-07-23,2026-07-28,除息
2483,2018-03-28,2018-03-31,股東常會
2483,2018-06-21,2018-06-26,除息
2483,2019-04-02,2019-04-09,股東常會
2483,2019-07-10,2019-07-15,除息
2483,2020-03-10,2020-03-13,除息
2483,2020-03-25,2020-03-30,股東常會
2483,2021-03-25,2021-03-30,除息
2483,2022-03-25,2022-03-30,除息
2483,2023-03-24,2023-03-29,股東常會
2483,2024-03-25,2024-03-28,股東常會
2483,2025-03-21,2025-03-26,股東常會
2483,2026-03-23,2026-03-26,股東常會
2484,2018-04-02,2018-04-10,股東常會
2484,2018-08-22,2018-08-27,除息
2484,2019-04-08,2019-04-11,股東常會
2484,2019-08-19,2019-08-22,除息
2484,2020-04-06,2020-04-09,股東常會
2484,2020-08-24,2020-08-27,除息
2484,2021-04-09,2021-04-14,股東常會
2484,2021-08-24,2021-08-27,除息
2484,2022-03-30,2022-04-06,股東常會
2484,2022-08-24,2022-08-29,除息
2484,2023-04-13,2023-04-18,股東常會
2484,2023-08-24,2023-08-29,除息
2484,2024-04-12,2024-04-17,股東常會
2484,2024-08-20,2024-08-23,除息
2484,2025-04-07,2025-04-10,股東常會
2484,2025-08-19,2025-08-22,除息
2484,2026-04-17,2026-04-22,股東常會
2484,2026-08-18,2026-08-21,除息
2485,2018-04-03,2018-04-11,股東常會
2485,2018-07-26,2018-07-31,除息
2485,2019-04-03,2019-04-10,股東常會
2485,2019-07-26,2019-07-31,除息
2485,2020-04-10,2020-04-15,股東常會
2485,2021-04-09,2021-04-14,股東常會
2485,2022-04-08,2022-04-13,股東常會
2485,2023-04-07,2023-04-12,股東常會
2485,2024-04-03,2024-04-10,股東常會
2485,2025-04-02,2025-04-09,股東常會
2485,2026-04-01,2026-04-08,股東常會
2486,2018-03-28,2018-03-31,股東常會
2486,2019-03-27,2019-04-01,股東常會
2486,2020-04-01,2020-04-08,股東常會
2486,2021-03-30,2021-04-06,股東常會
2486,2021-07-22,2021-07-27,現金增資
2486,2022-03-25,2022-03-30,股東常會
2486,2022-05-27,2022-06-01,除息
2486,2023-03-24,2023-03-29,股東常會
2486,2023-06-08,2023-06-13,除息
2486,2024-03-22,2024-03-27,股東常會
2486,2024-05-27,2024-05-30,除息
2486,2025-03-20,2025-03-25,股東常會
2486,2025-06-20,2025-06-25,除息
2486,2026-03-19,2026-03-24,股東常會
2486,2026-05-19,2026-05-22,除息
2488,2018-04-16,2018-04-19,股東常會
2488,2018-09-07,2018-09-12,除息
2488,2019-04-18,2019-04-23,股東常會
2488,2019-09-18,2019-09-23,除息
2488,2020-04-17,2020-04-22,股東常會
2488,2020-09-17,2020-09-22,除息
2488,2021-04-19,2021-04-22,股東常會
2488,2021-09-14,2021-09-17,除息
2488,2022-04-18,2022-04-21,股東常會
2488,2022-09-15,2022-09-20,除息
2488,2023-04-20,2023-04-25,股東常會
2488,2023-09-07,2023-09-12,除息
2488,2024-04-15,2024-04-18,股東常會
2488,2024-09-18,2024-09-23,除息
2488,2025-04-14,2025-04-17,股東常會
2488,2025-09-11,2025-09-16,除息
2488,2026-04-17,2026-04-22,股東常會
2488,2026-07-03,2026-07-08,除息
2489,2018-04-03,2018-04-11,股東常會
2489,2019-04-03,2019-04-10,股東常會
2489,2020-04-10,2020-04-15,股東常會
2489,2021-04-09,2021-04-14,股東常會
2489,2021-10-25,2021-10-28,減資
2489,2021-11-15,2021-11-18,除息
2489,2022-04-08,2022-04-13,股東常會
2489,2022-08-26,2022-08-31,除權息
2489,2023-04-07,2023-04-12,股東常會
2489,2023-09-21,2023-09-26,減資
2489,2024-04-03,2024-04-10,股東常會
2489,2024-09-12,2024-09-18,減資
2489,2024-10-14,2024-10-17,除息
2489,2025-03-14,2025-03-19,股東常會
2489,2025-09-19,2025-09-24,減資
2489,2025-10-20,2025-10-23,除息
2489,2026-03-20,2026-03-25,股東常會
2489,2026-06-18,2026-06-24,除息
2491,2018-04-03,,股東常會
2491,2019-04-18,,股東常會
2491,2020-04-10,2020-04-15,股東常會
2491,2021-04-16,2021-04-21,股東常會
2491,2021-09-13,2021-09-16,除息
2491,2022-04-11,2022-04-14,股東常會
2491,2022-07-13,2022-07-18,除息
2491,2023-04-21,,股東常會
2491,2024-04-18,2024-04-23,股東常會
2491,2025-04-02,,股東常會
2491,2026-03-23,2026-03-26,股東常會
2492,2018-04-20,2018-04-25,股東常會
2492,2018-08-02,2018-08-07,除息
2492,2019-04-12,2019-04-17,股東常會
2492,2019-08-02,2019-08-07,除息
2492,2020-04-09,2020-04-14,股東常會
2492,2020-07-31,2020-08-05,除息
2492,2021-04-19,2021-04-22,股東常會
2492,2021-08-24,2021-08-27,除息
2492,2022-04-08,2022-04-13,股東常會
2492,2022-08-04,2022-08-09,除息
2492,2023-04-14,2023-04-19,股東常會
2492,2023-07-24,2023-07-27,除息
2492,2024-04-03,2024-04-10,股東常會
2492,2024-07-04,2024-07-09,除息
2492,2025-04-11,2025-04-16,股東常會
2492,2025-07-03,2025-07-08,除息
2492,2026-04-02,2026-04-09,股東常會
2492,2026-07-03,2026-07-08,除息
2493,2018-04-03,2018-04-11,股東常會
2493,2018-07-09,2018-07-12,除息
2493,2019-04-03,2019-04-10,股東常會
2493,2019-07-01,2019-07-04,除息
2493,2020-04-10,2020-04-15,股東常會
2493,2020-07-03,2020-07-08,除息
2493,2021-04-01,2021-04-08,股東常會
2493,2021-07-02,2021-07-07,除息
2493,2022-04-08,2022-04-13,股東常會
2493,2022-07-06,2022-07-11,除息
2493,2023-04-07,2023-04-12,股東常會
2493,2023-07-05,2023-07-10,除息
2493,2024-04-11,2024-04-16,股東常會
2493,2024-07-03,2024-07-08,除息
2493,2025-04-02,2025-04-09,股東常會
2493,2025-08-29,2025-09-03,除權息
2493,2026-04-01,2026-04-08,股東常會
2493,2026-07-03,2026-07-08,除息
2495,2018-04-02,2018-04-10,股東常會
2495,2018-07-20,2018-07-25,除息
2495,2019-04-02,2019-04-09,股東常會
2495,2019-07-22,2019-07-25,除息
2495,2020-04-01,2020-04-08,股東常會
2495,2020-07-22,2020-07-27,除息
2495,2021-04-09,2021-04-14,股東常會
2495,2021-08-19,2021-08-24,除息
2495,2022-04-08,2022-04-13,股東常會
2495,2022-07-26,2022-07-29,除息
2495,2023-04-06,2023-04-11,股東常會
2495,2023-07-25,2023-07-28,除息
2495,2024-04-08,2024-04-11,股東常會
2495,2024-07-19,2024-07-24,除息
2495,2025-04-07,2025-04-10,股東常會
2495,2025-07-21,2025-07-24,除息
2495,2026-04-02,2026-04-09,股東常會
2495,2026-07-20,2026-07-23,除息
2496,2018-04-03,2018-04-11,股東常會
2496,2018-07-16,2018-07-19,除權息
2496,2019-02-20,2019-02-25,股東常會
2496,2019-07-12,2019-07-17,除息
2496,2020-04-10,2020-04-15,股東常會
2496,2020-07-17,2020-07-22,除權息
2496,2021-03-22,2021-03-25,股東常會
2496,2021-07-12,2021-07-15,除息
2496,2022-03-30,2022-04-06,股東常會
2496,2022-06-20,2022-06-23,除息
2496,2023-04-10,2023-04-13,股東常會
2496,2024-04-03,2024-04-10,股東常會
2496,2025-03-21,2025-03-26,股東常會
2496,2025-08-21,2025-08-26,除息
2496,2026-03-23,2026-03-26,股東常會
2496,2026-08-13,2026-08-18,除權息
2497,2018-04-03,2018-04-11,股東常會
2497,2019-04-11,2019-04-16,股東常會
2497,2020-04-10,2020-04-15,股東常會
2497,2021-04-09,2021-04-14,股東常會
2497,2022-04-08,2022-04-13,股東常會
2497,2022-06-27,2022-06-30,現金增資
2497,2023-04-10,2023-04-13,股東常會
2497,2023-07-27,2023-08-01,除息
2497,2024-04-03,2024-04-10,股東常會
2497,2024-07-24,2024-07-29,除息
2497,2025-04-02,2025-04-09,股東常會
2497,2025-07-24,2025-07-29,除息
2497,2026-04-10,2026-04-15,股東常會
2497,2026-07-22,2026-07-27,除息
2498,2018-04-20,2018-04-25,股東常會
2498,2019-04-15,2019-04-18,股東常會
2498,2019-08-13,2019-08-16,除息
2498,2020-04-13,2020-04-16,股東常會
2498,2021-04-12,2021-04-15,股東常會
2498,2022-04-11,2022-04-14,股東常會
2498,2023-04-10,2023-04-13,股東常會
2498,2024-04-12,2024-04-17,股東常會
2498,2025-04-14,2025-04-17,股東常會
2498,2026-04-10,2026-04-15,股東常會
2498,2026-06-15,2026-06-18,除息
2501,2018-03-29,2018-04-02,股東常會
2501,2018-06-22,2018-06-27,除息
2501,2019-04-08,2019-04-11,股東常會
2501,2019-06-26,2019-07-01,除息
2501,2020-04-06,2020-04-09,股東常會
2501,2020-07-09,2020-07-14,除息
2501,2021-04-01,2021-04-08,股東常會
2501,2021-08-11,2021-08-16,除息
2501,2022-04-11,2022-04-14,股東常會
2501,2022-07-08,2022-07-13,除息
2501,2023-03-29,2023-04-06,股東常會
2501,2023-07-07,2023-07-12,除息
2501,2024-04-08,2024-04-11,股東常會
2501,2024-07-10,2024-07-15,除息
2501,2025-04-07,2025-04-10,股東常會
2501,2025-07-04,2025-07-09,除息
2501,2026-04-02,2026-04-09,股東常會
2501,2026-07-08,2026-07-13,除息
2504,2018-04-13,2018-04-18,股東常會
2504,2018-07-26,2018-07-31,除息
2504,2019-04-12,2019-04-17,股東常會
2504,2019-07-25,2019-07-30,除息
2504,2020-04-10,2020-04-15,股東常會
2504,2020-07-10,2020-07-15,除息
2504,2020-09-29,2020-10-06,減資
2504,2021-03-31,2021-04-07,股東常會
2504,2021-07-20,2021-07-23,除息
2504,2022-03-25,2022-03-30,股東常會
2504,2022-06-17,2022-06-22,除息
2504,2023-03-23,2023-03-28,股東常會
2504,2023-06-14,2023-06-19,除息
2504,2024-03-25,2024-03-28,股東常會
2504,2024-06-19,2024-06-24,除息
2504,2025-03-21,2025-03-26,股東常會
2504,2025-06-18,2025-06-23,除息
2504,2026-03-20,2026-03-25,股東常會
2504,2026-06-11,2026-06-16,除息
2505,2018-04-16,2018-04-19,股東常會
2505,2018-07-05,2018-07-10,除息
2505,2018-08-14,2018-08-17,現金增資
2505,2019-04-12,2019-04-17,股東常會
2505,2019-08-23,2019-08-28,除息
2505,2020-04-01,2020-04-08,股東常會
2505,2020-08-12,2020-08-17,除息
2505,2020-12-18,2020-12-23,減資
2505,2021-03-31,2021-04-07,股東常會
2505,2021-09-07,2021-09-10,除息
2505,2021-11-18,2021-11-23,除息
2505,2022-04-11,2022-04-14,股東常會
2505,2023-04-07,2023-04-12,股東常會
2505,2024-03-28,2024-04-02,股東常會
2505,2024-08-23,2024-08-28,除息
2505,2025-04-18,2025-04-23,股東常會
2505,2026-04-01,2026-04-08,股東常會
2505,2026-08-14,2026-08-19,除息
2506,2018-04-09,2018-04-12,股東常會
2506,2018-10-12,2018-10-17,除息
2506,2019-04-03,2019-04-10,股東常會
2506,2019-09-20,2019-09-25,除息
2506,2020-04-06,2020-04-09,股東常會
2506,2021-04-16,2021-04-21,股東常會
2506,2021-06-23,2021-06-28,除息
2506,2022-04-08,2022-04-13,股東常會
2506,2022-08-24,2022-08-29,除息
2506,2022-11-11,2022-11-16,除息
2506,2023-04-07,2023-04-12,股東常會
2506,2023-06-21,2023-06-28,除息
2506,2023-11-17,2023-11-22,除息
2506,2024-04-08,2024-04-11,股東常會
2506,2024-06-07,2024-06-13,除息
2506,2025-04-02,2025-04-09,股東常會
2506,2025-06-13,2025-06-18,除息
2506,2026-04-01,2026-04-08,股東常會
2506,2026-07-10,2026-07-15,除息
2509,2018-04-16,2018-04-19,股東常會
2509,2018-08-23,2018-08-28,除權息
2509,2019-04-19,2019-04-24,股東常會
2509,2019-08-23,2019-08-28,除權息
2509,2020-04-01,2020-04-08,股東常會
2509,2020-08-21,2020-08-26,除權息
2509,2021-03-31,2021-04-07,股東常會
2509,2021-08-05,2021-08-10,除息
2509,2022-03-30,2022-04-06,股東常會
2509,2023-03-28,2023-03-31,股東常會
2509,2024-03-27,2024-04-01,股東常會
2509,2025-04-02,2025-04-09,股東常會
2509,2026-03-20,2026-03-25,股東常會
2511,2018-04-13,2018-04-18,股東常會
2511,2018-07-19,2018-07-24,除息
2511,2019-04-15,2019-04-18,股東常會
2511,2019-07-19,2019-07-24,除息
2511,2020-04-10,2020-04-15,股東常會
2511,2020-07-24,2020-07-29,除息
2511,2021-04-09,2021-04-14,股東常會
2511,2021-08-18,2021-08-23,除息
2511,2022-04-11,2022-04-14,股東常會
2511,2022-07-22,2022-07-27,除息
2511,2023-04-14,2023-04-19,股東常會
2511,2023-07-21,2023-07-26,除息
2511,2024-04-12,2024-04-17,股東常會
2511,2024-07-19,2024-07-24,除息
2511,2025-04-11,2025-04-16,股東常會
2511,2025-07-18,2025-07-23,除息
2511,2026-04-10,2026-04-15,股東常會
2511,2026-07-24,2026-07-29,除息
2514,2018-04-13,2018-04-18,股東常會
2514,2018-09-14,2018-09-19,除權息
2514,2019-04-19,2019-04-24,股東常會
2514,2019-08-21,2019-08-26,除息
2514,2019-11-29,2019-12-04,減資
2514,2020-04-10,2020-04-15,股東常會
2514,2021-04-22,2021-04-27,股東常會
2514,2022-04-22,2022-04-27,股東常會
2514,2023-04-20,2023-04-25,股東常會
2514,2024-04-19,2024-04-24,股東常會
2514,2025-04-18,2025-04-23,股東常會
2514,2026-04-20,2026-04-23,股東常會
2515,2018-04-16,2018-04-19,股東常會
2515,2018-10-09,2018-10-15,除息
2515,2019-04-15,2019-04-18,股東常會
2515,2019-10-03,2019-10-08,除息
2515,2020-04-17,2020-04-22,股東常會
2515,2020-09-17,2020-09-22,除息
2515,2021-04-09,2021-04-14,股東常會
2515,2021-09-14,2021-09-17,除息
2515,2022-03-25,2022-03-30,股東常會
2515,2022-09-16,2022-09-21,除息
2515,2023-03-28,2023-03-31,股東常會
2515,2023-07-14,2023-07-19,除息
2515,2024-03-25,2024-03-28,股東常會
2515,2024-08-06,2024-08-09,除息
2515,2025-03-21,2025-03-26,股東常會
2515,2025-11-04,2025-11-07,除權
2515,2026-03-13,2026-03-18,股東常會
2515,2026-07-10,2026-07-15,除權
2516,2018-04-16,,股東常會
2516,2019-04-12,2019-04-17,股東常會
2516,2020-04-13,2020-04-16,股東常會
2516,2021-04-01,,股東常會
2516,2022-04-18,,股東常會
2516,2023-04-21,,股東常會
2516,2024-04-18,,股東常會
2516,2025-04-02,,股東常會
2516,2026-04-10,,股東常會
2520,2018-04-20,2018-04-25,股東常會
2520,2018-07-12,2018-07-17,除息
2520,2019-04-02,2019-04-09,股東常會
2520,2019-06-28,2019-07-03,除息
2520,2020-04-13,2020-04-16,股東常會
2520,2020-07-09,2020-07-14,除息
2520,2021-04-09,2021-04-14,股東常會
2520,2021-08-03,2021-08-06,除權息
2520,2022-04-22,2022-04-27,股東常會
2520,2022-07-26,2022-07-29,除息
2520,2023-04-13,2023-04-18,股東常會
2520,2023-07-21,2023-07-26,除息
2520,2024-03-22,2024-03-27,股東常會
2520,2024-07-23,2024-07-26,除息
2520,2025-03-21,2025-03-26,股東常會
2520,2025-07-30,2025-08-04,除權息
2520,2026-03-20,2026-03-25,股東常會
2520,2026-08-04,2026-08-07,除息
2524,2018-04-16,2018-04-19,股東常會
2524,2018-08-24,2018-08-29,除息
2524,2019-04-19,2019-04-24,股東常會
2524,2020-04-17,2020-04-22,股東常會
2524,2021-04-19,2021-04-22,股東常會
2524,2022-04-15,2022-04-20,股東常會
2524,2023-04-21,2023-04-26,股東常會
2524,2024-04-19,2024-04-24,股東常會
2524,2025-04-18,2025-04-23,股東常會
2524,2026-04-20,2026-04-23,股東常會
2527,2018-04-13,2018-04-18,股東常會
2527,2018-08-22,2018-08-27,除息
2527,2019-04-19,2019-04-24,股東常會
2527,2019-08-23,2019-08-28,除息
2527,2020-04-10,2020-04-15,股東常會
2527,2020-08-21,2020-08-26,除息
2527,2021-04-22,2021-04-27,股東常會
2527,2021-08-17,2021-08-20,除息
2527,2022-04-21,2022-04-26,股東常會
2527,2022-08-16,2022-08-19,除息
2527,2023-04-20,2023-04-25,股東常會
2527,2023-08-18,2023-08-23,除息
2527,2024-04-19,2024-04-24,股東常會
2527,2024-08-20,2024-08-23,除息
2527,2025-04-11,2025-04-16,股東常會
2527,2025-08-19,2025-08-22,除息
2527,2026-04-17,2026-04-22,股東常會
2527,2026-08-18,2026-08-21,除息
2528,2018-03-16,2018-03-21,股東常會
2528,2018-05-23,,現金增資
2528,2019-04-12,2019-04-17,股東常會
2528,2020-04-10,2020-04-15,股東常會
2528,2021-04-09,2021-04-14,股東常會
2528,2022-04-08,2022-04-13,除息
2528,2023-04-07,2023-04-12,股東常會
2528,2024-03-27,2024-04-01,股東常會
2528,2025-03-07,2025-03-12,股東常會
2528,2025-07-24,2025-07-29,除權
2528,2026-03-20,2026-03-25,除息
2528,2026-07-22,2026-07-27,除權
2530,2018-04-09,2018-04-12,股東常會
2530,2019-03-27,2019-04-01,股東常會
2530,2019-08-22,2019-08-27,除息
2530,2020-04-17,2020-04-22,股東常會
2530,2020-07-27,2020-07-30,除息
2530,2020-11-13,2020-11-18,現金增資
2530,2021-04-16,2021-04-21,股東常會
2530,2022-04-22,2022-04-27,股東常會
2530,2023-03-24,2023-03-29,除息
2530,2023-04-21,2023-04-26,股東常會
2530,2024-04-19,2024-04-24,股東常會
2530,2024-06-21,2024-06-26,除息
2530,2024-08-23,2024-08-28,除息
2530,2024-11-22,2024-11-27,除息
2530,2025-04-18,2025-04-23,股東常會
2530,2025-07-17,2025-07-22,除息
2530,2025-09-02,2025-09-05,除息
2530,2025-12-03,2025-12-08,除息
2530,2026-04-20,2026-04-23,股東常會
2530,2026-09-08,2026-09-11,除息
2534,2018-04-20,2018-04-25,股東常會
2534,2018-08-08,2018-08-13,除權息
2534,2019-04-15,2019-04-18,股東常會
2534,2019-11-29,2019-12-04,減資
2534,2020-04-13,2020-04-16,股東常會
2534,2020-07-22,2020-07-27,除息
2534,2020-11-27,2020-12-02,減資
2534,2021-04-22,2021-04-27,股東常會
2534,2021-08-02,2021-08-05,除息
2534,2022-04-08,2022-04-13,股東常會
2534,2022-08-02,2022-08-05,除息
2534,2023-04-14,2023-04-19,股東常會
2534,2023-07-14,2023-07-19,除息
2534,2024-03-22,2024-03-27,股東常會
2534,2024-07-02,2024-07-05,除息
2534,2025-03-21,2025-03-26,股東常會
2534,2025-06-27,2025-07-02,除息
2534,2026-03-20,2026-03-25,股東常會
2534,2026-06-16,2026-06-22,除息
2535,2018-04-02,2018-04-10,股東常會
2535,2018-07-03,2018-07-06,除息
2535,2019-04-12,2019-04-17,股東常會
2535,2019-07-12,2019-07-17,除息
2535,2020-04-10,2020-04-15,股東常會
2535,2020-07-24,2020-07-29,除息
2535,2021-04-09,2021-04-14,股東常會
2535,2021-07-06,2021-07-09,除息
2535,2022-03-31,2022-04-07,除息
2535,2023-04-14,2023-04-19,股東常會
2535,2023-10-13,2023-10-18,減資
2535,2024-04-03,2024-04-10,股東常會
2535,2025-03-26,2025-03-31,除息
2535,2026-04-01,2026-04-08,股東常會
2536,2018-04-02,2018-04-10,股東常會
2536,2018-08-10,2018-08-15,除息
2536,2019-04-08,2019-04-11,股東常會
2536,2019-07-23,2019-07-26,除息
2536,2020-04-01,2020-04-08,股東常會
2536,2020-08-17,2020-08-20,除息
2536,2021-04-16,2021-04-21,股東常會
2536,2021-08-18,2021-08-23,除息
2536,2022-04-08,2022-04-13,股東常會
2536,2023-04-14,2023-04-19,股東常會
2536,2023-08-25,2023-08-30,除息
2536,2024-04-12,2024-04-17,股東常會
2536,2024-07-10,2024-07-15,除息
2536,2025-04-11,2025-04-16,股東常會
2536,2025-07-10,2025-07-15,除息
2536,2026-04-10,2026-04-15,股東常會
2536,2026-07-01,2026-07-06,除息
2537,2018-04-20,2018-04-25,股東常會
2537,2019-04-19,2019-04-24,股東常會
2537,2020-04-17,2020-04-22,股東常會
2537,2021-04-16,2021-04-21,股東常會
2537,2021-07-30,2021-08-04,除息
2537,2022-04-15,2022-04-20,股東常會
2537,2022-07-27,2022-08-01,除息
2537,2023-04-21,2023-04-26,股東常會
2537,2024-04-19,2024-04-24,股東常會
2537,2025-04-18,2025-04-23,股東常會
2537,2026-04-17,2026-04-22,股東常會
2538,2018-04-03,2018-04-11,股東常會
2538,2018-07-04,2018-07-09,除息
2538,2019-04-03,2019-04-10,股東常會
2538,2019-06-28,2019-07-03,除息
2538,2020-04-10,2020-04-15,股東常會
2538,2020-07-01,2020-07-06,除息
2538,2021-04-09,2021-04-14,股東常會
2538,2021-08-11,2021-08-16,除息
2538,2022-04-08,2022-04-13,股東常會
2538,2022-06-29,2022-07-04,除息
2538,2023-04-07,2023-04-12,股東常會
2538,2023-06-28,2023-07-03,除息
2538,2024-04-03,2024-04-10,股東常會
2538,2024-08-20,2024-08-23,除息
2538,2024-10-01,2024-10-04,除權
2538,2025-04-11,2025-04-16,股東常會
2538,2025-07-25,2025-07-30,除息
2538,2026-04-10,2026-04-15,股東常會
2538,2026-07-24,2026-07-29,除息
2539,2018-04-13,2018-04-18,股東常會
2539,2018-08-31,2018-09-05,除權息
2539,2019-03-27,2019-04-01,股東常會
2539,2019-08-01,2019-08-06,除權息
2539,2020-04-01,2020-04-08,股東常會
2539,2020-08-13,2020-08-18,除權息
2539,2021-04-09,2021-04-14,股東常會
2539,2021-09-14,2021-09-17,除權息
2539,2022-04-08,2022-04-13,股東常會
2539,2022-08-25,2022-08-30,除權息
2539,2023-04-07,2023-04-12,股東常會
2539,2023-08-18,2023-08-23,除權息
2539,2024-04-08,2024-04-11,股東常會
2539,2024-08-09,2024-08-14,除權息
2539,2025-04-14,2025-04-17,股東常會
2539,2025-08-22,2025-08-27,除權息
2539,2026-04-10,2026-04-15,股東常會
2539,2026-08-14,2026-08-19,除權息
2540,2018-04-03,2018-04-11,股東常會
2540,2019-04-22,2019-04-25,股東常會
2540,2020-04-17,2020-04-22,股東常會
2540,2021-04-22,2021-04-27,股東常會
2540,2021-10-20,2021-10-25,除權息
2540,2022-04-22,2022-04-27,股東常會
2540,2022-09-13,2022-09-16,除權息
2540,2023-02-10,2023-02-15,現金增資
2540,2023-04-21,2023-04-26,股東常會
2540,2023-09-07,2023-09-12,除權息
2540,2024-01-31,2024-02-05,現金增資
2540,2024-04-22,2024-04-25,股東常會
2540,2024-09-06,2024-09-11,除權息
2540,2025-01-21,2025-02-04,現金增資
2540,2025-04-23,2025-04-28,股東常會
2540,2025-09-23,2025-09-26,除權息
2540,2026-04-23,2026-04-28,股東常會
2540,2026-08-04,2026-08-07,除息
2542,2018-04-02,2018-04-10,股東常會
2542,2018-09-03,2018-09-06,除息
2542,2019-04-02,2019-04-09,股東常會
2542,2019-09-26,2019-10-01,除息
2542,2020-02-14,2020-02-19,除息
2542,2020-04-01,2020-04-08,股東常會
2542,2020-09-18,2020-09-23,除權息
2542,2021-03-31,2021-04-07,股東常會
2542,2021-09-16,2021-09-23,除息
2542,2022-04-08,2022-04-13,股東常會
2542,2022-09-20,2022-09-23,除權息
2542,2023-04-07,2023-04-12,股東常會
2542,2023-09-20,2023-09-25,除權息
2542,2024-04-03,2024-04-10,股東常會
2542,2024-09-20,2024-09-25,除權息
2542,2025-04-11,2025-04-16,股東常會
2542,2025-09-19,2025-09-24,除權息
2542,2026-04-10,2026-04-15,股東常會
2542,2026-09-17,2026-09-22,除息
2543,2018-04-13,2018-04-18,股東常會
2543,2019-04-12,,股東常會
2543,2020-04-17,,股東常會
2543,2021-04-19,,股東常會
2543,2022-04-15,,股東常會
2543,2023-04-13,2023-04-18,股東常會
2543,2023-10-04,2023-10-11,除息
2543,2024-02-22,2024-02-27,股東常會
2543,2024-05-24,2024-05-29,現金增資
2543,2024-10-16,2024-10-21,除權息
2543,2025-01-08,2025-01-13,現金增資
2543,2025-03-21,2025-03-26,股東常會
2543,2025-08-27,2025-09-01,除權息
2543,2025-10-17,2025-10-22,除息
2543,2026-04-10,2026-04-15,股東常會
2543,2026-07-29,2026-08-03,除息
2545,2018-04-03,2018-04-11,股東常會
2545,2018-07-26,2018-07-31,除息
2545,2019-04-12,2019-04-17,股東常會
2545,2019-08-02,2019-08-07,除息
2545,2020-04-01,2020-04-08,股東常會
2545,2020-07-28,2020-07-31,除息
2545,2021-03-31,2021-04-07,股東常會
2545,2021-08-17,2021-08-20,除息
2545,2022-03-25,2022-03-30,股東常會
2545,2022-06-14,2022-06-17,除息
2545,2023-03-28,2023-03-31,股東常會
2545,2023-06-16,2023-06-21,除息
2545,2024-03-28,2024-04-02,股東常會
2545,2024-08-01,2024-08-06,除息
2545,2025-03-17,2025-03-20,股東常會
2545,2025-06-11,2025-06-16,現金增資
2545,2026-03-26,2026-03-31,股東常會
2545,2026-07-02,2026-07-07,除息
2546,2018-04-16,2018-04-19,股東常會
2546,2018-07-12,2018-07-17,除息
2546,2019-04-11,2019-04-16,股東常會
2546,2019-06-28,2019-07-03,除息
2546,2020-04-09,2020-04-14,股東常會
2546,2020-07-09,2020-07-14,除息
2546,2021-04-09,2021-04-14,股東常會
2546,2021-08-03,2021-08-06,除息
2546,2022-04-08,2022-04-13,股東常會
2546,2022-07-26,2022-07-29,除權息
2546,2023-03-24,2023-03-29,股東常會
2546,2023-07-21,2023-07-26,除權息
2546,2024-03-22,2024-03-27,股東常會
2546,2024-07-23,2024-07-26,除權息
2546,2025-03-20,2025-03-25,股東常會
2546,2025-07-30,2025-08-04,除權息
2546,2026-03-19,2026-03-24,股東常會
2546,2026-08-04,2026-08-07,除權息
2547,2018-04-20,,股東常會
2547,2019-04-18,2019-04-23,股東常會
2547,2019-08-02,2019-08-07,除權息
2547,2020-03-12,2020-03-17,股東常會
2547,2020-07-07,2020-07-10,除息
2547,2021-04-19,2021-04-22,股東常會
2547,2021-08-19,2021-08-24,除息
2547,2022-03-21,2022-03-24,股東常會
2547,2022-08-03,2022-08-08,除息
2547,2023-03-24,2023-03-29,股東常會
2547,2024-01-24,2024-01-29,現金增資
2547,2024-03-21,2024-03-26,股東常會
2547,2024-08-09,2024-08-14,除息
2547,2025-02-03,2025-02-06,現金增資
2547,2025-03-14,2025-03-19,股東常會
2547,2025-07-09,2025-07-14,除息
2547,2026-04-01,2026-04-08,股東常會
2547,2026-07-13,2026-07-16,除息
2548,2018-03-28,2018-03-31,股東常會
2548,2018-06-22,2018-06-27,除息
2548,2019-03-22,2019-03-27,股東常會
2548,2019-06-27,2019-07-02,除息
2548,2020-03-20,2020-03-25,股東常會
2548,2020-06-04,2020-06-09,除息
2548,2021-03-19,2021-03-24,股東常會
2548,2021-06-03,2021-06-08,除息
2548,2022-03-25,2022-03-30,股東常會
2548,2022-06-16,2022-06-21,除息
2548,2023-03-17,2023-03-22,股東常會
2548,2023-05-19,2023-05-24,除息
2548,2024-03-22,2024-03-27,股東常會
2548,2024-06-17,2024-06-20,除權息
2548,2025-03-21,2025-03-26,股東常會
2548,2025-07-21,2025-07-24,除權息
2548,2026-03-23,2026-03-26,股東常會
2548,2026-05-27,2026-06-01,除息
2548,2026-07-16,2026-07-21,除權
2597,2018-03-26,2018-03-29,股東常會
2597,2018-07-03,2018-07-06,除息
2597,2019-03-22,2019-03-27,股東常會
2597,2019-06-26,2019-07-01,除息
2597,2020-03-20,2020-03-25,股東常會
2597,2020-07-06,2020-07-09,除息
2597,2021-03-22,2021-03-25,股東常會
2597,2021-07-14,2021-07-19,除息
2597,2021-08-25,2021-08-30,除權
2597,2022-03-21,2022-03-24,股東常會
2597,2022-07-06,2022-07-11,除息
2597,2023-03-24,2023-03-29,股東常會
2597,2023-07-04,2023-07-07,除息
2597,2024-03-08,2024-03-13,股東常會
2597,2024-06-25,2024-06-28,除息
2597,2024-08-08,2024-08-13,除權
2597,2025-03-07,2025-03-12,股東常會
2597,2025-06-05,2025-06-10,除息
2597,2025-07-28,2025-07-31,除權
2597,2026-03-05,2026-03-10,股東常會
2597,2026-06-12,2026-06-17,除息
2601,2018-04-23,2018-04-26,股東常會
2601,2019-04-22,2019-04-25,股東常會
2601,2019-09-11,2019-09-17,除息
2601,2020-04-10,2020-04-15,股東常會
2601,2020-10-26,2020-10-29,除權息
2601,2021-04-01,2021-04-08,股東常會
2601,2022-04-18,2022-04-21,股東常會
2601,2023-04-10,2023-04-13,股東常會
2601,2024-04-12,2024-04-17,股東常會
2601,2025-04-07,2025-04-10,股東常會
2601,2026-04-10,,股東常會
2601,2026-09-17,,減資
2603,2018-04-13,2018-04-18,股東常會
2603,2018-08-23,2018-08-28,除權息
2603,2018-10-25,2018-10-30,現金增資
2603,2019-04-15,2019-04-18,股東常會
2603,2019-10-30,2019-11-04,現金增資
2603,2020-04-17,2020-04-22,股東常會
2603,2021-03-25,2021-03-30,股東常會
2603,2021-08-12,2021-08-17,除息
2603,2022-03-24,2022-03-29,股東常會
2603,2022-06-23,2022-06-28,除息
2603,2022-09-01,2022-09-06,減資
2603,2023-03-24,2023-03-29,股東常會
2603,2023-06-26,2023-06-29,除息
2603,2024-03-22,2024-03-27,股東常會
2603,2024-06-21,2024-06-26,除息
2603,2025-03-21,2025-03-26,股東常會
2603,2025-06-13,2025-06-18,除息
2603,2026-03-20,2026-03-25,股東常會
2603,2026-06-11,2026-06-16,除息
2605,2018-04-20,2018-04-25,股東常會
2605,2018-07-09,2018-07-12,除息
2605,2019-04-22,2019-04-25,股東常會
2605,2019-09-16,2019-09-19,除權息
2605,2020-04-13,2020-04-16,股東常會
2605,2020-07-02,2020-07-07,除息
2605,2021-04-09,2021-04-14,股東常會
2605,2021-07-15,2021-07-20,除息
2605,2022-03-31,2022-04-07,股東常會
2605,2022-07-19,2022-07-22,除息
2605,2023-03-29,2023-04-06,股東常會
2605,2023-06-21,2023-06-28,除息
2605,2024-04-03,2024-04-10,股東常會
2605,2024-06-24,2024-06-27,除息
2605,2025-04-02,2025-04-09,股東常會
2605,2025-07-07,2025-07-10,除息
2605,2026-04-01,2026-04-08,股東常會
2605,2026-06-24,2026-06-29,除息
2606,2018-03-28,2018-03-31,股東常會
2606,2018-06-26,2018-06-29,除息
2606,2019-04-03,2019-04-10,股東常會
2606,2019-07-05,2019-07-10,除息
2606,2020-04-01,2020-04-08,股東常會
2606,2020-06-23,2020-06-30,除息
2606,2021-03-31,2021-04-07,股東常會
2606,2021-07-23,2021-07-28,除息
2606,2022-03-30,2022-04-06,股東常會
2606,2022-06-21,2022-06-24,除息
2606,2023-04-07,2023-04-12,股東常會
2606,2023-06-30,2023-07-05,除息
2606,2024-03-27,2024-04-01,股東常會
2606,2024-06-21,2024-06-26,除息
2606,2025-03-21,2025-03-26,股東常會
2606,2025-06-12,2025-06-17,除息
2606,2026-03-13,2026-03-18,股東常會
2606,2026-06-10,2026-06-15,除息
2607,2018-04-20,2018-04-25,股東常會
2607,2018-07-27,2018-08-01,除息
2607,2019-04-19,2019-04-24,股東常會
2607,2019-08-02,2019-08-07,除息
2607,2020-04-16,2020-04-21,股東常會
2607,2020-07-29,2020-08-03,除息
2607,2021-04-09,2021-04-14,股東常會
2607,2021-08-05,2021-08-10,除息
2607,2022-04-08,2022-04-13,股東常會
2607,2022-07-15,2022-07-20,除息
2607,2023-04-13,2023-04-18,股東常會
2607,2023-07-07,2023-07-12,除息
2607,2024-03-22,2024-03-27,股東常會
2607,2024-07-03,2024-07-08,除息
2607,2025-03-21,2025-03-26,股東常會
2607,2025-06-09,2025-06-12,除息
2607,2025-09-19,2025-09-24,減資
2607,2026-03-20,2026-03-25,股東常會
2607,2026-06-26,2026-07-01,除息
2608,2018-04-20,2018-04-25,股東常會
2608,2018-07-06,2018-07-11,除息
2608,2019-04-19,2019-04-24,股東常會
2608,2019-07-09,2019-07-12,除息
2608,2020-04-13,2020-04-16,股東常會
2608,2020-07-02,2020-07-07,除息
2608,2021-04-09,2021-04-14,股東常會
2608,2021-07-30,2021-08-04,除息
2608,2022-04-08,2022-04-13,股東常會
2608,2022-06-30,2022-07-05,除息
2608,2023-03-24,2023-03-29,股東常會
2608,2023-07-07,2023-07-12,除息
2608,2024-03-22,2024-03-27,股東常會
2608,2024-06-12,2024-06-17,除息
2608,2025-03-21,2025-03-26,股東常會
2608,2025-06-09,2025-06-12,除息
2608,2026-03-20,2026-03-25,股東常會
2608,2026-06-09,2026-06-12,除息
2609,2018-04-16,2018-04-19,股東常會
2609,2019-04-19,,股東常會
2609,2020-04-10,,股東常會
2609,2021-03-08,,股東常會
2609,2022-03-21,2022-03-24,股東常會
2609,2022-06-21,2022-06-24,除息
2609,2023-03-20,2023-03-23,股東常會
2609,2023-06-28,2023-07-03,除息
2609,2024-03-18,2024-03-21,股東常會
2609,2024-07-03,2024-07-08,除息
2609,2025-03-21,2025-03-26,股東常會
2609,2025-07-03,2025-07-08,除息
2609,2026-03-23,2026-03-26,股東常會
2609,2026-07-08,2026-07-13,除息
2610,2018-04-20,2018-04-25,股東常會
2610,2018-08-02,2018-08-07,除息
2610,2019-04-19,2019-04-24,股東常會
2610,2019-07-17,2019-07-22,除息
2610,2020-04-17,2020-04-22,股東常會
2610,2021-03-19,2021-03-24,股東常會
2610,2022-03-18,2022-03-23,股東常會
2610,2022-06-30,2022-07-05,除息
2610,2023-03-24,2023-03-29,股東常會
2610,2023-07-04,2023-07-07,除息
2610,2024-03-22,2024-03-27,股東常會
2610,2024-07-12,2024-07-17,除息
2610,2025-03-21,2025-03-26,股東常會
2610,2025-07-10,2025-07-15,除息
2610,2026-03-20,2026-03-25,股東常會
2610,2026-07-06,2026-07-09,除息
2611,2018-04-16,2018-04-19,股東常會
2611,2018-08-22,2018-08-27,除息
2611,2019-04-08,2019-04-11,股東常會
2611,2019-08-23,2019-08-28,除息
2611,2020-04-17,2020-04-22,股東常會
2611,2021-04-16,2021-04-21,股東常會
2611,2022-04-18,2022-04-21,股東常會
2611,2022-07-29,2022-08-03,除權息
2611,2023-04-21,2023-04-26,股東常會
2611,2024-04-19,2024-04-24,股東常會
2611,2024-06-26,2024-07-01,除息
2611,2025-04-14,2025-04-17,股東常會
2611,2025-06-26,2025-07-01,除息
2611,2026-03-26,2026-03-31,除息
2612,2018-03-26,2018-03-29,股東常會
2612,2018-06-11,2018-06-14,除息
2612,2019-04-12,2019-04-17,股東常會
2612,2019-07-02,2019-07-05,除息
2612,2020-03-06,2020-03-11,股東常會
2612,2020-07-02,2020-07-07,除息
2612,2021-04-16,2021-04-21,股東常會
2612,2021-07-02,2021-07-07,除息
2612,2022-03-04,2022-03-09,股東常會
2612,2022-07-07,2022-07-12,除息
2612,2023-03-29,2023-04-06,股東常會
2612,2023-07-07,2023-07-12,除息
2612,2024-03-25,2024-03-28,股東常會
2612,2024-07-03,2024-07-08,除息
2612,2025-03-21,2025-03-26,股東常會
2612,2025-05-22,2025-05-27,除息
2612,2026-03-23,2026-03-26,股東常會
2612,2026-05-26,2026-05-29,除息
2613,2018-04-09,2018-04-12,股東常會
2613,2018-07-17,2018-07-20,除息
2613,2019-02-12,2019-02-15,現金增資
2613,2019-04-19,2019-04-24,股東常會
2613,2019-07-12,2019-07-17,除息
2613,2020-03-20,2020-03-25,除息
2613,2021-03-08,2021-03-11,除息
2613,2021-03-19,2021-03-24,股東常會
2613,2022-03-07,2022-03-10,除息
2613,2022-03-21,2022-03-24,股東常會
2613,2023-03-07,2023-03-10,除息
2613,2023-03-17,2023-03-22,股東常會
2613,2024-03-08,2024-03-13,除息
2613,2024-03-18,2024-03-21,股東常會
2613,2025-03-07,2025-03-12,除息
2613,2025-03-21,2025-03-26,股東常會
2613,2026-03-13,2026-03-18,除息
2614,2018-03-09,,股東常會
2614,2018-07-06,2018-07-11,減資
2614,2019-03-22,2019-03-27,股東常會
2614,2019-06-12,2019-06-17,除息
2614,2020-03-13,2020-03-18,股東常會
2614,2020-04-23,2020-04-28,股東常會
2614,2020-07-10,2020-07-15,除息
2614,2021-04-12,2021-04-15,除息
2614,2021-08-27,2021-09-01,減資
2614,2022-04-07,2022-04-12,除息
2614,2022-08-05,2022-08-10,減資
2614,2023-03-24,2023-03-29,股東常會
2614,2023-08-11,,減資
2614,2024-03-21,2024-03-26,股東常會
2614,2025-03-20,2025-03-25,股東常會
2614,2025-07-03,2025-07-08,除權息
2614,2026-03-13,2026-03-18,股東常會
2615,2018-04-20,2018-04-25,股東常會
2615,2018-07-10,2018-07-13,除息
2615,2019-04-12,2019-04-17,股東常會
2615,2019-07-08,2019-07-11,除息
2615,2020-04-17,2020-04-22,股東常會
2615,2020-08-21,2020-08-26,除息
2615,2021-04-22,2021-04-27,股東常會
2615,2021-09-01,2021-09-06,除權息
2615,2022-03-18,2022-03-23,股東常會
2615,2022-07-14,2022-07-19,除權息
2615,2023-03-24,2023-03-29,股東常會
2615,2023-06-27,2023-06-30,除息
2615,2024-03-22,2024-03-27,股東常會
2615,2024-06-06,2024-06-12,除息
2615,2025-03-21,2025-03-26,股東常會
2615,2025-06-18,2025-06-23,除息
2615,2026-03-20,2026-03-25,股東常會
2615,2026-06-30,2026-07-03,除息
2616,2018-04-16,2018-04-19,股東常會
2616,2018-07-13,2018-07-18,除息
2616,2019-04-19,2019-04-24,股東常會
2616,2019-07-09,2019-07-12,除息
2616,2020-03-23,2020-03-26,股東常會
2616,2020-06-19,2020-06-24,除息
2616,2021-04-19,2021-04-22,股東常會
2616,2021-07-19,2021-07-22,除息
2616,2022-03-18,2022-03-23,股東常會
2616,2022-06-13,2022-06-16,除息
2616,2023-03-24,2023-03-29,股東常會
2616,2023-07-27,2023-08-01,除息
2616,2024-03-27,2024-04-01,股東常會
2616,2024-07-04,2024-07-09,除息
2616,2025-04-11,2025-04-16,股東常會
2616,2025-07-04,2025-07-09,除息
2616,2026-04-10,2026-04-15,股東常會
2616,2026-07-27,2026-07-30,除息
2617,2018-04-20,2018-04-25,股東常會
2617,2018-08-22,2018-08-27,除息
2617,2019-04-19,2019-04-24,股東常會
2617,2019-08-16,2019-08-21,除息
2617,2020-04-10,2020-04-15,股東常會
2617,2020-06-30,2020-07-03,除息
2617,2021-04-16,2021-04-21,股東常會
2617,2021-07-21,2021-07-26,除息
2617,2022-04-08,2022-04-13,股東常會
2617,2022-07-08,2022-07-13,除息
2617,2023-04-07,2023-04-12,股東常會
2617,2023-07-14,2023-07-19,除息
2617,2024-04-03,2024-04-10,股東常會
2617,2024-07-15,2024-07-18,除息
2617,2025-04-02,2025-04-09,股東常會
2617,2025-07-15,2025-07-18,除息
2617,2026-04-01,2026-04-08,股東常會
2617,2026-07-09,2026-07-14,除息
2618,2018-04-16,2018-04-19,股東常會
2618,2018-09-05,2018-09-10,除權息
2618,2018-11-29,2018-12-04,現金增資
2618,2019-04-18,2019-04-23,股東常會
2618,2019-08-30,2019-09-04,除權息
2618,2020-03-20,2020-03-25,股東常會
2618,2020-08-28,2020-09-02,除息
2618,2021-04-12,2021-04-15,股東常會
2618,2021-09-03,2021-09-08,其他
2618,2022-03-25,2022-03-30,股東常會
2618,2022-07-29,2022-08-03,除息
2618,2023-03-17,2023-03-22,股東常會
2618,2023-07-10,2023-07-13,除息
2618,2024-03-22,2024-03-27,股東常會
2618,2024-07-02,2024-07-05,除息
2618,2025-03-17,2025-03-20,股東常會
2618,2025-07-03,2025-07-08,除息
2618,2026-03-23,2026-03-26,股東常會
2618,2026-07-02,2026-07-07,除息
2630,2026-03-16,2026-03-19,除息
2630,2026-04-10,2026-04-15,股東常會
2633,2018-03-16,2018-03-21,股東常會
2633,2018-07-25,2018-07-30,除息
2633,2019-03-22,2019-03-27,股東常會
2633,2019-07-18,2019-07-23,除息
2633,2020-03-13,2020-03-18,股東常會
2633,2020-07-02,2020-07-07,除息
2633,2021-03-19,2021-03-24,股東常會
2633,2021-08-10,2021-08-13,除息
2633,2022-03-18,2022-03-23,股東常會
2633,2022-06-30,2022-07-05,除息
2633,2023-03-17,2023-03-22,股東常會
2633,2023-07-05,2023-07-10,除息
2633,2024-03-15,2024-03-20,股東常會
2633,2024-07-10,2024-07-15,除息
2633,2025-03-14,2025-03-19,股東常會
2633,2025-07-09,2025-07-14,除息
2633,2026-03-20,2026-03-25,股東常會
2633,2026-07-08,2026-07-13,除息
2634,2018-04-20,2018-04-25,股東常會
2634,2018-07-19,2018-07-24,除息
2634,2019-03-25,2019-03-28,股東常會
2634,2019-07-03,2019-07-08,除息
2634,2020-03-23,2020-03-26,股東常會
2634,2020-07-03,2020-07-08,除息
2634,2021-03-22,2021-03-25,股東常會
2634,2021-08-30,2021-09-02,除息
2634,2022-03-21,2022-03-24,股東常會
2634,2022-07-06,2022-07-11,除息
2634,2023-03-24,2023-03-29,股東常會
2634,2023-07-05,2023-07-10,除息
2634,2024-03-21,2024-03-26,股東常會
2634,2024-07-04,2024-07-09,除息
2634,2025-03-14,2025-03-19,股東常會
2634,2025-07-03,2025-07-08,除息
2634,2026-03-16,2026-03-19,股東常會
2634,2026-07-02,2026-07-07,除息
2636,2018-04-20,2018-04-25,股東常會
2636,2018-07-05,2018-07-10,除息
2636,2019-04-15,2019-04-18,股東常會
2636,2019-07-16,2019-07-19,除息
2636,2020-03-20,2020-03-25,股東常會
2636,2020-07-28,2020-07-31,除息
2636,2020-11-23,2020-11-26,現金增資
2636,2021-03-19,2021-03-24,股東常會
2636,2021-08-20,2021-08-25,現金增資
2636,2021-08-30,2021-09-02,除息
2636,2022-03-18,2022-03-23,股東常會
2636,2022-06-06,2022-06-09,除息
2636,2022-12-28,2023-01-03,除息
2636,2023-03-23,2023-03-28,股東常會
2636,2023-05-23,2023-05-26,除息
2636,2023-11-17,2023-11-22,除息
2636,2024-03-22,2024-03-27,股東常會
2636,2024-06-04,2024-06-07,除息
2636,2024-11-19,2024-11-22,除息
2636,2025-03-20,2025-03-25,股東常會
2636,2025-06-04,2025-06-09,除息
2636,2026-03-26,2026-03-31,股東常會
2636,2026-07-09,2026-07-14,除息
2637,2018-03-19,2018-03-22,股東常會
2637,2018-09-06,2018-09-11,除息
2637,2019-03-11,2019-03-14,股東常會
2637,2019-07-22,2019-07-25,除息
2637,2020-03-16,2020-03-19,股東常會
2637,2020-06-30,2020-07-03,除權息
2637,2021-03-15,2021-03-18,股東常會
2637,2021-07-13,2021-07-16,除息
2637,2022-03-14,2022-03-17,股東常會
2637,2022-06-01,2022-06-07,除息
2637,2023-03-06,2023-03-09,股東常會
2637,2023-05-24,2023-05-29,除息
2637,2024-03-25,2024-03-28,股東常會
2637,2024-06-24,2024-06-27,除息
2637,2025-03-17,2025-03-20,股東常會
2637,2025-06-09,2025-06-12,除息
2637,2026-03-16,2026-03-19,股東常會
2637,2026-06-04,2026-06-09,除息
2642,2018-03-16,2018-03-21,股東常會
2642,2018-06-27,2018-07-02,除息
2642,2019-03-25,2019-03-28,股東常會
2642,2019-06-14,2019-06-19,除息
2642,2020-03-20,2020-03-25,股東常會
2642,2020-06-09,2020-06-12,除息
2642,2021-03-22,2021-03-25,股東常會
2642,2021-08-23,2021-08-26,除息
2642,2022-03-21,2022-03-24,股東常會
2642,2022-06-10,2022-06-15,除息
2642,2023-03-10,2023-03-15,股東常會
2642,2023-06-01,2023-06-06,除息
2642,2024-03-21,2024-03-26,股東常會
2642,2024-06-06,2024-06-12,除息
2642,2025-03-13,2025-03-18,股東常會
2642,2025-05-28,2025-06-03,除息
2642,2026-03-12,2026-03-17,股東常會
2642,2026-05-28,2026-06-02,除息
2645,2024-03-25,2024-03-28,股東常會
2645,2024-07-05,2024-07-10,除息
2645,2025-03-21,2025-03-26,股東常會
2645,2025-07-03,2025-07-08,除息
2645,2026-03-20,2026-03-25,股東常會
2645,2026-07-07,2026-07-10,除息
2646,2026-03-23,2026-03-26,股東常會
2701,2018-04-13,2018-04-18,股東常會
2701,2018-08-16,2018-08-21,除權息
2701,2019-04-02,2019-04-09,股東常會
2701,2019-08-15,2019-08-20,除息
2701,2020-04-01,2020-04-08,股東常會
2701,2020-08-26,2020-08-31,除息
2701,2021-04-16,2021-04-21,股東常會
2701,2021-09-14,2021-09-17,除息
2701,2022-04-15,2022-04-20,股東常會
2701,2022-09-07,2022-09-13,除息
2701,2023-04-13,2023-04-18,股東常會
2701,2023-09-06,2023-09-11,除息
2701,2024-04-18,2024-04-23,股東常會
2701,2024-08-29,2024-09-03,除息
2701,2025-04-11,2025-04-16,股東常會
2701,2025-08-28,2025-09-02,除息
2701,2026-04-17,2026-04-22,股東常會
2701,2026-08-26,2026-08-31,除息
2702,2018-04-19,2018-04-24,股東常會
2702,2019-04-12,2019-04-17,股東常會
2702,2019-08-16,2019-08-21,除權息
2702,2020-04-10,2020-04-15,股東常會
2702,2021-04-09,2021-04-14,股東常會
2702,2022-04-08,2022-04-13,股東常會
2702,2022-08-18,2022-08-23,除權息
2702,2023-03-24,2023-03-29,股東常會
2702,2023-08-18,2023-08-23,除權息
2702,2024-03-22,2024-03-27,股東常會
2702,2025-03-14,2025-03-19,股東常會
2702,2026-03-13,2026-03-18,股東常會
2704,2018-03-28,2018-03-31,股東常會
2704,2018-08-02,2018-08-07,除息
2704,2019-04-03,2019-04-10,股東常會
2704,2019-08-02,2019-08-07,除息
2704,2020-04-01,2020-04-08,股東常會
2704,2021-03-31,2021-04-07,股東常會
2704,2022-04-08,2022-04-13,股東常會
2704,2023-03-28,2023-03-31,股東常會
2704,2023-07-13,2023-07-18,除息
2704,2024-03-27,2024-04-01,股東常會
2704,2024-07-11,2024-07-16,除息
2704,2025-04-02,2025-04-09,股東常會
2704,2025-07-11,2025-07-16,除息
2704,2026-04-01,2026-04-08,股東常會
2704,2026-07-15,2026-07-20,除息
2705,2018-03-29,2018-04-02,股東常會
2705,2019-03-27,,股東常會
2705,2019-10-25,,減資
2705,2020-04-17,,股東常會
2705,2021-03-25,,股東常會
2705,2022-03-24,2022-03-29,股東常會
2705,2023-03-24,2023-03-29,股東常會
2705,2024-03-21,2024-03-26,股東常會
2705,2025-03-26,2025-03-31,股東常會
2705,2026-03-20,2026-03-25,股東常會
2706,2018-04-16,2018-04-19,股東常會
2706,2018-08-22,2018-08-27,除權息
2706,2019-04-18,2019-04-23,股東常會
2706,2019-08-21,2019-08-26,除息
2706,2020-04-09,2020-04-14,股東常會
2706,2020-09-07,2020-09-10,除息
2706,2021-04-22,2021-04-27,股東常會
2706,2021-09-30,2021-10-05,除息
2706,2022-04-18,2022-04-21,股東常會
2706,2022-08-31,2022-09-05,除息
2706,2023-04-21,2023-04-26,股東常會
2706,2023-09-14,2023-09-19,除息
2706,2024-04-15,2024-04-18,股東常會
2706,2024-09-12,2024-09-18,除息
2706,2025-04-21,2025-04-24,股東常會
2706,2025-09-12,2025-09-17,除息
2706,2026-04-23,2026-04-28,股東常會
2706,2026-09-02,2026-09-07,除息
2707,2018-04-20,2018-04-25,股東常會
2707,2018-07-20,2018-07-25,除息
2707,2019-04-12,2019-04-17,股東常會
2707,2019-07-12,2019-07-17,除息
2707,2019-09-05,2019-09-10,除息
2707,2020-04-10,2020-04-15,股東常會
2707,2020-07-10,2020-07-15,除息
2707,2021-04-09,2021-04-14,股東常會
2707,2021-09-15,2021-09-22,除息
2707,2022-04-08,2022-04-13,股東常會
2707,2022-06-10,2022-06-15,除息
2707,2023-04-07,2023-04-12,股東常會
2707,2023-06-14,2023-06-19,除息
2707,2024-04-03,2024-04-10,股東常會
2707,2024-06-14,2024-06-19,除息
2707,2025-04-11,2025-04-16,股東常會
2707,2026-04-10,2026-04-15,除息
2712,2018-03-23,2018-03-28,股東常會
2712,2018-08-01,2018-08-06,除息
2712,2019-03-15,2019-03-20,股東常會
2712,2020-03-20,2020-03-25,股東常會
2712,2021-03-19,2021-03-24,股東常會
2712,2021-08-24,2021-08-27,除息
2712,2022-03-18,2022-03-23,股東常會
2712,2023-03-17,2023-03-22,股東常會
2712,2023-07-12,2023-07-17,除息
2712,2024-03-22,2024-03-27,股東常會
2712,2024-07-17,2024-07-22,除息
2712,2025-03-21,2025-03-26,股東常會
2712,2026-03-13,2026-03-18,股東常會
2722,2018-03-01,2018-03-06,股東常會
2722,2018-06-15,2018-06-21,除權息
2722,2019-03-11,2019-03-14,股東常會
2722,2019-06-18,2019-06-21,除息
2722,2020-03-06,2020-03-11,股東常會
2722,2020-06-17,2020-06-22,除息
2722,2021-02-25,2021-03-03,股東常會
2722,2021-05-28,2021-06-02,除息
2722,2022-03-18,2022-03-23,股東常會
2722,2022-06-17,2022-06-22,除息
2722,2023-03-24,2023-03-29,股東常會
2722,2023-06-21,2023-06-28,除權息
2722,2024-03-22,2024-03-27,股東常會
2722,2024-07-10,2024-07-15,除權息
2722,2024-09-26,2024-10-01,現金增資
2722,2025-03-21,2025-03-26,股東常會
2722,2025-07-11,2025-07-16,除息
2722,2026-03-20,2026-03-25,股東常會
2723,2018-03-28,2018-03-31,股東常會
2723,2018-06-14,2018-06-20,除權息
2723,2019-04-08,2019-04-11,股東常會
2723,2019-06-26,2019-07-01,除息
2723,2020-03-26,2020-03-31,股東常會
2723,2020-06-16,2020-06-19,除息
2723,2021-03-25,2021-03-30,股東常會
2723,2021-07-21,2021-07-26,除息
2723,2022-03-25,2022-03-30,股東常會
2723,2022-06-14,2022-06-17,除息
2723,2023-04-10,2023-04-13,股東常會
2723,2023-06-12,2023-06-15,除息
2723,2024-04-03,2024-04-10,股東常會
2723,2024-06-12,2024-06-17,除息
2723,2025-03-26,2025-03-31,股東常會
2723,2025-06-17,2025-06-20,除息
2723,2026-03-20,2026-03-25,股東常會
2727,2018-03-26,2018-03-29,股東常會
2727,2018-06-08,2018-06-13,除息
2727,2019-03-27,2019-04-01,股東常會
2727,2019-06-18,2019-06-21,除息
2727,2020-03-26,2020-03-31,股東常會
2727,2020-07-17,2020-07-22,除息
2727,2021-04-22,2021-04-27,股東常會
2727,2021-08-17,2021-08-20,除息
2727,2022-04-22,2022-04-27,股東常會
2727,2023-04-07,2023-04-12,股東常會
2727,2023-09-01,2023-09-06,除權息
2727,2024-03-27,2024-04-01,股東常會
2727,2024-06-28,2024-07-03,除息
2727,2025-03-26,2025-03-31,股東常會
2727,2025-06-27,2025-07-02,除息
2727,2026-04-10,2026-04-15,股東常會
2727,2026-07-10,2026-07-15,除息
2731,2018-04-09,2018-04-12,股東常會
2731,2018-07-11,2018-07-16,除息
2731,2019-04-03,2019-04-10,股東常會
2731,2019-06-25,2019-06-28,除息
2731,2020-04-01,2020-04-08,股東常會
2731,2020-06-23,2020-06-30,除息
2731,2021-04-16,2021-04-21,股東常會
2731,2022-04-08,2022-04-13,股東常會
2731,2023-01-12,2023-01-17,現金增資
2731,2023-04-14,2023-04-19,股東常會
2731,2024-04-12,2024-04-17,股東常會
2731,2024-07-16,2024-07-19,除息
2731,2025-03-21,2025-03-26,股東常會
2731,2025-07-07,2025-07-10,除息
2731,2026-03-19,2026-03-24,股東常會
2731,2026-06-03,2026-06-08,除息
2739,2018-03-29,2018-04-02,股東常會
2739,2018-06-21,2018-06-26,除息
2739,2019-03-22,2019-03-27,股東常會
2739,2019-06-10,2019-06-13,除息
2739,2020-03-20,2020-03-25,股東常會
2739,2020-08-05,2020-08-10,除息
2739,2021-03-25,2021-03-30,股東常會
2739,2022-03-24,,股東常會
2739,2022-08-05,,減資
2739,2023-03-24,,股東常會
2739,2024-03-22,2024-03-27,股東常會
2739,2025-03-26,2025-03-31,股東常會
2739,2025-07-03,2025-07-08,除息
2739,2026-03-20,2026-03-25,股東常會
2739,2026-07-03,2026-07-08,除息
2748,2018-03-26,2018-03-29,股東常會
2748,2018-06-21,2018-06-26,除息
2748,2019-03-22,2019-03-27,股東常會
2748,2019-06-28,2019-07-03,除息
2748,2020-03-20,2020-03-25,股東常會
2748,2020-09-09,2020-09-14,除權息
2748,2021-03-22,2021-03-25,股東常會
2748,2021-09-10,2021-09-15,除息
2748,2021-11-11,2021-11-16,現金增資
2748,2022-03-21,2022-03-24,股東常會
2748,2022-08-19,2022-08-24,除息
2748,2023-03-24,2023-03-29,股東常會
2748,2023-06-21,2023-06-28,除息
2748,2024-03-21,2024-03-26,股東常會
2748,2024-07-25,2024-07-30,除息
2748,2025-03-21,2025-03-26,股東常會
2748,2025-08-07,2025-08-12,除息
2748,2026-03-20,2026-03-25,股東常會
2748,2026-07-24,2026-07-29,除息
2753,2022-04-08,2022-04-13,股東常會
2753,2022-06-29,2022-07-04,除息
2753,2022-12-09,2022-12-14,除息
2753,2023-04-07,2023-04-12,股東常會
2753,2023-06-21,2023-06-28,除息
2753,2023-12-15,2023-12-20,除息
2753,2024-04-03,2024-04-10,股東常會
2753,2024-06-14,2024-06-19,除息
2753,2024-12-13,2024-12-18,除息
2753,2025-04-02,2025-04-09,股東常會
2753,2025-06-17,2025-06-20,除息
2753,2025-12-18,2025-12-23,除息
2753,2026-04-01,2026-04-08,股東常會
2753,2026-06-26,2026-07-01,除息
2753,2026-08-20,2026-08-25,除權
2762,2024-11-22,2024-11-27,除息
2762,2025-03-17,2025-03-20,股東常會
2762,2025-06-04,2025-06-09,除息
2762,2025-09-04,2025-09-09,除息
2762,2025-11-21,2025-11-26,除息
2762,2026-03-06,2026-03-11,除息
2762,2026-03-19,2026-03-24,股東常會
2762,2026-07-31,2026-08-05,除息
2801,2018-03-29,2018-04-02,股東常會
2801,2018-08-29,2018-09-03,除權息
2801,2019-04-08,2019-04-11,股東常會
2801,2019-07-31,2019-08-05,除權息
2801,2020-04-13,2020-04-16,股東常會
2801,2020-08-05,2020-08-10,除權息
2801,2021-04-12,2021-04-15,股東常會
2801,2021-08-25,2021-08-30,除權息
2801,2022-04-11,2022-04-14,股東常會
2801,2022-08-05,2022-08-10,除權息
2801,2023-04-10,2023-04-13,股東常會
2801,2023-08-04,2023-08-09,除權息
2801,2024-04-15,2024-04-18,股東常會
2801,2024-08-09,2024-08-14,除權息
2801,2025-04-07,2025-04-10,股東常會
2801,2025-07-25,2025-07-30,除權息
2801,2026-04-10,2026-04-15,股東常會
2801,2026-07-30,2026-08-04,除權息
2812,2018-03-28,2018-03-31,股東常會
2812,2018-07-25,2018-07-30,除權息
2812,2018-10-12,2018-10-17,現金增資
2812,2019-04-22,2019-04-25,股東常會
2812,2019-08-21,2019-08-26,除權息
2812,2020-04-23,2020-04-28,股東常會
2812,2020-08-20,2020-08-25,除權息
2812,2020-10-28,2020-11-02,現金增資
2812,2021-03-22,2021-03-25,股東常會
2812,2021-08-25,2021-08-30,除權息
2812,2021-10-29,2021-11-03,現金增資
2812,2022-03-11,2022-03-16,股東常會
2812,2022-07-13,2022-07-18,除權息
2812,2022-10-26,2022-10-31,現金增資
2812,2023-03-09,2023-03-14,股東常會
2812,2023-07-12,2023-07-17,除權息
2812,2024-03-18,2024-03-21,股東常會
2812,2024-07-17,2024-07-22,除權息
2812,2025-03-21,2025-03-26,股東常會
2812,2025-08-07,2025-08-12,除權息
2812,2025-10-21,2025-10-27,現金增資
2812,2026-03-20,2026-03-25,股東常會
2812,2026-07-29,2026-08-03,除權息
2816,2018-04-13,2018-04-18,股東常會
2816,2018-07-11,2018-07-16,除息
2816,2019-04-12,2019-04-17,股東常會
2816,2019-08-29,2019-09-03,除息
2816,2020-04-17,2020-04-22,股東常會
2816,2020-07-08,2020-07-13,除息
2816,2020-09-04,2020-09-09,除權
2816,2021-04-09,2021-04-14,股東常會
2816,2021-08-13,2021-08-18,除息
2816,2022-04-18,2022-04-21,股東常會
2816,2022-07-29,2022-08-03,除息
2816,2023-03-28,2023-03-31,股東常會
2816,2024-04-18,2024-04-23,股東常會
2816,2025-03-21,2025-03-26,股東常會
2816,2025-06-11,2025-06-16,除息
2816,2026-03-23,2026-03-26,股東常會
2816,2026-06-10,2026-06-15,除息
2820,2018-03-29,2018-04-02,股東常會
2820,2018-06-28,2018-07-03,除息
2820,2019-03-25,2019-03-28,股東常會
2820,2019-06-27,2019-07-02,除息
2820,2020-03-20,2020-03-25,股東常會
2820,2020-06-30,2020-07-03,除息
2820,2021-04-12,2021-04-15,股東常會
2820,2021-07-28,2021-08-02,除息
2820,2022-04-11,2022-04-14,股東常會
2820,2022-06-28,2022-07-01,除息
2820,2023-04-10,2023-04-13,股東常會
2820,2023-06-29,2023-07-04,除息
2820,2024-04-08,2024-04-11,股東常會
2820,2024-06-26,2024-07-01,除息
2820,2025-04-07,2025-04-10,股東常會
2820,2025-06-24,2025-06-27,除息
2820,2026-04-02,2026-04-09,股東常會
2820,2026-06-26,2026-07-01,除息
2832,2018-04-09,2018-04-12,股東常會
2832,2018-06-28,2018-07-03,除息
2832,2019-04-08,2019-04-11,股東常會
2832,2019-06-28,2019-07-03,除息
2832,2020-04-06,2020-04-09,股東常會
2832,2020-06-08,2020-06-11,除息
2832,2021-04-12,2021-04-15,股東常會
2832,2021-06-11,2021-06-17,除息
2832,2022-03-31,2022-04-07,除息
2832,2023-04-10,2023-04-13,股東常會
2832,2023-06-29,2023-07-04,除息
2832,2024-03-25,2024-03-28,股東常會
2832,2024-06-12,2024-06-17,除息
2832,2025-03-21,2025-03-26,股東常會
2832,2025-06-10,2025-06-13,除息
2832,2025-10-16,2025-10-21,減資
2832,2026-03-23,2026-03-26,股東常會
2832,2026-06-09,2026-06-12,除息
2834,2018-04-23,2018-04-26,股東常會
2834,2018-08-31,2018-09-05,除權息
2834,2019-04-08,2019-04-11,股東常會
2834,2019-08-08,2019-08-13,除權息
2834,2020-03-23,2020-03-26,股東常會
2834,2020-07-16,2020-07-21,除權息
2834,2021-04-19,2021-04-22,股東常會
2834,2021-09-02,2021-09-07,除權息
2834,2022-04-11,2022-04-14,股東常會
2834,2022-07-27,2022-08-01,除權息
2834,2023-04-10,2023-04-13,股東常會
2834,2023-08-25,2023-08-30,除權息
2834,2024-04-15,2024-04-18,股東常會
2834,2024-08-02,2024-08-07,除權息
2834,2025-04-14,2025-04-17,股東常會
2834,2025-07-30,2025-08-04,除權息
2834,2026-04-10,2026-04-15,股東常會
2834,2026-07-29,2026-08-03,除權息
2836,2018-04-13,2018-04-18,股東常會
2836,2018-08-30,2018-09-04,除權息
2836,2019-04-12,2019-04-17,股東常會
2836,2019-09-05,2019-09-10,除權息
2836,2020-04-17,2020-04-22,股東常會
2836,2020-09-04,2020-09-09,股東常會
2836,2020-12-04,2020-12-09,其它利益
2836,2021-01-07,2021-01-12,除權息
2836,2021-04-19,2021-04-22,股東常會
2836,2021-09-02,2021-09-07,除權息
2836,2022-03-21,2022-03-24,股東常會
2836,2022-07-22,2022-07-27,除權息
2836,2023-03-17,2023-03-22,股東常會
2836,2023-07-27,2023-08-01,除權
2836,2024-01-24,2024-01-29,現金增資
2836,2024-03-18,2024-03-21,股東常會
2836,2024-08-08,2024-08-13,除權息
2836,2025-03-17,2025-03-20,股東常會
2836,2025-07-18,2025-07-23,除權息
2836,2026-03-02,2026-03-05,股東常會
2836,2026-07-23,2026-07-28,除權息
2838,2018-03-29,2018-04-02,股東常會
2838,2018-08-06,2018-08-09,除權息
2838,2019-03-25,2019-03-28,股東常會
2838,2019-07-29,2019-08-01,除權
2838,2020-03-20,2020-03-25,股東常會
2838,2020-07-17,2020-07-22,除權息
2838,2021-03-22,2021-03-25,股東常會
2838,2021-08-26,2021-08-31,除權
2838,2022-03-21,2022-03-24,股東常會
2838,2022-06-30,2022-07-05,除權息
2838,2023-03-29,2023-04-06,股東常會
2838,2023-07-20,2023-07-25,除權息
2838,2024-04-08,2024-04-11,股東常會
2838,2024-07-18,2024-07-23,除權息
2838,2025-04-07,2025-04-10,股東常會
2838,2025-07-17,2025-07-22,除權息
2838,2026-03-23,2026-03-26,股東常會
2838,2026-07-09,2026-07-14,除權息
2845,2018-04-13,2018-04-18,股東常會
2845,2018-08-31,2018-09-05,除權息
2845,2019-04-12,2019-04-17,股東常會
2845,2019-08-23,2019-08-28,除權息
2845,2020-04-01,2020-04-08,股東常會
2845,2020-08-26,2020-08-31,除權息
2845,2021-04-12,2021-04-15,股東常會
2845,2021-09-13,2021-09-16,除權息
2845,2022-04-15,2022-04-20,股東常會
2845,2022-08-31,2022-09-05,現金增資
2845,2023-04-10,2023-04-13,股東常會
2845,2023-06-30,2023-07-05,除息
2845,2024-04-12,2024-04-17,股東常會
2845,2024-08-21,2024-08-26,除權息
2845,2025-03-14,2025-03-19,股東常會
2845,2025-08-27,2025-09-01,除權息
2845,2026-03-16,2026-03-19,股東常會
2845,2026-08-27,2026-09-01,除權息
2849,2018-03-29,2018-04-02,股東常會
2849,2018-07-11,2018-07-16,除息
2849,2019-04-22,2019-04-25,股東常會
2849,2019-07-26,2019-07-31,除息
2849,2020-04-23,2020-04-28,股東常會
2849,2020-07-22,2020-07-27,除息
2849,2021-04-12,2021-04-15,股東常會
2849,2021-07-28,2021-08-02,除息
2849,2022-04-11,2022-04-14,股東常會
2849,2022-07-13,2022-07-18,除息
2849,2023-04-14,2023-04-19,股東常會
2849,2023-07-12,2023-07-17,除息
2849,2024-04-12,2024-04-17,股東常會
2849,2024-07-17,2024-07-22,除息
2849,2025-04-07,2025-04-10,股東常會
2849,2025-07-09,2025-07-14,除息
2849,2026-04-17,2026-04-22,股東常會
2849,2026-07-08,2026-07-13,除息
2850,2018-03-29,2018-04-02,股東常會
2850,2018-06-29,2018-07-04,除息
2850,2019-04-03,2019-04-10,股東常會
2850,2019-06-26,2019-07-01,除息
2850,2020-04-01,2020-04-08,股東常會
2850,2020-07-24,2020-07-29,除息
2850,2021-03-31,2021-04-07,股東常會
2850,2021-07-22,2021-07-27,除息
2850,2022-03-21,2022-03-24,股東常會
2850,2022-06-08,2022-06-13,除息
2850,2023-03-17,2023-03-22,股東常會
2850,2023-06-06,2023-06-09,除息
2850,2024-03-21,2024-03-26,股東常會
2850,2024-06-05,2024-06-11,除息
2850,2025-03-26,2025-03-31,股東常會
2850,2025-06-23,2025-06-26,除息
2850,2026-03-16,2026-03-19,股東常會
2850,2026-06-10,2026-06-15,除息
2851,2018-03-26,2018-03-29,股東常會
2851,2018-07-19,2018-07-24,除權息
2851,2019-03-22,2019-03-27,股東常會
2851,2019-06-13,2019-06-18,除息
2851,2020-03-20,2020-03-25,股東常會
2851,2020-06-12,2020-06-17,除息
2851,2021-03-22,2021-03-25,股東常會
2851,2021-07-27,2021-07-30,除息
2851,2022-03-21,2022-03-24,股東常會
2851,2022-06-10,2022-06-15,除息
2851,2022-11-01,2022-11-04,現金增資
2851,2023-03-24,2023-03-29,股東常會
2851,2024-03-15,2024-03-20,股東常會
2851,2024-06-06,2024-06-12,除息
2851,2025-03-14,2025-03-19,股東常會
2851,2025-06-23,2025-06-26,除息
2851,2026-03-19,2026-03-24,股東常會
2851,2026-06-23,2026-06-26,除息
2852,2018-04-20,2018-04-25,股東常會
2852,2018-07-24,2018-07-27,除息
2852,2019-04-19,2019-04-24,股東常會
2852,2019-07-26,2019-07-31,除息
2852,2020-04-17,2020-04-22,股東常會
2852,2020-07-21,2020-07-24,除息
2852,2021-04-16,2021-04-21,股東常會
2852,2021-09-07,2021-09-10,除息
2852,2022-04-15,2022-04-20,股東常會
2852,2022-07-19,2022-07-22,除息
2852,2023-04-21,2023-04-26,股東常會
2852,2023-07-18,2023-07-21,除息
2852,2024-04-19,2024-04-24,股東常會
2852,2024-07-19,2024-07-24,除息
2852,2025-04-18,2025-04-23,股東常會
2852,2025-07-09,2025-07-14,除息
2852,2026-03-20,2026-03-25,股東常會
2852,2026-06-11,2026-06-16,除息
2855,2018-04-13,2018-04-18,股東常會
2855,2018-07-19,2018-07-24,除息
2855,2019-04-12,2019-04-17,股東常會
2855,2019-07-10,2019-07-15,除息
2855,2020-04-13,2020-04-16,股東常會
2855,2020-07-29,2020-08-03,除權息
2855,2021-04-09,2021-04-14,股東常會
2855,2021-08-20,2021-08-25,除權息
2855,2022-04-15,2022-04-20,股東常會
2855,2022-07-06,2022-07-11,除息
2855,2023-03-24,2023-03-29,股東常會
2855,2023-06-14,2023-06-19,除息
2855,2024-04-19,2024-04-24,股東常會
2855,2024-07-17,2024-07-22,除息
2855,2025-03-21,2025-03-26,股東常會
2855,2025-07-02,2025-07-07,除權息
2855,2026-03-20,2026-03-25,股東常會
2855,2026-06-16,2026-06-22,除息
2867,2018-04-09,2018-04-12,股東常會
2867,2018-08-01,2018-08-06,除權
2867,2018-11-28,2018-12-03,現金增資
2867,2019-04-08,2019-04-11,股東常會
2867,2020-04-13,2020-04-16,股東常會
2867,2020-11-06,2020-11-11,現金增資
2867,2021-04-12,2021-04-15,股東常會
2867,2021-06-29,2021-07-02,現金增資
2867,2021-10-05,2021-10-08,除權
2867,2022-02-17,2022-02-22,現金增資
2867,2022-04-11,2022-04-14,股東常會
2867,2022-10-14,,現金增資
2867,2023-02-21,,現金增資
2867,2023-04-07,,股東常會
2867,2023-11-06,,現金增資
2867,2024-04-08,,股東常會
2867,2024-07-24,,現金增資
2867,2024-11-22,,現金增資
2867,2025-03-21,,股東常會
2867,2025-08-27,,現金增資
2867,2026-04-20,,股東常會
2867,2026-08-14,2026-08-19,股份轉換
2880,2018-04-16,2018-04-19,股東常會
2880,2018-08-10,2018-08-15,除權息
2880,2019-04-08,2019-04-11,股東常會
2880,2019-08-09,2019-08-14,除權息
2880,2020-04-13,2020-04-16,股東常會
2880,2020-08-07,2020-08-12,除權息
2880,2021-04-19,2021-04-22,股東常會
2880,2021-09-10,2021-09-15,除權息
2880,2022-04-11,2022-04-14,股東常會
2880,2022-08-05,2022-08-10,除權息
2880,2023-04-10,2023-04-13,股東常會
2880,2023-08-11,2023-08-16,除息
2880,2024-04-15,2024-04-18,股東常會
2880,2024-08-07,2024-08-12,除權息
2880,2025-04-07,2025-04-10,股東常會
2880,2025-08-07,2025-08-12,除權息
2880,2026-04-10,2026-04-15,股東常會
2880,2026-08-07,2026-08-12,除權息
2881,2018-02-02,2018-02-07,其它利益
2881,2018-03-29,2018-04-02,股東常會
2881,2018-06-20,2018-06-25,除息
2881,2019-04-08,2019-04-11,股東常會
2881,2019-06-28,2019-07-03,除息
2881,2020-04-06,2020-04-09,股東常會
2881,2020-06-23,2020-06-30,除息
2881,2021-04-01,2021-04-08,股東常會
2881,2021-07-20,2021-07-23,除息
2881,2021-08-31,2021-09-03,現金增資
2881,2022-04-11,2022-04-14,股東常會
2881,2022-07-21,2022-07-26,除息
2881,2022-09-16,2022-09-21,除權
2881,2023-03-29,2023-04-06,股東常會
2881,2023-07-14,2023-07-19,除息
2881,2023-08-29,2023-09-01,除權
2881,2024-04-08,2024-04-11,股東常會
2881,2024-07-15,2024-07-18,除息
2881,2024-09-03,2024-09-06,除權
2881,2025-04-07,2025-04-10,股東常會
2881,2025-06-25,2025-06-30,除息
2881,2025-09-19,2025-09-24,除權
2881,2026-04-02,2026-04-09,股東常會
2881,2026-06-25,2026-06-30,除息
2882,2018-03-29,2018-04-02,股東常會
2882,2018-06-04,2018-06-07,現金增資
2882,2018-06-20,2018-06-25,除息
2882,2019-04-08,2019-04-11,股東常會
2882,2019-06-25,2019-06-28,除息
2882,2019-10-04,2019-10-09,現金增資
2882,2020-04-06,2020-04-09,股東常會
2882,2020-06-23,2020-06-30,除息
2882,2021-04-01,2021-04-08,股東常會
2882,2021-07-20,2021-07-23,除息
2882,2022-04-11,2022-04-14,股東常會
2882,2022-06-28,2022-07-01,除息
2882,2022-11-29,2022-12-02,現金增資
2882,2023-03-29,2023-04-06,股東常會
2882,2023-06-20,2023-06-27,除息
2882,2024-04-08,2024-04-11,股東常會
2882,2024-06-25,2024-06-28,除息
2882,2025-04-07,2025-04-10,股東常會
2882,2025-06-24,2025-06-27,除息
2882,2026-04-02,2026-04-09,股東常會
2882,2026-06-24,2026-06-29,除息
2883,2018-04-16,2018-04-19,股東常會
2883,2018-07-06,2018-07-11,除息
2883,2019-04-08,2019-04-11,股東常會
2883,2019-06-28,2019-07-03,除息
2883,2020-04-06,2020-04-09,股東常會
2883,2020-06-30,2020-07-03,除息
2883,2021-04-01,2021-04-08,股東常會
2883,2021-08-04,2021-08-09,除息
2883,2022-04-11,2022-04-14,股東常會
2883,2022-06-30,2022-07-05,除息
2883,2023-04-11,2023-04-14,股東常會
2883,2024-04-08,2024-04-11,股東常會
2883,2024-06-25,2024-06-28,除息
2883,2025-04-07,2025-04-10,股東常會
2883,2025-06-24,2025-06-27,除息
2883,2025-08-25,2025-08-28,除權
2883,2026-04-02,2026-04-09,股東常會
2883,2026-06-24,2026-06-29,除息
2884,2018-03-29,2018-04-02,股東常會
2884,2018-07-20,2018-07-25,除權息
2884,2019-04-08,2019-04-11,股東常會
2884,2019-07-19,2019-07-24,除權息
2884,2020-04-06,2020-04-09,股東常會
2884,2020-07-22,2020-07-27,除權息
2884,2021-04-01,2021-04-08,股東常會
2884,2021-08-25,2021-08-30,除權息
2884,2022-04-11,2022-04-14,股東常會
2884,2022-07-22,2022-07-27,除權息
2884,2023-03-29,2023-04-06,股東常會
2884,2023-07-21,2023-07-26,除權息
2884,2024-04-08,2024-04-11,股東常會
2884,2024-07-19,2024-07-24,除權息
2884,2025-04-07,2025-04-10,股東常會
2884,2025-07-16,2025-07-21,除權息
2884,2026-04-02,2026-04-09,股東常會
2884,2026-06-25,2026-06-30,除息
2885,2018-04-09,2018-04-12,股東常會
2885,2018-06-28,2018-07-03,除息
2885,2019-04-08,2019-04-11,股東常會
2885,2019-06-26,2019-07-01,除息
2885,2020-04-01,2020-04-08,股東常會
2885,2020-06-19,2020-06-24,除息
2885,2020-08-11,2020-08-14,除權
2885,2021-03-30,2021-04-06,股東常會
2885,2021-07-05,2021-07-08,除息
2885,2022-03-31,2022-04-07,股東常會
2885,2022-06-22,2022-06-27,除息
2885,2022-08-08,2022-08-11,除權
2885,2023-03-29,2023-04-06,股東常會
2885,2023-06-21,2023-06-28,除息
2885,2023-08-07,2023-08-10,除權
2885,2024-03-28,2024-04-02,股東常會
2885,2024-06-21,2024-06-26,除息
2885,2024-08-06,2024-08-09,除權
2885,2025-04-07,2025-04-10,股東常會
2885,2025-06-25,2025-06-30,除息
2885,2025-08-06,2025-08-11,除權
2885,2026-04-02,2026-04-09,股東常會
2885,2026-07-15,2026-07-20,除息
2885,2026-08-12,2026-08-17,除權
2886,2018-04-09,2018-04-12,股東常會
2886,2018-08-03,2018-08-08,除息
2886,2019-04-15,2019-04-18,股東常會
2886,2019-08-05,2019-08-08,除息
2886,2020-04-13,2020-04-16,股東常會
2886,2020-08-07,2020-08-12,除息
2886,2021-04-19,2021-04-22,股東常會
2886,2021-08-06,2021-08-11,除息
2886,2022-04-11,2022-04-14,股東常會
2886,2022-08-05,2022-08-10,除權息
2886,2023-04-10,2023-04-13,股東常會
2886,2023-08-04,2023-08-09,除權息
2886,2023-12-04,2023-12-07,現金增資
2886,2024-04-15,2024-04-18,股東常會
2886,2024-08-02,2024-08-07,除權息
2886,2025-04-14,2025-04-17,股東常會
2886,2025-08-01,2025-08-06,除息
2886,2026-04-10,2026-04-15,股東常會
2886,2026-08-07,2026-08-12,除息
2887,2018-03-29,2018-04-02,股東常會
2887,2018-08-16,2018-08-21,除權息
2887,2018-10-03,2018-10-08,其它利益
2887,2019-04-08,2019-04-11,股東常會
2887,2019-08-06,2019-08-09,除權息
2887,2020-04-06,2020-04-09,股東常會
2887,2020-08-05,2020-08-10,除權息
2887,2021-04-01,2021-04-08,股東常會
2887,2021-09-01,2021-09-06,除權息
2887,2022-04-11,2022-04-14,股東常會
2887,2022-06-22,2022-06-27,其他
2887,2022-08-18,2022-08-23,除權息
2887,2023-04-10,2023-04-13,股東常會
2887,2023-07-20,2023-07-25,除權息
2887,2024-04-08,2024-04-11,股東常會
2887,2024-07-31,2024-08-05,除權息
2887,2025-04-17,2025-04-22,股東常會
2887,2025-08-06,2025-08-11,除息
2887,2026-04-02,2026-04-09,股東常會
2887,2026-07-15,2026-07-20,除權息
2889,2018-04-09,2018-04-12,股東常會
2889,2018-07-27,2018-08-01,除權息
2889,2019-04-08,2019-04-11,股東常會
2889,2019-07-31,2019-08-05,除息
2889,2019-09-18,2019-09-23,除權
2889,2020-04-06,2020-04-09,股東常會
2889,2020-07-08,2020-07-13,除息
2889,2020-08-06,2020-08-11,除權
2889,2021-04-12,2021-04-15,股東常會
2889,2021-07-21,2021-07-26,除息
2889,2021-09-30,2021-10-05,除權
2889,2022-03-21,2022-03-24,股東常會
2889,2022-06-23,2022-06-28,除息
2889,2022-07-26,2022-07-29,除權
2889,2022-11-04,2022-11-09,現金增資
2889,2023-03-24,2023-03-29,股東常會
2889,2024-03-25,2024-03-28,股東常會
2889,2024-07-09,2024-07-12,除權息
2889,2025-03-17,2025-03-20,股東常會
2889,2025-07-23,2025-07-28,除權息
2889,2026-03-23,2026-03-26,股東常會
2889,2026-08-26,2026-08-31,除權息
2890,2018-04-09,2018-04-12,股東常會
2890,2018-08-09,2018-08-14,除權息
2890,2019-04-08,2019-04-11,股東常會
2890,2019-07-05,2019-07-10,除息
2890,2020-03-06,2020-03-11,股東常會
2890,2020-06-05,2020-06-10,除息
2890,2021-03-22,2021-03-25,股東常會
2890,2021-08-06,2021-08-11,除息
2890,2022-03-21,2022-03-24,股東常會
2890,2022-08-04,2022-08-09,除權息
2890,2023-02-01,2023-02-06,現金增資
2890,2023-03-17,2023-03-22,股東常會
2890,2023-08-03,2023-08-08,除權息
2890,2024-03-28,2024-04-02,股東常會
2890,2024-08-16,2024-08-21,除權息
2890,2025-03-21,2025-03-26,股東常會
2890,2025-08-15,2025-08-20,除權息
2890,2026-03-20,2026-03-25,股東常會
2890,2026-07-17,2026-07-22,除權息
2891,2018-04-09,2018-04-12,股東常會
2891,2018-07-03,2018-07-06,除息
2891,2019-01-29,2019-02-12,其它利益
2891,2019-04-08,2019-04-11,股東常會
2891,2019-07-09,2019-07-12,除息
2891,2020-04-13,2020-04-16,股東常會
2891,2020-07-07,2020-07-10,除息
2891,2021-04-01,2021-04-08,股東常會
2891,2021-08-10,2021-08-13,除息
2891,2022-04-11,2022-04-14,股東常會
2891,2022-07-08,2022-07-13,除息
2891,2023-04-10,2023-04-13,股東常會
2891,2023-07-31,2023-08-03,除息
2891,2024-04-08,2024-04-11,股東常會
2891,2024-07-09,2024-07-12,除息
2891,2025-04-07,2025-04-10,股東常會
2891,2025-07-08,2025-07-11,除息
2891,2026-04-02,2026-04-09,股東常會
2891,2026-07-06,2026-07-09,除息
2892,2018-04-16,2018-04-19,股東常會
2892,2018-08-06,2018-08-09,除權息
2892,2019-04-15,2019-04-18,股東常會
2892,2019-08-05,2019-08-08,除權息
2892,2020-04-13,2020-04-16,股東常會
2892,2020-08-03,2020-08-06,除權息
2892,2021-04-19,2021-04-22,股東常會
2892,2021-08-20,2021-08-25,除權息
2892,2022-04-11,2022-04-14,股東常會
2892,2022-07-29,2022-08-03,除權息
2892,2023-04-10,2023-04-13,股東常會
2892,2023-08-07,2023-08-10,除權息
2892,2024-04-15,2024-04-18,股東常會
2892,2024-08-02,2024-08-07,除權息
2892,2025-04-14,2025-04-17,股東常會
2892,2025-08-01,2025-08-06,除權息
2892,2026-04-10,2026-04-15,股東常會
2892,2026-08-05,2026-08-10,除息
2897,2018-04-03,2018-04-11,股東常會
2897,2018-07-09,2018-07-12,除息
2897,2018-10-30,2018-11-02,其它利益
2897,2019-04-08,2019-04-11,股東常會
2897,2020-04-13,2020-04-16,股東常會
2897,2020-07-27,2020-07-30,除息
2897,2020-09-21,2020-09-24,現金增資
2897,2021-04-19,2021-04-22,股東常會
2897,2021-07-20,2021-07-23,除息
2897,2022-04-11,2022-04-14,股東常會
2897,2022-07-13,2022-07-18,除息
2897,2023-04-10,2023-04-13,股東常會
2897,2023-07-21,2023-07-26,除息
2897,2024-04-08,2024-04-11,股東常會
2897,2024-07-18,2024-07-23,除息
2897,2024-08-23,2024-08-28,其他
2897,2025-04-07,2025-04-10,股東常會
2897,2025-07-04,2025-07-09,除息
2897,2026-04-02,2026-04-09,股東常會
2897,2026-07-17,2026-07-22,除息
2901,2018-04-23,2018-04-26,股東常會
2901,2018-08-27,2018-08-30,除息
2901,2019-04-12,2019-04-17,股東常會
2901,2019-08-27,2019-08-30,除息
2901,2020-04-23,2020-04-28,股東常會
2901,2020-08-20,2020-08-25,除息
2901,2021-04-16,2021-04-21,股東常會
2901,2021-10-20,2021-10-25,除息
2901,2022-04-15,2022-04-20,股東常會
2901,2022-08-17,2022-08-22,除息
2901,2023-04-21,2023-04-26,股東常會
2901,2023-08-30,2023-09-04,除息
2901,2024-04-19,2024-04-24,股東常會
2901,2024-08-29,2024-09-03,除息
2901,2025-04-18,2025-04-23,股東常會
2901,2025-08-20,2025-08-25,除息
2901,2026-04-17,2026-04-22,股東常會
2901,2026-08-21,2026-08-26,除息
2903,2018-04-13,2018-04-18,股東常會
2903,2018-07-12,2018-07-17,除息
2903,2019-04-19,2019-04-24,股東常會
2903,2019-07-09,2019-07-12,除息
2903,2020-04-17,2020-04-22,股東常會
2903,2020-07-09,2020-07-14,除息
2903,2021-04-22,2021-04-27,股東常會
2903,2021-07-22,2021-07-27,除息
2903,2022-04-18,2022-04-21,股東常會
2903,2022-07-08,2022-07-13,除息
2903,2023-04-14,2023-04-19,股東常會
2903,2023-07-12,2023-07-17,除息
2903,2024-04-12,2024-04-17,股東常會
2903,2024-07-10,2024-07-15,除息
2903,2025-03-14,2025-03-19,股東常會
2903,2025-06-18,2025-06-23,除息
2903,2026-03-20,2026-03-25,股東常會
2903,2026-06-25,2026-06-30,除息
2904,2018-04-20,2018-04-25,股東常會
2904,2018-07-06,2018-07-11,除息
2904,2019-04-19,2019-04-24,股東常會
2904,2019-08-20,2019-08-23,除息
2904,2020-04-10,2020-04-15,股東常會
2904,2020-06-30,2020-07-03,除息
2904,2021-04-16,2021-04-21,股東常會
2904,2021-08-31,2021-09-03,除息
2904,2022-04-15,2022-04-20,股東常會
2904,2022-07-14,2022-07-19,除息
2904,2022-08-17,2022-08-22,現金增資
2904,2023-04-07,2023-04-12,股東常會
2904,2023-06-30,2023-07-05,除息
2904,2024-04-15,2024-04-18,股東常會
2904,2024-07-05,2024-07-10,除息
2904,2025-04-02,2025-04-09,股東常會
2904,2025-07-01,2025-07-04,除息
2904,2026-04-01,2026-04-08,股東常會
2904,2026-06-30,2026-07-03,除息
2905,2018-04-16,2018-04-19,股東常會
2905,2018-07-30,2018-08-02,除權息
2905,2019-04-08,2019-04-11,股東常會
2905,2019-08-27,2019-08-30,除息
2905,2020-04-10,2020-04-15,股東常會
2905,2020-07-30,2020-08-04,除權息
2905,2021-04-19,2021-04-22,股東常會
2905,2021-08-10,2021-08-13,除息
2905,2022-04-18,2022-04-21,股東常會
2905,2022-09-02,2022-09-07,除權息
2905,2023-04-10,2023-04-13,股東常會
2905,2023-08-23,2023-08-28,現金增資
2905,2024-04-15,2024-04-18,股東常會
2905,2024-08-21,2024-08-26,除息
2905,2025-04-07,2025-04-10,股東常會
2905,2025-09-04,2025-09-09,除息
2905,2026-04-10,2026-04-15,股東常會
2905,2026-08-25,2026-08-28,除息
2906,2018-04-03,2018-04-11,股東常會
2906,2018-07-17,2018-07-20,除息
2906,2019-04-12,2019-04-17,股東常會
2906,2019-07-10,2019-07-15,除息
2906,2020-04-10,2020-04-15,股東常會
2906,2020-07-13,2020-07-16,除息
2906,2021-04-09,2021-04-14,股東常會
2906,2021-07-16,2021-07-21,除息
2906,2022-04-08,2022-04-13,股東常會
2906,2022-07-14,2022-07-19,除息
2906,2023-04-07,2023-04-12,股東常會
2906,2023-07-12,2023-07-17,除息
2906,2024-04-03,2024-04-10,股東常會
2906,2024-07-10,2024-07-15,除息
2906,2025-04-02,2025-04-09,股東常會
2906,2025-07-09,2025-07-14,除息
2906,2026-04-10,2026-04-15,股東常會
2906,2026-07-16,2026-07-21,除息
2908,2018-04-13,2018-04-18,股東常會
2908,2018-07-10,2018-07-13,除息
2908,2019-04-12,2019-04-17,股東常會
2908,2019-07-10,2019-07-15,除息
2908,2020-04-10,2020-04-15,股東常會
2908,2020-07-08,2020-07-13,除息
2908,2021-04-09,2021-04-14,股東常會
2908,2021-06-29,2021-07-02,除息
2908,2022-04-08,2022-04-13,股東常會
2908,2022-06-09,2022-06-14,除息
2908,2023-04-07,2023-04-12,股東常會
2908,2023-06-09,2023-06-14,除息
2908,2024-03-22,2024-03-27,股東常會
2908,2024-06-06,2024-06-12,除息
2908,2025-02-20,2025-02-25,其他
2908,2025-03-21,2025-03-26,股東常會
2908,2025-06-10,2025-06-13,除息
2908,2026-03-20,2026-03-25,股東常會
2908,2026-06-10,2026-06-15,除息
2910,2018-03-28,2018-03-31,股東常會
2910,2019-04-22,2019-04-25,股東常會
2910,2020-04-16,2020-04-21,除息
2910,2021-04-16,2021-04-21,除息
2910,2022-04-08,2022-04-13,除息
2910,2023-04-13,2023-04-18,股東常會
2910,2024-04-18,2024-04-23,股東常會
2910,2024-07-04,2024-07-09,除息
2910,2025-03-25,2025-03-28,除息
2910,2025-04-18,2025-04-23,股東常會
2910,2026-03-24,2026-03-27,除息
2910,2026-04-10,2026-04-15,股東常會
2911,2018-04-03,2018-04-11,股東常會
2911,2018-07-06,2018-07-11,除息
2911,2019-04-19,2019-04-24,股東常會
2911,2020-04-06,2020-04-09,股東常會
2911,2021-04-09,2021-04-14,股東常會
2911,2022-04-15,2022-04-20,股東常會
2911,2023-04-21,,股東常會
2911,2024-02-22,,減資
2911,2024-03-18,,股東常會
2911,2024-08-23,,減資
2911,2025-04-21,,股東常會
2911,2026-03-26,,股東常會
2912,2018-04-03,2018-04-11,股東常會
2912,2018-07-26,2018-07-31,除息
2912,2019-04-03,2019-04-10,股東常會
2912,2019-07-25,2019-07-30,除息
2912,2020-04-10,2020-04-15,股東常會
2912,2020-07-30,2020-08-04,除息
2912,2021-04-09,2021-04-14,股東常會
2912,2021-09-01,2021-09-06,除息
2912,2022-03-18,2022-03-23,股東常會
2912,2022-07-28,2022-08-02,除息
2912,2023-03-24,2023-03-29,股東常會
2912,2023-07-28,2023-08-02,除息
2912,2024-03-22,2024-03-27,股東常會
2912,2024-07-26,2024-07-31,除息
2912,2025-03-14,2025-03-19,股東常會
2912,2025-07-25,2025-07-30,除息
2912,2026-03-13,2026-03-18,股東常會
2912,2026-07-24,2026-07-29,除息
2913,2018-04-03,2018-04-11,股東常會
2913,2018-11-22,2018-11-27,除息
2913,2019-03-15,2019-03-20,股東常會
2913,2019-08-19,2019-08-22,除息
2913,2020-04-01,2020-04-08,股東常會
2913,2021-04-09,2021-04-14,股東常會
2913,2022-03-14,2022-03-17,股東常會
2913,2023-04-06,2023-04-11,股東常會
2913,2024-04-03,2024-04-10,股東常會
2913,2025-04-11,2025-04-16,股東常會
2913,2026-04-01,2026-04-08,股東常會
2915,2018-04-16,2018-04-19,股東常會
2915,2018-07-24,2018-07-27,除息
2915,2018-10-12,2018-10-17,減資
2915,2019-04-12,2019-04-17,股東常會
2915,2019-07-01,2019-07-04,除息
2915,2020-04-10,2020-04-15,股東常會
2915,2020-07-10,2020-07-15,除息
2915,2021-04-22,2021-04-27,股東常會
2915,2021-07-28,2021-08-02,除息
2915,2021-09-28,2021-10-01,除權
2915,2022-04-15,2022-04-20,股東常會
2915,2022-08-03,2022-08-08,除息
2915,2022-09-02,,現金增資
2915,2023-04-10,2023-04-13,股東常會
2915,2023-08-04,2023-08-09,除息
2915,2024-04-19,2024-04-24,股東常會
2915,2024-07-23,2024-07-26,除息
2915,2025-03-21,2025-03-26,股東常會
2915,2025-07-11,2025-07-16,除息
2915,2026-03-20,2026-03-25,股東常會
2915,2026-07-13,2026-07-16,除息
2929,2018-04-13,2018-04-18,股東常會
2929,2018-11-21,2018-11-26,除權息
2929,2019-04-08,2019-04-11,股東常會
2929,2019-11-22,2019-11-27,除權息
2929,2020-04-16,2020-04-21,股東常會
2929,2020-11-25,2020-11-30,除權息
2929,2021-04-16,,股東常會
2929,2022-04-22,2022-04-27,股東常會
2929,2023-04-20,2023-04-25,股東常會
2929,2024-04-18,2024-04-23,股東常會
2929,2025-04-18,2025-04-23,股東常會
2929,2026-04-23,2026-04-28,股東常會
2939,2019-03-22,2019-03-27,股東常會
2939,2019-06-11,2019-06-14,除息
2939,2020-03-20,2020-03-25,除息
2939,2021-04-09,,股東常會
2939,2021-07-15,,除息
2939,2022-04-14,2022-04-19,股東常會
2939,2023-02-06,2023-02-09,股東常會
2939,2024-03-27,2024-04-01,股東常會
2939,2025-04-02,2025-04-09,股東常會
2939,2026-04-01,2026-04-08,股東常會
3002,2018-03-28,2018-03-31,股東常會
3002,2018-08-22,2018-08-27,除息
3002,2019-03-27,2019-04-01,股東常會
3002,2020-04-01,2020-04-08,股東常會
3002,2020-08-19,2020-08-24,除息
3002,2021-03-31,2021-04-07,股東常會
3002,2021-08-25,2021-08-30,除息
3002,2022-03-25,2022-03-30,股東常會
3002,2023-04-07,2023-04-12,股東常會
3002,2023-08-16,2023-08-21,除息
3002,2024-04-12,2024-04-17,股東常會
3002,2024-08-20,2024-08-23,除息
3002,2025-04-02,2025-04-09,股東常會
3002,2025-09-11,2025-09-16,除息
3002,2026-04-01,2026-04-08,股東常會
3002,2026-07-21,2026-07-24,除息
3003,2018-04-03,2018-04-11,股東常會
3003,2018-06-26,2018-06-29,除息
3003,2019-04-03,2019-04-10,股東常會
3003,2019-06-24,2019-06-27,除息
3003,2020-04-01,2020-04-08,股東常會
3003,2020-06-19,2020-06-24,除息
3003,2021-03-31,2021-04-07,除息
3003,2022-03-31,2022-04-07,除息
3003,2023-03-29,2023-04-06,股東常會
3003,2024-03-27,2024-04-01,股東常會
3003,2025-04-02,2025-04-09,除息
3003,2026-04-01,2026-04-08,股東常會
3003,2026-07-31,2026-08-05,除息
3004,2018-03-28,2018-03-31,股東常會
3004,2018-08-14,2018-08-17,除息
3004,2019-03-27,2019-04-01,股東常會
3004,2019-08-13,2019-08-16,除息
3004,2020-03-24,2020-03-27,除息
3004,2020-04-10,2020-04-15,股東常會
3004,2021-03-25,2021-03-30,除息
3004,2021-04-12,2021-04-15,股東常會
3004,2022-03-25,2022-03-30,股東常會
3004,2023-03-17,2023-03-22,股東常會
3004,2024-03-15,2024-03-20,股東常會
3004,2025-03-26,2025-03-31,除息
3004,2025-09-30,2025-10-03,現金增資
3004,2025-11-28,2025-12-03,現金增資
3004,2026-04-01,2026-04-08,股東常會
3005,2018-04-16,2018-04-19,股東常會
3005,2018-07-26,2018-07-31,除息
3005,2019-03-25,2019-03-28,股東常會
3005,2019-06-28,2019-07-03,除息
3005,2020-03-23,2020-03-26,除息
3005,2021-03-25,2021-03-30,除息
3005,2022-03-21,2022-03-24,除息
3005,2023-03-23,2023-03-28,股東常會
3005,2024-03-22,2024-03-27,股東常會
3005,2025-03-14,2025-03-19,股東常會
3005,2025-06-20,2025-06-25,除息
3005,2026-03-19,2026-03-24,股東常會
3006,2018-04-03,2018-04-11,股東常會
3006,2018-06-28,2018-07-03,除息
3006,2019-04-03,2019-04-10,股東常會
3006,2019-06-27,2019-07-02,除息
3006,2020-04-09,2020-04-14,股東常會
3006,2020-06-29,2020-07-02,除息
3006,2021-04-09,2021-04-14,股東常會
3006,2021-07-29,2021-08-03,除息
3006,2022-04-08,2022-04-13,股東常會
3006,2022-06-27,2022-06-30,除息
3006,2023-03-24,2023-03-29,股東常會
3006,2023-06-28,2023-07-03,除息
3006,2024-03-22,2024-03-27,股東常會
3006,2024-06-28,2024-07-03,除息
3006,2025-04-02,2025-04-09,股東常會
3006,2025-07-03,2025-07-08,除息
3006,2026-03-16,2026-03-19,股東常會
3006,2026-06-26,2026-07-01,除息
3008,2018-04-03,2018-04-11,股東常會
3008,2018-08-10,2018-08-15,除息
3008,2019-04-03,2019-04-10,股東常會
3008,2019-07-31,2019-08-05,除息
3008,2020-04-01,2020-04-08,股東常會
3008,2020-08-05,2020-08-10,除息
3008,2021-03-31,2021-04-07,股東常會
3008,2021-08-04,2021-08-09,除息
3008,2022-01-06,2022-01-11,除息
3008,2022-03-09,2022-03-14,除息
3008,2022-03-30,2022-04-06,股東常會
3008,2022-08-12,2022-08-17,除息
3008,2023-03-10,2023-03-15,除息
3008,2023-03-28,2023-03-31,股東常會
3008,2023-08-11,2023-08-16,除息
3008,2024-03-15,2024-03-20,除息
3008,2024-03-28,2024-04-02,股東常會
3008,2024-08-09,2024-08-14,除息
3008,2025-03-14,2025-03-19,除息
3008,2025-03-27,2025-04-01,股東常會
3008,2025-08-08,2025-08-13,除息
3008,2026-03-13,2026-03-18,除息
3008,2026-04-01,2026-04-08,股東常會
3008,2026-08-07,2026-08-12,除息
3010,2018-03-26,2018-03-29,股東常會
3010,2018-06-22,2018-06-27,除息
3010,2019-03-22,2019-03-27,股東常會
3010,2019-06-26,2019-07-01,除息
3010,2020-03-20,2020-03-25,股東常會
3010,2020-06-24,2020-07-01,除息
3010,2021-03-22,2021-03-25,股東常會
3010,2021-08-27,2021-09-01,除權息
3010,2022-03-21,2022-03-24,股東常會
3010,2022-06-21,2022-06-24,除息
3010,2023-03-24,2023-03-29,股東常會
3010,2023-06-21,2023-06-28,除息
3010,2024-03-22,2024-03-27,股東常會
3010,2024-07-18,2024-07-23,除息
3010,2025-03-21,2025-03-26,股東常會
3010,2025-06-17,2025-06-20,除息
3010,2026-03-20,2026-03-25,股東常會
3010,2026-06-16,2026-06-22,除息
3011,2018-04-03,2018-04-11,股東常會
3011,2019-04-08,2019-04-11,股東常會
3011,2020-04-09,,股東常會
3011,2021-04-09,,股東常會
3011,2022-04-14,,股東常會
3011,2023-04-21,,股東常會
3011,2024-04-22,,股東常會
3011,2025-04-23,2025-04-28,股東常會
3011,2026-04-23,2026-04-28,股東常會
3013,2018-04-03,2018-04-11,股東常會
3013,2018-08-17,2018-08-22,除息
3013,2019-04-08,2019-04-11,股東常會
3013,2019-07-19,2019-07-24,除息
3013,2020-04-06,2020-04-09,股東常會
3013,2020-07-07,2020-07-10,除息
3013,2021-04-01,2021-04-08,股東常會
3013,2021-08-10,2021-08-13,除息
3013,2022-04-11,2022-04-14,股東常會
3013,2023-04-10,2023-04-13,股東常會
3013,2023-07-07,2023-07-12,除息
3013,2024-04-08,2024-04-11,股東常會
3013,2024-07-19,2024-07-24,除息
3013,2025-04-07,2025-04-10,股東常會
3013,2025-07-08,2025-07-11,除息
3013,2026-04-02,2026-04-09,股東常會
3013,2026-07-08,2026-07-13,除息
3013,2026-08-27,2026-09-01,除權
3014,2018-04-09,2018-04-12,股東常會
3014,2018-07-06,2018-07-11,除息
3014,2019-04-18,2019-04-23,股東常會
3014,2019-07-05,2019-07-10,除息
3014,2020-04-09,2020-04-14,股東常會
3014,2020-07-06,2020-07-09,除息
3014,2021-04-09,2021-04-14,股東常會
3014,2021-08-20,2021-08-25,除息
3014,2022-04-15,2022-04-20,股東常會
3014,2022-07-08,2022-07-13,除息
3014,2023-04-10,2023-04-13,股東常會
3014,2023-06-14,2023-06-19,除息
3014,2024-03-22,2024-03-27,股東常會
3014,2024-07-04,2024-07-09,除息
3014,2025-03-20,2025-03-25,股東常會
3014,2025-07-02,2025-07-07,除息
3014,2026-03-20,2026-03-25,股東常會
3014,2026-07-03,2026-07-08,除息
3015,2018-04-03,2018-04-11,股東常會
3015,2018-07-11,2018-07-16,除息
3015,2019-04-03,2019-04-10,股東常會
3015,2019-07-11,2019-07-16,除息
3015,2020-04-10,2020-04-15,股東常會
3015,2020-07-10,2020-07-15,除息
3015,2021-04-01,2021-04-08,股東常會
3015,2021-06-23,2021-06-28,除息
3015,2022-03-30,2022-04-06,股東常會
3015,2022-06-21,2022-06-24,除息
3015,2023-04-06,2023-04-11,股東常會
3015,2023-06-16,2023-06-21,除息
3015,2024-03-28,2024-04-02,股東常會
3015,2024-06-14,2024-06-19,除息
3015,2025-04-02,2025-04-09,股東常會
3015,2025-06-05,2025-06-10,除息
3015,2026-04-01,2026-04-08,股東常會
3015,2026-06-10,2026-06-15,除息
3016,2018-04-03,2018-04-11,股東常會
3016,2018-07-26,2018-07-31,除息
3016,2019-04-08,2019-04-11,股東常會
3016,2019-06-27,2019-07-02,除息
3016,2020-04-06,2020-04-09,股東常會
3016,2020-07-06,2020-07-09,除息
3016,2021-04-09,2021-04-14,股東常會
3016,2021-07-07,2021-07-12,除息
3016,2022-04-15,2022-04-20,現金增資
3016,2022-07-11,2022-07-14,除息
3016,2023-03-24,2023-03-29,股東常會
3016,2023-06-30,2023-07-05,除息
3016,2024-03-22,2024-03-27,股東常會
3016,2024-06-28,2024-07-03,除息
3016,2025-04-07,2025-04-10,股東常會
3016,2025-07-03,2025-07-08,除息
3016,2026-04-02,2026-04-09,股東常會
3016,2026-06-23,2026-06-26,除息
3016,2026-08-21,2026-08-26,現金增資
3017,2018-04-03,2018-04-11,股東常會
3017,2018-09-20,2018-09-26,除息
3017,2019-04-03,2019-04-10,股東常會
3017,2019-09-20,2019-09-25,除息
3017,2020-04-13,2020-04-16,股東常會
3017,2020-09-17,2020-09-22,除息
3017,2021-04-09,2021-04-14,股東常會
3017,2021-08-18,2021-08-23,除息
3017,2022-04-11,2022-04-14,股東常會
3017,2022-08-19,2022-08-24,除息
3017,2023-02-13,2023-02-16,現金增資
3017,2023-04-07,2023-04-12,股東常會
3017,2023-08-21,2023-08-24,除息
3017,2024-04-08,2024-04-11,股東常會
3017,2024-08-09,2024-08-14,除息
3017,2025-03-27,2025-04-01,股東常會
3017,2025-08-13,2025-08-18,除息
3017,2026-03-26,2026-03-31,股東常會
3017,2026-08-13,2026-08-18,除息
3018,2018-03-29,2018-04-02,股東常會
3018,2018-07-27,2018-08-01,除權
3018,2019-04-19,2019-04-24,股東常會
3018,2020-04-17,2020-04-22,股東常會
3018,2021-02-26,,股東常會
3018,2022-03-25,,股東常會
3018,2023-04-21,,股東常會
3018,2023-11-10,,減資
3018,2024-03-27,,股東常會
3018,2025-04-17,,股東常會
3018,2026-04-20,,股東常會
3019,2018-04-02,2018-04-10,股東常會
3019,2018-06-29,2018-07-04,除息
3019,2019-04-02,2019-04-09,股東常會
3019,2019-06-28,2019-07-03,除息
3019,2020-04-01,2020-04-08,股東常會
3019,2020-07-01,2020-07-06,除息
3019,2021-04-01,2021-04-08,股東常會
3019,2021-07-29,2021-08-03,除息
3019,2022-04-08,2022-04-13,股東常會
3019,2022-07-01,2022-07-06,除息
3019,2023-04-07,2023-04-12,股東常會
3019,2023-06-26,2023-06-29,除息
3019,2024-03-25,2024-03-28,股東常會
3019,2024-06-14,2024-06-19,除息
3019,2025-03-21,2025-03-26,股東常會
3019,2025-06-18,2025-06-23,除息
3019,2026-03-20,2026-03-25,股東常會
3019,2026-06-17,2026-06-23,除息
3021,2018-04-09,2018-04-12,股東常會
3021,2018-06-28,2018-07-03,除息
3021,2019-04-08,2019-04-11,股東常會
3021,2019-07-01,2019-07-04,除息
3021,2020-04-06,2020-04-09,股東常會
3021,2020-07-14,2020-07-17,除息
3021,2021-04-09,2021-04-14,股東常會
3021,2021-06-25,2021-06-30,除息
3021,2022-04-08,2022-04-13,股東常會
3021,2022-08-19,2022-08-24,除權息
3021,2023-04-07,2023-04-12,股東常會
3021,2023-06-29,2023-07-04,除息
3021,2024-04-03,2024-04-10,股東常會
3021,2024-07-03,2024-07-08,除息
3021,2025-04-10,2025-04-15,股東常會
3021,2025-09-22,2025-09-25,除息
3021,2026-04-10,2026-04-15,除息
3022,2018-04-13,2018-04-18,股東常會
3022,2018-07-24,2018-07-27,除息
3022,2018-08-31,2018-09-05,減資
3022,2019-04-03,2019-04-10,股東常會
3022,2019-07-22,2019-07-25,除息
3022,2019-08-23,2019-08-28,減資
3022,2020-04-06,2020-04-09,股東常會
3022,2020-08-04,2020-08-07,除息
3022,2021-04-09,2021-04-14,股東常會
3022,2021-08-18,2021-08-23,除息
3022,2022-04-08,2022-04-13,股東常會
3022,2022-07-08,2022-07-13,除息
3022,2023-04-10,2023-04-13,股東常會
3022,2023-07-13,2023-07-18,除息
3022,2024-04-12,2024-04-17,股東常會
3022,2024-07-12,2024-07-17,除息
3022,2025-03-21,2025-03-26,股東常會
3022,2025-07-11,2025-07-16,除息
3022,2026-03-19,2026-03-24,股東常會
3022,2026-08-12,2026-08-17,除息
3023,2018-03-29,2018-04-02,股東常會
3023,2018-07-11,2018-07-16,除息
3023,2019-03-27,2019-04-01,股東常會
3023,2019-07-26,2019-07-31,除息
3023,2020-04-06,2020-04-09,股東常會
3023,2020-07-24,2020-07-29,除息
3023,2021-04-01,2021-04-08,股東常會
3023,2021-08-16,2021-08-19,除息
3023,2022-03-24,2022-03-29,股東常會
3023,2022-08-15,2022-08-18,除息
3023,2023-03-24,2023-03-29,股東常會
3023,2023-08-25,2023-08-30,除息
3023,2024-03-22,2024-03-27,股東常會
3023,2024-08-12,2024-08-15,除息
3023,2025-03-21,2025-03-26,股東常會
3023,2025-08-15,2025-08-20,除息
3023,2026-03-20,2026-03-25,股東常會
3023,2026-08-04,2026-08-07,除息
3024,2018-04-20,,股東常會
3024,2019-04-19,,股東常會
3024,2019-07-08,,除息
3024,2020-04-09,,股東常會
3024,2020-06-30,,除息
3024,2021-04-22,,股東常會
3024,2021-08-18,,除息
3024,2022-04-18,2022-04-21,股東常會
3024,2022-07-08,2022-07-13,除息
3024,2023-04-20,2023-04-25,股東常會
3024,2023-07-13,2023-07-18,除息
3024,2024-04-08,2024-04-11,股東常會
3024,2024-07-04,2024-07-09,除息
3024,2025-04-14,2025-04-17,股東常會
3024,2025-07-10,2025-07-15,除息
3024,2026-03-06,2026-03-11,股東常會
3024,2026-07-03,2026-07-08,除息
3025,2018-04-23,2018-04-26,股東常會
3025,2018-08-21,2018-08-24,除息
3025,2019-04-19,2019-04-24,股東常會
3025,2020-04-23,2020-04-28,股東常會
3025,2020-08-18,2020-08-21,除息
3025,2021-04-22,2021-04-27,股東常會
3025,2021-11-16,2021-11-19,除息
3025,2022-04-22,2022-04-27,股東常會
3025,2022-08-31,2022-09-05,除息
3025,2023-04-21,2023-04-26,股東常會
3025,2023-08-22,2023-08-25,除息
3025,2023-11-24,2023-11-29,減資
3025,2024-04-19,2024-04-24,股東常會
3025,2024-08-21,2024-08-26,除息
3025,2025-04-18,2025-04-23,股東常會
3025,2025-08-22,2025-08-27,除息
3025,2026-04-20,2026-04-23,股東常會
3025,2026-08-21,2026-08-26,除息
3026,2018-03-29,2018-04-02,股東常會
3026,2018-07-06,2018-07-11,除息
3026,2019-03-27,2019-04-01,股東常會
3026,2019-07-05,2019-07-10,除息
3026,2020-04-01,2020-04-08,股東常會
3026,2020-07-10,2020-07-15,除息
3026,2021-03-30,2021-04-06,股東常會
3026,2021-07-16,2021-07-21,除息
3026,2022-03-21,2022-03-24,股東常會
3026,2022-07-12,2022-07-15,除息
3026,2023-03-24,2023-03-29,股東常會
3026,2023-07-14,2023-07-19,除權息
3026,2024-03-22,2024-03-27,股東常會
3026,2024-06-18,2024-06-21,除息
3026,2025-03-21,2025-03-26,股東常會
3026,2025-06-17,2025-06-20,除息
3026,2026-03-19,2026-03-24,股東常會
3026,2026-06-15,2026-06-18,除息
3027,2018-03-28,2018-03-31,股東常會
3027,2019-04-08,2019-04-11,股東常會
3027,2020-03-26,2020-03-31,股東常會
3027,2021-04-22,2021-04-27,股東常會
3027,2022-03-30,2022-04-06,股東常會
3027,2023-03-28,2023-03-31,股東常會
3027,2023-08-15,2023-08-18,除息
3027,2024-03-22,2024-03-27,股東常會
3027,2024-08-20,2024-08-23,除息
3027,2025-03-14,2025-03-19,股東常會
3027,2026-03-13,2026-03-18,股東常會
3028,2018-04-03,2018-04-11,股東常會
3028,2018-07-03,2018-07-06,除息
3028,2019-04-03,2019-04-10,股東常會
3028,2019-07-02,2019-07-05,除息
3028,2020-04-06,2020-04-09,股東常會
3028,2020-07-03,2020-07-08,除息
3028,2021-04-01,2021-04-08,股東常會
3028,2021-07-02,2021-07-07,除息
3028,2022-03-30,2022-04-06,股東常會
3028,2022-07-04,2022-07-07,除息
3028,2023-03-29,2023-04-06,股東常會
3028,2023-07-05,2023-07-10,除息
3028,2024-04-03,2024-04-10,股東常會
3028,2024-08-15,2024-08-20,除息
3028,2025-04-07,2025-04-10,股東常會
3028,2025-07-04,2025-07-09,除息
3028,2026-04-02,2026-04-09,股東常會
3028,2026-06-11,2026-06-16,除息
3028,2026-07-13,2026-07-16,現金增資
3029,2018-04-02,2018-04-10,股東常會
3029,2018-08-15,2018-08-20,除息
3029,2019-04-03,2019-04-10,股東常會
3029,2019-06-24,2019-06-27,除息
3029,2020-04-01,2020-04-08,股東常會
3029,2020-06-04,2020-06-09,除息
3029,2021-03-22,2021-03-25,股東常會
3029,2021-07-12,2021-07-15,除息
3029,2021-11-24,2021-11-29,現金增資
3029,2022-03-10,2022-03-15,除息
3029,2022-03-18,2022-03-23,股東常會
3029,2023-03-13,2023-03-16,除息
3029,2023-03-24,2023-03-29,股東常會
3029,2024-03-15,2024-03-20,除息
3029,2024-03-21,2024-03-26,股東常會
3029,2025-03-14,2025-03-19,股東常會
3029,2026-03-13,2026-03-18,除息
3029,2026-03-20,2026-03-25,股東常會
3030,2018-03-26,2018-03-29,股東常會
3030,2018-06-08,2018-06-13,除息
3030,2019-03-22,2019-03-27,股東常會
3030,2019-06-10,2019-06-13,除息
3030,2020-03-20,2020-03-25,股東常會
3030,2020-06-05,2020-06-10,除息
3030,2021-03-19,2021-03-24,股東常會
3030,2021-07-16,2021-07-21,除息
3030,2022-03-18,2022-03-23,股東常會
3030,2022-06-06,2022-06-09,除息
3030,2023-03-24,2023-03-29,股東常會
3030,2023-06-09,2023-06-14,除息
3030,2024-03-22,2024-03-27,股東常會
3030,2024-06-07,2024-06-13,除息
3030,2025-03-21,2025-03-26,股東常會
3030,2025-06-09,2025-06-12,除息
3030,2026-03-20,2026-03-25,股東常會
3030,2026-06-05,2026-06-10,除息
3031,2018-03-29,2018-04-02,股東常會
3031,2018-06-21,2018-06-26,除息
3031,2019-04-03,2019-04-10,股東常會
3031,2019-07-03,2019-07-08,除息
3031,2020-04-01,2020-04-08,股東常會
3031,2020-06-22,2020-06-29,除息
3031,2021-03-30,2021-04-06,股東常會
3031,2021-06-28,2021-07-01,除息
3031,2022-03-29,2022-04-01,股東常會
3031,2022-06-20,2022-06-23,除息
3031,2023-03-29,2023-04-06,股東常會
3031,2023-07-05,2023-07-10,除息
3031,2024-04-03,2024-04-10,股東常會
3031,2024-07-11,2024-07-16,除息
3031,2025-03-26,2025-03-31,股東常會
3031,2025-07-11,2025-07-16,除息
3031,2026-03-31,2026-04-07,股東常會
3031,2026-07-14,2026-07-17,除息
3032,2018-04-13,2018-04-18,股東常會
3032,2018-07-12,2018-07-17,除息
3032,2019-04-12,2019-04-17,股東常會
3032,2019-07-12,2019-07-17,除息
3032,2020-04-10,2020-04-15,股東常會
3032,2020-07-10,2020-07-15,除息
3032,2021-04-16,2021-04-21,股東常會
3032,2021-08-05,2021-08-10,除息
3032,2022-04-15,2022-04-20,股東常會
3032,2022-07-08,2022-07-13,除息
3032,2023-04-07,2023-04-12,股東常會
3032,2023-07-10,2023-07-13,除息
3032,2024-04-12,2024-04-17,股東常會
3032,2024-07-17,2024-07-22,除息
3032,2025-04-14,2025-04-17,股東常會
3032,2025-08-06,2025-08-11,除息
3032,2026-04-17,2026-04-22,股東常會
3033,2018-04-03,2018-04-11,股東常會
3033,2018-08-15,2018-08-20,除權息
3033,2019-04-12,2019-04-17,股東常會
3033,2019-08-23,2019-08-28,除權息
3033,2020-04-10,2020-04-15,股東常會
3033,2020-06-30,2020-07-03,除息
3033,2021-04-12,2021-04-15,股東常會
3033,2021-07-20,2021-07-23,除息
3033,2022-04-08,2022-04-13,股東常會
3033,2022-07-19,2022-07-22,除息
3033,2023-04-07,2023-04-12,股東常會
3033,2023-07-27,2023-08-01,除息
3033,2024-04-12,2024-04-17,股東常會
3033,2024-07-22,2024-07-25,除息
3033,2025-04-14,2025-04-17,股東常會
3033,2025-08-05,2025-08-08,除息
3033,2026-04-10,2026-04-15,股東常會
3033,2026-07-31,2026-08-05,除息
3034,2018-03-29,2018-04-02,股東常會
3034,2018-07-06,2018-07-11,除息
3034,2019-03-27,2019-04-01,股東常會
3034,2019-07-08,2019-07-11,除息
3034,2020-04-01,2020-04-08,股東常會
3034,2020-07-07,2020-07-10,除息
3034,2021-03-31,2021-04-07,股東常會
3034,2021-08-11,2021-08-16,除息
3034,2022-03-30,2022-04-06,股東常會
3034,2022-07-06,2022-07-11,除息
3034,2023-03-24,2023-03-29,股東常會
3034,2023-07-05,2023-07-10,除息
3034,2024-03-25,2024-03-28,股東常會
3034,2024-07-04,2024-07-09,除息
3034,2025-03-21,2025-03-26,股東常會
3034,2025-07-03,2025-07-08,除息
3034,2026-03-23,2026-03-26,股東常會
3034,2026-07-06,2026-07-09,除息
3035,2018-04-09,2018-04-12,股東常會
3035,2018-08-03,2018-08-08,除息
3035,2019-04-03,2019-04-10,股東常會
3035,2019-07-02,2019-07-05,除息
3035,2020-03-20,2020-03-25,股東常會
3035,2020-06-24,2020-07-01,除息
3035,2021-03-19,2021-03-24,股東常會
3035,2021-07-21,2021-07-26,除息
3035,2022-03-18,2022-03-23,股東常會
3035,2022-07-08,2022-07-13,除息
3035,2023-03-17,2023-03-22,股東常會
3035,2023-06-09,2023-06-14,除息
3035,2024-03-06,2024-03-11,現金增資
3035,2024-03-22,2024-03-27,股東常會
3035,2024-06-20,2024-06-25,除息
3035,2025-03-17,2025-03-20,股東常會
3035,2025-06-11,2025-06-16,除息
3035,2026-03-19,2026-03-24,股東常會
3035,2026-06-10,2026-06-15,除息
3036,2018-04-20,2018-04-25,股東常會
3036,2018-07-31,2018-08-03,除息
3036,2019-04-15,2019-04-18,股東常會
3036,2019-08-23,2019-08-28,除息
3036,2020-01-15,2020-01-20,股東常會
3036,2020-08-18,2020-08-21,除息
3036,2021-03-22,2021-03-25,股東常會
3036,2021-07-27,2021-07-30,除息
3036,2022-03-14,2022-03-17,股東常會
3036,2022-06-14,2022-06-17,除息
3036,2023-03-24,2023-03-29,股東常會
3036,2023-08-14,2023-08-17,除息
3036,2023-11-15,2023-11-20,現金增資
3036,2024-03-22,2024-03-27,股東常會
3036,2024-08-16,2024-08-21,除息
3036,2025-03-21,2025-03-26,股東常會
3036,2025-06-24,2025-06-27,除息
3036,2026-03-06,2026-03-11,股東常會
3036,2026-06-02,2026-06-05,除息
3037,2018-04-09,2018-04-12,股東常會
3037,2018-07-24,2018-07-27,除息
3037,2019-04-15,2019-04-18,股東常會
3037,2019-07-23,2019-07-26,除息
3037,2020-04-13,2020-04-16,股東常會
3037,2020-07-09,2020-07-14,除息
3037,2021-04-09,2021-04-14,股東常會
3037,2021-08-23,2021-08-26,除息
3037,2022-04-08,2022-04-13,股東常會
3037,2022-07-11,2022-07-14,除息
3037,2023-03-24,2023-03-29,股東常會
3037,2023-07-07,2023-07-12,除息
3037,2024-03-25,2024-03-28,股東常會
3037,2024-07-05,2024-07-10,除息
3037,2025-04-11,2025-04-16,股東常會
3037,2025-07-04,2025-07-09,除息
3037,2025-11-10,2025-11-13,現金增資
3037,2026-03-23,2026-03-26,股東常會
3037,2026-06-30,2026-07-03,除息
3038,2018-04-03,2018-04-11,股東常會
3038,2018-07-26,2018-07-31,除息
3038,2019-03-27,2019-04-01,股東常會
3038,2019-06-28,2019-07-03,除息
3038,2020-04-06,2020-04-09,股東常會
3038,2020-07-01,2020-07-06,除息
3038,2021-04-09,2021-04-14,股東常會
3038,2021-07-08,2021-07-13,除息
3038,2022-04-11,2022-04-14,股東常會
3038,2022-07-07,2022-07-12,除息
3038,2023-04-07,2023-04-12,股東常會
3038,2023-07-04,2023-07-07,除息
3038,2024-04-03,2024-04-10,股東常會
3038,2024-06-26,2024-07-01,除息
3038,2025-03-21,2025-03-26,股東常會
3038,2026-03-13,2026-03-18,除息
3040,2018-03-29,2018-04-02,股東常會
3040,2018-06-20,2018-06-25,除息
3040,2019-04-02,2019-04-09,股東常會
3040,2019-06-28,2019-07-03,除息
3040,2020-04-01,2020-04-08,股東常會
3040,2020-06-23,2020-06-30,除息
3040,2021-04-09,2021-04-14,股東常會
3040,2021-08-02,2021-08-05,除息
3040,2022-04-11,2022-04-14,股東常會
3040,2022-06-30,2022-07-05,除息
3040,2023-03-29,2023-04-06,股東常會
3040,2023-06-21,2023-06-28,除息
3040,2024-03-27,2024-04-01,股東常會
3040,2024-06-21,2024-06-26,除息
3040,2025-04-02,2025-04-09,股東常會
3040,2025-06-23,2025-06-26,除息
3040,2026-03-31,2026-04-07,股東常會
3041,2018-04-16,2018-04-19,股東常會
3041,2019-04-03,2019-04-10,股東常會
3041,2019-10-18,2019-10-23,減資
3041,2020-04-06,2020-04-09,股東常會
3041,2021-04-22,2021-04-27,股東常會
3041,2022-04-08,2022-04-13,股東常會
3041,2023-04-10,2023-04-13,股東常會
3041,2024-04-12,,股東常會
3041,2024-10-25,,減資
3041,2025-04-23,2025-04-28,股東常會
3041,2026-04-23,2026-04-28,股東常會
3042,2018-03-28,2018-03-31,股東常會
3042,2018-08-09,2018-08-14,除息
3042,2019-04-03,2019-04-10,股東常會
3042,2019-08-09,2019-08-14,除息
3042,2020-04-01,2020-04-08,股東常會
3042,2020-07-24,2020-07-29,除息
3042,2021-03-25,2021-03-30,股東常會
3042,2021-08-16,2021-08-19,除息
3042,2022-03-25,2022-03-30,股東常會
3042,2022-07-11,2022-07-14,除息
3042,2023-03-24,2023-03-29,股東常會
3042,2023-06-28,2023-07-03,除息
3042,2024-03-22,2024-03-27,股東常會
3042,2024-06-14,2024-06-19,除息
3042,2025-03-21,2025-03-26,股東常會
3042,2025-06-10,2025-06-13,除息
3042,2026-03-20,2026-03-25,股東常會
3042,2026-06-10,2026-06-15,除息
3043,2018-04-23,,股東常會
3043,2019-04-22,,股東常會
3043,2020-04-17,,股東常會
3043,2021-04-16,,股東常會
3043,2022-04-21,,股東常會
3043,2022-12-02,,減資
3043,2023-04-20,,股東常會
3043,2024-04-19,2024-04-24,股東常會
3043,2025-04-18,2025-04-23,股東常會
3043,2026-04-17,2026-04-22,股東常會
3044,2018-04-13,2018-04-18,股東常會
3044,2018-07-11,2018-07-16,除息
3044,2019-04-15,2019-04-18,股東常會
3044,2019-07-03,2019-07-08,除息
3044,2020-04-10,2020-04-15,股東常會
3044,2020-07-01,2020-07-06,除息
3044,2021-04-09,2021-04-14,股東常會
3044,2021-07-07,2021-07-12,除息
3044,2022-04-15,2022-04-20,股東常會
3044,2022-07-08,2022-07-13,除息
3044,2023-04-14,2023-04-19,股東常會
3044,2023-07-07,2023-07-12,除息
3044,2024-04-12,2024-04-17,股東常會
3044,2024-07-04,2024-07-09,除息
3044,2025-03-21,2025-03-26,股東常會
3044,2025-07-04,2025-07-09,除息
3044,2026-03-23,2026-03-26,股東常會
3044,2026-07-03,2026-07-08,除息
3045,2018-04-03,2018-04-11,股東常會
3045,2018-07-04,2018-07-09,除息
3045,2019-04-03,2019-04-10,股東常會
3045,2019-07-03,2019-07-08,除息
3045,2020-04-10,2020-04-15,股東常會
3045,2020-07-13,2020-07-16,除息
3045,2021-04-09,2021-04-14,股東常會
3045,2021-08-17,2021-08-20,除息
3045,2022-04-15,2022-04-20,股東常會
3045,2022-07-04,2022-07-07,除息
3045,2023-04-07,2023-04-12,股東常會
3045,2023-06-26,2023-06-29,除息
3045,2024-04-15,2024-04-18,股東常會
3045,2024-07-02,2024-07-05,除息
3045,2025-03-21,2025-03-26,股東常會
3045,2025-07-03,2025-07-08,除息
3045,2026-03-23,2026-03-26,股東常會
3045,2026-07-03,2026-07-08,除息
3046,2018-04-03,,股東常會
3046,2019-04-03,2019-04-10,股東常會
3046,2019-07-26,2019-07-31,除息
3046,2020-04-01,2020-04-08,股東常會
3046,2021-04-09,,股東常會
3046,2022-04-11,,股東常會
3046,2023-04-10,2023-04-13,股東常會
3046,2023-07-13,2023-07-18,除息
3046,2024-03-22,2024-03-27,股東常會
3046,2024-06-28,2024-07-03,除息
3046,2025-03-21,2025-03-26,股東常會
3046,2025-06-27,2025-07-02,除息
3046,2026-03-20,2026-03-25,股東常會
3046,2026-06-18,2026-06-24,除息
3047,2018-04-03,2018-04-11,股東常會
3047,2019-04-03,2019-04-10,股東常會
3047,2020-04-06,2020-04-09,股東常會
3047,2020-07-22,2020-07-27,除息
3047,2021-04-01,2021-04-08,股東常會
3047,2021-08-20,2021-08-25,除息
3047,2022-03-25,2022-03-30,股東常會
3047,2023-04-07,2023-04-12,股東常會
3047,2023-09-06,2023-09-11,除息
3047,2024-04-08,2024-04-11,股東常會
3047,2025-04-11,2025-04-16,股東常會
3047,2025-08-27,2025-09-01,除息
3047,2026-04-10,2026-04-15,股東常會
3048,2018-04-09,2018-04-12,股東常會
3048,2018-06-29,2018-07-04,除息
3048,2019-03-27,2019-04-01,股東常會
3048,2019-06-18,2019-06-21,除息
3048,2020-04-01,2020-04-08,股東常會
3048,2020-07-02,2020-07-07,除息
3048,2021-03-22,2021-03-25,股東常會
3048,2021-09-01,2021-09-06,除權息
3048,2022-03-18,2022-03-23,股東常會
3048,2022-07-07,2022-07-12,除息
3048,2023-03-28,2023-03-31,股東常會
3048,2023-07-12,2023-07-17,除息
3048,2024-04-19,2024-04-24,股東常會
3048,2024-07-24,2024-07-29,除息
3048,2025-04-07,2025-04-10,股東常會
3048,2026-04-01,2026-04-08,股東常會
3048,2026-07-01,2026-07-06,除息
3049,2018-04-03,,股東常會
3049,2019-04-03,2019-04-10,股東常會
3049,2019-07-30,2019-08-02,現金增資
3049,2020-04-10,2020-04-15,股東常會
3049,2020-08-14,2020-08-19,除息
3049,2021-04-09,2021-04-14,股東常會
3049,2021-08-13,2021-08-18,除息
3049,2022-03-18,2022-03-23,股東常會
3049,2022-07-01,2022-07-06,除息
3049,2023-03-23,2023-03-28,股東常會
3049,2024-03-25,2024-03-28,股東常會
3049,2025-03-26,,股東常會
3049,2026-03-13,,股東常會
3049,2026-04-02,,股東常會
3050,2018-04-03,2018-04-11,股東常會
3050,2018-07-04,2018-07-09,除息
3050,2019-04-12,2019-04-17,股東常會
3050,2019-07-05,2019-07-10,除息
3050,2020-04-01,2020-04-08,股東常會
3050,2020-07-07,2020-07-10,除息
3050,2021-04-16,2021-04-21,股東常會
3050,2021-08-27,2021-09-01,除息
3050,2022-04-08,2022-04-13,股東常會
3050,2022-07-05,2022-07-08,除息
3050,2023-04-20,2023-04-25,股東常會
3050,2023-07-06,2023-07-11,除息
3050,2024-04-08,2024-04-11,股東常會
3050,2024-08-02,2024-08-07,除息
3050,2025-04-11,2025-04-16,股東常會
3050,2025-08-08,2025-08-13,除息
3050,2026-04-10,2026-04-15,股東常會
3050,2026-08-07,2026-08-12,除息
3051,2018-03-29,,股東常會
3051,2019-04-12,,股東常會
3051,2020-04-01,,股東常會
3051,2021-04-16,,股東常會
3051,2021-12-10,,減資
3051,2022-04-15,2022-04-20,股東常會
3051,2023-04-14,2023-04-19,股東常會
3051,2023-07-18,2023-07-21,除息
3051,2024-04-12,2024-04-17,股東常會
3051,2024-07-30,2024-08-02,除息
3051,2025-04-18,2025-04-23,股東常會
3051,2025-07-30,2025-08-04,除息
3051,2026-04-17,2026-04-22,股東常會
3051,2026-07-28,2026-07-31,除息
3052,2018-04-09,2018-04-12,股東常會
3052,2018-09-12,2018-09-17,除息
3052,2019-04-18,2019-04-23,股東常會
3052,2020-04-13,2020-04-16,股東常會
3052,2020-08-27,2020-09-01,除息
3052,2021-04-09,2021-04-14,股東常會
3052,2021-08-23,2021-08-26,除息
3052,2022-04-11,2022-04-14,股東常會
3052,2022-09-23,2022-09-28,除息
3052,2023-04-20,2023-04-25,股東常會
3052,2023-08-22,2023-08-25,除權息
3052,2024-04-03,2024-04-10,股東常會
3052,2024-08-19,2024-08-22,除權息
3052,2025-04-02,2025-04-09,股東常會
3052,2025-08-25,2025-08-28,除息
3052,2026-04-01,2026-04-08,股東常會
3052,2026-08-26,2026-08-31,除息
3054,2018-04-02,2018-04-10,股東常會
3054,2018-06-22,2018-06-27,除息
3054,2018-09-07,2018-09-12,減資
3054,2019-04-08,2019-04-11,股東常會
3054,2020-04-10,2020-04-15,股東常會
3054,2021-04-09,2021-04-14,股東常會
3054,2022-04-08,2022-04-13,股東常會
3054,2023-03-24,,股東常會
3054,2024-03-22,,股東常會
3054,2025-03-21,,股東常會
3054,2026-03-20,2026-03-25,股東常會
3054,2026-06-22,2026-06-25,除息
3055,2018-04-02,2018-04-10,股東常會
3055,2018-07-12,2018-07-17,除息
3055,2019-04-19,2019-04-24,股東常會
3055,2019-07-08,2019-07-11,除息
3055,2020-04-17,2020-04-22,股東常會
3055,2020-07-16,2020-07-21,除息
3055,2021-04-16,2021-04-21,股東常會
3055,2021-09-08,2021-09-13,除息
3055,2022-04-15,2022-04-20,股東常會
3055,2022-07-15,2022-07-20,除息
3055,2023-04-14,2023-04-19,股東常會
3055,2023-07-05,2023-07-10,除息
3055,2024-04-12,2024-04-17,股東常會
3055,2024-07-01,2024-07-04,除息
3055,2025-04-18,2025-04-23,股東常會
3055,2025-07-07,2025-07-10,除息
3055,2026-04-17,2026-04-22,股東常會
3055,2026-07-06,2026-07-09,除息
3056,2018-03-29,2018-04-02,股東常會
3056,2018-07-10,2018-07-13,除息
3056,2018-12-17,2018-12-20,減資
3056,2019-04-03,2019-04-10,股東常會
3056,2019-06-21,2019-06-26,除息
3056,2020-04-13,2020-04-16,股東常會
3056,2020-07-02,2020-07-07,除息
3056,2021-04-16,2021-04-21,股東常會
3056,2021-08-20,2021-08-25,除息
3056,2022-03-30,2022-04-06,股東常會
3056,2022-06-17,2022-06-22,除息
3056,2022-06-23,2022-06-28,現金增資
3056,2023-04-13,2023-04-18,股東常會
3056,2023-08-14,2023-08-17,除權息
3056,2024-04-03,2024-04-10,股東常會
3056,2024-08-09,2024-08-14,除權息
3056,2025-04-11,2025-04-16,股東常會
3056,2025-08-01,2025-08-06,除權息
3056,2026-04-17,2026-04-22,股東常會
3056,2026-07-17,2026-07-22,除息
3057,2018-04-02,,股東常會
3057,2019-04-02,,股東常會
3057,2020-04-17,,股東常會
3057,2020-09-11,,減資
3057,2021-04-22,,股東常會
3057,2022-04-15,,股東常會
3057,2023-04-20,,股東常會
3057,2024-04-15,,股東常會
3057,2025-03-20,,股東常會
3057,2025-09-19,,減資
3057,2026-04-23,,股東常會
3058,2018-04-20,2018-04-25,股東常會
3058,2019-04-12,2019-04-17,股東常會
3058,2019-08-01,2019-08-06,除息
3058,2020-04-17,2020-04-22,股東常會
3058,2020-07-30,2020-08-04,除息
3058,2021-04-16,2021-04-21,股東常會
3058,2021-07-28,2021-08-02,除息
3058,2022-04-18,,股東常會
3058,2023-04-14,,股東常會
3058,2024-01-29,,現金增資
3058,2024-04-15,,股東常會
3058,2025-01-02,,其他
3058,2025-04-14,,股東常會
3058,2025-11-25,,其他
3058,2026-04-17,,股東常會
3059,2018-04-09,2018-04-12,股東常會
3059,2018-08-13,2018-08-16,除息
3059,2019-04-03,2019-04-10,股東常會
3059,2019-09-10,2019-09-16,除息
3059,2020-04-06,2020-04-09,股東常會
3059,2020-09-10,2020-09-15,除息
3059,2021-04-09,2021-04-14,股東常會
3059,2021-09-23,2021-09-28,除息
3059,2022-04-11,2022-04-14,股東常會
3059,2022-09-15,2022-09-20,除息
3059,2023-04-14,2023-04-19,股東常會
3059,2023-09-13,2023-09-18,除息
3059,2024-04-03,2024-04-10,股東常會
3059,2024-09-12,2024-09-18,除息
3059,2024-11-28,2024-12-03,現金增資
3059,2025-04-11,2025-04-16,股東常會
3059,2025-08-29,2025-09-03,除息
3059,2026-04-17,2026-04-22,股東常會
3059,2026-09-03,2026-09-08,除息
3060,2018-04-09,2018-04-12,股東常會
3060,2018-06-29,2018-07-04,除息
3060,2019-04-12,2019-04-17,股東常會
3060,2020-04-01,2020-04-08,股東常會
3060,2021-04-01,2021-04-08,股東常會
3060,2022-04-08,2022-04-13,股東常會
3060,2022-07-04,2022-07-07,除息
3060,2023-04-07,2023-04-12,股東常會
3060,2023-07-27,2023-08-01,除息
3060,2024-04-12,2024-04-17,股東常會
3060,2024-07-05,2024-07-10,除息
3060,2025-04-18,2025-04-23,股東常會
3060,2025-07-10,2025-07-15,除息
3060,2026-04-10,2026-04-15,股東常會
3060,2026-07-03,2026-07-08,除息
3062,2018-04-16,2018-04-19,股東常會
3062,2018-08-01,2018-08-06,除息
3062,2019-04-15,2019-04-18,股東常會
3062,2019-08-01,2019-08-06,除息
3062,2020-04-17,2020-04-22,股東常會
3062,2020-07-30,2020-08-04,除息
3062,2021-04-19,2021-04-22,股東常會
3062,2021-07-30,2021-08-04,除息
3062,2022-04-18,2022-04-21,股東常會
3062,2022-07-27,2022-08-01,除息
3062,2023-04-21,2023-04-26,股東常會
3062,2024-04-19,2024-04-24,股東常會
3062,2025-03-21,2025-03-26,股東常會
3062,2026-03-20,2026-03-25,股東常會
3090,2018-04-13,2018-04-18,股東常會
3090,2018-07-25,2018-07-30,除權息
3090,2019-04-12,2019-04-17,股東常會
3090,2019-07-02,2019-07-05,除息
3090,2020-04-16,2020-04-21,股東常會
3090,2020-07-06,2020-07-09,除息
3090,2021-04-16,2021-04-21,股東常會
3090,2021-08-03,2021-08-06,除息
3090,2022-04-08,2022-04-13,股東常會
3090,2022-06-28,2022-07-01,除息
3090,2023-04-07,2023-04-12,股東常會
3090,2023-06-30,2023-07-05,除息
3090,2024-04-19,2024-04-24,股東常會
3090,2024-06-21,2024-06-26,除息
3090,2025-04-02,2025-04-09,股東常會
3090,2025-06-27,2025-07-02,除息
3090,2026-03-16,2026-03-19,股東常會
3090,2026-06-26,2026-07-01,除息
3092,2018-03-29,2018-04-02,股東常會
3092,2018-07-18,2018-07-23,除權、息
3092,2019-04-02,2019-04-09,股東常會
3092,2019-07-18,2019-07-23,除權、息
3092,2020-03-26,2020-03-31,股東常會
3092,2020-08-25,2020-08-28,除權、息
3092,2021-03-25,2021-03-30,股東常會
3092,2021-06-29,2021-07-02,除息
3092,2022-03-18,2022-03-23,股東常會
3092,2023-02-20,2023-02-23,現金增資
3092,2023-03-24,2023-03-29,股東常會
3092,2023-08-02,2023-08-07,除權息
3092,2024-03-27,2024-04-01,股東常會
3092,2024-12-06,2024-12-11,其他
3092,2025-03-21,2025-03-26,股東常會
3092,2026-03-20,2026-03-25,股東常會
3094,2018-03-22,2018-03-27,股東常會
3094,2018-06-14,2018-06-20,除息
3094,2019-04-03,2019-04-10,股東常會
3094,2019-07-04,2019-07-09,除息
3094,2020-04-01,2020-04-08,股東常會
3094,2020-08-06,2020-08-11,除息
3094,2021-03-30,2021-04-06,股東常會
3094,2021-07-23,2021-07-28,除息
3094,2022-04-22,2022-04-27,股東常會
3094,2022-07-21,2022-07-26,除息
3094,2023-03-24,2023-03-29,股東常會
3094,2023-06-13,2023-06-16,除息
3094,2024-03-22,2024-03-27,股東常會
3094,2024-06-13,2024-06-18,除息
3094,2025-03-21,2025-03-26,股東常會
3094,2025-06-13,2025-06-18,除息
3094,2026-03-20,2026-03-25,股東常會
3094,2026-06-15,2026-06-18,除息
3130,2018-03-26,2018-03-29,股東常會
3130,2018-07-05,2018-07-10,除息
3130,2019-03-22,2019-03-27,股東常會
3130,2019-07-02,2019-07-05,除息
3130,2020-03-20,2020-03-25,股東常會
3130,2020-07-01,2020-07-06,除息
3130,2021-03-19,2021-03-24,股東常會
3130,2021-08-10,2021-08-13,除息
3130,2022-03-18,2022-03-23,股東常會
3130,2022-07-08,2022-07-13,除息
3130,2023-03-17,2023-03-22,股東常會
3130,2023-07-07,2023-07-12,除息
3130,2024-03-22,2024-03-27,股東常會
3130,2024-07-03,2024-07-08,除息
3130,2025-03-21,2025-03-26,股東常會
3130,2025-07-04,2025-07-09,除息
3130,2026-03-20,2026-03-25,股東常會
3130,2026-07-08,2026-07-13,除息
3135,2026-08-26,2026-08-31,除權息
3138,2022-01-07,2022-01-12,現金增資
3138,2022-04-21,2022-04-26,現金增資
3138,2022-08-04,2022-08-09,除息
3138,2023-04-21,2023-04-26,股東常會
3138,2023-12-04,2023-12-07,現金增資
3138,2024-04-19,2024-04-24,股東常會
3138,2024-07-10,2024-07-15,除息
3138,2025-03-21,2025-03-26,股東常會
3138,2025-06-18,2025-06-23,除息
3138,2026-04-17,2026-04-22,股東常會
3138,2026-07-16,2026-07-21,除息
3149,2018-03-08,,股東常會
3149,2019-04-18,,股東常會
3149,2020-04-10,,股東常會
3149,2021-04-09,,股東常會
3149,2022-04-18,,現金增資
3149,2023-04-14,,股東常會
3149,2023-10-06,,減資
3149,2024-03-21,,股東常會
3149,2024-05-22,,現金增資
3149,2025-03-14,2025-03-19,現金增資
3149,2025-04-11,2025-04-16,股東常會
3149,2026-03-26,2026-03-31,股東常會
3149,2026-07-13,2026-07-16,現金增資
3150,2025-06-13,2025-06-18,除息
3150,2026-04-17,2026-04-22,股東常會
3150,2026-07-08,2026-07-13,除息
3164,2018-04-20,2018-04-25,股東常會
3164,2019-04-22,2019-04-25,股東常會
3164,2019-07-16,2019-07-19,除息
3164,2020-04-23,2020-04-28,股東常會
3164,2020-07-30,2020-08-04,除息
3164,2021-03-22,2021-03-25,股東常會
3164,2021-08-20,2021-08-25,除息
3164,2022-03-21,2022-03-24,股東常會
3164,2022-06-20,2022-06-23,除息
3164,2023-03-24,2023-03-29,股東常會
3164,2023-06-20,2023-06-27,除息
3164,2024-03-22,2024-03-27,股東常會
3164,2024-06-11,2024-06-14,除息
3164,2025-03-21,2025-03-26,除息
3164,2026-03-31,2026-04-07,除息
3167,2018-03-26,2018-03-29,股東常會
3167,2018-08-21,2018-08-24,除息
3167,2019-03-22,2019-03-27,股東常會
3167,2019-06-10,2019-06-13,除息
3167,2020-03-20,2020-03-25,股東常會
3167,2020-06-10,2020-06-15,除息
3167,2021-03-19,2021-03-24,股東常會
3167,2021-06-03,2021-06-08,除息
3167,2022-03-17,2022-03-22,股東常會
3167,2022-07-27,2022-08-01,除息
3167,2023-03-24,2023-03-29,股東常會
3167,2023-08-31,2023-09-05,除權息
3167,2024-03-22,2024-03-27,股東常會
3167,2024-07-05,2024-07-10,除息
3167,2025-03-21,2025-03-26,股東常會
3167,2025-08-22,2025-08-27,除息
3167,2026-03-06,2026-03-11,股東常會
3167,2026-07-03,2026-07-08,除息
3168,2025-03-17,2025-03-20,股東常會
3168,2025-06-12,2025-06-17,除息
3168,2026-03-13,2026-03-18,股東常會
3168,2026-06-11,2026-06-16,除息
3189,2018-03-23,2018-03-28,股東常會
3189,2018-08-08,2018-08-13,除息
3189,2019-03-22,2019-03-27,股東常會
3189,2019-08-15,2019-08-20,除息
3189,2020-03-20,2020-03-25,股東常會
3189,2020-08-17,2020-08-20,除息
3189,2021-03-22,2021-03-25,股東常會
3189,2021-08-13,2021-08-18,除息
3189,2022-03-21,2022-03-24,股東常會
3189,2022-07-22,2022-07-27,除息
3189,2023-03-24,2023-03-29,股東常會
3189,2023-07-07,2023-07-12,除息
3189,2024-03-22,2024-03-27,股東常會
3189,2024-06-28,2024-07-03,除息
3189,2025-03-21,2025-03-26,股東常會
3189,2025-06-27,2025-07-02,除息
3189,2026-01-20,2026-01-23,現金增資
3189,2026-03-20,2026-03-25,股東常會
3189,2026-06-26,2026-07-01,除息
3209,2018-04-13,2018-04-18,股東常會
3209,2018-08-01,2018-08-06,除權息
3209,2019-04-12,2019-04-17,股東常會
3209,2019-07-26,2019-07-31,除權息
3209,2020-04-10,2020-04-15,股東常會
3209,2020-07-21,2020-07-24,除息
3209,2021-04-16,2021-04-21,股東常會
3209,2021-08-30,2021-09-02,除權息
3209,2022-04-15,2022-04-20,股東常會
3209,2022-07-15,2022-07-20,除權息
3209,2023-04-14,2023-04-19,股東常會
3209,2023-07-28,2023-08-02,除息
3209,2024-04-12,2024-04-17,股東常會
3209,2024-07-26,2024-07-31,除息
3209,2025-04-11,2025-04-16,股東常會
3209,2025-08-06,2025-08-11,除息
3209,2026-04-02,2026-04-09,股東常會
3209,2026-08-25,2026-08-28,除權息
3229,2018-04-16,,股東常會
3229,2019-04-19,,股東常會
3229,2020-04-10,,股東常會
3229,2021-04-16,,股東常會
3229,2021-12-23,,減資
3229,2022-03-25,,股東常會
3229,2023-04-21,,股東常會
3229,2024-04-18,,股東常會
3229,2025-03-21,,股東常會
3229,2026-03-23,,股東常會
3231,2018-04-03,2018-04-11,股東常會
3231,2018-07-26,2018-07-31,除權息
3231,2019-04-03,2019-04-10,股東常會
3231,2019-07-16,2019-07-19,除息
3231,2020-04-10,2020-04-15,股東常會
3231,2020-07-01,2020-07-06,除息
3231,2021-04-09,2021-04-14,股東常會
3231,2021-07-15,2021-07-20,除息
3231,2022-04-11,2022-04-14,股東常會
3231,2022-06-30,2022-07-05,除息
3231,2023-04-07,2023-04-12,股東常會
3231,2023-06-29,2023-07-04,除息
3231,2023-11-22,2023-11-27,其他
3231,2024-03-22,2024-03-27,股東常會
3231,2024-06-19,2024-06-24,除息
3231,2025-03-10,2025-03-13,股東常會
3231,2025-05-27,2025-06-02,除息
3231,2026-03-23,2026-03-26,股東常會
3231,2026-07-02,2026-07-07,除息
3257,2018-04-20,2018-04-25,股東常會
3257,2018-08-24,2018-08-29,除息
3257,2019-04-12,2019-04-17,股東常會
3257,2019-08-14,2019-08-19,除息
3257,2020-04-13,2020-04-16,股東常會
3257,2020-07-15,2020-07-20,除權息
3257,2021-03-22,2021-03-25,股東常會
3257,2021-07-26,2021-07-29,除權息
3257,2022-03-21,2022-03-24,股東常會
3257,2022-05-23,2022-05-26,除息
3257,2023-04-20,2023-04-25,股東常會
3257,2024-03-27,2024-04-01,股東常會
3257,2025-03-26,2025-03-31,除息
3257,2026-03-16,2026-03-19,股東常會
3257,2026-05-18,2026-05-21,除息
3266,2018-04-09,2018-04-12,股東常會
3266,2019-04-15,2019-04-18,股東常會
3266,2019-08-20,2019-08-23,除息
3266,2020-04-01,2020-04-08,股東常會
3266,2020-07-03,2020-07-08,除息
3266,2021-04-12,2021-04-15,股東常會
3266,2022-03-30,2022-04-06,股東常會
3266,2023-03-28,2023-03-31,股東常會
3266,2023-07-20,2023-07-25,除息
3266,2024-03-25,2024-03-28,股東常會
3266,2024-07-18,2024-07-23,除息
3266,2025-03-21,2025-03-26,股東常會
3266,2025-07-17,2025-07-22,除息
3266,2026-03-23,2026-03-26,股東常會
3266,2026-07-16,2026-07-21,除息
3296,2018-04-03,2018-04-11,股東常會
3296,2019-04-02,2019-04-09,股東常會
3296,2019-06-28,2019-07-03,除息
3296,2020-04-01,2020-04-08,股東常會
3296,2020-07-06,2020-07-09,除息
3296,2021-03-31,2021-04-07,股東常會
3296,2021-08-12,2021-08-17,除息
3296,2022-04-08,2022-04-13,股東常會
3296,2023-04-07,2023-04-12,股東常會
3296,2024-03-28,2024-04-02,股東常會
3296,2025-03-21,2025-03-26,股東常會
3296,2026-03-19,2026-03-24,股東常會
3305,2018-03-28,2018-03-31,股東常會
3305,2018-06-22,2018-06-27,除息
3305,2019-04-12,2019-04-17,股東常會
3305,2019-07-10,2019-07-15,除息
3305,2020-04-01,2020-04-08,股東常會
3305,2020-06-24,2020-07-01,除息
3305,2021-03-31,2021-04-07,股東常會
3305,2021-08-06,2021-08-11,除息
3305,2022-04-08,2022-04-13,股東常會
3305,2022-07-01,2022-07-06,除息
3305,2023-04-07,2023-04-12,股東常會
3305,2023-06-30,2023-07-05,除息
3305,2024-04-03,2024-04-10,股東常會
3305,2024-07-05,2024-07-10,除息
3305,2025-04-02,2025-04-09,股東常會
3305,2025-07-08,2025-07-11,除息
3305,2026-04-01,2026-04-08,股東常會
3305,2026-07-09,2026-07-14,除息
3308,2018-04-20,2018-04-25,股東常會
3308,2019-04-19,,股東常會
3308,2020-04-17,,股東常會
3308,2021-04-09,,股東常會
3308,2021-12-23,,減資
3308,2022-04-22,,股東常會
3308,2023-04-14,,股東常會
3308,2023-11-27,2023-11-30,減資
3308,2024-03-15,2024-03-20,減資
3308,2024-04-22,2024-04-25,股東常會
3308,2025-04-21,2025-04-24,股東常會
3308,2026-04-17,2026-04-22,股東常會
3311,2018-04-03,2018-04-11,股東常會
3311,2019-04-03,2019-04-10,股東常會
3311,2019-09-05,2019-09-10,減資
3311,2020-04-10,2020-04-15,股東常會
3311,2021-04-09,2021-04-14,股東常會
3311,2022-03-31,2022-04-07,股東常會
3311,2022-07-25,2022-07-28,除息
3311,2023-04-07,2023-04-12,股東常會
3311,2023-07-12,2023-07-17,除息
3311,2024-03-27,2024-04-01,股東常會
3311,2024-07-04,2024-07-09,除息
3311,2025-04-11,2025-04-16,股東常會
3311,2025-06-13,2025-06-18,現金增資
3311,2025-06-27,2025-07-02,除息
3311,2026-03-23,2026-03-26,股東常會
3311,2026-06-26,2026-07-01,除息
3312,2018-02-05,,減資
3312,2018-04-13,2018-04-18,股東常會
3312,2018-09-17,2018-09-20,除權
3312,2019-04-11,2019-04-16,股東常會
3312,2019-08-21,2019-08-26,除權息
3312,2020-04-17,2020-04-22,股東常會
3312,2020-08-21,2020-08-26,除權息
3312,2021-04-19,2021-04-22,股東常會
3312,2021-08-20,2021-08-25,除權
3312,2022-04-15,2022-04-20,股東常會
3312,2022-07-12,2022-07-15,現金增資
3312,2023-04-13,2023-04-18,股東常會
3312,2023-08-18,2023-08-23,除息
3312,2024-04-19,2024-04-24,股東常會
3312,2024-08-30,2024-09-04,除息
3312,2025-04-18,2025-04-23,股東常會
3312,2025-07-24,2025-07-29,除息
3312,2025-09-23,2025-09-26,現金增資
3312,2026-04-10,2026-04-15,股東常會
3312,2026-09-02,2026-09-07,除息
3321,2018-04-03,2018-04-11,股東常會
3321,2018-11-23,,現金增資
3321,2019-03-27,,股東常會
3321,2019-11-01,,減資
3321,2019-11-29,,現金增資
3321,2020-04-23,,股東常會
3321,2020-11-18,,現金增資
3321,2021-03-19,,股東常會
3321,2022-04-11,,股東常會
3321,2023-03-17,,股東常會
3321,2023-08-18,,減資
3321,2023-11-22,,現金增資
3321,2024-04-19,,股東常會
3321,2025-03-14,,股東常會
3321,2025-09-02,,減資
3321,2025-12-01,,現金增資
3321,2026-04-17,,股東常會
3338,2018-04-13,2018-04-18,股東常會
3338,2018-07-16,2018-07-19,除息
3338,2018-07-23,2018-07-26,現金增資
3338,2019-03-27,2019-04-01,股東常會
3338,2019-06-28,2019-07-03,除息
3338,2020-03-26,2020-03-31,股東常會
3338,2020-07-01,2020-07-06,除息
3338,2021-03-19,2021-03-24,股東常會
3338,2021-07-27,2021-07-30,除息
3338,2022-03-14,2022-03-17,股東常會
3338,2022-06-14,2022-06-17,除息
3338,2023-03-24,2023-03-29,股東常會
3338,2023-06-19,2023-06-26,除息
3338,2024-03-18,2024-03-21,股東常會
3338,2024-06-14,2024-06-19,除息
3338,2025-03-14,2025-03-19,股東常會
3338,2025-06-26,2025-07-01,除息
3338,2026-03-20,2026-03-25,股東常會
3338,2026-06-18,2026-06-24,除息
3346,2018-04-20,2018-04-25,股東常會
3346,2018-08-22,2018-08-27,除息
3346,2019-02-20,2019-02-25,現金增資
3346,2019-04-22,2019-04-25,股東常會
3346,2019-08-29,2019-09-03,除息
3346,2020-04-23,2020-04-28,股東常會
3346,2021-01-27,2021-02-01,現金增資
3346,2021-04-22,2021-04-27,股東常會
3346,2021-10-18,2021-10-21,除息
3346,2022-03-08,2022-03-11,現金增資
3346,2022-04-21,2022-04-26,股東常會
3346,2022-09-02,2022-09-07,除息
3346,2023-04-21,2023-04-26,股東常會
3346,2023-08-30,2023-09-04,除息
3346,2024-03-15,2024-03-20,股東常會
3346,2024-08-29,2024-09-03,除息
3346,2024-11-29,2024-12-04,現金增資
3346,2025-03-21,2025-03-26,股東常會
3346,2025-08-28,2025-09-02,除息
3346,2026-04-16,2026-04-21,股東常會
3346,2026-08-27,2026-09-01,除息
3356,2018-03-28,2018-03-31,股東常會
3356,2019-03-27,2019-04-01,股東常會
3356,2020-04-01,2020-04-08,股東常會
3356,2021-04-12,2021-04-15,股東常會
3356,2021-07-21,2021-07-26,除息
3356,2022-03-18,2022-03-23,股東常會
3356,2022-09-28,2022-10-03,除息
3356,2023-03-24,2023-03-29,股東常會
3356,2023-09-27,2023-10-03,除息
3356,2024-03-22,2024-03-27,股東常會
3356,2024-10-25,2024-10-30,減資
3356,2025-03-21,2025-03-26,股東常會
3356,2025-09-26,2025-10-02,除息
3356,2026-03-23,2026-03-26,股東常會
3356,2026-05-29,2026-06-03,除息
3356,2026-09-04,2026-09-09,減資
3376,2018-04-13,2018-04-18,股東常會
3376,2018-08-10,2018-08-15,除息
3376,2019-04-12,2019-04-17,股東常會
3376,2019-08-09,2019-08-14,除息
3376,2020-04-10,2020-04-15,股東常會
3376,2020-07-07,2020-07-10,現金增資
3376,2021-04-09,2021-04-14,股東常會
3376,2021-07-26,2021-07-29,除息
3376,2022-04-08,2022-04-13,股東常會
3376,2022-07-08,2022-07-13,除息
3376,2023-03-28,2023-03-31,股東常會
3376,2023-07-21,2023-07-26,除息
3376,2024-04-12,2024-04-17,股東常會
3376,2024-07-24,2024-07-29,現金增資
3376,2025-04-02,2025-04-09,股東常會
3376,2025-07-31,2025-08-05,除息
3376,2026-04-01,2026-04-08,股東常會
3376,2026-07-31,2026-08-05,除息
3380,2018-04-09,2018-04-12,股東常會
3380,2018-07-17,2018-07-20,除息
3380,2019-04-08,2019-04-11,股東常會
3380,2019-07-16,2019-07-19,除息
3380,2020-04-06,2020-04-09,股東常會
3380,2020-07-23,2020-07-28,除息
3380,2021-04-12,2021-04-15,股東常會
3380,2021-08-23,2021-08-26,除息
3380,2022-03-25,2022-03-30,股東常會
3380,2022-07-12,2022-07-15,除息
3380,2023-03-24,2023-03-29,股東常會
3380,2023-07-11,2023-07-14,除息
3380,2024-03-25,2024-03-28,股東常會
3380,2024-07-08,2024-07-11,除息
3380,2025-03-21,2025-03-26,股東常會
3380,2025-07-11,2025-07-16,除息
3380,2026-03-20,2026-03-25,股東常會
3380,2026-07-10,2026-07-15,除息
3406,2018-04-20,2018-04-25,股東常會
3406,2018-07-06,2018-07-11,除息
3406,2019-04-19,2019-04-24,股東常會
3406,2019-07-19,2019-07-24,除息
3406,2019-10-29,2019-11-01,現金增資
3406,2020-04-09,2020-04-14,股東常會
3406,2020-07-16,2020-07-21,除息
3406,2021-04-16,2021-04-21,股東常會
3406,2021-07-23,2021-07-28,除息
3406,2022-04-11,2022-04-14,股東常會
3406,2022-07-21,2022-07-26,除息
3406,2023-04-07,2023-04-12,股東常會
3406,2023-07-21,2023-07-26,除息
3406,2024-04-12,2024-04-17,股東常會
3406,2024-07-12,2024-07-17,除息
3406,2025-04-11,2025-04-16,股東常會
3406,2025-07-10,2025-07-15,除息
3406,2026-03-23,2026-03-26,股東常會
3406,2026-06-02,2026-06-05,除息
3413,2018-03-23,2018-03-28,股東常會
3413,2018-07-18,2018-07-23,除權息
3413,2019-03-22,2019-03-27,股東常會
3413,2019-07-16,2019-07-19,除息
3413,2020-03-20,2020-03-25,股東常會
3413,2020-07-13,2020-07-16,除息
3413,2021-03-19,2021-03-24,股東常會
3413,2021-08-19,2021-08-24,除息
3413,2022-03-21,2022-03-24,股東常會
3413,2022-06-22,2022-06-27,除息
3413,2023-03-24,2023-03-29,股東常會
3413,2023-06-27,2023-06-30,除息
3413,2024-03-21,2024-03-26,股東常會
3413,2024-06-19,2024-06-24,除息
3413,2025-03-21,2025-03-26,股東常會
3413,2025-06-16,2025-06-19,除息
3413,2026-03-20,2026-03-25,股東常會
3413,2026-05-21,2026-05-26,除息
3416,2018-03-23,2018-03-28,股東常會
3416,2018-07-19,2018-07-24,除息
3416,2019-03-18,2019-03-21,股東常會
3416,2019-06-18,2019-06-21,除息
3416,2020-03-20,2020-03-25,股東常會
3416,2020-06-09,2020-06-12,除息
3416,2021-03-22,2021-03-25,股東常會
3416,2021-07-16,2021-07-21,除息
3416,2022-03-21,2022-03-24,股東常會
3416,2022-06-21,2022-06-24,除息
3416,2023-03-24,2023-03-29,股東常會
3416,2023-06-26,2023-06-29,除息
3416,2024-03-22,2024-03-27,股東常會
3416,2024-06-24,2024-06-27,除息
3416,2025-03-21,2025-03-26,股東常會
3416,2025-06-24,2025-06-27,除息
3416,2026-03-13,2026-03-18,股東常會
3416,2026-06-24,2026-06-29,除息
3416,2026-08-26,2026-08-31,除權
3419,2018-04-13,2018-04-18,股東常會
3419,2019-04-12,2019-04-17,股東常會
3419,2020-04-13,2020-04-16,股東常會
3419,2021-04-09,2021-04-14,股東常會
3419,2021-08-20,2021-08-25,除息
3419,2022-04-21,2022-04-26,股東常會
3419,2023-04-13,2023-04-18,股東常會
3419,2023-08-18,2023-08-23,除息
3419,2024-04-19,2024-04-24,股東常會
3419,2025-04-18,,股東常會
3419,2026-04-17,,股東常會
3432,2018-04-23,2018-04-26,股東常會
3432,2018-07-13,2018-07-18,除息
3432,2019-04-02,2019-04-09,股東常會
3432,2019-09-10,2019-09-16,除息
3432,2020-04-09,2020-04-14,股東常會
3432,2020-09-17,2020-09-22,除息
3432,2021-04-09,2021-04-14,股東常會
3432,2021-09-30,2021-10-05,除息
3432,2022-04-21,2022-04-26,股東常會
3432,2022-07-25,2022-07-28,除息
3432,2023-04-21,,股東常會
3432,2024-01-05,,減資
3432,2024-04-19,,股東常會
3432,2025-04-18,,股東常會
3432,2026-04-17,,股東常會
3437,2018-04-16,2018-04-19,股東常會
3437,2018-08-22,2018-08-27,除息
3437,2019-04-19,2019-04-24,股東常會
3437,2020-04-13,2020-04-16,股東常會
3437,2021-04-22,2021-04-27,股東常會
3437,2022-04-22,2022-04-27,股東常會
3437,2022-09-07,2022-09-13,除息
3437,2023-04-21,2023-04-26,股東常會
3437,2024-04-19,2024-04-24,股東常會
3437,2025-04-11,2025-04-16,股東常會
3437,2026-04-17,2026-04-22,股東常會
3443,2018-03-09,2018-03-14,股東常會
3443,2018-05-28,2018-05-31,除息
3443,2019-03-08,2019-03-13,股東常會
3443,2019-05-28,2019-05-31,除息
3443,2020-03-06,2020-03-11,股東常會
3443,2020-05-26,2020-05-29,除息
3443,2021-03-12,2021-03-17,股東常會
3443,2021-05-28,2021-06-02,除息
3443,2022-03-11,2022-03-16,股東常會
3443,2022-05-27,2022-06-01,除息
3443,2023-03-10,2023-03-15,股東常會
3443,2023-05-29,2023-06-01,除息
3443,2024-03-08,2024-03-13,股東常會
3443,2024-05-28,2024-05-31,除息
3443,2025-03-07,2025-03-12,股東常會
3443,2025-05-27,2025-06-02,除息
3443,2026-03-13,2026-03-18,股東常會
3443,2026-06-02,2026-06-05,除息
3447,2023-07-25,2023-07-28,除息
3447,2024-03-22,2024-03-27,股東常會
3447,2025-03-21,2025-03-26,股東常會
3447,2025-06-18,2025-06-23,除息
3447,2026-03-13,2026-03-18,股東常會
3447,2026-06-15,2026-06-18,除息
3450,2018-04-16,2018-04-19,股東常會
3450,2018-07-18,2018-07-23,除權息
3450,2019-03-27,2019-04-01,股東常會
3450,2019-07-10,2019-07-15,除息
3450,2020-04-01,2020-04-08,股東常會
3450,2020-07-08,2020-07-13,除息
3450,2021-04-09,2021-04-14,股東常會
3450,2021-08-11,2021-08-16,除息
3450,2022-04-22,2022-04-27,股東常會
3450,2022-07-12,2022-07-15,除息
3450,2023-03-28,2023-03-31,股東常會
3450,2023-06-16,2023-06-21,除息
3450,2024-03-28,2024-04-02,股東常會
3450,2025-03-21,2025-03-26,股東常會
3450,2025-06-17,2025-06-20,除息
3450,2026-03-23,2026-03-26,股東常會
3450,2026-06-11,2026-06-16,除息
3481,2018-04-13,2018-04-18,股東常會
3481,2018-07-05,2018-07-10,除息
3481,2019-04-12,2019-04-17,股東常會
3481,2019-07-08,2019-07-11,除息
3481,2020-04-13,2020-04-16,股東常會
3481,2020-07-13,2020-07-16,除息
3481,2021-04-16,2021-04-21,股東常會
3481,2021-07-21,2021-07-26,除息
3481,2022-04-18,2022-04-21,股東常會
3481,2022-07-05,2022-07-08,除息
3481,2022-09-23,2022-09-28,減資
3481,2023-03-24,2023-03-29,股東常會
3481,2023-08-11,2023-08-16,減資
3481,2024-03-25,2024-03-28,股東常會
3481,2024-08-09,2024-08-14,減資
3481,2025-02-27,2025-03-05,股東常會
3481,2025-05-16,2025-05-21,除息
3481,2026-03-20,2026-03-25,股東常會
3481,2026-06-05,2026-06-10,除息
3494,2018-04-20,2018-04-25,股東常會
3494,2019-04-19,,股東常會
3494,2020-04-23,,股東常會
3494,2021-04-22,,股東常會
3494,2021-11-12,,減資
3494,2022-04-22,,股東常會
3494,2023-04-13,,股東常會
3494,2024-04-12,,股東常會
3494,2024-11-08,,減資
3494,2025-04-14,,股東常會
3494,2026-04-17,,股東常會
3501,2018-04-02,2018-04-10,股東常會
3501,2018-07-20,2018-07-25,除息
3501,2019-04-08,2019-04-11,股東常會
3501,2019-07-25,2019-07-30,除息
3501,2020-04-17,2020-04-22,股東常會
3501,2020-07-27,2020-07-30,除息
3501,2021-04-19,2021-04-22,股東常會
3501,2021-07-27,2021-07-30,除息
3501,2022-04-18,2022-04-21,股東常會
3501,2022-07-26,2022-07-29,除息
3501,2023-04-07,2023-04-12,股東常會
3501,2023-07-19,2023-07-24,除息
3501,2024-04-19,2024-04-24,股東常會
3501,2024-07-17,2024-07-22,除息
3501,2025-04-18,2025-04-23,股東常會
3501,2025-07-25,2025-07-30,除息
3501,2026-04-17,2026-04-22,股東常會
3501,2026-07-28,2026-07-31,除息
3504,2018-04-03,2018-04-11,股東常會
3504,2019-04-03,2019-04-10,股東常會
3504,2019-07-16,2019-07-19,除息
3504,2020-04-06,2020-04-09,股東常會
3504,2021-03-31,2021-04-07,股東常會
3504,2022-04-11,2022-04-14,股東常會
3504,2023-04-10,2023-04-13,股東常會
3504,2024-04-12,2024-04-17,股東常會
3504,2025-04-11,2025-04-16,股東常會
3504,2026-04-01,2026-04-08,股東常會
3515,2018-03-27,2018-03-30,股東常會
3515,2018-08-15,2018-08-20,除息
3515,2019-04-03,2019-04-10,股東常會
3515,2019-06-21,2019-06-26,除息
3515,2020-03-23,2020-03-26,股東常會
3515,2020-07-17,2020-07-22,除息
3515,2021-03-19,2021-03-24,股東常會
3515,2021-06-24,2021-06-29,除息
3515,2022-03-18,2022-03-23,股東常會
3515,2022-07-08,2022-07-13,除息
3515,2023-03-17,2023-03-22,股東常會
3515,2023-06-14,2023-06-19,除息
3515,2024-03-22,2024-03-27,股東常會
3515,2024-06-13,2024-06-18,除息
3515,2025-03-21,2025-03-26,股東常會
3515,2025-06-20,2025-06-25,除息
3515,2026-03-20,2026-03-25,股東常會
3515,2026-06-25,2026-06-30,除息
3518,2018-04-13,2018-04-18,股東常會
3518,2019-04-18,2019-04-23,股東常會
3518,2020-04-10,2020-04-15,股東常會
3518,2021-04-09,2021-04-14,股東常會
3518,2022-03-30,2022-04-06,股東常會
3518,2022-06-17,2022-06-22,除息
3518,2023-04-07,2023-04-12,股東常會
3518,2023-06-26,2023-06-29,除息
3518,2024-04-12,2024-04-17,股東常會
3518,2024-06-13,2024-06-18,現金增資
3518,2025-04-02,2025-04-09,股東常會
3518,2026-04-01,2026-04-08,股東常會
3528,2018-03-28,2018-03-31,股東常會
3528,2018-06-29,2018-07-04,除權息
3528,2019-04-18,2019-04-23,股東常會
3528,2019-08-21,2019-08-26,除息
3528,2020-04-01,2020-04-08,股東常會
3528,2020-06-22,2020-06-29,除息
3528,2021-03-25,2021-03-30,股東常會
3528,2021-06-25,2021-06-30,除息
3528,2022-03-18,2022-03-23,股東常會
3528,2022-06-17,2022-06-22,除息
3528,2023-03-24,2023-03-29,股東常會
3528,2023-06-21,2023-06-28,除息
3528,2024-03-25,2024-03-28,股東常會
3528,2024-07-17,2024-07-22,除息
3528,2025-03-21,2025-03-26,股東常會
3528,2025-08-26,2025-08-29,除息
3528,2026-03-20,2026-03-25,股東常會
3528,2026-08-21,2026-08-26,除息
3530,2019-04-12,2019-04-17,股東常會
3530,2019-06-28,2019-07-03,除息
3530,2020-04-10,2020-04-15,股東常會
3530,2020-07-10,2020-07-15,除息
3530,2021-04-09,2021-04-14,股東常會
3530,2021-07-19,2021-07-22,除息
3530,2022-04-15,2022-04-20,股東常會
3530,2022-07-08,2022-07-13,除息
3530,2023-04-10,2023-04-13,股東常會
3530,2024-04-12,2024-04-17,股東常會
3530,2025-04-11,2025-04-16,股東常會
3530,2026-03-19,2026-03-24,股東常會
3530,2026-06-17,2026-06-23,除息
3532,2018-09-07,2018-09-12,減資
3532,2019-04-03,2019-04-10,股東常會
3532,2019-07-04,2019-07-09,除息
3532,2020-04-01,2020-04-08,股東常會
3532,2020-07-02,2020-07-07,除息
3532,2021-04-09,2021-04-14,股東常會
3532,2021-07-23,2021-07-28,除息
3532,2022-04-11,2022-04-14,股東常會
3532,2022-07-07,2022-07-12,除息
3532,2023-04-07,2023-04-12,股東常會
3532,2023-07-05,2023-07-10,除息
3532,2024-04-19,2024-04-24,股東常會
3532,2024-07-18,2024-07-23,除息
3532,2025-03-27,2025-04-01,股東常會
3532,2025-07-02,2025-07-07,除息
3532,2026-04-01,2026-04-08,股東常會
3532,2026-07-08,2026-07-13,除息
3533,2018-04-03,2018-04-11,股東常會
3533,2018-07-25,2018-07-30,除息
3533,2018-11-20,2018-11-23,現金增資
3533,2019-04-08,2019-04-11,股東常會
3533,2019-07-25,2019-07-30,除息
3533,2020-04-13,2020-04-16,股東常會
3533,2020-07-24,2020-07-29,除息
3533,2021-04-16,2021-04-21,股東常會
3533,2021-08-20,2021-08-25,現金增資
3533,2022-04-11,2022-04-14,股東常會
3533,2022-07-28,2022-08-02,除息
3533,2023-03-06,2023-03-09,現金增資
3533,2023-04-10,2023-04-13,股東常會
3533,2023-07-28,2023-08-02,除息
3533,2024-04-03,2024-04-10,股東常會
3533,2024-08-22,2024-08-27,除息
3533,2025-04-07,2025-04-10,股東常會
3533,2025-07-25,2025-07-30,除息
3533,2026-04-02,2026-04-09,股東常會
3533,2026-07-29,2026-08-03,除息
3535,2018-03-26,2018-03-29,股東常會
3535,2019-04-03,2019-04-10,股東常會
3535,2020-04-01,2020-04-08,股東常會
3535,2020-08-19,2020-08-24,除息
3535,2021-04-16,2021-04-21,股東常會
3535,2022-04-18,2022-04-21,股東常會
3535,2022-08-17,2022-08-22,除息
3535,2023-03-23,2023-03-28,股東常會
3535,2023-07-20,2023-07-25,除息
3535,2024-03-25,2024-03-28,股東常會
3535,2025-03-21,2025-03-26,股東常會
3535,2025-08-11,2025-08-14,除息
3535,2026-03-23,2026-03-26,股東常會
3543,2021-04-09,2021-04-14,股東常會
3543,2021-07-27,2021-07-30,除息
3543,2022-03-21,2022-03-24,股東常會
3543,2022-06-08,2022-06-13,除息
3543,2023-03-20,2023-03-23,股東常會
3543,2023-06-06,2023-06-09,除息
3543,2024-03-18,2024-03-21,股東常會
3543,2024-06-14,2024-06-19,除息
3543,2025-03-07,2025-03-12,股東常會
3543,2025-05-26,2025-05-29,除息
3543,2025-12-11,2025-12-16,現金增資
3543,2026-03-13,2026-03-18,股東常會
3543,2026-06-11,2026-06-16,除息
3545,2018-04-09,2018-04-12,股東常會
3545,2018-07-17,2018-07-20,除息
3545,2019-04-12,2019-04-17,股東常會
3545,2019-07-10,2019-07-15,除息
3545,2020-04-14,2020-04-17,股東常會
3545,2020-07-14,2020-07-17,除息
3545,2020-10-08,2020-10-14,減資
3545,2021-04-16,2021-04-21,股東常會
3545,2021-09-09,2021-09-14,除息
3545,2022-03-30,2022-04-06,股東常會
3545,2022-07-22,2022-07-27,除息
3545,2023-03-24,2023-03-29,股東常會
3545,2023-06-27,2023-06-30,除息
3545,2024-03-28,2024-04-02,股東常會
3545,2024-07-05,2024-07-10,除息
3545,2025-03-20,2025-03-25,股東常會
3545,2025-09-02,2025-09-05,除息
3545,2026-03-20,2026-03-25,股東常會
3545,2026-07-29,2026-08-03,除息
3550,2018-04-16,2018-04-19,股東常會
3550,2018-07-10,2018-07-13,除息
3550,2019-04-15,2019-04-18,股東常會
3550,2019-07-12,2019-07-17,除息
3550,2020-04-17,2020-04-22,股東常會
3550,2020-07-16,2020-07-21,除息
3550,2021-04-19,2021-04-22,股東常會
3550,2021-09-08,2021-09-13,除息
3550,2022-04-22,2022-04-27,股東常會
3550,2022-07-13,2022-07-18,除息
3550,2022-08-11,2022-08-16,除權
3550,2023-04-21,2023-04-26,股東常會
3550,2023-07-18,2023-07-21,除息
3550,2024-04-08,2024-04-11,股東常會
3550,2025-04-07,2025-04-10,股東常會
3550,2025-10-20,2025-10-23,現金增資
3550,2026-04-10,2026-04-15,股東常會
3557,2018-03-23,,股東常會
3557,2019-03-22,,股東常會
3557,2020-01-03,,減資
3557,2020-03-20,,股東常會
3557,2020-12-15,2020-12-18,除息
3557,2021-02-04,2021-02-18,股東常會
3557,2021-04-20,2021-04-23,除息
3557,2021-06-21,2021-06-24,現金增資
3557,2021-11-17,2021-11-22,除息
3557,2022-03-25,2022-03-30,除息
3557,2022-11-22,2022-11-25,除息
3557,2023-03-23,2023-03-28,股東常會
3557,2023-06-16,2023-06-21,除息
3557,2024-03-21,2024-03-26,股東常會
3557,2024-06-06,2024-06-12,除息
3557,2025-03-20,2025-03-25,股東常會
3557,2025-06-20,2025-06-25,除權息
3557,2026-03-13,2026-03-18,股東常會
3557,2026-06-30,2026-07-03,除息
3563,2018-03-23,2018-03-28,股東常會
3563,2018-06-21,2018-06-26,除息
3563,2019-03-22,2019-03-27,股東常會
3563,2019-06-20,2019-06-25,除息
3563,2020-03-23,2020-03-26,現金增資
3563,2020-06-09,2020-06-12,除息
3563,2020-10-23,2020-10-28,除息
3563,2021-03-22,2021-03-25,股東常會
3563,2021-07-14,2021-07-19,除息
3563,2021-12-14,2021-12-17,除息
3563,2022-03-18,2022-03-23,股東常會
3563,2022-06-08,2022-06-13,除息
3563,2022-11-16,2022-11-21,除息
3563,2023-03-17,2023-03-22,股東常會
3563,2023-06-01,2023-06-06,除息
3563,2023-11-14,2023-11-17,除息
3563,2024-03-22,2024-03-27,股東常會
3563,2024-06-11,2024-06-14,除息
3563,2024-08-14,2024-08-19,除息
3563,2025-03-21,2025-03-26,股東常會
3563,2025-06-10,2025-06-13,除息
3563,2025-10-29,2025-11-03,除權息
3563,2026-03-19,2026-03-24,股東常會
3563,2026-06-23,2026-06-26,除息
3576,2018-04-13,2018-04-18,股東常會
3576,2019-04-11,,股東常會
3576,2019-11-28,,現金增資
3576,2020-04-16,,股東常會
3576,2021-02-26,,股東常會
3576,2021-07-23,,減資
3576,2021-10-04,,現金增資
3576,2022-04-18,,股東常會
3576,2023-04-21,2023-04-26,股東常會
3576,2023-07-18,2023-07-21,除息
3576,2024-04-15,,股東常會
3576,2025-03-20,,股東常會
3576,2026-03-20,,股東常會
3583,2018-04-02,2018-04-10,股東常會
3583,2018-07-20,2018-07-25,除息
3583,2019-04-08,2019-04-11,股東常會
3583,2019-07-17,2019-07-22,除息
3583,2020-04-01,2020-04-08,股東常會
3583,2020-06-17,2020-06-22,除息
3583,2021-04-01,2021-04-08,股東常會
3583,2021-06-22,2021-06-25,除息
3583,2022-04-08,2022-04-13,股東常會
3583,2022-06-17,2022-06-22,除息
3583,2023-04-07,2023-04-12,股東常會
3583,2023-06-13,2023-06-16,除息
3583,2024-04-08,2024-04-11,股東常會
3583,2024-06-21,2024-06-26,除息
3583,2025-03-17,2025-03-20,股東常會
3583,2025-06-24,2025-06-27,除息
3583,2026-03-26,2026-03-31,股東常會
3583,2026-07-24,2026-07-29,除息
3588,2018-04-20,2018-04-25,股東常會
3588,2018-08-21,2018-08-24,除息
3588,2019-04-19,2019-04-24,股東常會
3588,2019-08-20,2019-08-23,除息
3588,2020-04-17,2020-04-22,股東常會
3588,2020-08-18,2020-08-21,除息
3588,2021-04-22,2021-04-27,股東常會
3588,2021-08-27,2021-09-01,除權息
3588,2022-03-30,2022-04-06,股東常會
3588,2022-07-25,2022-07-28,除權息
3588,2023-04-07,2023-04-12,股東常會
3588,2023-07-07,2023-07-12,除權息
3588,2024-03-22,2024-03-27,股東常會
3588,2024-07-05,2024-07-10,除權息
3588,2025-03-21,2025-03-26,股東常會
3588,2025-07-04,2025-07-09,除權息
3588,2026-03-20,2026-03-25,股東常會
3588,2026-07-03,2026-07-08,除息
3591,2018-04-13,2018-04-18,股東常會
3591,2019-04-12,2019-04-17,股東常會
3591,2019-07-12,2019-07-17,除息
3591,2020-04-10,2020-04-15,股東常會
3591,2020-06-30,2020-07-03,除息
3591,2021-03-19,2021-03-24,股東常會
3591,2021-08-09,2021-08-12,除息
3591,2022-04-15,2022-04-20,股東常會
3591,2022-08-18,2022-08-23,除權息
3591,2023-03-24,2023-03-29,股東常會
3591,2023-07-04,2023-07-07,除息
3591,2024-03-22,2024-03-27,股東常會
3591,2024-06-21,2024-06-26,除息
3591,2025-03-21,2025-03-26,股東常會
3591,2025-06-27,2025-07-02,除息
3591,2026-03-20,2026-03-25,股東常會
3591,2026-09-04,2026-09-09,減資
3592,2023-03-23,2023-03-28,股東常會
3592,2023-06-21,2023-06-28,除息
3592,2024-03-22,2024-03-27,股東常會
3592,2024-06-25,2024-06-28,除息
3592,2025-03-21,2025-03-26,股東常會
3592,2025-06-27,2025-07-02,除息
3592,2026-03-20,2026-03-25,股東常會
3592,2026-06-26,2026-07-01,除息
3593,2018-04-23,,股東常會
3593,2018-10-12,,減資
3593,2019-04-19,,股東常會
3593,2020-04-09,,股東常會
3593,2021-04-12,,股東常會
3593,2022-04-08,,股東常會
3593,2023-04-21,,股東常會
3593,2024-03-15,,股東常會
3593,2025-04-21,,股東常會
3593,2025-12-05,,減資
3593,2026-04-10,,股東常會
3596,2018-04-13,2018-04-18,股東常會
3596,2018-07-09,2018-07-12,除息
3596,2019-04-19,2019-04-24,股東常會
3596,2019-07-29,2019-08-01,除息
3596,2019-10-17,2019-10-22,現金增資
3596,2020-04-10,2020-04-15,股東常會
3596,2020-07-13,2020-07-16,除息
3596,2021-04-09,2021-04-14,除息
3596,2022-04-08,2022-04-13,股東常會
3596,2022-06-28,2022-07-01,除息
3596,2023-04-07,2023-04-12,股東常會
3596,2023-07-07,2023-07-12,除息
3596,2024-03-22,2024-03-27,股東常會
3596,2024-07-09,2024-07-12,除息
3596,2025-03-21,2025-03-26,股東常會
3596,2025-05-26,2025-05-29,除息
3596,2026-03-20,2026-03-25,股東常會
3605,2018-04-20,2018-04-25,股東常會
3605,2018-07-19,2018-07-24,除息
3605,2019-04-22,2019-04-25,股東常會
3605,2019-07-19,2019-07-24,除息
3605,2020-04-17,2020-04-22,股東常會
3605,2020-07-15,2020-07-20,除息
3605,2021-04-19,2021-04-22,股東常會
3605,2021-08-20,2021-08-25,除息
3605,2021-11-15,2021-11-18,現金增資
3605,2022-04-22,2022-04-27,股東常會
3605,2022-08-10,2022-08-15,除息
3605,2023-04-21,2023-04-26,股東常會
3605,2023-08-11,2023-08-16,除息
3605,2024-04-19,2024-04-24,股東常會
3605,2025-04-18,2025-04-23,股東常會
3605,2025-08-29,2025-09-03,除息
3605,2026-02-25,2026-03-03,現金增資
3605,2026-04-17,2026-04-22,現金增資
3605,2026-08-06,2026-08-11,除息
3607,2018-04-02,2018-04-10,股東常會
3607,2018-07-09,2018-07-12,除息
3607,2019-03-27,2019-04-01,股東常會
3607,2019-06-28,2019-07-03,除息
3607,2020-04-01,2020-04-08,股東常會
3607,2021-04-22,2021-04-27,股東常會
3607,2022-04-08,2022-04-13,股東常會
3607,2022-07-07,2022-07-12,除息
3607,2023-04-21,2023-04-26,股東常會
3607,2023-07-14,2023-07-19,除息
3607,2024-04-19,2024-04-24,股東常會
3607,2024-07-12,2024-07-17,除息
3607,2025-04-18,2025-04-23,股東常會
3607,2025-07-08,2025-07-11,除息
3607,2026-04-09,2026-04-14,股東常會
3607,2026-06-25,2026-06-30,除息
3617,2018-04-03,2018-04-11,股東常會
3617,2018-07-11,2018-07-16,除息
3617,2019-04-03,2019-04-10,股東常會
3617,2019-07-12,2019-07-17,除息
3617,2020-04-06,2020-04-09,股東常會
3617,2020-07-21,2020-07-24,除息
3617,2021-04-01,2021-04-08,股東常會
3617,2021-06-30,2021-07-05,除息
3617,2022-04-08,2022-04-13,股東常會
3617,2022-07-14,2022-07-19,除息
3617,2023-04-07,2023-04-12,股東常會
3617,2023-08-10,2023-08-15,除權息
3617,2024-03-22,2024-03-27,股東常會
3617,2024-07-17,2024-07-22,除息
3617,2025-03-21,2025-03-26,股東常會
3617,2025-07-10,2025-07-15,除息
3617,2026-03-20,2026-03-25,股東常會
3617,2026-07-16,2026-07-21,除息
3622,2018-04-03,2018-04-11,股東常會
3622,2018-08-21,2018-08-24,除息
3622,2019-04-12,2019-04-17,股東常會
3622,2019-08-19,2019-08-22,除息
3622,2020-04-23,2020-04-28,股東常會
3622,2020-08-24,2020-08-27,除息
3622,2021-04-22,2021-04-27,股東常會
3622,2021-08-27,2021-09-01,除息
3622,2022-04-22,2022-04-27,股東常會
3622,2022-08-31,2022-09-05,除息
3622,2023-03-24,2023-03-29,股東常會
3622,2023-09-04,2023-09-07,除息
3622,2024-03-21,2024-03-26,股東常會
3622,2024-08-22,2024-08-27,除息
3622,2025-03-17,2025-03-20,股東常會
3622,2025-08-20,2025-08-25,除息
3622,2026-03-19,2026-03-24,股東常會
3622,2026-09-02,2026-09-07,除息
3645,2018-04-13,2018-04-18,股東常會
3645,2018-07-10,2018-07-13,除息
3645,2019-04-15,2019-04-18,股東常會
3645,2019-07-18,2019-07-23,除權息
3645,2020-04-17,2020-04-22,股東常會
3645,2020-07-08,2020-07-13,除息
3645,2021-04-19,2021-04-22,股東常會
3645,2021-08-11,2021-08-16,除息
3645,2022-04-18,2022-04-21,股東常會
3645,2022-07-18,2022-07-21,除息
3645,2023-04-14,2023-04-19,股東常會
3645,2023-07-25,2023-07-28,除息
3645,2024-04-19,2024-04-24,股東常會
3645,2024-07-18,2024-07-23,除息
3645,2025-04-18,2025-04-23,股東常會
3645,2025-07-08,2025-07-11,除息
3645,2026-04-20,2026-04-23,股東常會
3645,2026-07-08,2026-07-13,除息
3652,2018-04-13,2018-04-18,股東常會
3652,2018-07-06,2018-07-11,除息
3652,2019-04-15,2019-04-18,股東常會
3652,2019-07-15,2019-07-18,除息
3652,2020-04-17,2020-04-22,股東常會
3652,2020-07-13,2020-07-16,除息
3652,2021-04-12,2021-04-15,股東常會
3652,2021-09-07,2021-09-10,除息
3652,2021-10-25,2021-10-28,現增除權
3652,2022-03-30,2022-04-06,股東常會
3652,2022-06-24,2022-06-29,除息
3652,2023-04-10,2023-04-13,股東常會
3652,2023-07-07,2023-07-12,除息
3652,2024-04-12,2024-04-17,股東常會
3652,2024-07-05,2024-07-10,除息
3652,2025-04-11,2025-04-16,股東常會
3652,2025-07-04,2025-07-09,除息
3652,2026-04-10,2026-04-15,股東常會
3652,2026-07-09,2026-07-14,除息
3653,2018-04-16,2018-04-19,股東常會
3653,2018-08-01,2018-08-06,除息
3653,2019-04-03,2019-04-10,股東常會
3653,2019-07-25,2019-07-30,除息
3653,2020-04-06,2020-04-09,股東常會
3653,2020-08-14,2020-08-19,除息
3653,2021-04-09,2021-04-14,股東常會
3653,2021-08-25,2021-08-30,除息
3653,2022-03-30,2022-04-06,股東常會
3653,2022-07-08,2022-07-13,除息
3653,2022-08-26,2022-08-31,除權
3653,2023-04-10,2023-04-13,股東常會
3653,2023-08-17,2023-08-22,除息
3653,2024-03-22,2024-03-27,股東常會
3653,2024-07-04,2024-07-09,除息
3653,2025-03-21,2025-03-26,股東常會
3653,2025-07-11,2025-07-16,除息
3653,2026-03-23,2026-03-26,股東常會
3653,2026-07-16,2026-07-21,除息
3661,2018-03-26,2018-03-29,股東常會
3661,2018-08-24,2018-08-29,除息
3661,2019-04-15,2019-04-18,股東常會
3661,2019-08-16,2019-08-21,除息
3661,2020-04-01,2020-04-08,股東常會
3661,2020-08-14,2020-08-19,除息
3661,2021-04-01,2021-04-08,股東常會
3661,2021-09-03,2021-09-08,除息
3661,2022-03-31,2022-04-07,股東常會
3661,2022-09-12,2022-09-15,除息
3661,2023-03-29,2023-04-06,股東常會
3661,2023-09-01,2023-09-06,除息
3661,2024-03-22,2024-03-27,股東常會
3661,2024-09-06,2024-09-11,除息
3661,2025-03-21,2025-03-26,股東常會
3661,2025-08-27,2025-09-01,除息
3661,2026-03-20,2026-03-25,股東常會
3661,2026-08-28,2026-09-02,除息
3665,2018-04-13,2018-04-18,股東常會
3665,2018-07-27,2018-08-01,除息
3665,2019-04-03,2019-04-10,股東常會
3665,2019-07-29,2019-08-01,除息
3665,2020-04-13,2020-04-16,股東常會
3665,2020-07-09,2020-07-14,除息
3665,2021-04-09,2021-04-14,股東常會
3665,2021-07-02,2021-07-07,除息
3665,2022-04-15,2022-04-20,股東常會
3665,2022-07-08,2022-07-13,除息
3665,2023-04-14,2023-04-19,現金增資
3665,2023-04-21,2023-04-26,股東常會
3665,2023-07-19,2023-07-24,除權息
3665,2024-03-22,2024-03-27,股東常會
3665,2024-07-17,2024-07-22,除息
3665,2025-03-21,2025-03-26,股東常會
3665,2025-07-11,2025-07-16,除權息
3665,2026-03-23,2026-03-26,股東常會
3665,2026-07-09,2026-07-14,除息
3669,2018-03-29,2018-04-02,股東常會
3669,2018-06-20,2018-06-25,除息
3669,2019-04-03,2019-04-10,股東常會
3669,2019-06-24,2019-06-27,除息
3669,2020-04-01,2020-04-08,股東常會
3669,2020-06-22,2020-06-29,除息
3669,2021-03-31,2021-04-07,股東常會
3669,2021-07-14,2021-07-19,除息
3669,2022-03-30,2022-04-06,股東常會
3669,2022-06-17,2022-06-22,除息
3669,2023-03-28,2023-03-31,股東常會
3669,2023-06-19,2023-06-26,除息
3669,2024-04-03,2024-04-10,股東常會
3669,2024-06-24,2024-06-27,除息
3669,2025-04-02,2025-04-09,股東常會
3669,2025-06-23,2025-06-26,除息
3669,2026-04-01,2026-04-08,股東常會
3669,2026-06-22,2026-06-25,除息
3673,2018-03-23,2018-03-28,股東常會
3673,2018-07-04,2018-07-09,除息
3673,2019-03-08,2019-03-13,股東常會
3673,2020-04-01,2020-04-08,股東常會
3673,2021-03-31,2021-04-07,股東常會
3673,2021-07-20,2021-07-23,除息
3673,2022-04-15,2022-04-20,股東常會
3673,2022-07-15,2022-07-20,除息
3673,2023-03-28,2023-03-31,股東常會
3673,2023-07-19,2023-07-24,除息
3673,2024-04-12,2024-04-17,股東常會
3673,2025-04-02,2025-04-09,股東常會
3673,2025-07-08,2025-07-11,除息
3673,2026-04-20,2026-04-23,股東常會
3673,2026-07-10,2026-07-15,除息
3679,2018-04-03,2018-04-11,股東常會
3679,2018-07-12,2018-07-17,除息
3679,2018-09-07,2018-09-12,減資
3679,2019-04-12,2019-04-17,股東常會
3679,2019-07-10,2019-07-15,除息
3679,2020-04-10,2020-04-15,股東常會
3679,2020-06-23,2020-06-30,除息
3679,2021-04-09,2021-04-14,股東常會
3679,2021-06-11,2021-06-17,除息
3679,2022-04-08,2022-04-13,股東常會
3679,2022-06-09,2022-06-14,除息
3679,2023-04-07,2023-04-12,股東常會
3679,2023-06-12,2023-06-15,除息
3679,2024-04-03,2024-04-10,股東常會
3679,2024-06-07,2024-06-13,除息
3679,2025-03-21,2025-03-26,股東常會
3679,2025-06-06,2025-06-11,除息
3679,2026-03-20,2026-03-25,股東常會
3679,2026-06-08,2026-06-11,除息
3686,2018-03-23,,股東常會
3686,2019-04-19,,股東常會
3686,2019-11-08,,減資
3686,2020-04-10,,股東常會
3686,2021-04-09,,股東常會
3686,2022-04-15,,股東常會
3686,2022-09-23,,減資
3686,2023-03-24,,股東常會
3686,2024-03-18,,股東常會
3686,2025-04-11,,股東常會
3686,2026-03-20,,股東常會
3694,2018-04-03,2018-04-11,股東常會
3694,2019-04-12,2019-04-17,股東常會
3694,2020-04-17,2020-04-22,股東常會
3694,2021-04-09,2021-04-14,股東常會
3694,2022-04-15,2022-04-20,股東常會
3694,2023-04-14,2023-04-19,股東常會
3694,2024-04-12,2024-04-17,股東常會
3694,2024-07-30,2024-08-02,除息
3694,2025-04-14,2025-04-17,股東常會
3694,2025-07-17,2025-07-22,除息
3694,2026-04-10,2026-04-15,股東常會
3694,2026-07-20,2026-07-23,除息
3701,2022-04-15,2022-04-20,股東常會
3701,2023-04-07,2023-04-12,股東常會
3701,2023-07-07,2023-07-12,除息
3701,2024-03-27,2024-04-01,股東常會
3701,2024-07-12,2024-07-17,除息
3701,2025-03-21,2025-03-26,股東常會
3701,2025-09-30,2025-10-03,除息
3701,2026-03-20,2026-03-25,股東常會
3702,2018-04-13,2018-04-18,股東常會
3702,2018-07-19,2018-07-24,除息
3702,2018-09-14,2018-09-19,減資
3702,2019-04-22,2019-04-25,股東常會
3702,2019-08-14,2019-08-19,除息
3702,2020-04-17,2020-04-22,股東常會
3702,2020-07-27,2020-07-30,除息
3702,2021-04-16,2021-04-21,股東常會
3702,2021-08-05,2021-08-10,除息
3702,2022-03-18,2022-03-23,股東常會
3702,2022-07-13,2022-07-18,除息
3702,2023-03-24,2023-03-29,股東常會
3702,2023-07-19,2023-07-24,除息
3702,2024-03-18,2024-03-21,股東常會
3702,2024-07-19,2024-07-24,除息
3702,2025-03-21,2025-03-26,股東常會
3702,2025-07-18,2025-07-23,除息
3702,2026-04-23,2026-04-28,股東常會
3702,2026-08-21,2026-08-26,除息
3703,2018-03-28,2018-03-31,股東常會
3703,2018-07-27,2018-08-01,除息
3703,2019-04-03,2019-04-10,股東常會
3703,2019-07-26,2019-07-31,除息
3703,2020-04-06,2020-04-09,股東常會
3703,2020-07-29,2020-08-03,除息
3703,2021-03-25,2021-03-30,股東常會
3703,2021-06-25,2021-06-30,除息
3703,2022-03-30,2022-04-06,股東常會
3703,2022-06-24,2022-06-29,除息
3703,2023-03-24,2023-03-29,股東常會
3703,2023-06-26,2023-06-29,除息
3703,2024-03-27,2024-04-01,股東常會
3703,2024-06-28,2024-07-03,除息
3703,2025-04-11,2025-04-16,股東常會
3703,2025-07-14,2025-07-17,除息
3703,2026-03-20,2026-03-25,股東常會
3703,2026-06-26,2026-07-01,除息
3704,2018-04-03,2018-04-11,股東常會
3704,2019-04-03,2019-04-10,股東常會
3704,2020-04-06,2020-04-09,股東常會
3704,2021-04-09,2021-04-14,股東常會
3704,2021-08-20,2021-08-25,除息
3704,2022-04-08,2022-04-13,股東常會
3704,2022-08-19,2022-08-24,除息
3704,2022-09-23,2022-09-28,減資
3704,2023-04-07,2023-04-12,股東常會
3704,2023-08-21,2023-08-24,除息
3704,2024-04-12,2024-04-17,股東常會
3704,2024-07-01,2024-07-04,除息
3704,2025-04-11,2025-04-16,股東常會
3704,2025-06-30,2025-07-03,除息
3704,2026-04-09,2026-04-14,股東常會
3704,2026-06-30,2026-07-03,除息
3705,2018-04-13,2018-04-18,股東常會
3705,2018-07-05,2018-07-10,除息
3705,2019-04-12,2019-04-17,股東常會
3705,2019-07-05,2019-07-10,除息
3705,2020-03-20,2020-03-25,股東常會
3705,2020-07-03,2020-07-08,除息
3705,2021-03-19,2021-03-24,股東常會
3705,2021-08-03,2021-08-06,除息
3705,2022-03-18,2022-03-23,股東常會
3705,2022-06-17,2022-06-22,除息
3705,2023-03-17,2023-03-22,股東常會
3705,2023-06-14,2023-06-19,除息
3705,2024-03-22,2024-03-27,股東常會
3705,2024-06-18,2024-06-21,除息
3705,2025-03-21,2025-03-26,股東常會
3705,2025-06-18,2025-06-23,除息
3705,2026-03-20,2026-03-25,股東常會
3705,2026-06-17,2026-06-23,除息
3706,2018-04-16,2018-04-19,股東常會
3706,2018-08-30,2018-09-04,除權息
3706,2019-03-22,2019-03-27,股東常會
3706,2019-08-22,2019-08-27,除權息
3706,2020-03-20,2020-03-25,股東常會
3706,2020-07-08,2020-07-13,除權息
3706,2021-03-19,2021-03-24,除息
3706,2022-03-25,2022-03-30,除息
3706,2023-03-23,2023-03-28,股東常會
3706,2024-03-22,2024-03-27,股東常會
3706,2025-01-09,2025-01-14,其他
3706,2025-03-17,2025-03-20,股東常會
3706,2025-08-22,2025-08-27,除權息
3706,2026-03-20,2026-03-25,股東常會
3706,2026-09-03,2026-09-08,除權息
3708,2018-03-26,2018-03-29,股東常會
3708,2018-07-13,2018-07-18,除息
3708,2019-03-25,2019-03-28,股東常會
3708,2019-07-03,2019-07-08,除息
3708,2020-03-20,2020-03-25,股東常會
3708,2020-07-22,2020-07-27,除息
3708,2021-03-22,2021-03-25,股東常會
3708,2021-08-04,2021-08-09,除息
3708,2022-03-25,2022-03-30,股東常會
3708,2022-07-04,2022-07-07,除息
3708,2023-03-23,2023-03-28,股東常會
3708,2023-06-20,2023-06-27,除息
3708,2024-03-25,2024-03-28,股東常會
3708,2024-06-25,2024-06-28,除息
3708,2025-03-20,2025-03-25,股東常會
3708,2025-06-27,2025-07-02,除息
3708,2026-03-20,2026-03-25,股東常會
3708,2026-06-22,2026-06-25,除息
3711,2018-08-06,2018-08-09,除息
3711,2019-04-19,2019-04-24,股東常會
3711,2019-08-07,2019-08-12,除息
3711,2020-04-17,2020-04-22,股東常會
3711,2020-08-07,2020-08-12,除息
3711,2021-04-16,2021-04-21,股東常會
3711,2021-08-31,2021-09-03,除息
3711,2022-04-15,2022-04-20,股東常會
3711,2022-06-23,2022-06-28,除息
3711,2023-04-21,2023-04-26,股東常會
3711,2023-06-26,2023-06-29,除息
3711,2024-04-19,2024-04-24,股東常會
3711,2024-06-25,2024-06-28,除息
3711,2025-04-18,2025-04-23,股東常會
3711,2025-06-26,2025-07-01,除息
3711,2026-04-17,2026-04-22,股東常會
3711,2026-06-29,2026-07-02,除息
3712,2019-04-15,2019-04-18,股東常會
3712,2019-07-30,2019-08-02,除息
3712,2020-04-17,2020-04-22,股東常會
3712,2021-04-16,2021-04-21,股東常會
3712,2021-07-30,2021-08-04,除息
3712,2022-04-11,2022-04-14,股東常會
3712,2022-07-29,2022-08-03,除息
3712,2023-03-24,2023-03-29,股東常會
3712,2023-07-19,2023-07-24,除息
3712,2024-03-21,2024-03-26,股東常會
3712,2024-07-16,2024-07-19,除息
3712,2025-03-21,2025-03-26,股東常會
3712,2025-07-18,2025-07-23,除息
3712,2026-04-17,2026-04-22,股東常會
3714,2022-03-25,2022-03-30,股東常會
3714,2022-06-10,2022-06-15,除息
3714,2023-03-24,2023-03-29,股東常會
3714,2024-03-18,2024-03-21,股東常會
3714,2024-06-20,2024-06-25,除息
3714,2025-03-17,2025-03-20,股東常會
3714,2025-06-19,2025-06-24,除息
3714,2026-03-20,2026-03-25,股東常會
3714,2026-06-24,2026-06-29,除息
3715,2023-03-10,2023-03-15,股東常會
3715,2023-07-07,2023-07-12,除息
3715,2024-03-08,2024-03-13,股東常會
3715,2024-07-05,2024-07-10,除息
3715,2025-03-14,2025-03-19,股東常會
3715,2025-05-21,2025-05-26,除息
3715,2025-12-03,2025-12-08,現金增資
3715,2026-04-20,2026-04-23,股東常會
3715,2026-06-26,2026-07-01,除息
3716,2025-03-21,2025-03-26,股東常會
3716,2025-07-18,2025-07-23,除息
3716,2026-03-20,2026-03-25,股東常會
3716,2026-07-17,2026-07-22,除息
3717,2026-03-20,2026-03-25,股東常會
3717,2026-05-22,2026-05-27,現金增資
3717,2026-07-08,2026-07-13,除息
4104,2018-04-13,2018-04-18,股東常會
4104,2018-08-03,2018-08-08,除息
4104,2019-04-12,2019-04-17,股東常會
4104,2019-07-19,2019-07-24,除息
4104,2019-12-19,2019-12-24,現金增資
4104,2020-04-10,2020-04-15,股東常會
4104,2020-07-24,2020-07-29,除息
4104,2021-04-16,2021-04-21,股東常會
4104,2021-07-23,2021-07-28,除息
4104,2022-04-15,2022-04-20,股東常會
4104,2022-07-07,2022-07-12,除息
4104,2022-08-24,2022-08-29,除權
4104,2023-04-14,2023-04-19,股東常會
4104,2023-07-05,2023-07-10,除息
4104,2023-08-22,2023-08-25,除權
4104,2024-04-15,2024-04-18,股東常會
4104,2024-08-20,2024-08-23,除權
4104,2025-04-18,2025-04-23,除息
4104,2025-09-03,2025-09-08,除權
4104,2026-01-02,2026-01-07,現金增資
4104,2026-04-17,2026-04-22,除息
4106,2018-04-13,2018-04-18,股東常會
4106,2018-07-20,2018-07-25,除息
4106,2019-04-12,2019-04-17,股東常會
4106,2019-07-19,2019-07-24,除息
4106,2020-04-10,2020-04-15,股東常會
4106,2020-07-24,2020-07-29,除息
4106,2021-04-09,2021-04-14,股東常會
4106,2021-09-08,2021-09-13,除息
4106,2022-04-14,2022-04-19,股東常會
4106,2022-07-27,2022-08-01,除息
4106,2023-04-13,2023-04-18,股東常會
4106,2023-07-26,2023-07-31,除息
4106,2024-04-18,2024-04-23,股東常會
4106,2024-07-25,2024-07-30,除息
4106,2025-04-18,2025-04-23,股東常會
4106,2025-07-25,2025-07-30,除息
4106,2026-04-17,2026-04-22,股東常會
4106,2026-07-24,2026-07-29,除息
4108,2018-03-23,2018-03-28,股東常會
4108,2019-03-22,,股東常會
4108,2020-03-20,,股東常會
4108,2020-12-29,,現金增資
4108,2021-03-19,,股東常會
4108,2022-03-18,2022-03-23,股東常會
4108,2023-03-17,,股東常會
4108,2024-03-22,,股東常會
4108,2025-03-26,,股東常會
4108,2026-04-01,,股東常會
4119,2018-04-20,2018-04-25,股東常會
4119,2018-07-25,2018-07-30,除息
4119,2019-04-15,2019-04-18,股東常會
4119,2019-07-17,2019-07-22,除息
4119,2020-04-13,2020-04-16,股東常會
4119,2020-07-07,2020-07-10,除息
4119,2021-04-19,2021-04-22,股東常會
4119,2021-08-17,2021-08-20,除權息
4119,2022-04-15,2022-04-20,股東常會
4119,2023-04-13,2023-04-18,股東常會
4119,2023-07-21,2023-07-26,除權息
4119,2023-10-05,2023-10-12,現金增資
4119,2024-03-22,2024-03-27,股東常會
4119,2024-06-25,2024-06-28,除息
4119,2025-03-20,2025-03-25,股東常會
4119,2025-06-25,2025-06-30,除息
4119,2026-03-16,2026-03-19,股東常會
4119,2026-06-25,2026-06-30,除息
4133,2018-04-13,2018-04-18,股東常會
4133,2018-06-29,2018-07-04,除息
4133,2019-04-19,2019-04-24,股東常會
4133,2019-07-05,2019-07-10,除息
4133,2020-04-10,2020-04-15,股東常會
4133,2020-07-10,2020-07-15,除息
4133,2021-04-12,2021-04-15,股東常會
4133,2021-07-16,2021-07-21,除息
4133,2022-03-25,2022-03-30,股東常會
4133,2022-06-10,2022-06-15,除息
4133,2023-03-09,2023-03-14,股東常會
4133,2023-06-09,2023-06-14,除息
4133,2024-03-15,2024-03-20,股東常會
4133,2024-05-31,2024-06-05,除息
4133,2025-03-21,2025-03-26,股東常會
4133,2025-06-10,2025-06-13,除息
4133,2026-03-23,2026-03-26,股東常會
4133,2026-06-10,2026-06-15,除息
4137,2018-03-28,2018-03-31,股東常會
4137,2018-07-20,2018-07-25,除息
4137,2019-03-27,2019-04-01,股東常會
4137,2019-07-19,2019-07-24,除息
4137,2020-03-26,2020-03-31,股東常會
4137,2020-09-02,2020-09-07,除息
4137,2021-03-31,2021-04-07,股東常會
4137,2021-07-23,2021-07-28,除息
4137,2022-03-30,2022-04-06,股東常會
4137,2022-07-21,2022-07-26,除息
4137,2023-03-28,2023-03-31,股東常會
4137,2023-06-26,2023-06-29,除息
4137,2024-04-19,2024-04-24,股東常會
4137,2024-08-09,2024-08-14,除息
4137,2025-03-20,2025-03-25,股東常會
4137,2025-06-27,2025-07-02,除息
4137,2026-03-23,2026-03-26,股東常會
4137,2026-06-26,2026-07-01,除息
4142,2018-04-20,,股東常會
4142,2019-04-12,,現金增資
4142,2020-04-16,2020-04-21,股東常會
4142,2021-04-19,2021-04-22,股東常會
4142,2021-09-08,2021-09-13,除息
4142,2022-04-22,2022-04-27,股東常會
4142,2023-04-14,2023-04-19,股東常會
4142,2024-04-15,2024-04-18,股東常會
4142,2025-04-18,2025-04-23,股東常會
4142,2026-03-26,2026-03-31,股東常會
4148,2018-04-03,2018-04-11,股東常會
4148,2018-06-22,2018-06-27,除息
4148,2019-04-12,2019-04-17,股東常會
4148,2019-06-28,2019-07-03,除息
4148,2020-04-10,2020-04-15,股東常會
4148,2020-06-24,2020-07-01,除息
4148,2021-04-22,2021-04-27,股東常會
4148,2021-06-30,2021-07-05,除息
4148,2022-04-15,2022-04-20,股東常會
4148,2022-06-17,2022-06-22,除息
4148,2023-04-06,2023-04-11,股東常會
4148,2023-07-04,2023-07-07,除息
4148,2024-04-15,2024-04-18,股東常會
4148,2024-07-05,2024-07-10,除息
4148,2025-04-10,2025-04-15,股東常會
4148,2025-08-08,2025-08-13,除權息
4148,2026-04-10,2026-04-15,股東常會
4148,2026-07-02,2026-07-07,除息
4155,2018-06-26,2018-06-29,除權息
4155,2019-03-22,2019-03-27,股東常會
4155,2019-06-21,2019-06-26,除息
4155,2020-03-20,2020-03-25,股東常會
4155,2020-06-16,2020-06-19,現金增資
4155,2021-03-19,2021-03-24,股東常會
4155,2021-07-06,2021-07-09,除息
4155,2022-03-25,2022-03-30,股東常會
4155,2022-06-30,2022-07-05,除息
4155,2023-04-06,2023-04-11,股東常會
4155,2023-08-31,2023-09-05,除權息
4155,2024-03-22,2024-03-27,股東常會
4155,2024-08-30,2024-09-04,除息
4155,2025-03-26,2025-03-31,股東常會
4155,2025-06-30,2025-07-03,除息
4155,2026-03-26,2026-03-31,股東常會
4164,2018-04-02,2018-04-10,股東常會
4164,2018-07-03,2018-07-06,除息
4164,2019-04-03,2019-04-10,股東常會
4164,2019-07-03,2019-07-08,除息
4164,2020-04-06,2020-04-09,股東常會
4164,2020-07-06,2020-07-09,除息
4164,2021-04-09,2021-04-14,股東常會
4164,2021-07-22,2021-07-27,除息
4164,2022-04-08,2022-04-13,股東常會
4164,2022-07-07,2022-07-12,除息
4164,2023-04-06,2023-04-11,股東常會
4164,2023-07-06,2023-07-11,除息
4164,2024-04-03,2024-04-10,股東常會
4164,2024-07-04,2024-07-09,除息
4164,2025-03-26,2025-03-31,股東常會
4164,2025-06-20,2025-06-25,除息
4164,2026-03-26,2026-03-31,股東常會
4164,2026-06-23,2026-06-26,除息
4190,2018-04-20,2018-04-25,股東常會
4190,2018-07-19,2018-07-24,除息
4190,2018-10-12,2018-10-17,現金增資
4190,2019-04-19,2019-04-24,股東常會
4190,2019-07-17,2019-07-22,除息
4190,2020-04-10,2020-04-15,股東常會
4190,2020-07-14,2020-07-17,除息
4190,2021-04-16,2021-04-21,股東常會
4190,2021-07-02,2021-07-07,除息
4190,2022-04-15,2022-04-20,除息
4190,2023-04-21,2023-04-26,股東常會
4190,2024-04-19,2024-04-24,股東常會
4190,2024-07-24,2024-07-29,除息
4190,2025-04-11,2025-04-16,股東常會
4190,2025-07-11,2025-07-16,除息
4190,2026-03-23,2026-03-26,股東常會
4190,2026-07-29,2026-08-03,除息
4306,2018-04-20,2018-04-25,股東常會
4306,2018-07-11,2018-07-16,除息
4306,2019-04-12,2019-04-17,股東常會
4306,2019-07-05,2019-07-10,現金增資
4306,2020-04-13,2020-04-16,股東常會
4306,2020-07-27,2020-07-30,除息
4306,2021-04-16,2021-04-21,股東常會
4306,2021-07-19,2021-07-22,除息
4306,2021-08-31,2021-09-03,除權
4306,2022-04-11,2022-04-14,股東常會
4306,2022-07-11,2022-07-14,除息
4306,2023-04-10,2023-04-13,股東常會
4306,2023-07-12,2023-07-17,除息
4306,2024-04-15,2024-04-18,股東常會
4306,2024-07-12,2024-07-17,除息
4306,2025-04-14,2025-04-17,股東常會
4306,2025-08-26,2025-08-29,除權息
4306,2026-04-17,2026-04-22,股東常會
4306,2026-07-07,2026-07-10,除息
4414,2018-03-09,2018-03-14,股東常會
4414,2019-03-18,2019-03-21,股東常會
4414,2020-04-23,2020-04-28,股東常會
4414,2021-04-22,2021-04-27,股東常會
4414,2022-04-22,,股東常會
4414,2023-04-21,,股東常會
4414,2024-04-19,,股東常會
4414,2025-04-21,,股東常會
4414,2025-06-27,,減資
4414,2026-04-20,2026-04-23,股東常會
4426,2018-04-02,2018-04-10,股東常會
4426,2018-08-17,2018-08-22,除權息
4426,2019-04-08,2019-04-11,股東常會
4426,2019-08-30,2019-09-04,除權息
4426,2020-04-16,2020-04-21,股東常會
4426,2020-08-19,2020-08-24,除權息
4426,2021-04-09,2021-04-14,股東常會
4426,2022-04-08,2022-04-13,股東常會
4426,2023-04-13,2023-04-18,股東常會
4426,2024-04-12,2024-04-17,股東常會
4426,2025-04-11,2025-04-16,股東常會
4426,2026-04-17,2026-04-22,股東常會
4438,2018-04-13,2018-04-18,股東常會
4438,2018-08-16,2018-08-21,除息
4438,2019-04-12,2019-04-17,股東常會
4438,2019-08-28,2019-09-02,除息
4438,2020-04-10,2020-04-15,股東常會
4438,2020-08-18,2020-08-21,除息
4438,2021-04-09,2021-04-14,股東常會
4438,2021-09-10,2021-09-15,除息
4438,2022-04-08,2022-04-13,股東常會
4438,2022-08-19,2022-08-24,除息
4438,2023-04-07,2023-04-12,股東常會
4438,2023-08-23,2023-08-28,除息
4438,2024-04-03,2024-04-10,股東常會
4438,2024-08-21,2024-08-26,除息
4438,2025-04-11,2025-04-16,股東常會
4438,2025-07-18,2025-07-23,除息
4438,2025-08-28,2025-09-02,現金增資
4438,2026-04-10,2026-04-15,股東常會
4438,2026-08-27,2026-09-01,除息
4439,2020-07-13,2020-07-16,除息
4439,2021-04-09,2021-04-14,股東常會
4439,2021-08-31,2021-09-03,除息
4439,2022-04-08,2022-04-13,股東常會
4439,2022-07-06,2022-07-11,除權息
4439,2023-04-07,2023-04-12,股東常會
4439,2023-06-29,2023-07-04,除息
4439,2024-04-12,2024-04-17,股東常會
4439,2024-07-19,2024-07-24,除息
4439,2025-04-11,2025-04-16,股東常會
4439,2025-07-24,2025-07-29,除息
4439,2026-04-10,2026-04-15,股東常會
4439,2026-07-10,2026-07-15,除息
4440,2022-06-06,2022-06-09,除息
4440,2023-03-10,2023-03-15,股東常會
4440,2023-06-01,2023-06-06,除息
4440,2024-03-21,2024-03-26,股東常會
4440,2024-05-31,2024-06-05,除息
4440,2025-03-26,2025-03-31,股東常會
4440,2026-03-13,2026-03-18,股東常會
4441,2026-08-14,2026-08-19,除息
4526,2018-04-03,2018-04-11,股東常會
4526,2019-03-27,2019-04-01,股東常會
4526,2019-07-19,2019-07-24,除息
4526,2020-04-01,2020-04-08,股東常會
4526,2020-07-21,2020-07-24,除息
4526,2021-03-31,2021-04-07,股東常會
4526,2022-03-30,2022-04-06,股東常會
4526,2022-07-26,2022-07-29,除息
4526,2023-04-07,2023-04-12,股東常會
4526,2023-06-29,2023-07-04,除息
4526,2024-04-03,2024-04-10,股東常會
4526,2024-07-10,2024-07-15,除息
4526,2025-04-07,2025-04-10,股東常會
4526,2026-04-10,2026-04-15,股東常會
4526,2026-07-24,2026-07-29,除息
4532,2018-04-23,2018-04-26,股東常會
4532,2018-07-20,2018-07-25,除息
4532,2019-04-08,2019-04-11,股東常會
4532,2019-06-26,2019-07-01,除息
4532,2020-04-10,2020-04-15,股東常會
4532,2020-06-30,2020-07-03,除息
4532,2021-04-09,2021-04-14,股東常會
4532,2021-09-06,2021-09-09,除息
4532,2022-04-08,2022-04-13,股東常會
4532,2022-06-28,2022-07-01,除息
4532,2023-04-07,2023-04-12,股東常會
4532,2024-04-03,2024-04-10,股東常會
4532,2025-04-02,2025-04-09,股東常會
4532,2026-04-02,2026-04-09,股東常會
4536,2018-03-16,2018-03-21,股東常會
4536,2018-07-20,2018-07-25,除息
4536,2019-03-22,2019-03-27,股東常會
4536,2019-07-17,2019-07-22,除息
4536,2020-03-20,2020-03-25,股東常會
4536,2020-07-24,2020-07-29,除息
4536,2021-03-19,2021-03-24,股東常會
4536,2021-08-09,2021-08-12,除息
4536,2022-03-21,2022-03-24,股東常會
4536,2022-07-26,2022-07-29,除息
4536,2023-03-24,2023-03-29,股東常會
4536,2023-07-07,2023-07-12,除息
4536,2024-03-25,2024-03-28,股東常會
4536,2024-07-09,2024-07-12,除息
4536,2025-03-21,2025-03-26,股東常會
4536,2025-07-10,2025-07-15,除息
4536,2026-04-01,2026-04-08,股東常會
4536,2026-07-10,2026-07-15,除息
4540,2019-04-19,2019-04-24,股東常會
4540,2019-07-19,2019-07-24,除息
4540,2020-04-17,2020-04-22,股東常會
4540,2021-04-16,2021-04-21,股東常會
4540,2021-08-20,2021-08-25,除息
4540,2022-04-21,2022-04-26,股東常會
4540,2022-08-30,2022-09-02,除息
4540,2023-04-21,2023-04-26,股東常會
4540,2023-09-01,2023-09-06,除息
4540,2024-04-19,2024-04-24,股東常會
4540,2025-04-18,2025-04-23,股東常會
4540,2026-04-23,2026-04-28,股東常會
4545,2018-04-09,2018-04-12,股東常會
4545,2018-07-19,2018-07-24,除息
4545,2019-04-03,2019-04-10,股東常會
4545,2019-06-28,2019-07-03,除息
4545,2020-03-09,2020-03-12,股東常會
4545,2020-06-24,2020-07-01,除息
4545,2021-03-22,2021-03-25,股東常會
4545,2021-07-27,2021-07-30,除息
4545,2022-03-21,2022-03-24,股東常會
4545,2022-06-30,2022-07-05,除息
4545,2023-04-14,2023-04-19,股東常會
4545,2023-07-20,2023-07-25,除息
4545,2024-03-22,2024-03-27,股東常會
4545,2024-06-21,2024-06-26,除息
4545,2025-03-21,2025-03-26,股東常會
4545,2025-06-18,2025-06-23,除息
4545,2026-04-17,2026-04-22,股東常會
4545,2026-07-17,2026-07-22,除息
4551,2018-04-23,2018-04-26,股東常會
4551,2018-08-03,2018-08-08,除息
4551,2019-04-08,2019-04-11,股東常會
4551,2019-07-22,2019-07-25,除息
4551,2020-04-16,2020-04-21,股東常會
4551,2020-10-07,2020-10-13,除息
4551,2021-04-22,2021-04-27,股東常會
4551,2021-07-22,2021-07-27,除息
4551,2022-04-21,2022-04-26,股東常會
4551,2022-07-22,2022-07-27,除息
4551,2023-04-14,2023-04-19,股東常會
4551,2023-07-10,2023-07-13,除息
4551,2024-04-08,2024-04-11,股東常會
4551,2024-07-22,2024-07-25,除息
4551,2025-04-11,2025-04-16,股東常會
4551,2025-07-17,2025-07-22,除息
4551,2026-03-16,2026-03-19,股東常會
4551,2026-07-24,2026-07-29,除息
4552,2018-04-03,2018-04-11,股東常會
4552,2018-11-01,2018-11-06,除息
4552,2019-04-03,2019-04-10,股東常會
4552,2019-09-19,2019-09-24,除權息
4552,2020-04-23,2020-04-28,股東常會
4552,2020-09-23,2020-09-28,除息
4552,2021-04-19,2021-04-22,股東常會
4552,2021-09-23,2021-09-28,除息
4552,2022-04-11,2022-04-14,股東常會
4552,2022-11-09,2022-11-14,除息
4552,2023-04-10,2023-04-13,股東常會
4552,2023-10-20,2023-10-25,除息
4552,2024-04-19,2024-04-24,股東常會
4552,2024-10-17,2024-10-22,除息
4552,2025-04-11,2025-04-16,股東常會
4552,2025-10-21,2025-10-27,除息
4552,2026-04-17,2026-04-22,股東常會
4555,2018-04-13,2018-04-18,股東常會
4555,2018-07-13,2018-07-18,除息
4555,2019-04-19,2019-04-24,股東常會
4555,2019-07-17,2019-07-22,除息
4555,2020-04-13,2020-04-16,股東常會
4555,2020-07-21,2020-07-24,除息
4555,2021-04-16,2021-04-21,股東常會
4555,2021-09-03,2021-09-08,除息
4555,2022-04-08,2022-04-13,股東常會
4555,2022-08-25,2022-08-30,除息
4555,2023-04-14,2023-04-19,股東常會
4555,2023-07-14,2023-07-19,除息
4555,2024-03-22,2024-03-27,股東常會
4555,2024-06-21,2024-06-26,除息
4555,2025-03-21,2025-03-26,股東常會
4555,2025-06-23,2025-06-26,除息
4555,2026-03-23,2026-03-26,股東常會
4555,2026-05-27,2026-06-01,除息
4557,2018-03-29,2018-04-02,股東常會
4557,2018-06-21,2018-06-26,除息
4557,2019-03-27,2019-04-01,股東常會
4557,2019-06-27,2019-07-02,現金增資
4557,2020-03-25,2020-03-30,股東常會
4557,2020-06-19,2020-06-24,除息
4557,2021-03-31,2021-04-07,股東常會
4557,2021-07-29,2021-08-03,除息
4557,2022-03-30,2022-04-06,股東常會
4557,2022-06-21,2022-06-24,除息
4557,2023-03-28,2023-03-31,股東常會
4557,2023-06-19,2023-06-26,除息
4557,2024-03-28,2024-04-02,股東常會
4557,2024-06-20,2024-06-25,除息
4557,2025-02-10,2025-02-13,現金增資
4557,2025-03-21,2025-03-26,股東常會
4557,2025-06-10,2025-06-13,除息
4557,2026-03-26,2026-03-31,股東常會
4557,2026-06-17,2026-06-23,除息
4560,2018-04-03,2018-04-11,股東常會
4560,2018-07-12,2018-07-17,除息
4560,2019-03-27,2019-04-01,股東常會
4560,2019-07-03,2019-07-08,除息
4560,2020-04-01,2020-04-08,股東常會
4560,2020-07-16,2020-07-21,除息
4560,2021-04-22,2021-04-27,股東常會
4560,2021-08-17,2021-08-20,除息
4560,2022-02-11,2022-02-16,股東常會
4560,2022-05-20,2022-05-25,除息
4560,2023-04-07,2023-04-12,股東常會
4560,2023-08-02,2023-08-07,除息
4560,2024-04-12,2024-04-17,股東常會
4560,2024-07-24,2024-07-29,除息
4560,2025-04-11,2025-04-16,股東常會
4560,2025-07-24,2025-07-29,除息
4560,2026-04-10,2026-04-15,股東常會
4560,2026-07-14,2026-07-17,除息
4562,2018-04-13,2018-04-18,股東常會
4562,2018-07-04,2018-07-09,除息
4562,2019-04-12,2019-04-17,股東常會
4562,2019-07-12,2019-07-17,除息
4562,2020-04-01,2020-04-08,股東常會
4562,2021-04-09,2021-04-14,股東常會
4562,2021-12-02,2021-12-07,現金增資
4562,2022-04-08,2022-04-13,股東常會
4562,2023-03-28,2023-03-31,股東常會
4562,2024-03-27,2024-04-01,股東常會
4562,2025-03-21,2025-03-26,股東常會
4562,2026-03-20,2026-03-25,股東常會
4564,2020-03-20,2020-03-25,股東常會
4564,2020-07-30,2020-08-04,除息
4564,2021-03-25,2021-03-30,股東常會
4564,2021-06-21,2021-06-24,除息
4564,2022-03-18,2022-03-23,股東常會
4564,2022-07-19,2022-07-22,除息
4564,2023-02-07,2023-02-10,現金增資
4564,2023-04-21,2023-04-26,股東常會
4564,2023-08-24,2023-08-29,除息
4564,2024-03-22,2024-03-27,股東常會
4564,2025-02-11,2025-02-14,現金增資
4564,2025-04-18,2025-04-23,股東常會
4564,2026-04-23,2026-04-28,股東常會
4566,2019-04-22,2019-04-25,股東常會
4566,2019-07-19,2019-07-24,除息
4566,2020-04-23,2020-04-28,股東常會
4566,2020-07-24,2020-07-29,除息
4566,2021-04-22,2021-04-27,股東常會
4566,2021-07-23,2021-07-28,除息
4566,2022-04-15,2022-04-20,股東常會
4566,2022-07-22,2022-07-27,除息
4566,2023-04-21,2023-04-26,股東常會
4566,2024-04-19,2024-04-24,股東常會
4566,2025-04-11,2025-04-16,除息
4566,2026-04-01,2026-04-08,除息
4569,2025-04-14,2025-04-17,股東常會
4569,2025-08-01,2025-08-06,除息
4569,2026-04-10,2026-04-15,股東常會
4569,2026-08-06,2026-08-11,除息
4571,2020-04-17,2020-04-22,股東常會
4571,2020-07-07,2020-07-10,除息
4571,2021-03-12,2021-03-17,股東常會
4571,2021-06-04,2021-06-09,除息
4571,2021-10-27,2021-11-01,現金增資
4571,2022-03-14,2022-03-17,股東常會
4571,2022-06-02,2022-06-08,除息
4571,2023-03-16,2023-03-21,股東常會
4571,2023-06-06,2023-06-09,除息
4571,2024-03-22,2024-03-27,股東常會
4571,2024-06-13,2024-06-18,除息
4571,2025-03-14,2025-03-19,股東常會
4571,2025-06-18,2025-06-23,除息
4571,2026-03-13,2026-03-18,股東常會
4571,2026-06-17,2026-06-23,除息
4572,2020-04-10,2020-04-15,股東常會
4572,2020-07-01,2020-07-06,除息
4572,2021-04-16,2021-04-21,股東常會
4572,2021-08-06,2021-08-11,除息
4572,2022-04-08,2022-04-13,股東常會
4572,2022-07-08,2022-07-13,除息
4572,2023-04-21,2023-04-26,股東常會
4572,2023-08-18,2023-08-23,除權息
4572,2024-04-19,2024-04-24,股東常會
4572,2024-07-19,2024-07-24,除息
4572,2025-03-21,2025-03-26,股東常會
4572,2025-07-22,2025-07-25,除權息
4572,2026-03-20,2026-03-25,股東常會
4572,2026-07-10,2026-07-15,除息
4576,2020-04-17,2020-04-22,股東常會
4576,2020-07-30,2020-08-04,除權息
4576,2021-04-16,2021-04-21,股東常會
4576,2021-08-16,2021-08-19,除息
4576,2021-09-17,2021-09-24,除權
4576,2022-03-25,2022-03-30,股東常會
4576,2022-07-14,2022-07-19,除息
4576,2023-03-24,2023-03-29,股東常會
4576,2023-07-13,2023-07-18,除息
4576,2024-03-22,2024-03-27,股東常會
4576,2024-07-11,2024-07-16,除息
4576,2025-03-21,2025-03-26,股東常會
4576,2025-07-11,2025-07-16,除息
4576,2026-03-20,2026-03-25,股東常會
4576,2026-07-02,2026-07-07,除息
4581,2021-04-22,2021-04-27,股東常會
4581,2021-08-25,2021-08-30,除息
4581,2022-04-22,2022-04-27,股東常會
4581,2022-07-15,2022-07-20,除息
4581,2023-04-10,2023-04-13,股東常會
4581,2023-07-19,2023-07-24,除息
4581,2024-04-15,2024-04-18,股東常會
4581,2024-07-19,2024-07-24,除息
4581,2025-04-18,2025-04-23,股東常會
4581,2025-07-25,2025-07-30,除息
4581,2026-04-20,2026-04-23,股東常會
4581,2026-08-06,2026-08-11,除息
4583,2024-03-18,2024-03-21,股東常會
4583,2025-03-17,2025-03-20,除息
4583,2026-03-23,2026-03-26,股東常會
4585,2026-05-22,2026-05-27,除息
4588,2025-04-14,2025-04-17,股東常會
4588,2025-07-04,2025-07-09,除息
4588,2026-04-10,2026-04-15,股東常會
4588,2026-07-08,2026-07-13,除息
4720,2018-04-20,2018-04-25,股東常會
4720,2018-07-24,2018-07-27,除息
4720,2019-04-18,2019-04-23,股東常會
4720,2019-07-18,2019-07-23,除息
4720,2020-04-10,2020-04-15,股東常會
4720,2020-07-15,2020-07-20,除息
4720,2021-04-12,2021-04-15,股東常會
4720,2021-09-03,2021-09-08,除權
4720,2022-04-21,2022-04-26,股東常會
4720,2022-07-26,2022-07-29,除息
4720,2023-04-20,2023-04-25,股東常會
4720,2023-07-28,2023-08-02,除息
4720,2024-04-18,2024-04-23,股東常會
4720,2024-07-19,2024-07-24,除息
4720,2025-03-21,2025-03-26,股東常會
4720,2025-07-03,2025-07-08,除息
4720,2026-03-23,2026-03-26,股東常會
4720,2026-07-03,2026-07-08,除息
4722,2018-03-23,2018-03-28,股東常會
4722,2018-07-06,2018-07-11,除權息
4722,2019-03-22,2019-03-27,股東常會
4722,2019-06-18,2019-06-21,除息
4722,2020-04-01,2020-04-08,股東常會
4722,2020-07-01,2020-07-06,除息
4722,2021-03-22,2021-03-25,股東常會
4722,2021-07-23,2021-07-28,除息
4722,2022-03-24,2022-03-29,股東常會
4722,2022-06-22,2022-06-27,除息
4722,2023-03-28,2023-03-31,股東常會
4722,2023-06-06,2023-06-09,除息
4722,2024-03-22,2024-03-27,股東常會
4722,2024-05-31,2024-06-05,除息
4722,2025-03-17,2025-03-20,股東常會
4722,2025-06-04,2025-06-09,除息
4722,2026-03-19,2026-03-24,股東常會
4722,2026-06-24,2026-06-29,除息
4736,2018-03-26,2018-03-29,股東常會
4736,2018-08-03,2018-08-08,除息
4736,2019-03-27,2019-04-01,股東常會
4736,2019-07-05,2019-07-10,除息
4736,2020-03-20,2020-03-25,股東常會
4736,2020-08-04,2020-08-07,除息
4736,2021-03-19,2021-03-24,股東常會
4736,2021-09-10,2021-09-15,除息
4736,2022-03-18,2022-03-23,股東常會
4736,2022-07-29,2022-08-03,除息
4736,2023-03-17,2023-03-22,股東常會
4736,2023-08-29,2023-09-01,除息
4736,2024-03-22,2024-03-27,股東常會
4736,2024-09-03,2024-09-06,除息
4736,2025-03-26,2025-03-31,股東常會
4736,2025-08-29,2025-09-03,除息
4736,2026-03-20,2026-03-25,股東常會
4736,2026-08-21,2026-08-26,除權息
4737,2018-04-13,2018-04-18,股東常會
4737,2018-07-03,2018-07-06,除息
4737,2019-04-12,2019-04-17,股東常會
4737,2019-07-26,2019-07-31,除息
4737,2020-04-23,2020-04-28,股東常會
4737,2020-07-17,2020-07-22,除息
4737,2021-04-16,2021-04-21,股東常會
4737,2021-07-20,2021-07-23,除息
4737,2022-04-15,2022-04-20,股東常會
4737,2022-07-15,2022-07-20,除息
4737,2023-04-21,2023-04-26,股東常會
4737,2023-07-18,2023-07-21,除息
4737,2024-04-22,2024-04-25,股東常會
4737,2024-07-23,2024-07-26,除息
4737,2025-04-11,2025-04-16,股東常會
4737,2025-09-02,2025-09-05,除權
4737,2026-01-02,2026-01-07,現金增資
4737,2026-04-20,2026-04-23,股東常會
4739,2018-03-27,2018-03-30,股東常會
4739,2018-07-03,2018-07-06,除息
4739,2018-11-07,2018-11-12,現金增資
4739,2019-04-12,2019-04-17,股東常會
4739,2019-07-02,2019-07-05,除息
4739,2020-04-06,2020-04-09,股東常會
4739,2020-06-23,2020-06-30,除息
4739,2020-12-24,2020-12-29,現金增資
4739,2021-03-25,2021-03-30,股東常會
4739,2021-07-14,2021-07-19,除息
4739,2021-10-15,2021-10-20,現金增資
4739,2022-03-21,2022-03-24,股東常會
4739,2022-06-20,2022-06-23,除息
4739,2023-04-21,2023-04-26,股東常會
4739,2023-07-26,2023-07-31,除息
4739,2023-08-23,2023-08-28,現金增資
4739,2024-03-21,2024-03-26,股東常會
4739,2024-06-18,2024-06-21,除息
4739,2025-03-21,2025-03-26,股東常會
4739,2025-06-19,2025-06-24,除息
4739,2025-12-12,2025-12-17,現金增資
4739,2026-03-19,2026-03-24,股東常會
4739,2026-06-15,2026-06-18,除息
4746,2018-04-13,2018-04-18,股東常會
4746,2018-06-29,2018-07-04,現金增資
4746,2019-04-19,2019-04-24,股東常會
4746,2019-08-08,2019-08-13,除息
4746,2020-02-27,2020-03-04,現金增資
4746,2020-04-23,2020-04-28,股東常會
4746,2021-02-02,2021-02-05,其它利益
4746,2021-04-22,2021-04-27,股東常會
4746,2022-04-15,2022-04-20,股東常會
4746,2022-07-21,2022-07-26,除息
4746,2023-04-21,2023-04-26,股東常會
4746,2023-08-18,2023-08-23,除息
4746,2024-04-19,2024-04-24,股東常會
4746,2024-08-07,2024-08-12,除息
4746,2025-04-14,2025-04-17,股東常會
4746,2025-08-15,2025-08-20,除息
4746,2026-04-17,2026-04-22,股東常會
4746,2026-08-18,2026-08-21,除息
4755,2018-04-03,2018-04-11,股東常會
4755,2018-06-27,2018-07-02,除息
4755,2019-04-03,2019-04-10,股東常會
4755,2019-06-25,2019-06-28,除息
4755,2020-04-10,2020-04-15,股東常會
4755,2020-06-30,2020-07-03,除息
4755,2020-10-23,2020-10-28,現金增資
4755,2021-04-09,2021-04-14,股東常會
4755,2021-07-15,2021-07-20,除息
4755,2022-04-11,2022-04-14,股東常會
4755,2022-06-29,2022-07-04,除息
4755,2023-04-10,2023-04-13,股東常會
4755,2023-06-30,2023-07-05,除息
4755,2024-04-03,2024-04-10,股東常會
4755,2024-07-03,2024-07-08,除息
4755,2025-04-01,2025-04-08,股東常會
4755,2025-06-23,2025-06-26,除息
4755,2025-11-12,2025-11-17,其他
4755,2026-04-02,2026-04-09,股東常會
4755,2026-06-25,2026-06-30,除息
4763,2018-04-16,2018-04-19,股東常會
4763,2018-08-13,2018-08-16,除息
4763,2019-04-22,2019-04-25,股東常會
4763,2019-08-29,2019-09-03,除權息
4763,2020-04-17,2020-04-22,股東常會
4763,2020-08-28,2020-09-02,除息
4763,2021-02-02,2021-02-05,股東常會
4763,2021-05-17,2021-05-20,除權
4763,2021-09-15,2021-09-22,除息
4763,2022-03-21,2022-03-24,股東常會
4763,2022-07-14,2022-07-19,現金增資
4763,2022-09-23,2022-09-28,除息
4763,2022-12-13,2022-12-16,除息
4763,2023-03-24,2023-03-29,股東常會
4763,2023-07-21,2023-07-26,現金增資
4763,2023-09-26,2023-10-02,除權息
4763,2023-11-22,2023-11-27,除息
4763,2024-03-22,2024-03-27,股東常會
4763,2024-09-06,2024-09-11,除權息
4763,2024-12-12,2024-12-17,除息
4763,2025-03-14,2025-03-19,股東常會
4763,2025-06-13,2025-06-18,變更面額
4763,2025-07-09,2025-07-14,除息
4763,2026-04-20,2026-04-23,股東常會
4763,2026-09-10,2026-09-15,除息
4764,2018-08-24,2018-08-29,除息
4764,2019-04-19,2019-04-24,股東常會
4764,2019-08-02,2019-08-07,除權息
4764,2020-04-17,2020-04-22,股東常會
4764,2020-09-28,2020-10-05,除息
4764,2021-04-16,2021-04-21,股東常會
4764,2021-08-26,2021-08-31,除權息
4764,2022-04-15,2022-04-20,股東常會
4764,2022-07-14,2022-07-19,除權息
4764,2023-04-21,2023-04-26,股東常會
4764,2023-07-17,2023-07-20,除息
4764,2024-04-22,2024-04-25,股東常會
4764,2025-04-18,2025-04-23,股東常會
4764,2026-04-17,2026-04-22,除息
4764,2026-07-20,2026-07-23,現金增資
4764,2026-08-14,2026-08-19,現金增資
4766,2019-07-29,2019-08-01,除息
4766,2020-04-10,2020-04-15,股東常會
4766,2020-07-29,2020-08-03,除息
4766,2021-04-09,2021-04-14,股東常會
4766,2021-07-30,2021-08-04,除息
4766,2022-04-15,2022-04-20,股東常會
4766,2022-07-29,2022-08-03,除息
4766,2023-04-14,2023-04-19,股東常會
4766,2023-06-15,2023-06-20,除息
4766,2024-04-03,2024-04-10,股東常會
4766,2024-06-14,2024-06-19,除息
4766,2025-04-11,2025-04-16,股東常會
4766,2025-06-13,2025-06-18,除息
4766,2026-03-23,2026-03-26,股東常會
4766,2026-06-16,2026-06-22,除息
4770,2023-03-20,2023-03-23,股東常會
4770,2024-03-22,2024-03-27,股東常會
4770,2025-03-21,2025-03-26,股東常會
4770,2026-03-26,2026-03-31,股東常會
4771,2025-03-17,2025-03-20,股東常會
4771,2025-07-04,2025-07-09,除息
4771,2026-03-19,2026-03-24,股東常會
4771,2026-07-20,2026-07-23,除息
4807,2018-07-05,2018-07-10,除息
4807,2019-04-22,2019-04-25,股東常會
4807,2019-08-20,2019-08-23,除息
4807,2020-04-10,2020-04-15,股東常會
4807,2021-04-16,2021-04-21,股東常會
4807,2021-08-27,2021-09-01,除息
4807,2022-03-31,2022-04-07,股東常會
4807,2022-08-30,2022-09-02,除息
4807,2023-03-20,2023-03-23,股東常會
4807,2023-07-04,2023-07-07,除息
4807,2024-03-22,2024-03-27,股東常會
4807,2025-03-21,2025-03-26,股東常會
4807,2026-02-26,2026-03-04,現金增資
4807,2026-03-20,2026-03-25,股東常會
4904,2018-04-03,2018-04-11,股東常會
4904,2018-07-05,2018-07-10,除息
4904,2019-04-12,2019-04-17,股東常會
4904,2019-07-10,2019-07-15,除息
4904,2020-04-13,2020-04-16,股東常會
4904,2020-07-08,2020-07-13,除息
4904,2021-04-16,2021-04-21,股東常會
4904,2021-07-19,2021-07-22,除息
4904,2022-04-08,2022-04-13,股東常會
4904,2022-07-08,2022-07-13,除息
4904,2023-03-24,2023-03-29,股東常會
4904,2023-06-29,2023-07-04,除息
4904,2024-04-15,2024-04-18,股東常會
4904,2024-07-04,2024-07-09,除息
4904,2025-03-10,2025-03-13,股東常會
4904,2025-07-03,2025-07-08,除息
4904,2026-03-13,2026-03-18,股東常會
4904,2026-07-02,2026-07-07,除息
4906,2018-04-09,2018-04-12,股東常會
4906,2018-07-10,2018-07-13,除息
4906,2019-04-12,2019-04-17,股東常會
4906,2020-04-01,2020-04-08,股東常會
4906,2020-07-01,2020-07-06,除息
4906,2021-04-12,2021-04-15,股東常會
4906,2021-07-29,2021-08-03,除息
4906,2022-03-30,2022-04-06,股東常會
4906,2022-06-28,2022-07-01,除息
4906,2023-03-23,2023-03-28,股東常會
4906,2023-06-08,2023-06-13,除息
4906,2024-03-22,2024-03-27,股東常會
4906,2024-06-20,2024-06-25,除息
4906,2025-03-21,2025-03-26,股東常會
4906,2025-06-27,2025-07-02,除息
4906,2026-03-19,2026-03-24,股東常會
4906,2026-06-15,2026-06-18,除息
4912,2018-04-02,2018-04-10,股東常會
4912,2018-08-02,2018-08-07,除息
4912,2019-04-11,2019-04-16,股東常會
4912,2019-08-09,2019-08-14,除權息
4912,2020-04-09,2020-04-14,股東常會
4912,2020-07-07,2020-07-10,除息
4912,2020-12-14,2020-12-17,除息
4912,2021-04-22,2021-04-27,股東常會
4912,2021-07-02,2021-07-07,除息
4912,2021-08-31,2021-09-03,除權
4912,2021-09-24,2021-09-29,除息
4912,2021-12-02,2021-12-07,除息
4912,2022-04-22,2022-04-27,除息
4912,2022-07-19,2022-07-22,除息
4912,2022-10-11,2022-10-14,除息
4912,2022-12-22,2022-12-27,除息
4912,2023-04-21,2023-04-26,股東常會
4912,2023-09-22,2023-09-27,除息
4912,2023-12-20,2023-12-25,除息
4912,2024-03-26,2024-03-29,除息
4912,2024-04-12,2024-04-17,股東常會
4912,2024-07-19,2024-07-24,除息
4912,2024-09-18,2024-09-23,除息
4912,2024-12-03,2024-12-06,除息
4912,2025-03-21,2025-03-26,股東常會
4912,2025-07-17,2025-07-22,除息
4912,2025-07-29,2025-08-01,除權
4912,2025-09-17,2025-09-22,除息
4912,2025-12-17,2025-12-22,除息
4912,2026-03-23,2026-03-26,股東常會
4912,2026-05-27,2026-06-01,除息
4912,2026-09-04,2026-09-09,除息
4915,2018-03-26,2018-03-29,股東常會
4915,2018-06-29,2018-07-04,除息
4915,2019-04-12,2019-04-17,股東常會
4915,2019-07-16,2019-07-19,除息
4915,2020-04-17,2020-04-22,股東常會
4915,2020-07-14,2020-07-17,除息
4915,2021-03-22,2021-03-25,股東常會
4915,2021-08-03,2021-08-06,除息
4915,2022-03-18,2022-03-23,股東常會
4915,2022-06-17,2022-06-22,除息
4915,2023-03-17,2023-03-22,股東常會
4915,2023-06-28,2023-07-03,除息
4915,2024-03-18,2024-03-21,股東常會
4915,2024-06-14,2024-06-19,除息
4915,2025-03-17,2025-03-20,股東常會
4915,2025-06-13,2025-06-18,除息
4915,2026-03-23,2026-03-26,股東常會
4915,2026-06-23,2026-06-26,除息
4916,2018-03-26,2018-03-29,股東常會
4916,2018-08-10,2018-08-15,除息
4916,2019-03-25,2019-03-28,股東常會
4916,2019-06-28,2019-07-03,除息
4916,2020-03-20,2020-03-25,股東常會
4916,2020-06-24,2020-07-01,除息
4916,2021-03-25,2021-03-30,股東常會
4916,2021-08-06,2021-08-11,除息
4916,2022-03-25,2022-03-30,股東常會
4916,2022-08-11,2022-08-16,除息
4916,2023-03-24,2023-03-29,股東常會
4916,2023-06-26,2023-06-29,除息
4916,2024-03-25,2024-03-28,股東常會
4916,2024-07-23,2024-07-26,除息
4916,2025-03-21,2025-03-26,股東常會
4916,2025-07-22,2025-07-25,除息
4916,2026-03-23,2026-03-26,股東常會
4916,2026-07-24,2026-07-29,除息
4919,2018-04-03,2018-04-11,股東常會
4919,2018-08-07,2018-08-10,除息
4919,2019-04-18,2019-04-23,股東常會
4919,2019-08-06,2019-08-09,除息
4919,2019-09-04,2019-09-09,現金增資
4919,2020-03-23,2020-03-26,股東常會
4919,2020-08-05,2020-08-10,除息
4919,2020-10-22,2020-10-27,現金增資
4919,2021-04-01,2021-04-08,股東常會
4919,2021-08-10,2021-08-13,除息
4919,2022-03-25,2022-03-30,股東常會
4919,2022-07-26,2022-07-29,除息
4919,2023-03-20,2023-03-23,股東常會
4919,2023-07-25,2023-07-28,除息
4919,2024-03-22,2024-03-27,股東常會
4919,2024-07-23,2024-07-26,除息
4919,2025-03-20,2025-03-25,股東常會
4919,2025-07-22,2025-07-25,除息
4919,2026-03-20,2026-03-25,股東常會
4927,2018-04-09,2018-04-12,股東常會
4927,2019-03-27,2019-04-01,股東常會
4927,2019-08-06,2019-08-09,除息
4927,2020-03-26,2020-03-31,股東常會
4927,2020-07-28,2020-07-31,除息
4927,2021-03-25,2021-03-30,股東常會
4927,2021-07-13,2021-07-16,除息
4927,2022-03-18,2022-03-23,股東常會
4927,2022-07-05,2022-07-08,除息
4927,2023-03-24,2023-03-29,股東常會
4927,2023-07-27,2023-08-01,除息
4927,2024-03-22,2024-03-27,股東常會
4927,2024-10-04,2024-10-09,現金增資
4927,2025-03-21,2025-03-26,股東常會
4927,2025-08-19,2025-08-22,現金增資
4927,2026-02-10,2026-02-24,股東常會
4930,2018-04-13,2018-04-18,股東常會
4930,2019-04-12,2019-04-17,股東常會
4930,2020-04-10,2020-04-15,股東常會
4930,2020-07-01,2020-07-06,除息
4930,2021-04-12,2021-04-15,除息
4930,2022-03-11,2022-03-16,減資
4930,2022-03-24,2022-03-29,除息
4930,2022-04-15,2022-04-20,股東常會
4930,2023-03-24,2023-03-29,股東常會
4930,2024-03-22,2024-03-27,股東常會
4930,2025-03-26,2025-03-31,股東常會
4930,2026-03-20,2026-03-25,股東常會
4934,2018-04-20,2018-04-25,股東常會
4934,2019-04-15,,股東常會
4934,2020-01-03,,減資
4934,2020-04-17,,股東常會
4934,2021-03-22,,股東常會
4934,2021-08-23,,現金增資
4934,2021-09-06,,現金增資
4934,2022-04-15,,股東常會
4934,2023-04-21,,股東常會
4934,2024-03-22,2024-03-27,股東常會
4934,2025-03-21,,股東常會
4934,2026-03-16,,股東常會
4934,2026-06-02,,其他
4935,2018-04-16,2018-04-19,股東常會
4935,2018-07-13,2018-07-18,除息
4935,2019-04-18,2019-04-23,股東常會
4935,2019-07-12,2019-07-17,除息
4935,2020-04-10,2020-04-15,股東常會
4935,2020-07-09,2020-07-14,除息
4935,2021-03-22,2021-03-25,股東常會
4935,2021-09-09,2021-09-14,除息
4935,2022-03-18,2022-03-23,股東常會
4935,2022-07-20,2022-07-25,除息
4935,2023-03-24,2023-03-29,股東常會
4935,2023-07-11,2023-07-14,除息
4935,2024-03-22,2024-03-27,股東常會
4935,2024-07-15,2024-07-18,除息
4935,2025-03-21,2025-03-26,股東常會
4935,2025-06-10,2025-06-13,除息
4935,2026-03-20,2026-03-25,股東常會
4935,2026-06-18,2026-06-24,除息
4938,2018-04-13,2018-04-18,股東常會
4938,2018-07-24,2018-07-27,除息
4938,2019-04-15,2019-04-18,股東常會
4938,2019-07-25,2019-07-30,除息
4938,2020-04-13,2020-04-16,股東常會
4938,2020-06-22,2020-06-29,除息
4938,2021-04-16,2021-04-21,股東常會
4938,2021-06-24,2021-06-29,除息
4938,2022-04-08,2022-04-13,股東常會
4938,2022-06-24,2022-06-29,除息
4938,2023-04-07,2023-04-12,股東常會
4938,2023-06-28,2023-07-03,除息
4938,2024-04-08,2024-04-11,股東常會
4938,2024-06-21,2024-06-26,除息
4938,2025-03-27,2025-04-01,股東常會
4938,2025-06-11,2025-06-16,除息
4938,2026-03-20,2026-03-25,股東常會
4938,2026-06-09,2026-06-12,除息
4942,2018-04-02,2018-04-10,股東常會
4942,2018-08-20,2018-08-23,除息
4942,2019-04-18,2019-04-23,股東常會
4942,2019-08-19,2019-08-22,除息
4942,2020-04-09,2020-04-14,股東常會
4942,2020-08-21,2020-08-26,除息
4942,2021-04-22,2021-04-27,股東常會
4942,2021-08-16,2021-08-19,除息
4942,2022-04-15,2022-04-20,股東常會
4942,2022-08-19,2022-08-24,除息
4942,2023-03-23,2023-03-28,股東常會
4942,2023-07-21,2023-07-26,除息
4942,2024-03-22,2024-03-27,股東常會
4942,2024-07-25,2024-07-30,除息
4942,2025-03-20,2025-03-25,股東常會
4942,2025-07-25,2025-07-30,除息
4942,2026-03-19,2026-03-24,股東常會
4942,2026-07-23,2026-07-28,除息
4943,2018-07-23,2018-07-26,除權息
4943,2019-04-11,2019-04-16,股東常會
4943,2019-07-23,2019-07-26,除權息
4943,2020-04-09,2020-04-14,股東常會
4943,2020-08-25,2020-08-28,除權息
4943,2021-04-19,2021-04-22,股東常會
4943,2021-09-07,2021-09-10,除息
4943,2022-04-21,,股東常會
4943,2023-04-07,,減資
4943,2023-04-21,,股東常會
4943,2024-04-19,,股東常會
4943,2025-04-21,,股東常會
4943,2026-04-20,,股東常會
4949,2025-03-21,2025-03-26,股東常會
4949,2026-03-19,2026-03-24,除息
4952,2018-04-03,2018-04-11,股東常會
4952,2018-07-03,2018-07-06,除息
4952,2019-04-03,2019-04-10,股東常會
4952,2019-06-27,2019-07-02,除息
4952,2020-04-01,2020-04-08,股東常會
4952,2020-06-29,2020-07-02,除息
4952,2021-03-25,2021-03-30,股東常會
4952,2021-08-05,2021-08-10,除息
4952,2022-03-21,2022-03-24,股東常會
4952,2022-06-16,2022-06-21,除息
4952,2023-03-17,2023-03-22,股東常會
4952,2023-06-26,2023-06-29,除息
4952,2024-03-18,2024-03-21,股東常會
4952,2024-06-19,2024-06-24,除息
4952,2025-03-21,2025-03-26,股東常會
4952,2025-06-19,2025-06-24,除息
4952,2026-03-20,2026-03-25,股東常會
4952,2026-06-17,2026-06-23,除息
4956,2018-03-29,2018-04-02,股東常會
4956,2018-07-06,2018-07-11,除息
4956,2019-04-08,2019-04-11,股東常會
4956,2020-04-06,2020-04-09,股東常會
4956,2021-04-09,2021-04-14,股東常會
4956,2022-04-08,2022-04-13,股東常會
4956,2022-08-18,2022-08-23,除息
4956,2023-03-20,2023-03-23,股東常會
4956,2024-04-12,2024-04-17,股東常會
4956,2025-04-14,2025-04-17,股東常會
4956,2026-04-17,2026-04-22,股東常會
4958,2018-03-28,2018-03-31,股東常會
4958,2018-07-09,2018-07-12,除息
4958,2019-04-15,2019-04-18,股東常會
4958,2019-07-02,2019-07-05,除息
4958,2020-04-13,2020-04-16,股東常會
4958,2020-07-02,2020-07-07,除息
4958,2021-04-12,2021-04-15,股東常會
4958,2021-06-24,2021-06-29,除息
4958,2022-03-25,2022-03-30,股東常會
4958,2022-06-14,2022-06-17,除息
4958,2023-03-24,2023-03-29,股東常會
4958,2023-05-30,2023-06-02,除息
4958,2024-03-22,2024-03-27,股東常會
4958,2024-05-31,2024-06-05,除息
4958,2025-03-21,2025-03-26,股東常會
4958,2025-06-06,2025-06-11,除息
4958,2026-03-23,2026-03-26,股東常會
4958,2026-06-02,2026-06-05,除息
4960,2018-04-16,2018-04-19,股東常會
4960,2019-04-22,,股東常會
4960,2020-02-20,,股東常會
4960,2021-02-19,2021-02-24,股東常會
4960,2022-04-21,2022-04-26,股東常會
4960,2022-07-11,2022-07-14,除息
4960,2023-04-10,2023-04-13,減資
4960,2023-04-21,2023-04-26,股東常會
4960,2023-07-11,2023-07-14,除息
4960,2024-03-28,2024-04-02,股東常會
4960,2025-03-21,2025-03-26,股東常會
4960,2026-04-23,2026-04-28,股東常會
4961,2019-08-26,2019-08-29,除息
4961,2020-04-17,2020-04-22,股東常會
4961,2020-08-19,2020-08-24,除息
4961,2021-03-12,2021-03-17,股東常會
4961,2021-06-10,2021-06-16,除息
4961,2021-07-08,2021-07-13,現金增資
4961,2022-04-15,2022-04-20,股東常會
4961,2022-07-29,2022-08-03,除息
4961,2023-03-24,2023-03-29,股東常會
4961,2023-06-19,2023-06-26,除息
4961,2023-09-01,2023-09-06,減資
4961,2024-03-25,2024-03-28,股東常會
4961,2024-06-21,2024-06-26,除息
4961,2025-03-20,2025-03-25,股東常會
4961,2025-06-25,2025-06-30,除息
4961,2026-03-23,2026-03-26,股東常會
4961,2026-06-25,2026-06-30,除息
4967,2019-09-24,2019-09-27,除息
4967,2020-04-10,2020-04-15,股東常會
4967,2020-09-18,2020-09-23,除息
4967,2021-04-22,2021-04-27,股東常會
4967,2021-09-23,2021-09-28,除息
4967,2022-04-22,2022-04-27,股東常會
4967,2022-09-23,2022-09-28,減資
4967,2023-04-21,2023-04-26,股東常會
4967,2023-09-21,2023-09-26,除息
4967,2024-04-12,2024-04-17,股東常會
4967,2024-09-26,2024-10-01,除息
4967,2025-03-21,2025-03-26,股東常會
4967,2025-09-25,2025-10-01,除息
4967,2026-03-09,2026-03-12,股東常會
4967,2026-08-11,2026-08-14,除息
4968,2018-04-20,2018-04-25,股東常會
4968,2018-09-12,2018-09-17,除權息
4968,2019-03-18,2019-03-21,股東常會
4968,2019-07-01,2019-07-04,除息
4968,2020-03-23,2020-03-26,股東常會
4968,2020-07-20,2020-07-23,除息
4968,2021-03-19,2021-03-24,股東常會
4968,2021-09-15,2021-09-22,除權息
4968,2022-03-18,2022-03-23,股東常會
4968,2022-06-28,2022-07-01,除息
4968,2022-07-20,2022-07-25,現金增資
4968,2023-03-17,2023-03-22,股東常會
4968,2024-03-22,2024-03-27,股東常會
4968,2025-03-21,2025-03-26,股東常會
4968,2025-08-22,2025-08-27,除息
4968,2026-03-20,2026-03-25,股東常會
4968,2026-07-06,2026-07-09,除息
4976,2018-04-13,2018-04-18,股東常會
4976,2019-04-19,2019-04-24,股東常會
4976,2020-04-17,2020-04-22,股東常會
4976,2021-04-16,2021-04-21,股東常會
4976,2021-06-21,2021-06-24,現金增資
4976,2022-04-15,2022-04-20,股東常會
4976,2023-04-21,2023-04-26,股東常會
4976,2024-04-19,2024-04-24,股東常會
4976,2025-04-18,2025-04-23,股東常會
4976,2026-04-17,2026-04-22,股東常會
4977,2018-03-29,2018-04-02,股東常會
4977,2018-07-04,2018-07-09,除息
4977,2019-03-27,2019-04-01,股東常會
4977,2019-07-08,2019-07-11,除權息
4977,2019-08-08,2019-08-13,現金增資
4977,2020-04-01,2020-04-08,股東常會
4977,2020-06-18,2020-06-23,除息
4977,2021-03-31,2021-04-07,股東常會
4977,2021-06-04,2021-06-09,除息
4977,2022-04-18,2022-04-21,股東常會
4977,2022-07-08,2022-07-13,除息
4977,2022-12-06,2022-12-09,現金增資
4977,2023-03-28,2023-03-31,股東常會
4977,2023-07-27,2023-08-01,除息
4977,2024-04-19,2024-04-24,股東常會
4977,2024-08-07,2024-08-12,除息
4977,2025-04-10,2025-04-15,股東常會
4977,2025-06-26,2025-07-01,除息
4977,2026-03-31,2026-04-07,股東常會
4977,2026-07-16,2026-07-21,除息
4977,2026-08-26,2026-08-31,現金增資
4989,2019-04-12,2019-04-17,股東常會
4989,2019-07-01,2019-07-04,除息
4989,2020-04-17,2020-04-22,股東常會
4989,2020-07-22,2020-07-27,除息
4989,2021-04-16,2021-04-21,股東常會
4989,2021-11-12,2021-11-17,減資
4989,2021-11-26,2021-12-01,除息
4989,2022-04-15,2022-04-20,股東常會
4989,2022-07-22,2022-07-27,除息
4989,2023-04-21,2023-04-26,股東常會
4989,2023-07-26,2023-07-31,除息
4989,2024-04-12,2024-04-17,股東常會
4989,2025-04-14,2025-04-17,股東常會
4989,2026-04-20,2026-04-23,股東常會
4989,2026-06-23,2026-06-26,現金增資
4994,2018-04-20,2018-04-25,股東常會
4994,2019-04-12,,股東常會
4994,2020-04-09,2020-04-14,股東常會
4994,2020-06-29,2020-07-02,除息
4994,2021-04-16,2021-04-21,股東常會
4994,2021-08-05,2021-08-10,除息
4994,2022-04-08,2022-04-13,股東常會
4994,2022-07-06,2022-07-11,除息
4994,2023-03-24,2023-03-29,股東常會
4994,2023-06-12,2023-06-15,除息
4994,2023-09-21,2023-09-26,減資
4994,2024-03-22,2024-03-27,股東常會
4994,2024-06-12,2024-06-17,除息
4994,2025-03-21,2025-03-26,股東常會
4994,2025-06-09,2025-06-12,除息
4994,2026-03-16,2026-03-19,股東常會
4994,2026-06-03,2026-06-08,除息
4999,2018-04-20,2018-04-25,股東常會
4999,2018-07-05,2018-07-10,除息
4999,2019-04-19,2019-04-24,股東常會
4999,2019-07-08,2019-07-11,除息
4999,2020-04-17,2020-04-22,股東常會
4999,2020-07-13,2020-07-16,除息
4999,2021-04-16,2021-04-21,股東常會
4999,2021-06-25,2021-06-30,除息
4999,2022-04-15,2022-04-20,股東常會
4999,2022-07-04,2022-07-07,除息
4999,2023-04-21,2023-04-26,股東常會
4999,2023-07-10,2023-07-13,除息
4999,2024-04-19,2024-04-24,股東常會
4999,2024-07-08,2024-07-11,除息
4999,2025-04-18,2025-04-23,股東常會
4999,2025-07-04,2025-07-09,除息
4999,2026-04-17,2026-04-22,股東常會
4999,2026-07-07,2026-07-10,除息
5007,2018-04-03,2018-04-11,股東常會
5007,2018-06-29,2018-07-04,除息
5007,2019-03-22,2019-03-27,股東常會
5007,2019-06-13,2019-06-18,除息
5007,2020-04-01,2020-04-08,股東常會
5007,2020-06-24,2020-07-01,除息
5007,2021-04-09,2021-04-14,股東常會
5007,2021-09-08,2021-09-13,除息
5007,2022-04-08,2022-04-13,股東常會
5007,2022-06-28,2022-07-01,除息
5007,2023-03-22,2023-03-27,除息
5007,2023-04-07,2023-04-12,股東常會
5007,2024-03-20,2024-03-25,除息
5007,2024-04-03,2024-04-10,股東常會
5007,2025-03-19,2025-03-24,除息
5007,2025-04-11,2025-04-16,股東常會
5007,2026-03-26,2026-03-31,除息
5007,2026-04-10,2026-04-15,股東常會
5203,2018-04-13,2018-04-18,股東常會
5203,2018-08-07,2018-08-10,除息
5203,2019-04-19,2019-04-24,股東常會
5203,2019-08-08,2019-08-13,除息
5203,2020-04-17,2020-04-22,股東常會
5203,2020-08-06,2020-08-11,除息
5203,2021-04-09,2021-04-14,股東常會
5203,2021-08-06,2021-08-11,除息
5203,2022-04-15,2022-04-20,股東常會
5203,2022-08-05,2022-08-10,除息
5203,2023-04-14,2023-04-19,股東常會
5203,2023-08-07,2023-08-10,除息
5203,2024-04-12,2024-04-17,股東常會
5203,2024-08-06,2024-08-09,除息
5203,2025-04-11,2025-04-16,股東常會
5203,2025-08-08,2025-08-13,除息
5203,2026-04-10,2026-04-15,股東常會
5203,2026-08-06,2026-08-11,除息
5215,2018-04-13,2018-04-18,股東常會
5215,2018-07-03,2018-07-06,除息
5215,2019-04-12,2019-04-17,股東常會
5215,2019-07-03,2019-07-08,除息
5215,2020-02-13,2020-02-18,現金增資
5215,2020-04-17,2020-04-22,現金增資
5215,2020-07-07,2020-07-10,除息
5215,2021-01-26,2021-01-29,現金增資
5215,2021-04-16,2021-04-21,股東常會
5215,2021-06-23,2021-06-28,除息
5215,2022-04-22,2022-04-27,股東常會
5215,2022-07-11,2022-07-14,除息
5215,2023-04-21,2023-04-26,股東常會
5215,2023-07-04,2023-07-07,除息
5215,2024-04-19,2024-04-24,股東常會
5215,2024-07-03,2024-07-08,除息
5215,2025-04-18,2025-04-23,股東常會
5215,2025-07-08,2025-07-11,除息
5215,2026-04-17,2026-04-22,股東常會
5215,2026-07-03,2026-07-08,除息
5222,2023-03-24,2023-03-29,除息
5222,2023-04-21,2023-04-26,股東常會
5222,2023-08-17,2023-08-22,除權
5222,2024-03-21,2024-03-26,除息
5222,2024-04-03,2024-04-10,股東常會
5222,2024-08-15,2024-08-20,除權
5222,2025-03-18,2025-03-21,除息
5222,2025-04-02,2025-04-09,股東常會
5222,2025-08-11,2025-08-14,除權
5222,2026-03-24,2026-03-27,除息
5222,2026-04-10,2026-04-15,股東常會
5222,2026-08-14,2026-08-19,除權
5225,2018-04-02,2018-04-10,股東常會
5225,2018-06-21,2018-06-26,除息
5225,2019-04-02,2019-04-09,股東常會
5225,2019-06-20,2019-06-25,除息
5225,2020-03-10,2020-03-13,除息
5225,2020-04-06,2020-04-09,股東常會
5225,2021-04-01,2021-04-08,股東常會
5225,2022-03-16,2022-03-21,除息
5225,2022-04-11,2022-04-14,股東常會
5225,2023-03-20,2023-03-23,除息
5225,2023-04-10,2023-04-13,股東常會
5225,2024-03-18,2024-03-21,股東常會
5225,2025-03-21,2025-03-26,股東常會
5225,2026-03-23,2026-03-26,除息
5234,2018-03-16,2018-03-21,股東常會
5234,2018-06-20,2018-06-25,除權息
5234,2019-03-18,2019-03-21,股東常會
5234,2019-06-06,2019-06-12,除息
5234,2020-04-13,2020-04-16,股東常會
5234,2020-07-03,2020-07-08,除息
5234,2021-04-09,2021-04-14,股東常會
5234,2021-07-15,2021-07-20,除息
5234,2022-04-08,2022-04-13,股東常會
5234,2022-06-28,2022-07-01,除息
5234,2023-04-07,2023-04-12,股東常會
5234,2023-06-29,2023-07-04,除息
5234,2024-03-18,2024-03-21,股東常會
5234,2024-06-28,2024-07-03,除息
5234,2025-03-07,2025-03-12,股東常會
5234,2025-05-21,2025-05-26,除息
5234,2026-03-16,2026-03-19,股東常會
5236,2022-04-08,2022-04-13,股東常會
5236,2022-06-24,2022-06-29,除息
5236,2023-04-07,2023-04-12,股東常會
5236,2023-06-28,2023-07-03,除息
5236,2024-04-03,2024-04-10,股東常會
5236,2024-06-24,2024-06-27,除息
5236,2025-03-21,2025-03-26,股東常會
5236,2025-06-27,2025-07-02,除權、息
5236,2026-03-23,2026-03-26,股東常會
5236,2026-05-28,2026-06-02,除息
5243,2018-04-13,2018-04-18,股東常會
5243,2018-08-21,2018-08-24,除息
5243,2019-04-12,2019-04-17,股東常會
5243,2019-08-01,2019-08-06,除息
5243,2020-04-13,2020-04-16,股東常會
5243,2020-07-27,2020-07-30,除息
5243,2021-04-12,2021-04-15,股東常會
5243,2021-08-19,2021-08-24,除息
5243,2022-04-18,2022-04-21,股東常會
5243,2022-08-22,2022-08-25,除息
5243,2023-04-14,2023-04-19,股東常會
5243,2023-08-23,2023-08-28,除息
5243,2024-04-12,2024-04-17,股東常會
5243,2024-08-27,2024-08-30,除息
5243,2025-04-14,2025-04-17,股東常會
5243,2025-08-27,2025-09-01,除息
5243,2026-04-01,2026-04-08,股東常會
5243,2026-09-08,2026-09-11,除息
5244,2023-03-17,2023-03-22,股東常會
5244,2023-06-06,2023-06-09,除息
5244,2024-03-22,2024-03-27,股東常會
5244,2024-06-12,2024-06-17,除息
5244,2025-03-21,2025-03-26,股東常會
5244,2025-07-07,2025-07-10,除息
5244,2026-03-20,2026-03-25,股東常會
5244,2026-06-22,2026-06-25,除息
5258,2018-04-20,2018-04-25,股東常會
5258,2018-11-20,2018-11-23,現金增資
5258,2019-04-12,2019-04-17,股東常會
5258,2020-04-10,2020-04-15,股東常會
5258,2021-04-19,2021-04-22,股東常會
5258,2021-11-17,2021-11-22,除息
5258,2022-04-15,2022-04-20,股東常會
5258,2022-06-30,2022-07-05,現金增資
5258,2022-10-17,2022-10-20,除息
5258,2023-04-14,2023-04-19,股東常會
5258,2023-10-12,2023-10-17,除權息
5258,2024-04-12,2024-04-17,股東常會
5258,2024-09-18,2024-09-23,除權息
5258,2025-04-11,2025-04-16,股東常會
5258,2025-08-01,2025-08-06,除息
5258,2026-03-20,2026-03-25,股東常會
5258,2026-09-17,2026-09-22,除息
5269,2018-04-03,2018-04-11,股東常會
5269,2018-08-15,2018-08-20,除息
5269,2019-04-03,2019-04-10,股東常會
5269,2019-08-09,2019-08-14,除息
5269,2020-04-06,2020-04-09,股東常會
5269,2020-08-19,2020-08-24,除息
5269,2021-04-01,2021-04-08,股東常會
5269,2021-08-20,2021-08-25,除息
5269,2022-03-30,2022-04-06,股東常會
5269,2022-08-19,2022-08-24,除息
5269,2023-04-10,2023-04-13,股東常會
5269,2023-07-26,2023-07-31,除息
5269,2024-04-12,2024-04-17,股東常會
5269,2024-07-26,2024-07-31,除息
5269,2025-04-07,2025-04-10,股東常會
5269,2025-07-17,2025-07-22,除息
5269,2026-04-10,2026-04-15,股東常會
5269,2026-07-15,2026-07-20,除息
5283,2020-03-16,2020-03-19,除息
5283,2020-03-25,2020-03-30,股東常會
5283,2020-08-28,2020-09-02,除息
5283,2021-03-16,2021-03-19,除息
5283,2021-03-30,2021-04-06,股東常會
5283,2021-08-27,2021-09-01,除息
5283,2022-03-11,2022-03-16,除息
5283,2022-03-30,2022-04-06,股東常會
5283,2022-08-29,2022-09-01,除息
5283,2023-03-10,2023-03-15,除息
5283,2023-03-24,2023-03-29,股東常會
5283,2023-08-25,2023-08-30,除息
5283,2024-03-13,2024-03-18,除息
5283,2024-04-18,2024-04-23,股東常會
5283,2024-08-23,2024-08-28,除息
5283,2025-03-26,2025-03-31,股東常會
5283,2025-10-27,2025-10-30,除權息
5283,2026-03-23,2026-03-26,除息
5283,2026-04-17,2026-04-22,股東常會
5283,2026-08-24,2026-08-27,除權息
5284,2018-04-20,2018-04-25,股東常會
5284,2018-07-19,2018-07-24,除息
5284,2019-04-19,2019-04-24,股東常會
5284,2019-07-10,2019-07-15,除息
5284,2019-11-21,2019-11-26,現金增資
5284,2020-04-17,2020-04-22,股東常會
5284,2020-07-23,2020-07-28,除息
5284,2021-04-16,2021-04-21,股東常會
5284,2021-08-03,2021-08-06,除息
5284,2022-04-15,2022-04-20,股東常會
5284,2022-07-18,2022-07-21,除息
5284,2023-04-14,2023-04-19,股東常會
5284,2023-07-04,2023-07-07,除息
5284,2024-04-12,2024-04-17,股東常會
5284,2024-07-04,2024-07-09,除息
5284,2024-11-08,2024-11-13,現金增資
5284,2025-04-11,2025-04-16,股東常會
5284,2025-07-14,2025-07-17,除息
5284,2026-04-10,2026-04-15,股東常會
5284,2026-07-03,2026-07-08,除息
5284,2026-08-19,2026-08-24,現金增資
5285,2018-04-16,2018-04-19,股東常會
5285,2018-07-26,2018-07-31,除息
5285,2019-04-15,2019-04-18,股東常會
5285,2019-08-07,2019-08-12,除息
5285,2020-04-17,2020-04-22,股東常會
5285,2020-07-29,2020-08-03,除息
5285,2021-04-16,2021-04-21,股東常會
5285,2021-07-28,2021-08-02,除息
5285,2022-04-15,2022-04-20,股東常會
5285,2022-07-06,2022-07-11,除息
5285,2023-04-13,2023-04-18,股東常會
5285,2023-06-28,2023-07-03,除息
5285,2024-04-15,2024-04-18,股東常會
5285,2024-07-03,2024-07-08,除息
5285,2025-04-18,2025-04-23,股東常會
5285,2025-06-25,2025-06-30,除息
5285,2026-04-17,2026-04-22,股東常會
5285,2026-06-18,2026-06-24,除息
5288,2018-04-03,2018-04-11,股東常會
5288,2018-08-14,2018-08-17,除息
5288,2019-03-25,2019-03-28,股東常會
5288,2019-08-13,2019-08-16,除息
5288,2020-03-23,2020-03-26,股東常會
5288,2020-08-13,2020-08-18,除息
5288,2021-03-22,2021-03-25,股東常會
5288,2021-08-13,2021-08-18,除息
5288,2022-03-25,2022-03-30,股東常會
5288,2022-08-26,2022-08-31,除息
5288,2023-03-24,2023-03-29,股東常會
5288,2023-08-07,2023-08-10,除息
5288,2024-03-25,2024-03-28,股東常會
5288,2024-08-09,2024-08-14,除息
5288,2025-03-21,2025-03-26,股東常會
5288,2025-08-01,2025-08-06,除息
5288,2026-03-23,2026-03-26,股東常會
5288,2026-07-31,2026-08-05,除息
5292,2024-07-05,2024-07-10,除權息
5292,2025-03-14,2025-03-19,股東常會
5292,2025-07-04,2025-07-09,除權息
5292,2026-03-13,2026-03-18,股東常會
5292,2026-07-03,2026-07-08,除權息
5306,2018-04-16,2018-04-19,股東常會
5306,2018-07-11,2018-07-16,除權、息
5306,2019-04-12,2019-04-17,股東常會
5306,2019-07-17,2019-07-22,除息
5306,2020-04-17,2020-04-22,股東常會
5306,2020-07-17,2020-07-22,除息
5306,2021-04-16,2021-04-21,股東常會
5306,2021-07-23,2021-07-28,除息
5306,2021-12-03,2021-12-08,除息
5306,2022-03-11,2022-03-16,除息
5306,2022-04-22,2022-04-27,股東常會
5306,2022-06-27,2022-06-30,除息
5306,2022-09-13,2022-09-16,除息
5306,2022-12-13,2022-12-16,除息
5306,2023-03-09,2023-03-14,除息
5306,2023-03-24,2023-03-29,股東常會
5306,2023-06-21,2023-06-28,除息
5306,2023-09-08,2023-09-13,除息
5306,2023-12-12,2023-12-15,除息
5306,2024-03-13,2024-03-18,除息
5306,2024-03-25,2024-03-28,股東常會
5306,2024-06-24,2024-06-27,除息
5306,2024-09-10,2024-09-13,除息
5306,2024-12-13,2024-12-18,除息
5306,2025-03-12,2025-03-17,除息
5306,2025-03-21,2025-03-26,股東常會
5306,2025-06-24,2025-06-27,除息
5306,2025-09-10,2025-09-15,除息
5306,2025-12-16,2025-12-19,除息
5306,2026-03-13,2026-03-18,除息
5306,2026-03-23,2026-03-26,股東常會
5306,2026-06-23,2026-06-26,除息
5306,2026-09-11,2026-09-16,除息
5388,2018-03-28,2018-03-31,股東常會
5388,2018-06-29,2018-07-04,除息
5388,2019-04-03,2019-04-10,股東常會
5388,2019-06-28,2019-07-03,除息
5388,2020-04-09,2020-04-14,股東常會
5388,2020-07-03,2020-07-08,除息
5388,2021-04-16,2021-04-21,股東常會
5388,2021-07-12,2021-07-15,除息
5388,2022-03-30,2022-04-06,除息
5388,2023-04-07,2023-04-12,股東常會
5388,2024-03-25,2024-03-28,股東常會
5388,2025-03-21,2025-03-26,股東常會
5388,2026-04-01,2026-04-08,除息
5434,2018-04-02,2018-04-10,股東常會
5434,2018-08-10,2018-08-15,除息
5434,2019-04-02,2019-04-09,股東常會
5434,2019-07-17,2019-07-22,除息
5434,2020-04-16,2020-04-21,股東常會
5434,2020-07-06,2020-07-09,除息
5434,2021-03-25,2021-03-30,股東常會
5434,2021-05-28,2021-06-02,除息
5434,2022-03-24,2022-03-29,股東常會
5434,2022-06-02,2022-06-08,除息
5434,2023-03-24,2023-03-29,股東常會
5434,2023-06-02,2023-06-07,除息
5434,2024-03-22,2024-03-27,股東常會
5434,2024-06-18,2024-06-21,除息
5434,2025-03-21,2025-03-26,股東常會
5434,2025-06-25,2025-06-30,除息
5434,2026-03-20,2026-03-25,股東常會
5434,2026-07-10,2026-07-15,除息
5469,2018-04-09,2018-04-12,股東常會
5469,2018-07-12,2018-07-17,除息
5469,2019-04-03,2019-04-10,股東常會
5469,2019-07-10,2019-07-15,除權息
5469,2020-04-17,2020-04-22,現金增資
5469,2020-07-17,2020-07-22,除息
5469,2021-04-09,2021-04-14,股東常會
5469,2021-08-06,2021-08-11,除息
5469,2022-04-08,2022-04-13,股東常會
5469,2022-08-03,2022-08-08,除息
5469,2023-04-07,2023-04-12,股東常會
5469,2023-07-13,2023-07-18,除息
5469,2024-04-12,2024-04-17,股東常會
5469,2024-07-03,2024-07-08,除息
5469,2024-10-03,2024-10-08,減資
5469,2025-04-11,2025-04-16,股東常會
5469,2025-07-03,2025-07-08,除息
5469,2026-04-10,2026-04-15,股東常會
5469,2026-07-03,2026-07-08,除息
5471,2018-04-09,2018-04-12,股東常會
5471,2018-07-11,2018-07-16,除息
5471,2019-04-08,2019-04-11,股東常會
5471,2019-07-04,2019-07-09,除息
5471,2020-04-10,2020-04-15,股東常會
5471,2020-07-10,2020-07-15,除息
5471,2021-04-09,2021-04-14,股東常會
5471,2021-08-05,2021-08-10,除息
5471,2022-04-15,2022-04-20,股東常會
5471,2022-07-15,2022-07-20,除息
5471,2023-04-10,2023-04-13,股東常會
5471,2023-07-13,2023-07-18,除息
5471,2024-04-12,2024-04-17,股東常會
5471,2024-07-10,2024-07-15,除息
5471,2025-04-11,2025-04-16,股東常會
5471,2025-07-10,2025-07-15,除息
5471,2026-04-10,2026-04-15,股東常會
5471,2026-07-08,2026-07-13,除息
5484,2018-04-03,,股東常會
5484,2019-03-27,,股東常會
5484,2019-09-06,,減資
5484,2020-04-10,,股東常會
5484,2021-03-31,,股東常會
5484,2021-10-22,,減資
5484,2022-02-08,,現金增資
5484,2022-04-08,,股東常會
5484,2023-04-07,,股東常會
5484,2024-04-15,,股東常會
5484,2025-04-14,,股東常會
5484,2026-03-13,,股東常會
5515,2018-04-23,2018-04-26,股東常會
5515,2018-07-17,2018-07-20,除息
5515,2019-04-15,2019-04-18,股東常會
5515,2019-07-08,2019-07-11,除息
5515,2019-11-21,2019-11-26,減資
5515,2020-04-17,2020-04-22,股東常會
5515,2020-07-15,2020-07-20,除息
5515,2021-04-16,2021-04-21,股東常會
5515,2021-08-10,2021-08-13,除息
5515,2022-04-15,2022-04-20,股東常會
5515,2022-07-26,2022-07-29,除息
5515,2023-04-14,2023-04-19,股東常會
5515,2023-07-12,2023-07-17,除息
5515,2024-04-12,2024-04-17,股東常會
5515,2024-06-28,2024-07-03,除息
5515,2024-10-25,2024-10-30,減資
5515,2025-04-07,2025-04-10,股東常會
5515,2025-06-27,2025-07-02,除息
5515,2026-03-23,2026-03-26,股東常會
5515,2026-06-18,2026-06-24,除息
5519,2018-04-03,2018-04-11,股東常會
5519,2018-09-05,2018-09-10,除息
5519,2019-04-12,2019-04-17,股東常會
5519,2019-09-03,2019-09-06,除息
5519,2020-04-10,2020-04-15,股東常會
5519,2020-09-01,2020-09-04,除息
5519,2021-03-19,2021-03-24,股東常會
5519,2021-08-24,2021-08-27,除息
5519,2022-03-30,2022-04-06,股東常會
5519,2022-08-02,2022-08-05,除息
5519,2023-04-07,2023-04-12,股東常會
5519,2023-07-07,2023-07-12,除息
5519,2024-03-25,2024-03-28,股東常會
5519,2024-06-12,2024-06-17,除息
5519,2025-03-21,2025-03-26,股東常會
5519,2025-06-11,2025-06-16,除息
5519,2026-03-20,2026-03-25,股東常會
5519,2026-07-06,2026-07-09,除權息
5521,2018-04-23,2018-04-26,股東常會
5521,2018-08-13,2018-08-16,除息
5521,2019-04-19,2019-04-24,股東常會
5521,2019-09-30,2019-10-03,現金增資
5521,2020-04-10,2020-04-15,股東常會
5521,2021-04-22,2021-04-27,股東常會
5521,2021-09-01,2021-09-06,除權息
5521,2022-04-22,2022-04-27,股東常會
5521,2023-04-21,2023-04-26,股東常會
5521,2024-04-19,2024-04-24,股東常會
5521,2025-04-18,2025-04-23,股東常會
5521,2026-03-16,2026-03-19,股東常會
5521,2026-06-18,2026-06-24,除息
5522,2018-03-29,2018-04-02,股東常會
5522,2018-07-18,2018-07-23,除息
5522,2019-03-27,2019-04-01,股東常會
5522,2019-07-10,2019-07-15,除息
5522,2020-03-26,2020-03-31,股東常會
5522,2020-07-17,2020-07-22,除息
5522,2020-10-15,2020-10-20,除息
5522,2021-04-01,2021-04-08,股東常會
5522,2021-06-10,2021-06-16,除息
5522,2021-10-07,2021-10-13,除息
5522,2022-03-31,2022-04-07,股東常會
5522,2022-06-10,2022-06-15,除息
5522,2022-10-12,2022-10-17,除息
5522,2023-03-29,2023-04-06,股東常會
5522,2023-06-09,2023-06-14,除息
5522,2023-10-25,2023-10-30,除息
5522,2024-03-28,2024-04-02,股東常會
5522,2024-06-12,2024-06-17,除息
5522,2024-10-25,2024-10-30,除息
5522,2025-04-02,2025-04-09,股東常會
5522,2025-06-20,2025-06-25,除息
5522,2026-03-23,2026-03-26,股東常會
5522,2026-06-18,2026-06-24,除息
5525,2018-03-29,2018-04-02,股東常會
5525,2018-07-25,2018-07-30,除息
5525,2019-03-27,2019-04-01,股東常會
5525,2019-08-20,2019-08-23,除權息
5525,2020-04-01,2020-04-08,股東常會
5525,2020-08-21,2020-08-26,除權息
5525,2021-04-01,2021-04-08,股東常會
5525,2021-09-13,2021-09-16,除息
5525,2022-03-30,2022-04-06,股東常會
5525,2022-07-01,2022-07-06,除息
5525,2023-03-24,2023-03-29,股東常會
5525,2023-08-21,2023-08-24,除權息
5525,2024-03-25,2024-03-28,股東常會
5525,2024-07-12,2024-07-17,除息
5525,2024-08-22,2024-08-27,除權
5525,2025-03-21,2025-03-26,股東常會
5525,2025-08-01,2025-08-06,除息
5525,2025-08-22,2025-08-27,除權
5525,2026-03-19,2026-03-24,股東常會
5525,2026-07-31,2026-08-05,除息
5531,2018-04-13,2018-04-18,股東常會
5531,2018-08-17,2018-08-22,除權
5531,2019-04-19,2019-04-24,股東常會
5531,2019-07-30,2019-08-02,除權
5531,2020-04-17,2020-04-22,股東常會
5531,2021-04-19,2021-04-22,股東常會
5531,2022-04-18,2022-04-21,股東常會
5531,2023-04-14,2023-04-19,股東常會
5531,2024-04-19,2024-04-24,股東常會
5531,2025-04-18,2025-04-23,股東常會
5531,2026-04-10,2026-04-15,股東常會
5533,2018-03-28,2018-03-31,股東常會
5533,2018-06-15,2018-06-21,除息
5533,2019-04-02,2019-04-09,股東常會
5533,2019-06-20,2019-06-25,除息
5533,2020-04-01,2020-04-08,股東常會
5533,2020-06-19,2020-06-24,除息
5533,2021-03-31,2021-04-07,股東常會
5533,2021-06-07,2021-06-10,除息
5533,2022-03-30,2022-04-06,股東常會
5533,2022-06-02,2022-06-08,除息
5533,2023-03-29,2023-04-06,股東常會
5533,2023-06-21,2023-06-28,除息
5533,2024-04-12,2024-04-17,股東常會
5533,2024-07-02,2024-07-05,除息
5533,2025-04-02,2025-04-09,股東常會
5533,2025-06-20,2025-06-25,除息
5533,2026-04-17,2026-04-22,股東常會
5533,2026-07-03,2026-07-08,除息
5534,2018-04-20,2018-04-25,股東常會
5534,2018-08-20,2018-08-23,除息
5534,2019-04-12,2019-04-17,股東常會
5534,2019-08-21,2019-08-26,除息
5534,2020-04-01,2020-04-08,股東常會
5534,2020-08-24,2020-08-27,除息
5534,2021-04-22,2021-04-27,股東常會
5534,2021-10-01,2021-10-06,除息
5534,2022-04-22,2022-04-27,股東常會
5534,2022-08-22,2022-08-25,除息
5534,2023-04-21,2023-04-26,股東常會
5534,2023-08-22,2023-08-25,除息
5534,2024-04-19,2024-04-24,股東常會
5534,2024-08-16,2024-08-21,除息
5534,2025-04-18,2025-04-23,股東常會
5534,2025-08-22,2025-08-27,除息
5534,2026-01-30,2026-02-04,現金增資
5534,2026-03-26,2026-03-31,股東常會
5534,2026-08-19,2026-08-24,除息
5538,2018-04-13,2018-04-18,股東常會
5538,2018-07-09,2018-07-12,除息
5538,2019-04-08,2019-04-11,股東常會
5538,2019-07-04,2019-07-09,除息
5538,2020-04-09,2020-04-14,股東常會
5538,2020-07-07,2020-07-10,除息
5538,2021-04-09,2021-04-14,股東常會
5538,2021-07-28,2021-08-02,現金增資
5538,2022-04-08,2022-04-13,股東常會
5538,2022-07-04,2022-07-07,除息
5538,2023-03-28,2023-03-31,股東常會
5538,2023-06-20,2023-06-27,除息
5538,2024-04-12,2024-04-17,股東常會
5538,2024-07-02,2024-07-05,除息
5538,2025-04-11,2025-04-16,股東常會
5538,2025-07-02,2025-07-07,除息
5538,2026-04-10,2026-04-15,股東常會
5538,2026-06-30,2026-07-03,除息
5546,2020-12-03,2020-12-08,現金增資
5546,2021-03-25,2021-03-30,股東常會
5546,2021-08-03,2021-08-06,除息
5546,2022-03-24,2022-03-29,股東常會
5546,2022-07-18,2022-07-21,除息
5546,2023-04-21,2023-04-26,股東常會
5546,2023-08-02,2023-08-07,除息
5546,2024-04-19,2024-04-24,股東常會
5546,2024-07-16,2024-07-19,除息
5546,2025-04-18,2025-04-23,股東常會
5546,2025-07-15,2025-07-18,除息
5546,2026-04-20,2026-04-23,股東常會
5546,2026-07-21,2026-07-24,除息
5607,2018-04-20,2018-04-25,股東常會
5607,2018-08-01,2018-08-06,除息
5607,2019-04-19,2019-04-24,股東常會
5607,2019-08-01,2019-08-06,除息
5607,2019-08-28,2019-09-02,現金增資
5607,2020-04-17,2020-04-22,股東常會
5607,2020-07-31,2020-08-05,除息
5607,2021-04-16,2021-04-21,股東常會
5607,2021-08-10,2021-08-13,除息
5607,2022-04-15,2022-04-20,股東常會
5607,2022-08-02,2022-08-05,除息
5607,2023-04-14,2023-04-19,股東常會
5607,2023-07-18,2023-07-21,除權息
5607,2023-10-19,2023-10-24,現金增資
5607,2024-04-19,2024-04-24,股東常會
5607,2024-07-18,2024-07-23,除權息
5607,2025-04-18,2025-04-23,股東常會
5607,2025-07-24,2025-07-29,除權息
5607,2026-04-17,2026-04-22,股東常會
5607,2026-07-24,2026-07-29,除息
5608,2018-04-20,2018-04-25,股東常會
5608,2019-02-11,2019-02-14,減資
5608,2019-04-19,2019-04-24,股東常會
5608,2020-04-17,2020-04-22,股東常會
5608,2021-04-19,2021-04-22,股東常會
5608,2021-09-28,2021-10-01,現金增資
5608,2021-12-06,2021-12-09,現金增資
5608,2022-04-15,2022-04-20,股東常會
5608,2022-07-14,2022-07-19,除息
5608,2022-10-26,2022-10-31,現金增資
5608,2023-04-21,2023-04-26,股東常會
5608,2023-07-12,2023-07-17,除息
5608,2024-04-19,2024-04-24,股東常會
5608,2025-04-18,2025-04-23,股東常會
5608,2026-03-20,2026-03-25,股東常會
5706,2018-04-09,2018-04-12,股東常會
5706,2018-06-28,2018-07-03,除息
5706,2019-04-08,2019-04-11,股東常會
5706,2019-07-15,2019-07-18,除權息
5706,2020-04-09,2020-04-14,股東常會
5706,2020-07-17,2020-07-22,除權息
5706,2021-04-09,2021-04-14,股東常會
5706,2021-07-27,2021-07-30,除息
5706,2022-04-08,2022-04-13,股東常會
5706,2022-07-25,2022-07-28,除權息
5706,2023-04-13,2023-04-18,股東常會
5706,2023-07-10,2023-07-13,除息
5706,2024-03-28,2024-04-02,股東常會
5706,2024-07-01,2024-07-04,除權息
5706,2025-03-26,2025-03-31,股東常會
5706,2025-07-01,2025-07-04,除權息
5706,2026-03-26,2026-03-31,股東常會
5706,2026-06-23,2026-06-26,除息
5871,2018-03-16,2018-03-21,股東常會
5871,2018-07-25,2018-07-30,除權息
5871,2019-03-18,2019-03-21,股東常會
5871,2019-07-25,2019-07-30,除權息
5871,2020-03-20,2020-03-25,股東常會
5871,2020-06-17,2020-06-22,除權息
5871,2020-08-07,2020-08-12,其它利益
5871,2021-03-22,2021-03-25,股東常會
5871,2021-07-30,2021-08-04,除權息
5871,2022-03-14,2022-03-17,股東常會
5871,2022-06-16,2022-06-21,除權息
5871,2023-03-17,2023-03-22,股東常會
5871,2023-07-26,2023-07-31,除權息
5871,2024-03-15,2024-03-20,股東常會
5871,2024-07-12,2024-07-17,除權息
5871,2024-08-30,2024-09-04,現金增資
5871,2025-03-21,2025-03-26,股東常會
5871,2025-07-24,2025-07-29,除權息
5871,2026-03-20,2026-03-25,股東常會
5871,2026-07-23,2026-07-28,除權息
5876,2019-07-02,2019-07-05,除息
5876,2019-08-21,2019-08-26,現金增資
5876,2020-04-13,2020-04-16,股東常會
5876,2020-07-10,2020-07-15,除息
5876,2021-04-09,2021-04-14,股東常會
5876,2021-07-22,2021-07-27,除息
5876,2022-04-11,2022-04-14,股東常會
5876,2022-07-01,2022-07-06,除息
5876,2022-10-25,2022-10-28,現金增資
5876,2023-04-07,2023-04-12,股東常會
5876,2023-06-30,2023-07-05,除息
5876,2024-04-15,2024-04-18,股東常會
5876,2024-07-11,2024-07-16,除息
5876,2025-04-07,2025-04-10,股東常會
5876,2025-06-25,2025-06-30,除息
5876,2026-04-02,2026-04-09,股東常會
5876,2026-07-22,2026-07-27,除權息
5880,2018-04-16,2018-04-19,股東常會
5880,2018-08-15,2018-08-20,除權息
5880,2019-04-15,2019-04-18,股東常會
5880,2019-08-08,2019-08-13,除權息
5880,2020-04-17,2020-04-22,股東常會
5880,2020-08-06,2020-08-11,除權息
5880,2021-04-19,2021-04-22,股東常會
5880,2021-08-05,2021-08-10,除息
5880,2021-09-02,2021-09-07,除權
5880,2022-04-11,2022-04-14,股東常會
5880,2022-08-04,2022-08-09,除權息
5880,2023-04-10,2023-04-13,股東常會
5880,2023-08-03,2023-08-08,除權息
5880,2024-04-15,2024-04-18,股東常會
5880,2024-08-08,2024-08-13,除權息
5880,2025-04-14,2025-04-17,股東常會
5880,2025-08-07,2025-08-12,除權息
5880,2026-04-10,2026-04-15,股東常會
5880,2026-08-05,2026-08-10,除權息
5906,2018-01-25,,股東常會
5906,2019-04-12,2019-04-17,股東常會
5906,2020-04-10,2020-04-15,股東常會
5906,2021-04-09,2021-04-14,股東常會
5906,2021-09-15,2021-09-22,除權息
5906,2022-04-08,2022-04-13,股東常會
5906,2022-06-23,2022-06-28,除息
5906,2023-04-07,2023-04-12,股東常會
5906,2023-09-01,2023-09-06,除權息
5906,2024-04-03,2024-04-10,股東常會
5906,2024-08-30,2024-09-04,除權息
5906,2025-04-02,2025-04-09,股東常會
5906,2025-09-05,2025-09-10,除權息
5906,2026-04-01,2026-04-08,股東常會
5906,2026-09-04,2026-09-09,除權息
5907,2018-04-20,2018-04-25,股東常會
5907,2018-08-22,2018-08-27,除息
5907,2019-04-19,2019-04-24,股東常會
5907,2019-08-28,2019-09-02,除息
5907,2020-04-10,2020-04-15,股東常會
5907,2020-08-27,2020-09-01,除息
5907,2021-03-31,2021-04-07,股東常會
5907,2021-09-09,2021-09-14,除息
5907,2022-04-15,2022-04-20,股東常會
5907,2023-04-07,2023-04-12,股東常會
5907,2024-04-11,2024-04-16,股東常會
5907,2025-04-02,2025-04-09,股東常會
5907,2026-04-10,2026-04-15,股東常會
6005,2018-04-20,2018-04-25,股東常會
6005,2018-08-20,2018-08-23,除權息
6005,2019-04-18,2019-04-23,股東常會
6005,2019-08-06,2019-08-09,除息
6005,2020-04-16,2020-04-21,股東常會
6005,2020-08-07,2020-08-12,除息
6005,2021-04-22,2021-04-27,股東常會
6005,2021-07-26,2021-07-29,除息
6005,2022-04-21,2022-04-26,股東常會
6005,2022-07-08,2022-07-13,除息
6005,2023-04-21,2023-04-26,股東常會
6005,2023-07-07,2023-07-12,除息
6005,2024-04-19,2024-04-24,股東常會
6005,2024-07-10,2024-07-15,除息
6005,2025-03-21,2025-03-26,股東常會
6005,2025-06-11,2025-06-16,除息
6005,2026-03-20,2026-03-25,股東常會
6005,2026-08-05,2026-08-10,除權息
6024,2018-03-16,2018-03-21,股東常會
6024,2018-06-11,2018-06-14,除息
6024,2018-07-30,2018-08-02,除權
6024,2019-03-22,2019-03-27,股東常會
6024,2019-06-18,2019-06-21,除息
6024,2020-02-26,2020-03-03,現金增資
6024,2020-04-13,2020-04-16,股東常會
6024,2020-07-03,2020-07-08,除息
6024,2021-03-12,2021-03-17,股東常會
6024,2021-06-01,2021-06-04,除息
6024,2022-04-15,2022-04-20,股東常會
6024,2022-07-05,2022-07-08,除息
6024,2023-03-24,2023-03-29,股東常會
6024,2023-06-14,2023-06-19,除息
6024,2024-03-22,2024-03-27,股東常會
6024,2024-06-12,2024-06-17,除息
6024,2025-02-07,2025-02-12,現金增資
6024,2025-03-21,2025-03-26,股東常會
6024,2025-06-12,2025-06-17,除息
6024,2026-03-20,2026-03-25,股東常會
6024,2026-07-27,2026-07-30,除權息
6108,2018-04-02,2018-04-10,股東常會
6108,2018-06-22,2018-06-27,除息
6108,2019-04-12,2019-04-17,股東常會
6108,2019-07-18,2019-07-23,除息
6108,2020-04-10,2020-04-15,股東常會
6108,2020-07-02,2020-07-07,除息
6108,2021-04-22,2021-04-27,股東常會
6108,2021-08-19,2021-08-24,除息
6108,2022-04-15,2022-04-20,股東常會
6108,2022-08-19,2022-08-24,除息
6108,2023-04-07,2023-04-12,股東常會
6108,2023-08-18,2023-08-23,除息
6108,2024-04-12,2024-04-17,股東常會
6108,2024-08-23,2024-08-28,除息
6108,2025-04-14,2025-04-17,股東常會
6108,2025-08-22,2025-08-27,除息
6108,2026-04-10,2026-04-15,股東常會
6112,2018-04-20,2018-04-25,股東常會
6112,2018-07-24,2018-07-27,除權息
6112,2019-03-22,2019-03-27,股東常會
6112,2019-06-25,2019-06-28,除權息
6112,2020-03-20,2020-03-25,股東常會
6112,2020-06-11,2020-06-16,除息
6112,2021-03-22,2021-03-25,股東常會
6112,2021-07-23,2021-07-28,除息
6112,2022-03-18,2022-03-23,股東常會
6112,2022-07-05,2022-07-08,除息
6112,2023-03-17,2023-03-22,股東常會
6112,2023-07-13,2023-07-18,除息
6112,2024-03-25,2024-03-28,股東常會
6112,2024-07-11,2024-07-16,除息
6112,2025-03-21,2025-03-26,股東常會
6112,2025-07-11,2025-07-16,除息
6112,2026-03-20,2026-03-25,股東常會
6112,2026-07-10,2026-07-15,除息
6115,2018-04-13,2018-04-18,股東常會
6115,2018-07-09,2018-07-12,除息
6115,2019-04-19,2019-04-24,股東常會
6115,2019-07-05,2019-07-10,除息
6115,2020-04-13,2020-04-16,股東常會
6115,2020-07-02,2020-07-07,除息
6115,2021-04-16,2021-04-21,股東常會
6115,2021-07-28,2021-08-02,除息
6115,2022-04-15,2022-04-20,股東常會
6115,2022-07-01,2022-07-06,除息
6115,2023-04-14,2023-04-19,股東常會
6115,2023-07-03,2023-07-06,除息
6115,2024-04-12,2024-04-17,股東常會
6115,2024-07-01,2024-07-04,除息
6115,2025-04-11,2025-04-16,股東常會
6115,2025-06-30,2025-07-03,除息
6115,2026-04-17,2026-04-22,股東常會
6115,2026-07-03,2026-07-08,除息
6116,2018-03-29,2018-04-02,股東常會
6116,2018-06-29,2018-07-04,除息
6116,2019-03-27,2019-04-01,股東常會
6116,2019-07-24,2019-07-29,除息
6116,2020-03-26,2020-03-31,股東常會
6116,2021-03-19,2021-03-24,股東常會
6116,2021-08-17,2021-08-20,除息
6116,2022-03-18,2022-03-23,股東常會
6116,2022-06-10,2022-06-15,除息
6116,2023-03-17,2023-03-22,股東常會
6116,2024-03-18,2024-03-21,股東常會
6116,2025-03-21,2025-03-26,股東常會
6116,2026-03-13,2026-03-18,股東常會
6117,2018-04-13,2018-04-18,股東常會
6117,2018-07-19,2018-07-24,除息
6117,2019-04-12,2019-04-17,股東常會
6117,2020-04-10,2020-04-15,股東常會
6117,2021-04-09,2021-04-14,股東常會
6117,2022-04-18,2022-04-21,股東常會
6117,2023-04-14,2023-04-19,股東常會
6117,2024-04-03,2024-04-10,股東常會
6117,2025-04-11,2025-04-16,股東常會
6117,2025-08-11,2025-08-14,除息
6117,2026-04-17,2026-04-22,股東常會
6117,2026-08-07,2026-08-12,除息
6120,2018-04-03,2018-04-11,股東常會
6120,2018-07-10,2018-07-13,除息
6120,2019-04-03,2019-04-10,股東常會
6120,2019-07-16,2019-07-19,除息
6120,2020-04-06,2020-04-09,股東常會
6120,2021-03-31,2021-04-07,股東常會
6120,2022-04-08,2022-04-13,股東常會
6120,2023-04-07,2023-04-12,股東常會
6120,2023-07-14,2023-07-19,除息
6120,2024-04-08,2024-04-11,股東常會
6120,2024-07-12,2024-07-17,除息
6120,2025-04-02,2025-04-09,股東常會
6120,2025-07-11,2025-07-16,除息
6120,2025-09-12,2025-09-17,減資
6120,2026-04-10,2026-04-15,股東常會
6120,2026-06-15,2026-06-18,除息
6128,2018-03-13,2018-03-16,現金增資
6128,2018-04-20,2018-04-25,股東常會
6128,2018-07-11,2018-07-16,除息
6128,2019-04-19,2019-04-24,股東常會
6128,2019-07-19,2019-07-24,除息
6128,2020-04-10,2020-04-15,股東常會
6128,2020-07-10,2020-07-15,除息
6128,2021-04-09,2021-04-14,股東常會
6128,2021-07-20,2021-07-23,除息
6128,2022-04-08,2022-04-13,股東常會
6128,2022-06-29,2022-07-04,除息
6128,2023-04-07,2023-04-12,股東常會
6128,2023-06-30,2023-07-05,除息
6128,2024-04-12,2024-04-17,股東常會
6128,2025-04-11,2025-04-16,除息
6128,2026-04-10,2026-04-15,股東常會
6133,2018-04-23,2018-04-26,股東常會
6133,2018-09-13,2018-09-18,除息
6133,2019-04-22,2019-04-25,股東常會
6133,2019-09-11,2019-09-17,除息
6133,2020-04-17,2020-04-22,股東常會
6133,2020-09-11,2020-09-16,除息
6133,2021-04-22,2021-04-27,股東常會
6133,2022-04-22,2022-04-27,股東常會
6133,2023-04-21,2023-04-26,股東常會
6133,2023-09-06,,除息
6133,2024-04-19,,股東常會
6133,2025-04-23,2025-04-28,股東常會
6133,2025-09-03,2025-09-08,除息
6133,2026-04-20,2026-04-23,股東常會
6133,2026-09-03,2026-09-08,除息
6136,2018-04-03,2018-04-11,股東常會
6136,2018-07-03,2018-07-06,除息
6136,2019-04-12,2019-04-17,股東常會
6136,2019-07-02,2019-07-05,除息
6136,2020-04-10,2020-04-15,股東常會
6136,2020-07-01,2020-07-06,除息
6136,2021-04-09,2021-04-14,股東常會
6136,2021-08-06,2021-08-11,除息
6136,2022-04-08,2022-04-13,股東常會
6136,2022-06-28,2022-07-01,除息
6136,2023-04-14,2023-04-19,股東常會
6136,2023-07-03,2023-07-06,除息
6136,2024-04-12,2024-04-17,股東常會
6136,2024-07-02,2024-07-05,除息
6136,2025-04-11,2025-04-16,股東常會
6136,2025-06-30,2025-07-03,除息
6136,2026-04-10,2026-04-15,股東常會
6136,2026-06-26,2026-07-01,除息
6139,2018-03-16,2018-03-21,股東常會
6139,2018-08-16,2018-08-21,除息
6139,2019-03-18,2019-03-21,股東常會
6139,2019-08-09,2019-08-14,除息
6139,2020-03-20,2020-03-25,股東常會
6139,2020-08-14,2020-08-19,除息
6139,2021-04-22,2021-04-27,股東常會
6139,2021-08-27,2021-09-01,除息
6139,2022-04-18,2022-04-21,股東常會
6139,2022-08-31,2022-09-05,除息
6139,2023-04-20,2023-04-25,股東常會
6139,2023-08-30,2023-09-04,除息
6139,2024-01-18,2024-01-23,現金增資
6139,2024-04-19,2024-04-24,股東常會
6139,2024-08-28,2024-09-02,除息
6139,2025-03-10,2025-03-13,股東常會
6139,2025-08-29,2025-09-03,除息
6139,2026-03-16,2026-03-19,股東常會
6139,2026-08-27,2026-09-01,除息
6141,2018-04-13,2018-04-18,股東常會
6141,2018-06-29,2018-07-04,除息
6141,2019-04-12,2019-04-17,股東常會
6141,2019-07-10,2019-07-15,除息
6141,2020-04-09,2020-04-14,股東常會
6141,2020-07-22,2020-07-27,除息
6141,2021-04-12,2021-04-15,股東常會
6141,2021-09-02,2021-09-07,除息
6141,2021-12-10,2021-12-15,減資
6141,2022-04-11,2022-04-14,股東常會
6141,2022-07-07,2022-07-12,除息
6141,2023-04-14,2023-04-19,股東常會
6141,2024-04-08,2024-04-11,股東常會
6141,2025-04-17,,股東常會
6141,2026-04-17,,股東常會
6142,2018-04-13,2018-04-18,股東常會
6142,2019-04-15,,股東常會
6142,2020-04-09,,股東常會
6142,2021-03-31,,減資
6142,2021-04-12,,股東常會
6142,2022-03-21,,股東常會
6142,2023-03-24,,股東常會
6142,2023-08-17,,除息
6142,2024-03-21,,股東常會
6142,2025-03-21,,股東常會
6142,2026-03-20,,股東常會
6152,2018-04-02,2018-04-10,股東常會
6152,2019-04-12,,股東常會
6152,2020-04-01,,股東常會
6152,2021-04-22,,股東常會
6152,2022-04-15,,股東常會
6152,2023-04-07,,股東常會
6152,2024-04-03,,股東常會
6152,2025-04-11,,股東常會
6152,2026-04-01,,股東常會
6153,2018-01-30,2018-02-02,現金增資
6153,2018-04-03,2018-04-11,股東常會
6153,2018-08-20,2018-08-23,除息
6153,2019-04-08,2019-04-11,股東常會
6153,2019-07-17,2019-07-22,除權息
6153,2020-04-10,2020-04-15,股東常會
6153,2020-08-07,2020-08-12,除權息
6153,2021-04-09,2021-04-14,股東常會
6153,2021-08-09,2021-08-12,除息
6153,2022-04-08,2022-04-13,股東常會
6153,2023-04-07,2023-04-12,股東常會
6153,2023-08-21,2023-08-24,除息
6153,2023-12-14,2023-12-19,現金增資
6153,2024-04-08,2024-04-11,股東常會
6153,2024-12-24,2024-12-27,現金增資
6153,2025-04-02,2025-04-09,股東常會
6153,2026-04-01,2026-04-08,股東常會
6155,2018-03-26,2018-03-29,股東常會
6155,2018-06-28,2018-07-03,除息
6155,2019-03-22,2019-03-27,股東常會
6155,2019-06-13,2019-06-18,除息
6155,2020-03-20,2020-03-25,股東常會
6155,2020-07-07,2020-07-10,除息
6155,2021-03-22,2021-03-25,股東常會
6155,2021-08-13,2021-08-18,除息
6155,2022-03-18,2022-03-23,股東常會
6155,2022-06-17,2022-06-22,除息
6155,2023-03-24,2023-03-29,股東常會
6155,2023-08-03,2023-08-08,除息
6155,2024-03-22,2024-03-27,股東常會
6155,2024-06-27,2024-07-02,除息
6155,2025-03-21,2025-03-26,股東常會
6155,2025-07-11,2025-07-16,除息
6155,2026-03-23,2026-03-26,股東常會
6155,2026-06-30,2026-07-03,除息
6164,2018-03-28,2018-03-31,股東常會
6164,2018-06-15,2018-06-21,除息
6164,2019-03-27,2019-04-01,股東常會
6164,2019-06-18,2019-06-21,除息
6164,2020-04-01,2020-04-08,股東常會
6164,2021-03-31,2021-04-07,股東常會
6164,2022-03-30,2022-04-06,股東常會
6164,2023-03-28,2023-03-31,股東常會
6164,2023-06-19,2023-06-26,除息
6164,2024-03-28,2024-04-02,股東常會
6164,2024-10-11,2024-10-16,減資
6164,2025-03-26,2025-03-31,股東常會
6164,2025-07-04,2025-07-09,除息
6164,2026-03-20,2026-03-25,股東常會
6165,2018-04-23,,股東常會
6165,2019-04-22,,股東常會
6165,2020-04-09,,股東常會
6165,2021-04-22,2021-04-27,股東常會
6165,2022-04-15,2022-04-20,股東常會
6165,2023-03-28,2023-03-31,股東常會
6165,2024-04-19,2024-04-24,股東常會
6165,2024-06-19,2024-06-24,除息
6165,2025-04-14,2025-04-17,股東常會
6165,2025-07-21,2025-07-24,除息
6165,2026-04-10,2026-04-15,股東常會
6166,2018-04-03,2018-04-11,股東常會
6166,2018-07-06,2018-07-11,除息
6166,2019-04-12,2019-04-17,股東常會
6166,2019-07-08,2019-07-11,除息
6166,2020-04-16,2020-04-21,股東常會
6166,2020-07-08,2020-07-13,除息
6166,2021-04-16,2021-04-21,股東常會
6166,2021-09-03,2021-09-08,除息
6166,2022-04-15,2022-04-20,股東常會
6166,2022-07-06,2022-07-11,除息
6166,2023-04-20,2023-04-25,股東常會
6166,2023-07-06,2023-07-11,除息
6166,2024-04-12,2024-04-17,股東常會
6166,2024-07-05,2024-07-10,除息
6166,2025-04-14,2025-04-17,股東常會
6166,2025-07-04,2025-07-09,除息
6166,2026-04-10,2026-04-15,股東常會
6166,2026-07-03,2026-07-08,除息
6168,2018-04-13,2018-04-18,股東常會
6168,2018-08-23,2018-08-28,除息
6168,2019-04-19,2019-04-24,股東常會
6168,2019-08-22,2019-08-27,除息
6168,2020-04-17,2020-04-22,股東常會
6168,2021-04-16,2021-04-21,股東常會
6168,2021-08-23,2021-08-26,除息
6168,2022-04-22,2022-04-27,股東常會
6168,2022-08-22,2022-08-25,除息
6168,2023-04-21,2023-04-26,股東常會
6168,2023-08-23,2023-08-28,除息
6168,2024-04-19,2024-04-24,股東常會
6168,2024-08-20,2024-08-23,除息
6168,2025-04-18,2025-04-23,股東常會
6168,2026-04-20,2026-04-23,股東常會
6176,2018-04-03,2018-04-11,股東常會
6176,2018-07-19,2018-07-24,除息
6176,2019-03-27,2019-04-01,股東常會
6176,2019-06-25,2019-06-28,除息
6176,2020-04-01,2020-04-08,股東常會
6176,2020-07-01,2020-07-06,除息
6176,2021-04-09,2021-04-14,股東常會
6176,2021-07-19,2021-07-22,除息
6176,2022-03-18,2022-03-23,股東常會
6176,2022-06-20,2022-06-23,除息
6176,2023-03-17,2023-03-22,股東常會
6176,2023-06-19,2023-06-26,除息
6176,2024-03-22,2024-03-27,股東常會
6176,2024-06-18,2024-06-21,除息
6176,2025-03-21,2025-03-26,股東常會
6176,2025-06-16,2025-06-19,除息
6176,2026-03-20,2026-03-25,股東常會
6176,2026-05-26,2026-05-29,除息
6176,2026-08-07,2026-08-12,減資
6177,2018-04-03,2018-04-11,股東常會
6177,2018-08-24,2018-08-29,除息
6177,2019-04-03,2019-04-10,股東常會
6177,2019-07-26,2019-07-31,除權息
6177,2020-04-01,2020-04-08,股東常會
6177,2020-07-22,2020-07-27,除權息
6177,2020-10-23,2020-10-28,現金增資
6177,2021-04-09,2021-04-14,股東常會
6177,2021-08-18,2021-08-23,除權
6177,2022-04-08,2022-04-13,股東常會
6177,2022-07-21,2022-07-26,除息
6177,2023-04-07,2023-04-12,股東常會
6177,2023-08-17,2023-08-22,除權息
6177,2024-04-12,2024-04-17,股東常會
6177,2024-07-24,2024-07-29,除權息
6177,2025-02-19,2025-02-24,現金增資
6177,2025-04-02,2025-04-09,股東常會
6177,2025-07-30,2025-08-04,除權息
6177,2026-04-10,2026-04-15,股東常會
6177,2026-08-14,2026-08-19,除息
6183,2018-04-13,2018-04-18,股東常會
6183,2018-08-21,2018-08-24,除息
6183,2019-04-15,2019-04-18,股東常會
6183,2019-08-19,2019-08-22,除息
6183,2020-04-13,2020-04-16,股東常會
6183,2020-08-19,2020-08-24,除息
6183,2021-04-16,2021-04-21,股東常會
6183,2021-08-19,2021-08-24,除息
6183,2022-04-11,2022-04-14,股東常會
6183,2022-08-16,2022-08-19,除息
6183,2023-04-10,2023-04-13,股東常會
6183,2023-08-16,2023-08-21,除息
6183,2024-04-03,2024-04-10,股東常會
6183,2024-08-21,2024-08-26,除息
6183,2025-04-07,2025-04-10,股東常會
6183,2025-08-20,2025-08-25,除息
6183,2026-04-20,2026-04-23,股東常會
6183,2026-08-24,2026-08-27,除息
6184,2018-04-02,2018-04-10,股東常會
6184,2018-08-08,2018-08-13,除息
6184,2019-04-02,2019-04-09,股東常會
6184,2019-06-26,2019-07-01,除息
6184,2020-04-09,2020-04-14,股東常會
6184,2020-06-24,2020-07-01,除息
6184,2021-04-09,2021-04-14,股東常會
6184,2021-07-13,2021-07-16,除息
6184,2022-03-31,2022-04-07,股東常會
6184,2022-07-01,2022-07-06,除息
6184,2023-03-23,2023-03-28,股東常會
6184,2023-06-14,2023-06-19,除息
6184,2024-03-21,2024-03-26,股東常會
6184,2024-06-14,2024-06-19,除息
6184,2025-03-21,2025-03-26,股東常會
6184,2025-06-18,2025-06-23,除息
6184,2026-03-20,2026-03-25,股東常會
6184,2026-06-17,2026-06-23,除息
6189,2018-04-03,2018-04-11,股東常會
6189,2018-07-13,2018-07-18,除息
6189,2019-04-08,2019-04-11,股東常會
6189,2019-07-12,2019-07-17,除息
6189,2020-04-09,2020-04-14,股東常會
6189,2020-07-17,2020-07-22,除息
6189,2021-04-09,2021-04-14,股東常會
6189,2021-08-17,2021-08-20,除息
6189,2022-04-08,2022-04-13,股東常會
6189,2022-07-13,2022-07-18,除息
6189,2023-04-07,2023-04-12,股東常會
6189,2023-08-07,2023-08-10,除息
6189,2024-03-22,2024-03-27,股東常會
6189,2024-07-11,2024-07-16,除息
6189,2025-03-21,2025-03-26,股東常會
6189,2025-07-21,2025-07-24,除權息
6189,2026-03-20,2026-03-25,股東常會
6189,2026-06-18,2026-06-24,除息
6191,2018-04-03,2018-04-11,股東常會
6191,2018-08-09,2018-08-14,除息
6191,2019-04-12,2019-04-17,股東常會
6191,2019-07-19,2019-07-24,除息
6191,2020-04-10,2020-04-15,股東常會
6191,2020-07-17,2020-07-22,除息
6191,2021-04-09,2021-04-14,股東常會
6191,2021-08-10,2021-08-13,除息
6191,2021-10-06,2021-10-12,減資
6191,2022-03-30,2022-04-06,股東常會
6191,2022-08-03,2022-08-08,除息
6191,2023-04-07,2023-04-12,股東常會
6191,2023-07-13,2023-07-18,除息
6191,2024-04-12,2024-04-17,股東常會
6191,2024-07-03,2024-07-08,除息
6191,2025-04-11,2025-04-16,股東常會
6191,2025-07-14,2025-07-17,現金增資
6191,2026-04-10,2026-04-15,股東常會
6191,2026-07-03,2026-07-08,除息
6192,2018-04-20,2018-04-25,股東常會
6192,2018-07-06,2018-07-11,除息
6192,2019-04-19,2019-04-24,股東常會
6192,2019-07-08,2019-07-11,除息
6192,2020-04-17,2020-04-22,股東常會
6192,2020-07-07,2020-07-10,除息
6192,2021-04-16,2021-04-21,除息
6192,2022-04-15,2022-04-20,除息
6192,2022-09-23,2022-09-28,減資
6192,2023-04-21,2023-04-26,股東常會
6192,2024-04-19,2024-04-24,股東常會
6192,2025-04-18,2025-04-23,除息
6192,2026-04-17,2026-04-22,除息
6196,2018-03-26,2018-03-29,股東常會
6196,2018-06-26,2018-06-29,除息
6196,2019-03-22,2019-03-27,股東常會
6196,2019-07-10,2019-07-15,除息
6196,2020-03-20,2020-03-25,股東常會
6196,2020-07-10,2020-07-15,除息
6196,2021-03-22,2021-03-25,股東常會
6196,2021-08-26,2021-08-31,除息
6196,2022-03-21,2022-03-24,股東常會
6196,2022-07-06,2022-07-11,除息
6196,2023-03-24,2023-03-29,股東常會
6196,2023-07-04,2023-07-07,除息
6196,2024-03-21,2024-03-26,股東常會
6196,2024-07-11,2024-07-16,除息
6196,2025-03-21,2025-03-26,股東常會
6196,2025-07-02,2025-07-07,除息
6196,2026-03-23,2026-03-26,股東常會
6196,2026-06-17,2026-06-23,除息
6197,2018-04-09,2018-04-12,股東常會
6197,2018-08-03,2018-08-08,除息
6197,2019-04-08,2019-04-11,股東常會
6197,2019-07-03,2019-07-08,除息
6197,2020-04-06,2020-04-09,股東常會
6197,2020-07-03,2020-07-08,除息
6197,2021-04-01,2021-04-08,股東常會
6197,2021-06-23,2021-06-28,除息
6197,2022-04-08,2022-04-13,股東常會
6197,2022-07-11,2022-07-14,除息
6197,2023-04-20,2023-04-25,股東常會
6197,2023-07-06,2023-07-11,除息
6197,2024-04-03,2024-04-10,股東常會
6197,2024-06-28,2024-07-03,除息
6197,2025-03-21,2025-03-26,股東常會
6197,2025-07-04,2025-07-09,除息
6197,2026-03-20,2026-03-25,股東常會
6197,2026-06-26,2026-07-01,除息
6201,2018-03-28,2018-03-31,股東常會
6201,2018-08-02,2018-08-07,除息
6201,2019-03-27,2019-04-01,股東常會
6201,2019-07-30,2019-08-02,除息
6201,2020-04-01,2020-04-08,股東常會
6201,2020-07-29,2020-08-03,除息
6201,2021-03-31,2021-04-07,股東常會
6201,2021-07-29,2021-08-03,除息
6201,2022-03-30,2022-04-06,股東常會
6201,2022-07-29,2022-08-03,除息
6201,2023-03-29,2023-04-06,股東常會
6201,2023-07-28,2023-08-02,除息
6201,2024-03-28,2024-04-02,股東常會
6201,2024-07-26,2024-07-31,除息
6201,2025-04-02,2025-04-09,股東常會
6201,2025-07-29,2025-08-01,除息
6201,2026-04-02,2026-04-09,股東常會
6201,2026-07-30,2026-08-04,除息
6202,2018-03-22,2018-03-27,股東常會
6202,2018-08-08,2018-08-13,除息
6202,2019-03-22,2019-03-27,股東常會
6202,2019-08-07,2019-08-12,除息
6202,2020-03-20,2020-03-25,股東常會
6202,2020-08-05,2020-08-10,除息
6202,2021-03-19,2021-03-24,股東常會
6202,2021-08-04,2021-08-09,除息
6202,2022-03-18,2022-03-23,股東常會
6202,2022-08-03,2022-08-08,除息
6202,2023-03-17,2023-03-22,股東常會
6202,2023-08-10,2023-08-15,除息
6202,2024-03-22,2024-03-27,股東常會
6202,2024-08-08,2024-08-13,除息
6202,2025-03-21,2025-03-26,股東常會
6202,2026-03-19,2026-03-24,股東常會
6202,2026-08-07,2026-08-12,除息
6205,2018-04-13,2018-04-18,股東常會
6205,2018-07-18,2018-07-23,除息
6205,2019-04-12,2019-04-17,股東常會
6205,2019-07-02,2019-07-05,除息
6205,2020-04-10,2020-04-15,股東常會
6205,2020-07-02,2020-07-07,除息
6205,2021-04-16,2021-04-21,股東常會
6205,2021-08-20,2021-08-25,除息
6205,2022-04-08,2022-04-13,股東常會
6205,2022-07-11,2022-07-14,除息
6205,2023-04-07,2023-04-12,股東常會
6205,2023-07-11,2023-07-14,除息
6205,2024-03-25,2024-03-28,股東常會
6205,2024-06-14,2024-06-19,除息
6205,2025-03-21,2025-03-26,股東常會
6205,2025-06-19,2025-06-24,除息
6205,2026-03-20,2026-03-25,股東常會
6205,2026-06-18,2026-06-24,除息
6206,2018-03-29,2018-04-02,股東常會
6206,2018-07-11,2018-07-16,除息
6206,2019-04-03,2019-04-10,股東常會
6206,2019-07-11,2019-07-16,除息
6206,2020-04-01,2020-04-08,股東常會
6206,2020-07-10,2020-07-15,除息
6206,2021-03-31,2021-04-07,股東常會
6206,2021-07-16,2021-07-21,除息
6206,2022-03-30,2022-04-06,股東常會
6206,2022-07-14,2022-07-19,除息
6206,2023-03-29,2023-04-06,股東常會
6206,2023-07-13,2023-07-18,除息
6206,2024-04-03,2024-04-10,股東常會
6206,2024-07-17,2024-07-22,除息
6206,2025-03-26,2025-03-31,股東常會
6206,2025-07-16,2025-07-21,除息
6206,2026-03-20,2026-03-25,股東常會
6206,2026-07-16,2026-07-21,除息
6209,2018-04-02,2018-04-10,股東常會
6209,2019-04-12,2019-04-17,股東常會
6209,2020-04-13,2020-04-16,股東常會
6209,2021-04-09,2021-04-14,股東常會
6209,2021-08-26,2021-08-31,現金增資
6209,2022-04-11,2022-04-14,股東常會
6209,2022-07-28,2022-08-02,除息
6209,2023-04-10,2023-04-13,股東常會
6209,2023-08-03,2023-08-08,除息
6209,2024-04-12,2024-04-17,股東常會
6209,2024-08-23,2024-08-28,除息
6209,2025-04-11,2025-04-16,股東常會
6209,2026-04-10,2026-04-15,股東常會
6209,2026-07-29,2026-08-03,除息
6213,2018-04-09,2018-04-12,股東常會
6213,2018-07-06,2018-07-11,除息
6213,2019-04-03,2019-04-10,股東常會
6213,2019-07-04,2019-07-09,除息
6213,2020-02-07,2020-02-12,現金增資
6213,2020-04-10,2020-04-15,股東常會
6213,2020-06-30,2020-07-03,除息
6213,2021-04-09,2021-04-14,股東常會
6213,2021-07-13,2021-07-16,現金增資
6213,2022-04-08,2022-04-13,股東常會
6213,2022-06-24,2022-06-29,除息
6213,2023-03-24,2023-03-29,股東常會
6213,2023-07-04,2023-07-07,除息
6213,2024-03-22,2024-03-27,股東常會
6213,2024-07-05,2024-07-10,除息
6213,2025-03-20,2025-03-25,股東常會
6213,2025-06-27,2025-07-02,除息
6213,2026-03-20,2026-03-25,股東常會
6213,2026-06-26,2026-07-01,除息
6214,2018-04-09,2018-04-12,股東常會
6214,2018-07-10,2018-07-13,除息
6214,2019-04-03,2019-04-10,股東常會
6214,2019-07-05,2019-07-10,除息
6214,2020-04-10,2020-04-15,股東常會
6214,2020-07-07,2020-07-10,除息
6214,2021-03-19,2021-03-24,股東常會
6214,2021-07-09,2021-07-14,除息
6214,2022-03-18,2022-03-23,股東常會
6214,2022-06-17,2022-06-22,除息
6214,2023-03-17,2023-03-22,股東常會
6214,2023-06-15,2023-06-20,除息
6214,2024-03-22,2024-03-27,股東常會
6214,2024-06-19,2024-06-24,除息
6214,2025-03-21,2025-03-26,股東常會
6214,2025-06-18,2025-06-23,除息
6214,2026-03-20,2026-03-25,股東常會
6214,2026-06-16,2026-06-22,除息
6215,2018-04-13,2018-04-18,股東常會
6215,2018-07-02,2018-07-05,除息
6215,2019-04-02,2019-04-09,股東常會
6215,2019-06-25,2019-06-28,除息
6215,2020-04-01,2020-04-08,股東常會
6215,2020-07-02,2020-07-07,除息
6215,2021-03-30,2021-04-06,股東常會
6215,2021-08-17,2021-08-20,除息
6215,2022-04-15,2022-04-20,股東常會
6215,2022-07-05,2022-07-08,除息
6215,2023-03-29,2023-04-06,股東常會
6215,2023-06-28,2023-07-03,除息
6215,2024-04-12,2024-04-17,股東常會
6215,2024-07-03,2024-07-08,除息
6215,2025-03-26,2025-03-31,股東常會
6215,2025-07-02,2025-07-07,除息
6215,2026-03-23,2026-03-26,股東常會
6215,2026-07-09,2026-07-14,除息
6216,2018-04-20,2018-04-25,股東常會
6216,2018-08-21,2018-08-24,除息
6216,2019-04-19,2019-04-24,股東常會
6216,2019-08-22,2019-08-27,除息
6216,2020-04-23,2020-04-28,股東常會
6216,2020-08-20,2020-08-25,除息
6216,2021-04-19,2021-04-22,股東常會
6216,2021-08-23,2021-08-26,除息
6216,2022-04-21,2022-04-26,股東常會
6216,2022-08-23,2022-08-26,除息
6216,2023-04-21,2023-04-26,股東常會
6216,2023-08-24,2023-08-29,除息
6216,2024-04-19,2024-04-24,股東常會
6216,2024-08-22,2024-08-27,除息
6216,2025-04-18,2025-04-23,股東常會
6216,2025-08-21,2025-08-26,除息
6216,2026-04-20,2026-04-23,股東常會
6216,2026-08-20,2026-08-25,除息
6224,2018-04-16,2018-04-19,股東常會
6224,2018-07-03,2018-07-06,除息
6224,2019-04-12,2019-04-17,股東常會
6224,2019-06-28,2019-07-03,除息
6224,2020-04-17,2020-04-22,除息
6224,2021-01-07,2021-01-12,現金增資
6224,2021-03-31,2021-04-07,除息
6224,2021-04-22,2021-04-27,股東常會
6224,2022-04-15,2022-04-20,除息
6224,2023-04-14,2023-04-19,股東常會
6224,2024-04-03,2024-04-10,股東常會
6224,2025-04-02,2025-04-09,股東常會
6224,2026-04-10,2026-04-15,股東常會
6225,2018-04-20,,股東常會
6225,2019-04-12,,股東常會
6225,2020-04-01,,股東常會
6225,2021-04-22,,股東常會
6225,2021-07-09,,減資
6225,2022-04-08,,股東常會
6225,2022-11-11,,減資
6225,2023-03-20,,股東常會
6225,2024-03-22,,股東常會
6225,2025-03-26,,股東常會
6225,2026-03-06,,股東常會
6225,2026-08-12,,現金增資
6226,2018-03-29,2018-04-02,股東常會
6226,2018-07-23,2018-07-26,除息
6226,2019-03-27,2019-04-01,股東常會
6226,2019-07-17,2019-07-22,除息
6226,2020-03-26,2020-03-31,股東常會
6226,2020-07-17,2020-07-22,除息
6226,2021-03-25,2021-03-30,股東常會
6226,2022-03-30,2022-04-06,股東常會
6226,2022-08-16,2022-08-19,除息
6226,2023-03-28,2023-03-31,股東常會
6226,2024-03-28,,股東常會
6226,2025-03-26,,股東常會
6226,2026-04-01,,股東常會
6230,2018-04-13,2018-04-18,股東常會
6230,2018-07-10,2018-07-13,除息
6230,2019-04-18,2019-04-23,股東常會
6230,2019-07-26,2019-07-31,除息
6230,2020-04-16,2020-04-21,股東常會
6230,2020-07-24,2020-07-29,除息
6230,2021-04-16,2021-04-21,股東常會
6230,2021-08-24,2021-08-27,除息
6230,2022-04-14,2022-04-19,股東常會
6230,2022-08-19,2022-08-24,除息
6230,2023-04-14,2023-04-19,股東常會
6230,2023-08-18,2023-08-23,除息
6230,2024-04-18,2024-04-23,股東常會
6230,2024-08-16,2024-08-21,除息
6230,2025-04-14,2025-04-17,股東常會
6230,2025-08-18,2025-08-21,除息
6230,2026-04-17,2026-04-22,股東常會
6235,2018-04-13,2018-04-18,股東常會
6235,2018-08-28,2018-08-31,除息
6235,2019-04-12,2019-04-17,股東常會
6235,2019-09-12,2019-09-18,除息
6235,2020-04-10,2020-04-15,股東常會
6235,2021-04-16,2021-04-21,除息
6235,2022-04-15,2022-04-20,除息
6235,2022-06-30,2022-07-05,現金增資
6235,2022-09-02,2022-09-07,現金增資
6235,2023-03-20,2023-03-23,股東常會
6235,2024-03-22,2024-03-27,股東常會
6235,2024-07-04,2024-07-09,現金增資
6235,2024-10-14,2024-10-17,現金增資
6235,2025-03-17,2025-03-20,除息
6235,2026-03-16,2026-03-19,股東常會
6239,2018-03-29,2018-04-02,股東常會
6239,2018-07-25,2018-07-30,除息
6239,2019-03-25,2019-03-28,股東常會
6239,2019-07-26,2019-07-31,除息
6239,2020-03-20,2020-03-25,股東常會
6239,2020-07-24,2020-07-29,除息
6239,2021-03-25,2021-03-30,股東常會
6239,2021-07-26,2021-07-29,除息
6239,2022-03-21,2022-03-24,股東常會
6239,2022-07-25,2022-07-28,除息
6239,2023-03-24,2023-03-29,股東常會
6239,2023-07-26,2023-07-31,除息
6239,2024-03-22,2024-03-27,股東常會
6239,2024-07-26,2024-07-31,除息
6239,2025-03-21,2025-03-26,股東常會
6239,2025-07-25,2025-07-30,除息
6239,2026-03-20,2026-03-25,股東常會
6239,2026-07-24,2026-07-29,除息
6243,2018-04-03,,股東常會
6243,2019-04-03,,股東常會
6243,2020-04-01,,股東常會
6243,2021-03-25,,股東常會
6243,2021-10-22,,減資
6243,2022-03-30,2022-04-06,股東常會
6243,2022-06-24,2022-06-29,除息
6243,2023-03-24,2023-03-29,股東常會
6243,2023-06-09,2023-06-14,除息
6243,2024-03-22,2024-03-27,股東常會
6243,2024-06-06,2024-06-12,除息
6243,2024-06-19,2024-06-24,現金增資
6243,2025-02-07,2025-02-12,股東常會
6243,2025-05-07,2025-05-12,除息
6243,2026-04-10,2026-04-15,股東常會
6257,2018-03-28,2018-03-31,股東常會
6257,2018-07-03,2018-07-06,除息
6257,2019-04-03,2019-04-10,股東常會
6257,2019-07-09,2019-07-12,除息
6257,2019-10-18,2019-10-23,現金增資
6257,2020-04-01,2020-04-08,股東常會
6257,2020-07-21,2020-07-24,除息
6257,2021-03-31,2021-04-07,股東常會
6257,2021-08-10,2021-08-13,除息
6257,2022-03-30,2022-04-06,股東常會
6257,2022-07-08,2022-07-13,除息
6257,2023-03-28,2023-03-31,股東常會
6257,2023-07-21,2023-07-26,除息
6257,2024-03-18,2024-03-21,股東常會
6257,2024-06-21,2024-06-26,除息
6257,2025-03-21,2025-03-26,股東常會
6257,2025-07-02,2025-07-07,除息
6257,2026-03-23,2026-03-26,股東常會
6257,2026-07-01,2026-07-06,除息
6269,2018-04-03,2018-04-11,股東常會
6269,2018-08-02,2018-08-07,除息
6269,2019-04-12,2019-04-17,股東常會
6269,2019-07-23,2019-07-26,除息
6269,2020-04-10,2020-04-15,股東常會
6269,2020-07-24,2020-07-29,除息
6269,2021-04-09,2021-04-14,股東常會
6269,2021-06-11,2021-06-17,除息
6269,2022-03-25,2022-03-30,股東常會
6269,2022-05-26,2022-05-31,除息
6269,2023-03-24,2023-03-29,股東常會
6269,2023-05-26,2023-05-31,除息
6269,2024-03-22,2024-03-27,股東常會
6269,2024-05-24,2024-05-29,除息
6269,2025-03-21,2025-03-26,股東常會
6269,2026-03-20,2026-03-25,股東常會
6271,2018-04-09,2018-04-12,股東常會
6271,2018-07-20,2018-07-25,除息
6271,2019-04-15,2019-04-18,股東常會
6271,2019-07-19,2019-07-24,除息
6271,2020-03-26,2020-03-31,股東常會
6271,2020-07-06,2020-07-09,除息
6271,2020-11-13,2020-11-18,減資
6271,2021-03-30,2021-04-06,股東常會
6271,2021-07-27,2021-07-30,除息
6271,2022-03-30,2022-04-06,股東常會
6271,2022-06-28,2022-07-01,除息
6271,2022-11-25,2022-11-30,減資
6271,2023-03-28,2023-03-31,股東常會
6271,2023-06-28,2023-07-03,除息
6271,2023-08-03,2023-08-08,除權
6271,2024-03-22,2024-03-27,股東常會
6271,2024-06-21,2024-06-26,除息
6271,2025-03-21,2025-03-26,股東常會
6271,2025-06-09,2025-06-12,除息
6271,2026-03-19,2026-03-24,股東常會
6271,2026-06-04,2026-06-09,除息
6277,2018-04-03,2018-04-11,股東常會
6277,2018-07-30,2018-08-02,除息
6277,2019-04-08,2019-04-11,股東常會
6277,2019-07-19,2019-07-24,除息
6277,2020-04-10,2020-04-15,股東常會
6277,2020-07-21,2020-07-24,除息
6277,2020-11-13,2020-11-18,除息
6277,2021-04-09,2021-04-14,股東常會
6277,2021-07-16,2021-07-21,除息
6277,2021-11-03,2021-11-08,除息
6277,2022-04-11,2022-04-14,股東常會
6277,2022-07-25,2022-07-28,除息
6277,2022-11-11,2022-11-16,除息
6277,2023-04-07,2023-04-12,股東常會
6277,2023-07-21,2023-07-26,除息
6277,2023-12-01,2023-12-06,除息
6277,2024-03-22,2024-03-27,股東常會
6277,2024-07-23,2024-07-26,除息
6277,2024-12-04,2024-12-09,除息
6277,2025-03-21,2025-03-26,股東常會
6277,2025-07-21,2025-07-24,除息
6277,2025-12-03,2025-12-08,除息
6277,2026-03-19,2026-03-24,股東常會
6277,2026-07-14,2026-07-17,除息
6278,2018-04-16,2018-04-19,股東常會
6278,2018-07-06,2018-07-11,除息
6278,2019-04-03,2019-04-10,股東常會
6278,2019-07-05,2019-07-10,除息
6278,2020-04-13,2020-04-16,股東常會
6278,2020-07-10,2020-07-15,除息
6278,2021-04-19,2021-04-22,股東常會
6278,2021-08-11,2021-08-16,除息
6278,2022-04-11,2022-04-14,股東常會
6278,2022-07-08,2022-07-13,除息
6278,2023-04-10,2023-04-13,股東常會
6278,2023-07-07,2023-07-12,除息
6278,2024-04-15,2024-04-18,股東常會
6278,2024-07-05,2024-07-10,除息
6278,2025-04-11,2025-04-16,股東常會
6278,2025-07-04,2025-07-09,除息
6278,2026-04-10,2026-04-15,股東常會
6278,2026-07-03,2026-07-08,除息
6281,2018-03-27,2018-03-30,股東常會
6281,2018-06-13,2018-06-19,除息
6281,2019-04-08,2019-04-11,股東常會
6281,2019-06-27,2019-07-02,除息
6281,2020-04-06,2020-04-09,股東常會
6281,2020-06-23,2020-06-30,除息
6281,2021-04-22,2021-04-27,股東常會
6281,2021-07-15,2021-07-20,除息
6281,2022-04-11,2022-04-14,股東常會
6281,2022-06-28,2022-07-01,除息
6281,2023-03-24,2023-03-29,股東常會
6281,2024-03-18,2024-03-21,股東常會
6281,2025-03-17,2025-03-20,除息
6281,2026-03-19,2026-03-24,除息
6282,2018-04-20,2018-04-25,股東常會
6282,2018-08-24,2018-08-29,除息
6282,2019-04-19,2019-04-24,股東常會
6282,2019-08-19,2019-08-22,除息
6282,2020-04-17,2020-04-22,股東常會
6282,2020-06-19,2020-06-24,除息
6282,2021-04-16,2021-04-21,股東常會
6282,2021-06-22,2021-06-25,除息
6282,2022-04-15,2022-04-20,除息
6282,2023-03-20,2023-03-23,股東常會
6282,2023-06-16,2023-06-21,除息
6282,2024-04-12,2024-04-17,股東常會
6282,2024-08-27,2024-08-30,除息
6282,2025-03-21,2025-03-26,股東常會
6282,2025-08-12,2025-08-15,除息
6282,2026-03-20,2026-03-25,股東常會
6282,2026-08-11,2026-08-14,除息
6283,2018-04-23,2018-04-26,股東常會
6283,2019-04-02,2019-04-09,股東常會
6283,2020-04-01,2020-04-08,股東常會
6283,2021-04-16,2021-04-21,股東常會
6283,2022-04-15,2022-04-20,股東常會
6283,2023-04-21,2023-04-26,股東常會
6283,2024-04-19,2024-04-24,股東常會
6283,2025-04-21,2025-04-24,股東常會
6283,2026-04-20,2026-04-23,股東常會
6285,2018-04-09,2018-04-12,股東常會
6285,2018-08-03,2018-08-08,除權息
6285,2019-03-27,2019-04-01,股東常會
6285,2019-08-01,2019-08-06,除息
6285,2020-04-13,2020-04-16,股東常會
6285,2020-07-09,2020-07-14,除息
6285,2021-04-01,2021-04-08,股東常會
6285,2021-07-26,2021-07-29,除息
6285,2022-03-31,2022-04-07,股東常會
6285,2022-07-07,2022-07-12,除息
6285,2023-03-28,2023-03-31,股東常會
6285,2023-07-06,2023-07-11,除息
6285,2023-11-02,2023-11-07,現金增資
6285,2024-03-25,2024-03-28,股東常會
6285,2024-06-26,2024-07-01,除息
6285,2025-03-10,2025-03-13,股東常會
6285,2025-06-26,2025-07-01,除息
6285,2026-03-20,2026-03-25,股東常會
6285,2026-06-25,2026-06-30,除息
6405,2018-04-03,2018-04-11,股東常會
6405,2018-06-27,2018-07-02,除息
6405,2019-04-03,2019-04-10,股東常會
6405,2019-06-27,2019-07-02,除息
6405,2020-04-01,2020-04-08,股東常會
6405,2020-07-09,2020-07-14,除息
6405,2021-03-31,2021-04-07,股東常會
6405,2021-08-02,2021-08-05,除息
6405,2022-04-08,2022-04-13,股東常會
6405,2022-07-11,2022-07-14,除息
6405,2023-04-10,2023-04-13,股東常會
6405,2023-07-11,2023-07-14,除息
6405,2024-04-08,2024-04-11,股東常會
6405,2024-07-10,2024-07-15,除息
6405,2025-03-17,2025-03-20,股東常會
6405,2025-07-10,2025-07-15,除息
6405,2026-03-20,2026-03-25,股東常會
6409,2018-03-28,2018-03-31,股東常會
6409,2018-07-06,2018-07-11,除息
6409,2019-04-19,2019-04-24,股東常會
6409,2019-08-27,2019-08-30,除權息
6409,2020-04-17,2020-04-22,股東常會
6409,2020-09-10,2020-09-15,除權息
6409,2021-04-15,2021-04-20,股東常會
6409,2021-08-16,2021-08-19,除息
6409,2022-04-11,2022-04-14,股東常會
6409,2022-08-18,2022-08-23,除息
6409,2023-03-29,2023-04-06,股東常會
6409,2023-07-10,2023-07-13,除息
6409,2024-04-08,2024-04-11,股東常會
6409,2024-07-16,2024-07-19,除息
6409,2025-03-21,2025-03-26,股東常會
6409,2025-07-04,2025-07-09,除息
6409,2026-03-20,2026-03-25,股東常會
6409,2026-07-17,2026-07-22,除息
6412,2018-03-28,2018-03-31,股東常會
6412,2018-06-27,2018-07-02,除息
6412,2018-07-20,2018-07-25,除權
6412,2019-03-27,2019-04-01,股東常會
6412,2019-06-21,2019-06-26,除息
6412,2020-04-01,2020-04-08,除息
6412,2021-03-31,2021-04-07,除息
6412,2022-03-30,2022-04-06,除息
6412,2023-03-23,2023-03-28,股東常會
6412,2024-03-21,2024-03-26,股東常會
6412,2024-05-29,2024-06-03,除息
6412,2025-03-20,2025-03-25,股東常會
6412,2025-06-04,2025-06-09,除息
6412,2026-03-20,2026-03-25,股東常會
6412,2026-06-03,2026-06-08,除息
6414,2018-04-20,2018-04-25,股東常會
6414,2018-07-25,2018-07-30,除息
6414,2019-02-15,2019-02-20,現金增資
6414,2019-04-22,2019-04-25,股東常會
6414,2019-07-22,2019-07-25,除息
6414,2020-04-17,2020-04-22,股東常會
6414,2020-09-03,2020-09-08,除權息
6414,2021-04-16,2021-04-21,股東常會
6414,2021-09-28,2021-10-01,除息
6414,2021-11-26,2021-12-01,現金增資
6414,2022-04-15,2022-04-20,股東常會
6414,2022-07-25,2022-07-28,除息
6414,2023-03-24,2023-03-29,股東常會
6414,2023-07-28,2023-08-02,除息
6414,2024-03-25,2024-03-28,股東常會
6414,2024-07-25,2024-07-30,除息
6414,2025-03-21,2025-03-26,股東常會
6414,2025-06-23,2025-06-26,除息
6414,2026-03-23,2026-03-26,股東常會
6414,2026-06-10,2026-06-15,除息
6415,2018-03-29,2018-04-02,股東常會
6415,2018-07-04,2018-07-09,除息
6415,2019-04-03,2019-04-10,股東常會
6415,2019-07-10,2019-07-15,除息
6415,2020-04-01,2020-04-08,股東常會
6415,2020-07-15,2020-07-20,除息
6415,2021-03-25,2021-03-30,股東常會
6415,2021-07-14,2021-07-19,除息
6415,2022-03-21,2022-03-24,除息
6415,2022-06-30,2022-07-05,變更面額
6415,2023-03-20,2023-03-23,股東常會
6415,2024-03-22,2024-03-27,股東常會
6415,2025-03-21,2025-03-26,股東常會
6415,2026-03-20,2026-03-25,股東常會
6416,2019-03-27,2019-04-01,股東常會
6416,2019-07-19,2019-07-24,除息
6416,2020-04-10,2020-04-15,股東常會
6416,2020-07-23,2020-07-28,除息
6416,2021-04-09,2021-04-14,股東常會
6416,2021-09-02,2021-09-07,除息
6416,2022-04-08,2022-04-13,股東常會
6416,2022-08-09,2022-08-12,除息
6416,2023-04-07,2023-04-12,股東常會
6416,2023-07-11,2023-07-14,除息
6416,2024-04-03,2024-04-10,股東常會
6416,2024-07-23,2024-07-26,除息
6416,2025-03-14,2025-03-19,股東常會
6416,2025-07-24,2025-07-29,除息
6416,2026-03-20,2026-03-25,股東常會
6416,2026-07-22,2026-07-27,除息
6426,2018-04-03,2018-04-11,股東常會
6426,2018-08-30,2018-09-04,除息
6426,2019-03-27,2019-04-01,股東常會
6426,2019-09-02,2019-09-05,除息
6426,2019-11-18,2019-11-21,現增除權
6426,2020-04-01,2020-04-08,股東常會
6426,2020-09-01,2020-09-04,除息
6426,2021-04-01,2021-04-08,股東常會
6426,2021-09-13,2021-09-16,除息
6426,2022-04-08,2022-04-13,股東常會
6426,2022-07-28,2022-08-02,除息
6426,2023-03-28,2023-03-31,股東常會
6426,2023-06-20,2023-06-27,除息
6426,2024-03-28,2024-04-02,股東常會
6426,2024-08-22,2024-08-27,除息
6426,2025-04-17,2025-04-22,股東常會
6426,2025-08-28,2025-09-02,除息
6426,2026-04-20,2026-04-23,股東常會
6426,2026-08-27,2026-09-01,除息
6431,2018-04-23,,股東常會
6431,2019-04-22,,股東常會
6431,2020-04-23,,股東常會
6431,2020-12-04,,現金增資
6431,2021-04-19,,股東常會
6431,2022-04-15,,股東常會
6431,2023-04-14,,股東常會
6431,2024-04-12,,股東常會
6431,2025-03-21,,股東常會
6431,2026-04-02,,股東常會
6438,2018-03-23,2018-03-28,股東常會
6438,2018-06-28,2018-07-03,除息
6438,2019-03-22,2019-03-27,股東常會
6438,2019-06-28,2019-07-03,除息
6438,2019-12-18,2019-12-23,現增除權
6438,2020-03-20,2020-03-25,股東常會
6438,2020-06-30,2020-07-03,除息
6438,2021-03-25,2021-03-30,股東常會
6438,2021-07-06,2021-07-09,除息
6438,2022-03-21,2022-03-24,股東常會
6438,2022-05-27,2022-06-01,除息
6438,2023-03-24,2023-03-29,股東常會
6438,2023-05-25,2023-05-30,除息
6438,2023-06-16,2023-06-21,現金增資
6438,2023-11-30,2023-12-05,除息
6438,2024-03-22,2024-03-27,股東常會
6438,2024-06-19,2024-06-24,除息
6438,2024-11-29,2024-12-04,除息
6438,2025-02-06,2025-02-11,現金增資
6438,2025-03-26,2025-03-31,股東常會
6438,2025-06-13,2025-06-18,除息
6438,2025-12-05,2025-12-10,除息
6438,2026-03-23,2026-03-26,股東常會
6438,2026-06-11,2026-06-16,除息
6442,2018-03-23,2018-03-28,股東常會
6442,2018-06-21,2018-06-26,除息
6442,2019-04-02,2019-04-09,股東常會
6442,2019-07-16,2019-07-19,除權息
6442,2020-04-17,2020-04-22,股東常會
6442,2020-07-29,2020-08-03,除息
6442,2021-04-22,2021-04-27,股東常會
6442,2021-08-13,2021-08-18,除息
6442,2022-04-21,2022-04-26,股東常會
6442,2022-07-21,2022-07-26,除息
6442,2023-03-28,2023-03-31,股東常會
6442,2023-07-13,2023-07-18,除息
6442,2024-01-04,2024-01-09,現金增資
6442,2024-04-12,2024-04-17,股東常會
6442,2024-07-19,2024-07-24,除息
6442,2025-03-21,2025-03-26,股東常會
6442,2025-07-11,2025-07-16,除息
6442,2026-03-20,2026-03-25,股東常會
6442,2026-07-09,2026-07-14,除息
6443,2018-04-03,,股東常會
6443,2019-01-21,,股東常會
6443,2019-06-17,,減資
6443,2019-08-14,,現金增資
6443,2020-04-06,,股東常會
6443,2020-11-05,,現金增資
6443,2021-01-29,,股東常會
6443,2022-03-30,2022-04-06,股東常會
6443,2022-06-15,2022-06-20,現金增資
6443,2023-03-17,2023-03-22,股東常會
6443,2023-06-21,2023-06-28,除息
6443,2023-07-06,2023-07-11,現金增資
6443,2024-03-18,2024-03-21,股東常會
6443,2024-08-13,2024-08-16,除息
6443,2025-03-17,2025-03-20,股東常會
6443,2026-03-16,2026-03-19,股東常會
6446,2024-03-21,2024-03-26,股東常會
6446,2025-03-21,2025-03-26,股東常會
6446,2025-08-05,2025-08-08,除息
6446,2025-09-05,2025-09-10,除權
6446,2026-03-20,2026-03-25,股東常會
6446,2026-07-03,2026-07-08,除權息
6449,2018-04-20,2018-04-25,現金增資
6449,2018-08-27,2018-08-30,除息
6449,2019-04-12,2019-04-17,股東常會
6449,2019-08-09,2019-08-14,除息
6449,2020-04-10,2020-04-15,股東常會
6449,2020-07-23,2020-07-28,除息
6449,2021-04-16,2021-04-21,股東常會
6449,2021-09-06,2021-09-09,除息
6449,2022-04-15,2022-04-20,股東常會
6449,2022-07-05,2022-07-08,除息
6449,2023-04-06,2023-04-11,股東常會
6449,2023-07-13,2023-07-18,除息
6449,2024-03-22,2024-03-27,股東常會
6449,2024-06-19,2024-06-24,除息
6449,2025-03-20,2025-03-25,股東常會
6449,2025-06-17,2025-06-20,除息
6449,2026-03-23,2026-03-26,股東常會
6449,2026-06-16,2026-06-22,除息
6451,2018-04-13,2018-04-18,股東常會
6451,2018-07-11,2018-07-16,除息
6451,2019-04-18,2019-04-23,股東常會
6451,2019-07-12,2019-07-17,除息
6451,2020-04-09,2020-04-14,股東常會
6451,2020-07-08,2020-07-13,除息
6451,2021-04-16,2021-04-21,股東常會
6451,2021-07-16,2021-07-21,除息
6451,2022-04-15,2022-04-20,股東常會
6451,2022-07-21,2022-07-26,除息
6451,2023-04-21,2023-04-26,股東常會
6451,2023-07-21,2023-07-26,除息
6451,2024-04-19,2024-04-24,股東常會
6451,2024-07-19,2024-07-24,除息
6451,2025-04-18,2025-04-23,股東常會
6451,2025-07-21,2025-07-24,除息
6451,2026-04-20,2026-04-23,股東常會
6451,2026-07-21,2026-07-24,除息
6456,2018-03-28,2018-03-31,股東常會
6456,2018-06-14,2018-06-20,除息
6456,2019-03-22,2019-03-27,股東常會
6456,2019-06-13,2019-06-18,除息
6456,2020-04-09,2020-04-14,股東常會
6456,2020-07-08,2020-07-13,除息
6456,2021-03-22,2021-03-25,股東常會
6456,2021-05-24,2021-05-27,除息
6456,2022-03-25,2022-03-30,股東常會
6456,2022-05-25,2022-05-30,除息
6456,2023-03-24,2023-03-29,股東常會
6456,2023-05-24,2023-05-29,除息
6456,2024-03-21,2024-03-26,股東常會
6456,2025-03-14,2025-03-19,股東常會
6456,2026-03-20,2026-03-25,股東常會
6464,2018-03-26,2018-03-29,股東常會
6464,2018-07-05,2018-07-10,除息
6464,2019-03-22,2019-03-27,股東常會
6464,2019-07-26,2019-07-31,除權息
6464,2020-03-20,2020-03-25,股東常會
6464,2020-08-20,2020-08-25,除權息
6464,2021-03-19,2021-03-24,股東常會
6464,2021-08-20,2021-08-25,除權息
6464,2022-03-25,2022-03-30,股東常會
6464,2022-07-21,2022-07-26,除權息
6464,2023-03-17,2023-03-22,股東常會
6464,2023-07-20,2023-07-25,除息
6464,2024-03-22,2024-03-27,股東常會
6464,2024-07-19,2024-07-24,除息
6464,2025-03-21,2025-03-26,股東常會
6464,2025-08-07,2025-08-12,除息
6464,2025-11-11,2025-11-14,除權
6464,2026-03-20,2026-03-25,股東常會
6464,2026-07-13,2026-07-16,除權息
6472,2020-06-30,2020-07-03,除息
6472,2020-11-03,2020-11-06,除權
6472,2021-04-22,2021-04-27,股東常會
6472,2021-09-01,2021-09-06,除權、息
6472,2022-03-18,2022-03-23,股東常會
6472,2022-07-01,2022-07-06,除息
6472,2022-08-24,2022-08-29,除權
6472,2023-03-28,2023-03-31,股東常會
6472,2023-06-30,2023-07-05,除息
6472,2023-08-04,2023-08-09,除權
6472,2024-03-21,2024-03-26,股東常會
6472,2024-08-06,2024-08-09,除息
6472,2025-03-17,2025-03-20,股東常會
6472,2025-06-16,2025-06-19,除息
6472,2025-07-29,2025-08-01,除權
6472,2026-04-01,2026-04-08,股東常會
6472,2026-07-27,2026-07-30,除息
6477,2018-01-05,2018-01-10,現金增資
6477,2018-03-29,2018-04-02,股東常會
6477,2018-07-06,2018-07-11,除息
6477,2019-04-08,2019-04-11,股東常會
6477,2019-07-05,2019-07-10,除息
6477,2020-03-20,2020-03-25,股東常會
6477,2020-07-28,2020-07-31,除息
6477,2021-03-22,2021-03-25,股東常會
6477,2021-06-29,2021-07-02,除息
6477,2022-03-18,2022-03-23,股東常會
6477,2022-06-17,2022-06-22,除息
6477,2023-03-24,2023-03-29,股東常會
6477,2023-07-17,2023-07-20,除權息
6477,2024-03-18,2024-03-21,股東常會
6477,2024-06-21,2024-06-26,除息
6477,2025-03-14,2025-03-19,股東常會
6477,2025-06-23,2025-06-26,除息
6477,2026-03-20,2026-03-25,股東常會
6477,2026-07-06,2026-07-09,除息
6491,2020-06-05,2020-06-10,除息
6491,2021-03-19,2021-03-24,股東常會
6491,2021-06-04,2021-06-09,除息
6491,2022-03-18,2022-03-23,股東常會
6491,2022-06-02,2022-06-08,除息
6491,2023-03-17,2023-03-22,股東常會
6491,2023-06-02,2023-06-07,除息
6491,2023-07-11,2023-07-14,現金增資
6491,2024-03-18,2024-03-21,股東常會
6491,2024-06-13,2024-06-18,除息
6491,2025-03-14,2025-03-19,股東常會
6491,2025-06-06,2025-06-11,除息
6491,2026-03-13,2026-03-18,股東常會
6491,2026-08-03,2026-08-06,除息
6504,2018-03-23,2018-03-28,股東常會
6504,2018-08-08,2018-08-13,除息
6504,2019-03-22,2019-03-27,股東常會
6504,2019-07-24,2019-07-29,除息
6504,2020-03-23,2020-03-26,股東常會
6504,2020-07-17,2020-07-22,除息
6504,2021-03-22,2021-03-25,股東常會
6504,2021-09-10,2021-09-15,除息
6504,2022-03-25,2022-03-30,股東常會
6504,2022-09-06,2022-09-12,除息
6504,2023-03-24,2023-03-29,股東常會
6504,2023-09-06,2023-09-11,除息
6504,2024-03-25,2024-03-28,股東常會
6504,2024-09-06,2024-09-11,除息
6504,2025-03-20,2025-03-25,股東常會
6504,2025-09-05,2025-09-10,除息
6504,2026-03-23,2026-03-26,股東常會
6504,2026-09-04,2026-09-09,除息
6505,2018-04-03,2018-04-11,股東常會
6505,2018-06-28,2018-07-03,除息
6505,2019-03-25,2019-03-28,股東常會
6505,2019-06-14,2019-06-19,除息
6505,2020-03-23,2020-03-26,股東常會
6505,2020-06-11,2020-06-16,除息
6505,2021-04-09,2021-04-14,股東常會
6505,2021-07-19,2021-07-22,除息
6505,2022-03-25,2022-03-30,股東常會
6505,2022-06-15,2022-06-20,除息
6505,2023-03-17,2023-03-22,股東常會
6505,2023-06-07,2023-06-12,除息
6505,2024-04-08,2024-04-11,股東常會
6505,2024-07-03,2024-07-08,除息
6505,2025-03-21,2025-03-26,股東常會
6505,2025-06-19,2025-06-24,除息
6505,2026-03-20,2026-03-25,股東常會
6505,2026-06-16,2026-06-22,除息
6515,2022-04-18,2022-04-21,股東常會
6515,2022-06-27,2022-06-30,除息
6515,2023-04-14,2023-04-19,股東常會
6515,2023-07-05,2023-07-10,除息
6515,2024-04-15,2024-04-18,股東常會
6515,2024-07-16,2024-07-19,除息
6515,2025-04-11,2025-04-16,股東常會
6515,2025-07-01,2025-07-04,除息
6515,2026-04-10,2026-04-15,股東常會
6515,2026-07-13,2026-07-16,除息
6525,2018-04-13,2018-04-18,股東常會
6525,2018-07-12,2018-07-17,除權息
6525,2019-03-27,2019-04-01,股東常會
6525,2019-07-03,2019-07-08,除權息
6525,2020-04-01,2020-04-08,股東常會
6525,2020-06-22,2020-06-29,除息
6525,2021-04-09,2021-04-14,股東常會
6525,2021-08-04,2021-08-09,除息
6525,2022-04-21,2022-04-26,股東常會
6525,2022-07-13,2022-07-18,除息
6525,2023-03-24,2023-03-29,股東常會
6525,2023-06-14,2023-06-19,除息
6525,2024-03-21,2024-03-26,股東常會
6525,2024-05-24,2024-05-29,除息
6525,2025-03-20,2025-03-25,股東常會
6525,2025-05-21,2025-05-26,除息
6525,2026-03-20,2026-03-25,股東常會
6525,2026-06-01,2026-06-04,除息
6526,2024-07-03,2024-07-08,除息
6526,2025-03-14,2025-03-19,股東常會
6526,2025-06-27,2025-07-02,除息
6526,2026-03-23,2026-03-26,股東常會
6526,2026-07-01,2026-07-06,除息
6531,2018-04-02,2018-04-10,股東常會
6531,2018-08-21,2018-08-24,除權息
6531,2019-03-27,2019-04-01,股東常會
6531,2019-08-20,2019-08-23,除息
6531,2020-04-09,2020-04-14,股東常會
6531,2020-08-05,2020-08-10,除息
6531,2021-04-09,2021-04-14,股東常會
6531,2021-08-10,2021-08-13,除息
6531,2021-10-01,2021-10-06,變更面額
6531,2022-03-21,2022-03-24,股東常會
6531,2022-06-15,2022-06-20,除息
6531,2023-03-23,2023-03-28,股東常會
6531,2023-06-14,2023-06-19,除息
6531,2024-03-21,2024-03-26,股東常會
6531,2024-06-14,2024-06-19,除息
6531,2025-02-20,2025-02-25,股東常會
6531,2025-06-12,2025-06-17,除息
6531,2026-03-02,2026-03-05,股東常會
6531,2026-06-15,2026-06-18,除息
6533,2018-04-13,2018-04-18,股東常會
6533,2018-08-21,2018-08-24,除權
6533,2019-04-12,2019-04-17,股東常會
6533,2019-07-09,2019-07-12,除息
6533,2020-04-10,2020-04-15,股東常會
6533,2020-07-07,2020-07-10,除息
6533,2021-03-19,2021-03-24,股東常會
6533,2021-06-07,2021-06-10,除息
6533,2022-03-18,2022-03-23,股東常會
6533,2022-06-16,2022-06-21,除息
6533,2023-03-24,2023-03-29,股東常會
6533,2023-06-19,2023-06-26,除息
6533,2024-03-18,2024-03-21,股東常會
6533,2025-03-21,2025-03-26,股東常會
6533,2025-09-30,2025-10-03,現金增資
6533,2026-03-20,2026-03-25,股東常會
6533,2026-09-01,2026-09-04,現金增資
6534,2024-08-19,2024-08-22,除息
6534,2025-03-14,2025-03-19,除息
6534,2025-08-15,2025-08-20,除息
6534,2026-03-20,2026-03-25,股東常會
6534,2026-08-26,2026-08-31,除息
6541,2018-07-04,2018-07-09,現金增資
6541,2019-04-12,2019-04-17,股東常會
6541,2019-10-29,2019-11-01,現金增資
6541,2020-04-09,2020-04-14,股東常會
6541,2020-11-19,,現金增資
6541,2021-04-09,,股東常會
6541,2021-09-01,,現金增資
6541,2022-04-11,,股東常會
6541,2023-02-22,,減資
6541,2023-03-21,,現金增資
6541,2023-04-21,,股東常會
6541,2024-03-15,2024-03-20,現金增資
6541,2024-04-12,,股東常會
6541,2025-03-26,,股東常會
6541,2025-07-14,2025-07-17,現金增資
6541,2026-03-26,2026-03-31,股東常會
6550,2023-04-06,2023-04-11,股東常會
6550,2024-02-23,2024-02-29,股東常會
6550,2024-11-07,,現金增資
6550,2025-03-14,,股東常會
6550,2026-03-09,,股東常會
6550,2026-09-11,,減資
6552,2018-03-05,2018-03-08,股東常會
6552,2018-08-16,2018-08-21,除息
6552,2019-04-03,2019-04-10,股東常會
6552,2019-08-19,2019-08-22,除息
6552,2020-04-01,2020-04-08,股東常會
6552,2020-08-19,2020-08-24,除息
6552,2020-10-19,2020-10-22,減資
6552,2021-03-31,2021-04-07,股東常會
6552,2021-08-23,2021-08-26,除息
6552,2022-03-30,2022-04-06,股東常會
6552,2022-08-31,2022-09-05,除息
6552,2023-03-24,2023-03-29,股東常會
6552,2023-09-01,2023-09-06,除息
6552,2024-03-22,2024-03-27,股東常會
6552,2024-09-02,2024-09-05,除息
6552,2025-03-21,2025-03-26,股東常會
6552,2025-09-01,2025-09-04,除息
6552,2026-03-20,2026-03-25,股東常會
6558,2020-04-09,2020-04-14,股東常會
6558,2020-07-17,2020-07-22,除息
6558,2021-04-22,2021-04-27,股東常會
6558,2021-07-23,2021-07-28,除息
6558,2022-03-30,2022-04-06,股東常會
6558,2023-03-28,2023-03-31,股東常會
6558,2024-03-22,2024-03-27,股東常會
6558,2025-03-21,2025-03-26,股東常會
6558,2025-06-18,2025-06-23,除息
6558,2026-03-20,2026-03-25,股東常會
6573,2018-07-18,2018-07-23,除息
6573,2018-07-30,2018-08-02,現金增資
6573,2019-04-02,2019-04-09,股東常會
6573,2019-07-19,2019-07-24,除權息
6573,2020-04-16,2020-04-21,股東常會
6573,2020-06-16,2020-06-19,現金增資
6573,2021-04-16,2021-04-21,股東常會
6573,2022-04-15,2022-04-20,股東常會
6573,2023-04-14,2023-04-19,股東常會
6573,2024-04-18,,股東常會
6573,2025-04-17,,股東常會
6573,2026-04-16,,股東常會
6579,2018-03-22,2018-03-27,股東常會
6579,2018-06-06,2018-06-11,除息
6579,2019-03-25,2019-03-28,股東常會
6579,2019-06-26,2019-07-01,除息
6579,2020-03-20,2020-03-25,股東常會
6579,2020-06-08,2020-06-11,除息
6579,2021-03-22,2021-03-25,股東常會
6579,2021-07-20,2021-07-23,除息
6579,2022-03-21,2022-03-24,股東常會
6579,2022-06-20,2022-06-23,除息
6579,2023-03-24,2023-03-29,股東常會
6579,2023-06-21,2023-06-28,除息
6579,2024-03-22,2024-03-27,股東常會
6579,2024-08-22,2024-08-27,除權息
6579,2025-03-21,2025-03-26,股東常會
6579,2025-06-20,2025-06-25,除息
6579,2026-03-23,2026-03-26,股東常會
6579,2026-06-11,2026-06-16,除息
6581,2019-03-22,2019-03-27,股東常會
6581,2019-08-06,2019-08-09,除息
6581,2020-03-20,2020-03-25,股東常會
6581,2020-06-09,2020-06-12,除息
6581,2021-03-19,2021-03-24,除息
6581,2022-03-18,2022-03-23,除息
6581,2023-03-24,2023-03-29,股東常會
6581,2024-03-22,2024-03-27,股東常會
6581,2025-03-21,2025-03-26,股東常會
6581,2026-03-23,2026-03-26,除息
6582,2018-04-23,2018-04-26,股東常會
6582,2018-07-25,2018-07-30,除息
6582,2019-04-22,2019-04-25,股東常會
6582,2019-07-24,2019-07-29,除息
6582,2020-04-17,2020-04-22,股東常會
6582,2020-07-20,2020-07-23,除息
6582,2021-04-19,2021-04-22,股東常會
6582,2021-08-06,2021-08-11,除息
6582,2022-04-22,2022-04-27,股東常會
6582,2022-08-19,2022-08-24,除息
6582,2023-03-24,2023-03-29,股東常會
6582,2023-07-14,2023-07-19,除息
6582,2024-03-15,2024-03-20,股東常會
6582,2025-03-14,2025-03-19,股東常會
6582,2025-08-22,2025-08-27,除息
6582,2026-03-16,2026-03-19,股東常會
6585,2023-03-24,2023-03-29,股東常會
6585,2023-06-09,2023-06-14,除息
6585,2024-03-22,2024-03-27,股東常會
6585,2024-06-24,2024-06-27,除息
6585,2025-03-21,2025-03-26,股東常會
6585,2025-06-24,2025-06-27,除息
6585,2026-03-20,2026-03-25,股東常會
6585,2026-06-18,2026-06-24,除息
6589,2023-03-24,2023-03-29,股東常會
6589,2024-03-22,2024-03-27,股東常會
6589,2025-04-21,2025-04-24,股東常會
6589,2026-03-23,2026-03-26,股東常會
6591,2018-07-05,2018-07-10,除息
6591,2018-12-24,2018-12-27,現金增資
6591,2019-04-03,2019-04-10,股東常會
6591,2019-07-03,2019-07-08,除息
6591,2020-04-13,2020-04-16,股東常會
6591,2020-07-13,2020-07-16,除息
6591,2020-09-10,2020-09-15,現金增資
6591,2021-04-12,2021-04-15,股東常會
6591,2021-07-13,2021-07-16,除息
6591,2022-03-25,2022-03-30,股東常會
6591,2022-06-22,2022-06-27,除息
6591,2022-08-12,2022-08-17,現金增資
6591,2023-03-24,2023-03-29,股東常會
6591,2023-06-27,2023-06-30,除息
6591,2024-03-25,2024-03-28,股東常會
6591,2024-07-01,2024-07-04,除息
6591,2025-03-21,2025-03-26,股東常會
6591,2025-07-24,2025-07-29,除息
6591,2025-08-26,2025-08-29,現金增資
6591,2026-03-20,2026-03-25,股東常會
6591,2026-07-01,2026-07-06,除息
6592,2020-07-07,2020-07-10,除息
6592,2021-04-16,2021-04-21,股東常會
6592,2021-08-03,2021-08-06,除息
6592,2022-04-15,2022-04-20,股東常會
6592,2022-07-06,2022-07-11,除息
6592,2022-08-22,2022-08-25,其他
6592,2023-03-24,2023-03-29,股東常會
6592,2023-07-07,2023-07-12,除權息
6592,2023-07-31,2023-08-03,其他
6592,2024-03-22,2024-03-27,股東常會
6592,2024-07-10,2024-07-15,除權息
6592,2025-03-21,2025-03-26,股東常會
6592,2025-06-20,2025-06-25,除息
6592,2026-03-20,2026-03-25,股東常會
6592,2026-06-24,2026-06-29,除權息
6598,2021-03-30,2021-04-06,股東常會
6598,2022-04-07,2022-04-12,股東常會
6598,2023-04-06,2023-04-11,股東常會
6598,2024-03-21,,股東常會
6598,2024-06-26,,現金增資
6598,2025-03-27,,股東常會
6598,2026-04-01,,股東常會
6605,2018-04-16,2018-04-19,股東常會
6605,2018-08-01,2018-08-06,除息
6605,2019-04-12,2019-04-17,股東常會
6605,2019-08-01,2019-08-06,除息
6605,2020-04-10,2020-04-15,股東常會
6605,2020-06-30,2020-07-03,除息
6605,2021-04-16,2021-04-21,股東常會
6605,2021-08-18,2021-08-23,除息
6605,2022-04-18,2022-04-21,股東常會
6605,2022-07-05,2022-07-08,除息
6605,2023-04-14,2023-04-19,股東常會
6605,2023-07-06,2023-07-11,除息
6605,2024-04-12,2024-04-17,股東常會
6605,2024-07-08,2024-07-11,除息
6605,2025-04-14,2025-04-17,股東常會
6605,2025-07-04,2025-07-09,除息
6605,2026-04-10,2026-04-15,股東常會
6605,2026-07-03,2026-07-08,除息
6606,2024-04-12,2024-04-17,股東常會
6606,2024-06-14,2024-06-19,除息
6606,2025-03-24,2025-03-27,除息
6606,2025-04-14,2025-04-17,股東常會
6606,2026-03-26,2026-03-31,股東常會
6606,2026-06-11,2026-06-16,除息
6614,2026-07-09,2026-07-14,除息
6625,2019-04-12,2019-04-17,股東常會
6625,2019-07-26,2019-07-31,除權息
6625,2020-04-10,2020-04-15,股東常會
6625,2020-08-20,2020-08-25,除權息
6625,2020-10-19,2020-10-22,現金增資
6625,2021-04-12,2021-04-15,股東常會
6625,2022-04-08,2022-04-13,股東常會
6625,2023-04-07,2023-04-12,股東常會
6625,2024-04-12,2024-04-17,股東常會
6625,2024-07-12,2024-07-17,除權息
6625,2025-02-13,2025-02-18,現金增資
6625,2025-04-11,2025-04-16,股東常會
6625,2025-06-13,2025-06-18,除息
6625,2026-04-10,2026-04-15,股東常會
6641,2019-03-27,2019-04-01,股東常會
6641,2019-06-18,2019-06-21,除息
6641,2020-04-17,2020-04-22,股東常會
6641,2020-07-07,2020-07-10,除息
6641,2021-04-09,2021-04-14,股東常會
6641,2021-07-29,2021-08-03,除息
6641,2021-09-07,2021-09-10,現金增資
6641,2022-03-30,2022-04-06,股東常會
6641,2022-06-29,2022-07-04,除息
6641,2023-03-28,2023-03-31,股東常會
6641,2023-06-30,2023-07-05,除息
6641,2024-03-27,2024-04-01,股東常會
6641,2024-06-28,2024-07-03,除息
6641,2025-04-02,2025-04-09,股東常會
6641,2025-07-01,2025-07-04,除息
6641,2026-04-17,2026-04-22,股東常會
6641,2026-07-02,2026-07-07,除息
6645,2024-07-10,2024-07-15,除權
6645,2024-11-28,,現金增資
6645,2025-03-21,,股東常會
6645,2026-03-16,,股東常會
6655,2019-06-28,2019-07-03,除息
6655,2019-07-19,2019-07-24,現金增資
6655,2020-04-17,2020-04-22,股東常會
6655,2020-07-07,2020-07-10,除息
6655,2021-04-16,2021-04-21,股東常會
6655,2021-07-13,2021-07-16,除息
6655,2021-10-27,2021-11-01,除息
6655,2022-04-22,2022-04-27,除息
6655,2023-04-21,2023-04-26,股東常會
6655,2023-10-26,2023-10-31,除息
6655,2024-04-19,2024-04-24,股東常會
6655,2024-06-25,2024-06-28,除息
6655,2024-09-18,2024-09-23,除息
6655,2025-04-18,2025-04-23,股東常會
6655,2025-06-24,2025-06-27,除息
6655,2025-10-15,2025-10-20,除息
6655,2026-04-23,2026-04-28,股東常會
6655,2026-06-25,2026-06-30,除息
6657,2024-03-18,2024-03-21,股東常會
6657,2024-12-06,,現金增資
6657,2025-03-17,,股東常會
6657,2026-03-16,2026-03-19,股東常會
6657,2026-08-18,,其他
6658,2024-05-13,2024-05-16,除息
6658,2024-12-30,2025-01-03,現金增資
6658,2025-02-27,2025-03-05,股東常會
6658,2025-05-16,2025-05-21,除息
6658,2026-03-06,2026-03-11,股東常會
6658,2026-06-02,2026-06-05,除息
6666,2019-07-05,2019-07-10,除權息
6666,2020-03-25,2020-03-30,股東常會
6666,2020-06-23,2020-06-30,除息
6666,2021-03-25,2021-03-30,股東常會
6666,2021-09-10,2021-09-15,除息
6666,2022-03-25,2022-03-30,股東常會
6666,2022-08-10,2022-08-15,除息
6666,2023-03-24,2023-03-29,股東常會
6666,2023-08-18,2023-08-23,除息
6666,2024-04-12,2024-04-17,股東常會
6666,2024-07-19,2024-07-24,除息
6666,2025-04-14,2025-04-17,股東常會
6666,2025-08-14,2025-08-19,除息
6666,2026-03-23,2026-03-26,股東常會
6666,2026-08-14,2026-08-19,除息
6668,2019-08-06,2019-08-09,除息
6668,2020-04-14,2020-04-17,股東常會
6668,2020-08-05,2020-08-10,除息
6668,2021-04-16,2021-04-21,股東常會
6668,2021-07-28,2021-08-02,現金增資
6668,2021-09-23,2021-09-28,除息
6668,2022-04-15,2022-04-20,股東常會
6668,2023-04-14,2023-04-19,股東常會
6668,2024-04-12,2024-04-17,股東常會
6668,2025-04-11,2025-04-16,股東常會
6668,2026-04-10,2026-04-15,股東常會
6669,2020-04-09,2020-04-14,股東常會
6669,2020-06-29,2020-07-02,除息
6669,2021-04-09,2021-04-14,股東常會
6669,2021-07-19,2021-07-22,除息
6669,2022-03-25,2022-03-30,股東常會
6669,2022-06-13,2022-06-16,除息
6669,2023-03-23,2023-03-28,股東常會
6669,2023-06-08,2023-06-13,除息
6669,2024-03-18,2024-03-21,股東常會
6669,2024-06-04,2024-06-07,除息
6669,2025-03-21,2025-03-26,股東常會
6669,2025-06-18,2025-06-23,除息
6669,2026-03-19,2026-03-24,股東常會
6669,2026-06-15,2026-06-18,除息
6669,2026-08-27,2026-09-01,除權
6670,2019-07-09,2019-07-12,除息
6670,2020-04-17,2020-04-22,股東常會
6670,2020-07-24,2020-07-29,除息
6670,2021-04-16,2021-04-21,股東常會
6670,2021-08-06,2021-08-11,除息
6670,2022-04-15,2022-04-20,股東常會
6670,2022-07-14,2022-07-19,除息
6670,2023-04-14,2023-04-19,股東常會
6670,2023-07-17,2023-07-20,除息
6670,2024-04-12,2024-04-17,股東常會
6670,2024-07-10,2024-07-15,除息
6670,2025-04-11,2025-04-16,股東常會
6670,2025-07-01,2025-07-04,除息
6670,2026-03-20,2026-03-25,股東常會
6670,2026-06-17,2026-06-23,除息
6671,2019-07-04,2019-07-09,除息
6671,2020-04-13,2020-04-16,股東常會
6671,2020-07-15,2020-07-20,除息
6671,2021-04-16,2021-04-21,股東常會
6671,2021-08-30,2021-09-02,除息
6671,2022-04-15,2022-04-20,股東常會
6671,2022-07-27,2022-08-01,除息
6671,2023-04-14,2023-04-19,股東常會
6671,2023-07-24,2023-07-27,除息
6671,2024-04-12,2024-04-17,股東常會
6671,2024-07-12,2024-07-17,除息
6671,2025-04-11,2025-04-16,股東常會
6671,2025-07-14,2025-07-17,除息
6671,2026-04-10,2026-04-15,股東常會
6671,2026-07-17,2026-07-22,除息
6672,2020-04-01,2020-04-08,股東常會
6672,2020-09-10,2020-09-15,除息
6672,2021-04-12,2021-04-15,股東常會
6672,2021-06-11,2021-06-17,除息
6672,2022-04-11,2022-04-14,股東常會
6672,2022-06-15,2022-06-20,除息
6672,2023-04-10,2023-04-13,股東常會
6672,2023-06-15,2023-06-20,除息
6672,2024-04-15,2024-04-18,股東常會
6672,2024-06-26,2024-07-01,除息
6672,2025-04-17,2025-04-22,股東常會
6672,2025-06-23,2025-06-26,除息
6672,2026-04-10,2026-04-15,除息
6674,2019-08-22,2019-08-27,除息
6674,2020-04-17,2020-04-22,股東常會
6674,2020-07-14,2020-07-17,除息
6674,2021-04-22,2021-04-27,股東常會
6674,2021-09-09,2021-09-14,除息
6674,2022-03-24,2022-03-29,除息
6674,2022-04-21,2022-04-26,股東常會
6674,2023-04-21,2023-04-26,股東常會
6674,2024-04-18,2024-04-23,股東常會
6674,2025-04-17,2025-04-22,股東常會
6674,2026-04-16,2026-04-21,股東常會
6689,2024-04-18,2024-04-23,股東常會
6689,2024-07-24,2024-07-29,除息
6689,2025-04-11,2025-04-16,股東常會
6689,2025-07-24,2025-07-29,除息
6689,2026-04-02,2026-04-09,股東常會
6689,2026-07-23,2026-07-28,除息
6691,2023-03-17,2023-03-22,股東常會
6691,2023-07-11,2023-07-14,除權息
6691,2024-03-21,2024-03-26,股東常會
6691,2024-07-16,2024-07-19,除權息
6691,2025-03-21,2025-03-26,股東常會
6691,2025-07-17,2025-07-22,除權息
6691,2026-03-20,2026-03-25,股東常會
6691,2026-08-14,2026-08-19,除權息
6695,2024-03-21,2024-03-26,股東常會
6695,2025-03-14,2025-03-19,股東常會
6695,2026-03-20,2026-03-25,股東常會
6698,2020-06-24,2020-07-01,除息
6698,2021-04-09,2021-04-14,股東常會
6698,2021-06-25,2021-06-30,除息
6698,2022-03-30,2022-04-06,股東常會
6698,2023-04-07,2023-04-12,股東常會
6698,2024-04-12,2024-04-17,股東常會
6698,2025-04-11,2025-04-16,股東常會
6698,2026-04-10,2026-04-15,股東常會
6698,2026-07-08,2026-07-13,除息
6698,2026-08-11,2026-08-14,現金增資
6706,2021-01-28,2021-02-02,現金增資
6706,2021-04-19,2021-04-22,股東常會
6706,2021-09-23,2021-09-28,除息
6706,2022-04-18,2022-04-21,股東常會
6706,2022-07-22,2022-07-27,除息
6706,2023-04-06,2023-04-11,股東常會
6706,2023-07-21,2023-07-26,除息
6706,2024-04-08,2024-04-11,股東常會
6706,2024-10-22,2024-10-25,現金增資
6706,2025-04-07,2025-04-10,股東常會
6706,2026-04-02,2026-04-09,股東常會
6715,2020-07-22,2020-07-27,除息
6715,2021-03-31,2021-04-07,股東常會
6715,2021-08-19,2021-08-24,除息
6715,2022-01-19,2022-01-24,現金增資
6715,2022-04-08,2022-04-13,股東常會
6715,2022-07-08,2022-07-13,除息
6715,2023-04-07,2023-04-12,股東常會
6715,2023-07-12,2023-07-17,除息
6715,2024-02-20,2024-02-23,現金增資
6715,2024-04-03,2024-04-10,股東常會
6715,2024-08-01,2024-08-06,除息
6715,2025-03-21,2025-03-26,股東常會
6715,2025-07-25,2025-07-30,除息
6715,2026-03-23,2026-03-26,股東常會
6715,2026-06-26,2026-07-01,除息
6715,2026-07-23,2026-07-28,現金增資
6719,2023-03-17,2023-03-22,股東常會
6719,2023-06-28,2023-07-03,除息
6719,2024-03-21,2024-03-26,股東常會
6719,2024-07-12,2024-07-17,除息
6719,2025-03-20,2025-03-25,股東常會
6719,2025-07-11,2025-07-16,除息
6719,2026-03-13,2026-03-18,股東常會
6719,2026-07-15,2026-07-20,除息
6742,2024-08-16,2024-08-21,除息
6742,2025-04-10,2025-04-15,股東常會
6742,2025-07-18,2025-07-23,除息
6742,2026-04-20,2026-04-23,股東常會
6743,2021-09-09,2021-09-14,除權息
6743,2022-04-08,2022-04-13,股東常會
6743,2022-07-28,2022-08-02,除息
6743,2023-04-10,2023-04-13,股東常會
6743,2023-07-28,2023-08-02,除息
6743,2024-04-15,2024-04-18,股東常會
6743,2024-07-30,2024-08-02,除息
6743,2025-04-18,2025-04-23,股東常會
6743,2025-07-29,2025-08-01,除息
6743,2026-04-17,2026-04-22,股東常會
6743,2026-07-29,2026-08-03,除息
6753,2024-04-12,2024-04-17,股東常會
6753,2024-08-20,2024-08-23,除權息
6753,2025-04-11,2025-04-16,股東常會
6753,2025-08-28,2025-09-02,除息
6753,2026-04-01,2026-04-08,股東常會
6753,2026-08-27,2026-09-01,除息
6754,2021-04-16,2021-04-21,股東常會
6754,2021-07-02,2021-07-07,除息
6754,2022-03-30,2022-04-06,股東常會
6754,2022-07-01,2022-07-06,除息
6754,2023-04-21,2023-04-26,股東常會
6754,2023-07-07,2023-07-12,除息
6754,2024-03-22,2024-03-27,股東常會
6754,2024-07-05,2024-07-10,除息
6754,2025-03-21,2025-03-26,股東常會
6754,2025-06-25,2025-06-30,除息
6754,2026-03-23,2026-03-26,股東常會
6754,2026-06-30,2026-07-03,除息
6756,2022-03-30,2022-04-06,除息
6756,2022-04-11,2022-04-14,股東常會
6756,2023-04-10,2023-04-13,股東常會
6756,2024-04-12,2024-04-17,股東常會
6756,2025-04-14,2025-04-17,除息
6756,2026-04-10,2026-04-15,除息
6757,2025-04-11,2025-04-16,股東常會
6757,2025-09-12,2025-09-17,除息
6757,2026-03-20,2026-03-25,股東常會
6757,2026-07-22,2026-07-27,除息
6768,2022-03-21,2022-03-24,股東常會
6768,2022-06-17,2022-06-22,除息
6768,2023-03-24,2023-03-29,股東常會
6768,2023-06-20,2023-06-27,除息
6768,2024-03-18,2024-03-21,股東常會
6768,2024-06-21,2024-06-26,除息
6768,2025-03-17,2025-03-20,股東常會
6768,2025-06-17,2025-06-20,除息
6768,2026-03-23,2026-03-26,股東常會
6768,2026-06-22,2026-06-25,除息
6770,2022-08-17,2022-08-22,除息
6770,2023-03-07,2023-03-10,除息
6770,2023-03-24,2023-03-29,股東常會
6770,2024-03-15,2024-03-20,股東常會
6770,2025-03-21,2025-03-26,股東常會
6770,2026-02-02,2026-02-05,股東常會
6770,2026-08-21,2026-08-26,除息
6771,2025-04-18,2025-04-23,股東常會
6771,2025-06-20,2025-06-25,除息
6771,2026-03-20,2026-03-25,股東常會
6771,2026-06-18,2026-06-24,除息
6776,2022-03-30,2022-04-06,股東常會
6776,2022-06-30,2022-07-05,除息
6776,2023-03-28,2023-03-31,股東常會
6776,2023-06-30,2023-07-05,除息
6776,2024-03-22,2024-03-27,股東常會
6776,2024-06-28,2024-07-03,除息
6776,2025-03-21,2025-03-26,股東常會
6776,2025-06-27,2025-07-02,除息
6776,2025-09-30,2025-10-03,現金增資
6776,2026-03-20,2026-03-25,股東常會
6776,2026-06-18,2026-06-24,除息
6781,2022-04-08,2022-04-13,股東常會
6781,2022-07-07,2022-07-12,除息
6781,2023-03-24,2023-03-29,股東常會
6781,2023-07-06,2023-07-11,除息
6781,2024-03-22,2024-03-27,股東常會
6781,2024-06-28,2024-07-03,除息
6781,2025-03-21,2025-03-26,股東常會
6781,2025-07-04,2025-07-09,除息
6781,2026-03-20,2026-03-25,股東常會
6781,2026-07-03,2026-07-08,除息
6782,2024-03-18,2024-03-21,股東常會
6782,2024-07-19,2024-07-24,除息
6782,2025-03-21,2025-03-26,股東常會
6782,2025-07-15,2025-07-18,除息
6782,2026-03-20,2026-03-25,股東常會
6782,2026-07-16,2026-07-21,除息
6789,2023-03-17,2023-03-22,股東常會
6789,2023-06-21,2023-06-28,除息
6789,2024-03-15,2024-03-20,股東常會
6789,2024-06-26,2024-07-01,除息
6789,2025-03-14,2025-03-19,股東常會
6789,2025-06-23,2025-06-26,除息
6789,2026-03-20,2026-03-25,股東常會
6789,2026-06-22,2026-06-25,除息
6790,2022-04-08,2022-04-13,股東常會
6790,2022-06-28,2022-07-01,除息
6790,2023-04-21,2023-04-26,股東常會
6790,2023-07-11,2023-07-14,除息
6790,2024-04-19,2024-04-24,股東常會
6790,2024-07-08,2024-07-11,除息
6790,2025-04-18,2025-04-23,股東常會
6790,2025-07-08,2025-07-11,除息
6790,2026-04-17,2026-04-22,股東常會
6790,2026-07-07,2026-07-10,除息
6792,2022-07-01,2022-07-06,除息
6792,2023-04-07,2023-04-12,股東常會
6792,2023-07-05,2023-07-10,除息
6792,2024-03-25,2024-03-28,股東常會
6792,2024-06-28,2024-07-03,除息
6792,2025-03-21,2025-03-26,股東常會
6792,2025-06-16,2025-06-19,除息
6792,2026-03-20,2026-03-25,股東常會
6792,2026-06-11,2026-06-16,除息
6794,2026-03-13,2026-03-18,股東常會
6796,2023-04-07,2023-04-12,股東常會
6796,2023-07-04,2023-07-07,除息
6796,2023-08-16,2023-08-21,現金增資
6796,2024-04-15,2024-04-18,股東常會
6796,2024-07-15,2024-07-18,除息
6796,2025-04-11,2025-04-16,股東常會
6796,2025-08-13,2025-08-18,除權息
6796,2025-12-22,2025-12-26,現金增資
6796,2026-04-17,2026-04-22,股東常會
6796,2026-07-20,2026-07-23,除息
6799,2023-03-17,2023-03-22,股東常會
6799,2023-06-30,2023-07-05,除息
6799,2024-03-18,2024-03-21,股東常會
6799,2024-08-12,2024-08-15,除息
6799,2025-03-14,2025-03-19,股東常會
6799,2025-08-12,2025-08-15,除息
6799,2026-03-16,2026-03-19,股東常會
6799,2026-08-12,2026-08-17,除息
6805,2024-08-08,2024-08-13,除息
6805,2025-03-21,2025-03-26,股東常會
6805,2025-08-07,2025-08-12,除息
6805,2026-03-20,2026-03-25,股東常會
6805,2026-08-14,2026-08-19,除息
6807,2023-07-28,2023-08-02,除息
6807,2024-04-15,2024-04-18,股東常會
6807,2024-07-02,2024-07-05,除息
6807,2025-04-11,2025-04-16,股東常會
6807,2025-06-26,2025-07-01,除息
6807,2026-04-10,2026-04-15,股東常會
6830,2023-06-15,2023-06-20,除息
6830,2024-04-19,2024-04-24,股東常會
6830,2024-07-05,2024-07-10,除息
6830,2024-08-02,2024-08-07,現金增資
6830,2025-04-02,2025-04-09,股東常會
6830,2025-07-03,2025-07-08,除息
6830,2026-04-01,2026-04-08,股東常會
6830,2026-09-10,2026-09-15,現金增資
6834,2023-03-24,2023-03-29,股東常會
6834,2023-06-13,2023-06-16,除息
6834,2024-04-18,2024-04-23,股東常會
6834,2025-03-21,2025-03-26,股東常會
6834,2025-06-09,2025-06-12,除息
6834,2026-03-20,2026-03-25,股東常會
6834,2026-06-05,2026-06-10,除息
6835,2023-06-27,2023-06-30,除息
6835,2024-04-19,2024-04-24,股東常會
6835,2024-07-02,2024-07-05,除息
6835,2025-03-24,2025-03-27,除息
6835,2025-04-18,2025-04-23,股東常會
6835,2026-03-23,2026-03-26,股東常會
6835,2026-06-24,2026-06-29,除息
6838,2025-03-21,2025-03-26,股東常會
6838,2026-03-19,2026-03-24,股東常會
6854,2024-04-12,2024-04-17,股東常會
6854,2025-02-24,2025-02-27,現金增資
6854,2025-04-21,2025-04-24,股東常會
6854,2026-04-10,2026-04-15,股東常會
6861,2024-03-18,2024-03-21,股東常會
6861,2024-06-05,2024-06-11,除息
6861,2025-03-14,2025-03-19,股東常會
6861,2025-05-29,2025-06-04,除息
6861,2026-03-23,2026-03-26,股東常會
6861,2026-06-09,2026-06-12,除息
6862,2025-06-26,2025-07-01,除息
6862,2026-04-01,2026-04-08,股東常會
6862,2026-07-01,2026-07-06,除息
6863,2024-04-19,2024-04-24,股東常會
6863,2024-07-19,2024-07-24,除息
6863,2025-03-21,2025-03-26,股東常會
6863,2025-07-18,2025-07-23,除息
6863,2026-03-20,2026-03-25,股東常會
6863,2026-07-20,2026-07-23,除息
6869,2024-04-19,2024-04-24,股東常會
6869,2024-07-18,2024-07-23,除息
6869,2025-03-18,2025-03-21,其他
6869,2025-04-18,2025-04-23,股東常會
6869,2025-08-01,2025-08-06,除息
6869,2026-04-01,2026-04-08,股東常會
6869,2026-08-04,2026-08-07,除息
6873,2024-03-28,2024-04-02,股東常會
6873,2024-07-26,2024-07-31,除權
6873,2025-03-26,2025-03-31,除息
6873,2025-07-22,2025-07-25,除權
6873,2026-04-02,2026-04-09,股東常會
6873,2026-08-19,2026-08-24,除息
6885,2026-04-02,2026-04-09,股東常會
6887,2026-04-17,2026-04-22,股東常會
6887,2026-07-14,2026-07-17,除息
6890,2025-03-21,2025-03-26,股東常會
6890,2025-06-20,2025-06-25,除息
6890,2026-04-10,2026-04-15,股東常會
6890,2026-07-07,2026-07-10,除息
6901,2025-03-14,2025-03-19,股東常會
6901,2026-03-20,2026-03-25,股東常會
6902,2026-03-20,2026-03-25,股東常會
6906,2024-07-17,2024-07-22,除息
6906,2025-04-17,2025-04-22,股東常會
6906,2025-07-09,2025-07-14,除息
6906,2026-04-17,2026-04-22,股東常會
6906,2026-07-08,2026-07-13,除息
6909,2026-03-20,2026-03-25,股東常會
6909,2026-05-26,2026-05-29,除息
6914,2025-04-18,2025-04-23,股東常會
6914,2025-07-11,2025-07-16,除息
6914,2026-04-20,2026-04-23,股東常會
6914,2026-08-20,2026-08-25,除權息
6916,2024-08-19,2024-08-22,除息
6916,2025-04-18,2025-04-23,股東常會
6916,2025-08-22,2025-08-27,除息
6916,2026-04-01,2026-04-08,股東常會
6918,2026-03-23,2026-03-26,股東常會
6923,2025-04-18,2025-04-23,股東常會
6923,2025-07-15,2025-07-18,除息
6923,2026-03-19,2026-03-24,股東常會
6923,2026-06-11,2026-06-16,除息
6928,2025-04-02,2025-04-09,股東常會
6928,2025-07-09,2025-07-14,除息
6928,2026-03-26,2026-03-31,股東常會
6931,2025-09-10,2025-09-15,除息
6931,2025-12-16,2025-12-19,除息
6931,2026-04-17,2026-04-22,股東常會
6931,2026-07-21,2026-07-24,除息
6933,2024-07-12,2024-07-17,除息
6933,2025-03-26,2025-03-31,股東常會
6933,2025-07-10,2025-07-15,除息
6933,2026-03-26,2026-03-31,股東常會
6933,2026-07-09,2026-07-14,除息
6936,2026-03-16,2026-03-19,股東常會
6936,2026-06-03,2026-06-08,除息
6937,2024-07-10,2024-07-15,除息
6937,2025-03-21,2025-03-26,股東常會
6937,2025-07-03,2025-07-08,除息
6937,2026-03-23,2026-03-26,股東常會
6937,2026-07-02,2026-07-07,除息
6944,2026-04-17,2026-04-22,股東常會
6944,2026-07-17,2026-07-22,除權息
6949,2025-12-04,2025-12-09,現金增資
6949,2026-04-10,2026-04-15,股東常會
6949,2026-08-21,2026-08-26,變更面額
6951,2025-03-14,2025-03-19,股東常會
6951,2025-06-03,2025-06-06,除息
6951,2026-03-16,2026-03-19,股東常會
6951,2026-06-05,2026-06-10,除息
6951,2026-07-07,2026-07-10,除權
6952,2025-03-14,2025-03-19,股東常會
6952,2025-06-09,2025-06-12,除息
6952,2026-03-16,2026-03-19,股東常會
6957,2025-04-18,2025-04-23,股東常會
6957,2025-06-27,2025-07-02,除息
6957,2026-03-23,2026-03-26,股東常會
6957,2026-07-28,2026-07-31,除息
6958,2025-03-26,2025-03-31,股東常會
6958,2025-07-21,2025-07-24,除權息
6958,2025-11-05,2025-11-10,其他
6958,2026-03-20,2026-03-25,股東常會
6958,2026-08-05,2026-08-10,除權
6962,2025-07-23,2025-07-28,除息
6962,2026-04-10,2026-04-15,股東常會
6962,2026-07-24,2026-07-29,除息
6965,2026-04-09,2026-04-14,股東常會
6965,2026-06-15,2026-06-18,除息
6994,2025-08-15,2025-08-20,除息
6994,2026-03-16,2026-03-19,股東常會
7631,2026-09-21,2026-09-24,除息
7705,2025-07-11,2025-07-16,除息
7705,2026-04-10,2026-04-15,股東常會
7705,2026-06-30,2026-07-03,除息
7711,2026-06-24,2026-06-29,除息
7721,2026-03-13,2026-03-18,股東常會
7721,2026-07-10,2026-07-15,除息
7722,2025-08-29,2025-09-03,除息
7722,2026-03-20,2026-03-25,股東常會
7722,2026-06-09,2026-06-12,除息
7722,2026-07-17,2026-07-22,除權
7730,2026-08-24,2026-08-27,除權息
7732,2026-03-20,2026-03-25,除息
7736,2026-03-20,2026-03-25,除息
7736,2026-04-17,2026-04-22,股東常會
7740,2026-04-17,2026-04-22,股東常會
7740,2026-07-20,2026-07-23,除權息
7749,2026-03-31,2026-04-07,股東常會
7749,2026-07-10,2026-07-15,除息
7765,2026-06-12,2026-06-17,除息
7769,2026-07-24,2026-07-29,除息
7780,2026-08-28,2026-09-02,除息
7786,2026-07-22,2026-07-27,除息
7788,2026-07-20,2026-07-23,除息
7791,2026-06-03,2026-06-08,除息
8011,2018-04-02,2018-04-10,股東常會
8011,2019-03-27,2019-04-01,股東常會
8011,2020-03-23,2020-03-26,股東常會
8011,2020-10-20,2020-10-23,現金增資
8011,2021-03-22,2021-03-25,股東常會
8011,2022-03-25,2022-03-30,股東常會
8011,2023-04-20,2023-04-25,股東常會
8011,2023-10-05,2023-10-12,現金增資
8011,2024-03-25,2024-03-28,股東常會
8011,2025-03-20,2025-03-25,股東常會
8011,2025-06-11,2025-06-16,除息
8011,2026-03-19,2026-03-24,股東常會
8011,2026-06-11,2026-06-16,除息
8016,2018-04-20,2018-04-25,股東常會
8016,2018-07-10,2018-07-13,除息
8016,2019-04-19,2019-04-24,股東常會
8016,2019-07-09,2019-07-12,除息
8016,2020-04-17,2020-04-22,股東常會
8016,2020-07-24,2020-07-29,除息
8016,2021-04-16,2021-04-21,股東常會
8016,2021-07-09,2021-07-14,除息
8016,2022-04-15,2022-04-20,股東常會
8016,2022-07-08,2022-07-13,除息
8016,2023-04-14,2023-04-19,股東常會
8016,2023-07-07,2023-07-12,除息
8016,2024-04-12,2024-04-17,股東常會
8016,2024-06-18,2024-06-21,除息
8016,2025-03-21,2025-03-26,股東常會
8016,2025-06-10,2025-06-13,除息
8016,2026-03-19,2026-03-24,股東常會
8016,2026-06-09,2026-06-12,除息
8021,2018-04-03,2018-04-11,股東常會
8021,2018-07-23,2018-07-26,除息
8021,2018-10-04,2018-10-09,減資
8021,2019-04-03,2019-04-10,股東常會
8021,2019-07-19,2019-07-24,除息
8021,2020-04-01,2020-04-08,股東常會
8021,2020-07-21,2020-07-24,除息
8021,2021-03-31,2021-04-07,股東常會
8021,2021-08-03,2021-08-06,除息
8021,2022-03-30,2022-04-06,股東常會
8021,2022-07-15,2022-07-20,除息
8021,2023-03-24,2023-03-29,股東常會
8021,2023-07-31,2023-08-03,除息
8021,2024-03-21,2024-03-26,股東常會
8021,2024-06-28,2024-07-03,除息
8021,2025-03-21,2025-03-26,股東常會
8021,2025-06-27,2025-07-02,除息
8021,2026-01-07,2026-01-12,現金增資
8021,2026-03-20,2026-03-25,股東常會
8021,2026-07-09,2026-07-14,除息
8028,2019-03-18,2019-03-21,股東常會
8028,2019-06-11,2019-06-14,除息
8028,2020-03-19,2020-03-24,股東常會
8028,2020-06-18,2020-06-23,除息
8028,2021-03-22,2021-03-25,股東常會
8028,2021-08-27,2021-09-01,除權息
8028,2022-03-21,2022-03-24,股東常會
8028,2022-07-15,2022-07-20,除權息
8028,2023-03-20,2023-03-23,股東常會
8028,2023-06-02,2023-06-07,除息
8028,2023-09-21,2023-09-26,現金增資
8028,2024-03-22,2024-03-27,股東常會
8028,2024-06-04,2024-06-07,除息
8028,2025-03-20,2025-03-25,股東常會
8028,2025-06-12,2025-06-17,除息
8028,2026-03-13,2026-03-18,股東常會
8028,2026-06-08,2026-06-11,除息
8033,2018-04-13,,股東常會
8033,2019-04-19,,股東常會
8033,2020-04-23,,股東常會
8033,2021-04-09,,股東常會
8033,2021-06-09,,現金增資
8033,2022-03-30,,股東常會
8033,2023-02-24,,現金增資
8033,2023-03-28,,股東常會
8033,2024-04-18,,股東常會
8033,2025-02-12,,現金增資
8033,2025-04-11,,股東常會
8033,2026-03-06,2026-03-11,股東常會
8033,2026-05-08,2026-05-13,現金增資
8039,2018-03-23,2018-03-28,股東常會
8039,2018-08-03,2018-08-08,除息
8039,2019-03-22,2019-03-27,股東常會
8039,2019-06-25,2019-06-28,除息
8039,2020-03-20,2020-03-25,股東常會
8039,2020-06-30,2020-07-03,除息
8039,2021-03-19,2021-03-24,股東常會
8039,2021-08-09,2021-08-12,除息
8039,2022-03-18,2022-03-23,股東常會
8039,2022-07-14,2022-07-19,除息
8039,2023-03-24,2023-03-29,股東常會
8039,2023-07-03,2023-07-06,除息
8039,2024-03-18,2024-03-21,股東常會
8039,2024-07-17,2024-07-22,除權息
8039,2025-03-21,2025-03-26,股東常會
8039,2025-07-11,2025-07-16,除息
8039,2026-03-20,2026-03-25,股東常會
8039,2026-06-24,2026-06-29,除息
8045,2026-03-26,2026-03-31,股東常會
8045,2026-06-23,2026-06-26,除息
8046,2018-04-03,2018-04-11,股東常會
8046,2018-06-27,2018-07-02,除息
8046,2019-04-08,2019-04-11,股東常會
8046,2019-07-03,2019-07-08,除息
8046,2020-04-10,2020-04-15,股東常會
8046,2020-07-03,2020-07-08,除息
8046,2021-03-22,2021-03-25,股東常會
8046,2021-07-29,2021-08-03,除息
8046,2022-03-21,2022-03-24,股東常會
8046,2022-06-23,2022-06-28,除息
8046,2023-03-17,2023-03-22,股東常會
8046,2023-06-09,2023-06-14,除息
8046,2024-03-22,2024-03-27,股東常會
8046,2024-07-10,2024-07-15,除息
8046,2025-03-21,2025-03-26,股東常會
8046,2025-06-27,2025-07-02,除息
8046,2026-03-06,2026-03-11,股東常會
8046,2026-06-18,2026-06-24,除息
8070,2018-03-02,2018-03-07,股東常會
8070,2018-06-11,2018-06-14,除息
8070,2019-04-12,2019-04-17,股東常會
8070,2019-07-10,2019-07-15,除息
8070,2019-12-06,2019-12-11,除息
8070,2020-04-13,2020-04-16,股東常會
8070,2020-07-10,2020-07-15,除息
8070,2020-07-31,2020-08-05,其它利益
8070,2020-12-11,2020-12-16,除息
8070,2021-04-09,2021-04-14,股東常會
8070,2021-08-03,2021-08-06,除息
8070,2021-12-03,2021-12-08,除息
8070,2022-04-11,2022-04-14,股東常會
8070,2022-06-13,2022-06-16,除息
8070,2022-12-09,2022-12-14,除息
8070,2023-04-06,2023-04-11,股東常會
8070,2023-06-09,2023-06-14,除息
8070,2023-12-15,2023-12-20,除息
8070,2024-03-25,2024-03-28,股東常會
8070,2024-06-18,2024-06-21,除息
8070,2024-12-13,2024-12-18,除息
8070,2025-03-21,2025-03-26,股東常會
8070,2025-06-13,2025-06-18,除息
8070,2025-12-12,2025-12-17,除息
8070,2026-03-20,2026-03-25,股東常會
8070,2026-06-11,2026-06-16,除息
8072,2018-04-03,2018-04-11,股東常會
8072,2018-07-03,2018-07-06,除息
8072,2019-04-12,2019-04-17,股東常會
8072,2019-07-05,2019-07-10,除息
8072,2020-04-10,2020-04-15,股東常會
8072,2020-07-02,2020-07-07,除息
8072,2021-04-09,2021-04-14,股東常會
8072,2021-07-22,2021-07-27,除息
8072,2022-04-15,2022-04-20,股東常會
8072,2022-07-05,2022-07-08,除息
8072,2023-04-14,2023-04-19,股東常會
8072,2023-07-06,2023-07-11,除息
8072,2024-04-12,2024-04-17,股東常會
8072,2024-07-08,2024-07-11,除息
8072,2025-04-11,2025-04-16,股東常會
8072,2025-06-30,2025-07-03,除息
8072,2026-04-10,2026-04-15,股東常會
8072,2026-06-30,2026-07-03,除息
8081,2018-04-03,2018-04-11,股東常會
8081,2018-06-28,2018-07-03,除息
8081,2019-04-03,2019-04-10,股東常會
8081,2019-07-26,2019-07-31,除息
8081,2020-04-10,2020-04-15,股東常會
8081,2020-07-01,2020-07-06,除息
8081,2021-03-31,2021-04-07,股東常會
8081,2021-07-30,2021-08-04,除息
8081,2022-03-30,2022-04-06,股東常會
8081,2022-06-23,2022-06-28,除息
8081,2023-04-07,2023-04-12,股東常會
8081,2023-06-28,2023-07-03,除息
8081,2024-04-03,2024-04-10,股東常會
8081,2024-06-26,2024-07-01,除息
8081,2025-04-02,2025-04-09,股東常會
8081,2025-06-24,2025-06-27,除息
8081,2026-04-01,2026-04-08,股東常會
8081,2026-06-26,2026-07-01,除息
8101,2018-03-23,,股東常會
8101,2018-08-21,,減資
8101,2019-04-12,,股東常會
8101,2020-04-16,,股東常會
8101,2021-04-22,,股東常會
8101,2022-04-15,,股東常會
8101,2022-09-16,,減資
8101,2023-04-21,,股東常會
8101,2024-04-19,,股東常會
8101,2024-08-30,,減資
8101,2025-03-26,,股東常會
8101,2026-03-06,,股東常會
8103,2018-04-03,2018-04-11,股東常會
8103,2018-07-25,2018-07-30,除息
8103,2019-04-12,2019-04-17,股東常會
8103,2019-07-29,2019-08-01,除息
8103,2020-04-10,2020-04-15,股東常會
8103,2020-07-20,2020-07-23,除息
8103,2021-04-16,2021-04-21,股東常會
8103,2021-08-25,2021-08-30,除息
8103,2022-04-15,2022-04-20,股東常會
8103,2022-08-01,2022-08-04,除息
8103,2023-04-14,2023-04-19,股東常會
8103,2023-08-02,2023-08-07,除息
8103,2024-04-12,2024-04-17,股東常會
8103,2024-08-01,2024-08-06,除息
8103,2025-04-11,2025-04-16,股東常會
8103,2025-07-03,2025-07-08,除息
8103,2025-11-21,2025-11-26,減資
8103,2026-04-10,2026-04-15,股東常會
8103,2026-07-07,2026-07-10,除息
8104,2020-04-01,2020-04-08,股東常會
8104,2020-07-07,2020-07-10,除息
8104,2021-04-16,2021-04-21,股東常會
8104,2021-09-08,2021-09-13,除息
8104,2022-04-15,2022-04-20,股東常會
8104,2022-07-14,2022-07-19,除息
8104,2023-04-21,2023-04-26,股東常會
8104,2023-08-02,2023-08-07,除息
8104,2024-04-19,2024-04-24,股東常會
8104,2024-10-03,2024-10-08,其他
8104,2025-04-18,2025-04-23,股東常會
8104,2025-09-10,2025-09-15,現金增資
8104,2026-04-17,2026-04-22,股東常會
8105,2018-04-20,2018-04-25,股東常會
8105,2018-09-17,2018-09-20,除息
8105,2019-04-19,2019-04-24,股東常會
8105,2020-04-23,2020-04-28,股東常會
8105,2020-09-18,2020-09-23,除息
8105,2021-04-22,2021-04-27,股東常會
8105,2022-04-15,2022-04-20,股東常會
8105,2023-04-21,2023-04-26,股東常會
8105,2023-08-21,2023-08-24,除息
8105,2024-04-22,2024-04-25,股東常會
8105,2024-09-18,2024-09-23,除息
8105,2025-04-21,2025-04-24,股東常會
8105,2026-04-17,2026-04-22,股東常會
8110,2018-04-13,2018-04-18,股東常會
8110,2018-07-23,2018-07-26,除息
8110,2019-04-19,2019-04-24,股東常會
8110,2019-07-19,2019-07-24,除息
8110,2020-04-10,2020-04-15,股東常會
8110,2021-04-16,2021-04-21,股東常會
8110,2021-08-06,2021-08-11,除息
8110,2022-04-08,2022-04-13,股東常會
8110,2022-07-27,2022-08-01,除息
8110,2023-04-10,2023-04-13,股東常會
8110,2023-07-14,2023-07-19,除息
8110,2024-03-27,2024-04-01,股東常會
8110,2024-07-05,2024-07-10,除息
8110,2025-04-02,2025-04-09,股東常會
8110,2025-07-09,2025-07-14,除息
8110,2026-04-10,2026-04-15,股東常會
8110,2026-07-03,2026-07-08,除息
8112,2018-04-09,2018-04-12,股東常會
8112,2018-08-03,2018-08-08,除息
8112,2019-04-22,2019-04-25,股東常會
8112,2019-07-16,2019-07-19,除息
8112,2020-04-17,2020-04-22,除息
8112,2020-10-06,2020-10-12,其它利益
8112,2021-04-16,2021-04-21,現金增資
8112,2022-01-26,2022-02-09,其他
8112,2022-04-11,2022-04-14,股東常會
8112,2022-07-08,2022-07-13,除息
8112,2023-03-29,2023-04-06,股東常會
8112,2023-06-30,2023-07-05,除息
8112,2023-08-09,2023-08-14,現金增資
8112,2024-03-22,2024-03-27,股東常會
8112,2024-06-24,2024-06-27,除息
8112,2025-03-21,2025-03-26,股東常會
8112,2025-06-19,2025-06-24,除息
8112,2026-03-20,2026-03-25,股東常會
8112,2026-06-30,2026-07-03,除息
8114,2018-04-09,2018-04-12,股東常會
8114,2018-08-02,2018-08-07,除息
8114,2019-04-03,2019-04-10,股東常會
8114,2019-07-26,2019-07-31,除息
8114,2020-04-01,2020-04-08,股東常會
8114,2020-09-11,2020-09-16,除息
8114,2021-04-01,2021-04-08,股東常會
8114,2021-08-06,2021-08-11,除息
8114,2022-03-29,2022-04-01,股東常會
8114,2022-06-27,2022-06-30,除息
8114,2023-03-29,2023-04-06,股東常會
8114,2023-06-30,2023-07-05,除息
8114,2024-04-03,2024-04-10,股東常會
8114,2024-07-05,2024-07-10,除息
8114,2025-04-02,2025-04-09,股東常會
8114,2025-06-23,2025-06-26,除息
8114,2026-04-01,2026-04-08,股東常會
8114,2026-06-18,2026-06-24,除息
8131,2018-04-16,2018-04-19,股東常會
8131,2018-07-06,2018-07-11,除息
8131,2019-04-12,2019-04-17,股東常會
8131,2019-07-10,2019-07-15,除息
8131,2020-04-13,2020-04-16,股東常會
8131,2020-07-03,2020-07-08,除息
8131,2021-04-19,2021-04-22,股東常會
8131,2021-07-28,2021-08-02,除息
8131,2022-04-18,2022-04-21,股東常會
8131,2022-07-13,2022-07-18,除息
8131,2023-04-07,2023-04-12,股東常會
8131,2023-07-06,2023-07-11,除息
8131,2024-04-19,2024-04-24,股東常會
8131,2024-07-24,2024-07-29,除息
8131,2025-04-11,2025-04-16,股東常會
8131,2025-07-16,2025-07-21,除息
8131,2026-04-17,2026-04-22,股東常會
8131,2026-07-09,2026-07-14,除息
8150,2018-04-20,2018-04-25,股東常會
8150,2018-10-12,2018-10-17,減資
8150,2019-04-02,2019-04-09,股東常會
8150,2019-08-01,2019-08-06,除息
8150,2020-04-01,2020-04-08,股東常會
8150,2020-06-23,2020-06-30,除息
8150,2021-03-25,2021-03-30,股東常會
8150,2021-08-02,2021-08-05,除息
8150,2022-03-18,2022-03-23,股東常會
8150,2022-06-23,2022-06-28,除息
8150,2023-03-24,2023-03-29,股東常會
8150,2023-06-21,2023-06-28,除息
8150,2024-03-22,2024-03-27,股東常會
8150,2024-06-21,2024-06-26,除息
8150,2025-03-21,2025-03-26,股東常會
8150,2025-06-23,2025-06-26,除息
8150,2026-03-20,2026-03-25,股東常會
8150,2026-06-23,2026-06-26,除息
8162,2026-03-20,2026-03-25,股東常會
8162,2026-06-11,2026-06-16,除息
8163,2018-04-13,2018-04-18,股東常會
8163,2018-07-04,2018-07-09,除息
8163,2019-04-03,2019-04-10,股東常會
8163,2019-07-03,2019-07-08,除息
8163,2020-04-10,2020-04-15,股東常會
8163,2020-07-03,2020-07-08,除息
8163,2021-04-16,2021-04-21,股東常會
8163,2021-08-17,2021-08-20,除息
8163,2022-04-08,2022-04-13,股東常會
8163,2022-07-01,2022-07-06,除息
8163,2023-03-29,2023-04-06,股東常會
8163,2023-07-05,2023-07-10,除息
8163,2024-04-03,2024-04-10,股東常會
8163,2024-06-28,2024-07-03,除息
8163,2025-03-21,2025-03-26,股東常會
8163,2025-06-16,2025-06-19,除息
8163,2026-03-20,2026-03-25,股東常會
8163,2026-06-11,2026-06-16,除息
8201,2018-04-20,2018-04-25,股東常會
8201,2019-04-12,2019-04-17,股東常會
8201,2020-04-10,2020-04-15,股東常會
8201,2021-04-22,,股東常會
8201,2022-04-08,2022-04-13,股東常會
8201,2023-04-07,,股東常會
8201,2024-04-03,,股東常會
8201,2025-03-14,,股東常會
8201,2026-03-16,,股東常會
8210,2018-04-13,2018-04-18,股東常會
8210,2018-07-02,2018-07-05,除息
8210,2019-04-19,2019-04-24,股東常會
8210,2019-07-05,2019-07-10,除息
8210,2020-04-17,2020-04-22,股東常會
8210,2020-07-07,2020-07-10,除息
8210,2021-03-08,2021-03-11,股東常會
8210,2021-05-25,2021-05-28,除息
8210,2022-03-25,2022-03-30,股東常會
8210,2022-06-17,2022-06-22,除息
8210,2023-03-24,2023-03-29,股東常會
8210,2023-06-15,2023-06-20,除息
8210,2024-03-21,2024-03-26,股東常會
8210,2024-06-19,2024-06-24,除息
8210,2025-03-21,2025-03-26,股東常會
8210,2025-06-20,2025-06-25,除息
8210,2026-03-23,2026-03-26,股東常會
8210,2026-06-18,2026-06-24,除息
8213,2018-03-29,2018-04-02,股東常會
8213,2018-07-04,2018-07-09,除息
8213,2019-04-03,2019-04-10,股東常會
8213,2019-07-29,2019-08-01,除息
8213,2020-04-01,2020-04-08,股東常會
8213,2020-06-05,2020-06-10,除息
8213,2021-03-31,2021-04-07,股東常會
8213,2021-06-23,2021-06-28,除息
8213,2022-03-30,2022-04-06,股東常會
8213,2022-06-17,2022-06-22,除息
8213,2023-03-29,2023-04-06,股東常會
8213,2023-06-19,2023-06-26,除息
8213,2024-04-03,2024-04-10,股東常會
8213,2024-06-28,2024-07-03,除息
8213,2025-03-21,2025-03-26,股東常會
8213,2025-07-25,2025-07-30,除息
8213,2026-03-20,2026-03-25,股東常會
8213,2026-07-14,2026-07-17,除息
8215,2018-04-13,2018-04-18,股東常會
8215,2018-07-19,2018-07-24,除息
8215,2019-04-12,2019-04-17,股東常會
8215,2019-07-19,2019-07-24,除息
8215,2020-04-10,2020-04-15,股東常會
8215,2020-07-13,2020-07-16,除息
8215,2021-04-12,2021-04-15,股東常會
8215,2021-07-16,2021-07-21,除息
8215,2022-04-08,2022-04-13,股東常會
8215,2022-07-11,2022-07-14,除息
8215,2023-03-24,2023-03-29,股東常會
8215,2023-07-12,2023-07-17,除息
8215,2024-03-22,2024-03-27,股東常會
8215,2024-07-12,2024-07-17,除息
8215,2025-03-21,2025-03-26,股東常會
8215,2025-07-11,2025-07-16,除息
8215,2026-03-20,2026-03-25,股東常會
8215,2026-07-15,2026-07-20,除息
8222,2018-04-20,2018-04-25,股東常會
8222,2018-07-17,2018-07-20,除息
8222,2019-04-19,2019-04-24,股東常會
8222,2019-07-12,2019-07-17,除息
8222,2020-04-16,2020-04-21,股東常會
8222,2020-07-07,2020-07-10,除息
8222,2021-04-22,2021-04-27,股東常會
8222,2022-04-21,2022-04-26,股東常會
8222,2023-04-21,2023-04-26,股東常會
8222,2024-04-19,2024-04-24,股東常會
8222,2024-07-08,2024-07-11,除息
8222,2025-04-10,2025-04-15,股東常會
8222,2025-07-04,2025-07-09,除息
8222,2026-04-17,2026-04-22,股東常會
8222,2026-07-10,2026-07-15,除息
8249,2018-04-20,2018-04-25,股東常會
8249,2018-07-13,2018-07-18,除息
8249,2019-04-19,2019-04-24,股東常會
8249,2019-07-12,2019-07-17,除息
8249,2020-04-06,2020-04-09,股東常會
8249,2020-07-03,2020-07-08,除息
8249,2021-04-19,2021-04-22,股東常會
8249,2021-07-30,2021-08-04,除息
8249,2022-03-31,2022-04-07,股東常會
8249,2022-07-08,2022-07-13,除息
8249,2023-03-24,2023-03-29,股東常會
8249,2023-05-25,2023-05-30,除息
8249,2024-03-25,2024-03-28,股東常會
8249,2024-07-01,2024-07-04,除息
8249,2024-10-03,2024-10-08,減資
8249,2025-03-14,2025-03-19,股東常會
8249,2025-07-21,2025-07-24,除息
8249,2026-03-19,2026-03-24,股東常會
8249,2026-06-17,2026-06-23,除息
8261,2018-03-09,2018-03-14,股東常會
8261,2018-06-20,2018-06-25,除息
8261,2019-03-08,2019-03-13,股東常會
8261,2019-09-05,2019-09-10,除息
8261,2020-04-09,2020-04-14,股東常會
8261,2020-09-11,2020-09-16,除息
8261,2021-03-25,2021-03-30,股東常會
8261,2021-09-06,2021-09-09,除息
8261,2022-01-26,2022-02-09,股東常會
8261,2022-05-20,2022-05-25,除息
8261,2023-03-10,2023-03-15,股東常會
8261,2023-06-28,2023-07-03,除息
8261,2024-03-22,2024-03-27,股東常會
8261,2024-07-11,2024-07-16,除息
8261,2025-03-21,2025-03-26,股東常會
8261,2025-07-02,2025-07-07,除息
8261,2026-03-20,2026-03-25,股東常會
8261,2026-07-03,2026-07-08,除息
8271,2018-03-26,2018-03-29,股東常會
8271,2018-06-21,2018-06-26,除息
8271,2019-03-22,2019-03-27,股東常會
8271,2019-06-21,2019-06-26,除息
8271,2020-03-20,2020-03-25,股東常會
8271,2020-06-18,2020-06-23,除息
8271,2021-03-19,2021-03-24,股東常會
8271,2021-07-26,2021-07-29,除息
8271,2022-03-25,2022-03-30,除息
8271,2023-03-23,2023-03-28,股東常會
8271,2023-06-21,2023-06-28,除息
8271,2024-03-25,2024-03-28,股東常會
8271,2024-06-26,2024-07-01,除息
8271,2025-03-14,2025-03-19,股東常會
8271,2025-07-03,2025-07-08,除息
8271,2026-03-20,2026-03-25,股東常會
8271,2026-06-25,2026-06-30,除息
8341,2018-03-22,2018-03-27,股東常會
8341,2018-06-20,2018-06-25,除息
8341,2019-03-25,2019-03-28,股東常會
8341,2019-06-27,2019-07-02,除息
8341,2020-03-23,2020-03-26,股東常會
8341,2020-06-23,2020-06-30,除息
8341,2021-03-22,2021-03-25,股東常會
8341,2021-06-29,2021-07-02,除息
8341,2022-03-21,2022-03-24,股東常會
8341,2022-06-10,2022-06-15,除息
8341,2022-08-17,2022-08-22,其他
8341,2023-03-20,2023-03-23,股東常會
8341,2023-06-08,2023-06-13,除息
8341,2024-03-18,2024-03-21,股東常會
8341,2024-06-24,2024-06-27,除息
8341,2025-03-21,2025-03-26,股東常會
8341,2025-06-19,2025-06-24,除息
8341,2026-03-20,2026-03-25,股東常會
8341,2026-06-23,2026-06-26,除息
8367,2019-04-18,2019-04-23,股東常會
8367,2019-08-21,2019-08-26,除息
8367,2020-04-10,2020-04-15,股東常會
8367,2020-07-03,2020-07-08,除息
8367,2021-03-30,2021-04-06,股東常會
8367,2021-07-30,2021-08-04,除息
8367,2022-01-21,2022-01-26,現金增資
8367,2022-03-21,2022-03-24,股東常會
8367,2022-07-08,2022-07-13,除息
8367,2023-03-24,2023-03-29,股東常會
8367,2023-07-05,2023-07-10,除息
8367,2024-03-18,2024-03-21,股東常會
8367,2024-06-28,2024-07-03,除息
8367,2025-03-21,2025-03-26,股東常會
8367,2025-07-03,2025-07-08,除息
8367,2026-03-20,2026-03-25,除息
8374,2018-04-16,2018-04-19,股東常會
8374,2018-07-17,2018-07-20,除息
8374,2019-04-19,2019-04-24,股東常會
8374,2019-07-15,2019-07-18,除息
8374,2020-04-06,2020-04-09,股東常會
8374,2020-07-03,2020-07-08,除息
8374,2021-03-31,2021-04-07,股東常會
8374,2021-08-03,2021-08-06,除息
8374,2022-04-08,2022-04-13,股東常會
8374,2022-07-12,2022-07-15,除息
8374,2023-03-20,2023-03-23,股東常會
8374,2023-07-07,2023-07-12,除息
8374,2024-03-22,2024-03-27,股東常會
8374,2024-07-05,2024-07-10,除息
8374,2025-03-17,2025-03-20,股東常會
8374,2025-07-09,2025-07-14,除息
8374,2026-03-19,2026-03-24,股東常會
8374,2026-07-03,2026-07-08,除息
8404,2018-04-03,2018-04-11,股東常會
8404,2018-07-25,2018-07-30,除權息
8404,2019-04-03,2019-04-10,股東常會
8404,2019-07-25,2019-07-30,除權息
8404,2020-04-01,2020-04-08,股東常會
8404,2020-07-21,2020-07-24,除息
8404,2021-04-09,2021-04-14,股東常會
8404,2021-07-26,2021-07-29,除息
8404,2022-04-15,2022-04-20,股東常會
8404,2022-07-27,2022-08-01,除息
8404,2023-03-28,2023-03-31,股東常會
8404,2023-07-20,2023-07-25,除權息
8404,2023-11-27,2023-11-30,現金增資
8404,2024-04-12,2024-04-17,股東常會
8404,2025-04-02,2025-04-09,股東常會
8404,2025-07-18,2025-07-23,除權息
8404,2026-03-20,2026-03-25,股東常會
8404,2026-07-29,2026-08-03,除息
8411,2018-04-13,2018-04-18,股東常會
8411,2018-07-13,2018-07-18,除息
8411,2019-04-18,2019-04-23,股東常會
8411,2020-04-10,2020-04-15,股東常會
8411,2020-08-11,2020-08-14,除息
8411,2020-11-11,2020-11-16,除息
8411,2021-04-12,2021-04-15,股東常會
8411,2022-04-15,2022-04-20,股東常會
8411,2022-07-20,2022-07-25,除息
8411,2022-10-06,2022-10-12,現金增資
8411,2023-04-14,2023-04-19,股東常會
8411,2024-04-12,2024-04-17,股東常會
8411,2024-07-17,2024-07-22,除息
8411,2025-04-14,2025-04-17,股東常會
8411,2025-07-16,2025-07-21,除息
8411,2026-04-10,2026-04-15,股東常會
8411,2026-07-16,2026-07-21,除息
8422,2018-04-16,2018-04-19,股東常會
8422,2018-07-04,2018-07-09,除息
8422,2019-03-27,2019-04-01,股東常會
8422,2019-06-21,2019-06-26,除息
8422,2020-04-06,2020-04-09,股東常會
8422,2020-06-24,2020-07-01,除息
8422,2021-03-22,2021-03-25,股東常會
8422,2021-06-16,2021-06-21,除息
8422,2022-03-21,2022-03-24,股東常會
8422,2022-05-30,2022-06-02,除息
8422,2023-03-28,2023-03-31,股東常會
8422,2023-06-30,2023-07-05,除息
8422,2024-03-25,2024-03-28,股東常會
8422,2024-06-24,2024-06-27,除息
8422,2025-03-03,2025-03-06,股東常會
8422,2025-06-04,2025-06-09,除息
8422,2025-10-31,2025-11-05,變更面額
8422,2026-03-20,2026-03-25,股東常會
8422,2026-06-23,2026-06-26,除息
8429,2018-04-13,2018-04-18,股東常會
8429,2018-08-24,2018-08-29,除權息
8429,2019-04-19,2019-04-24,股東常會
8429,2019-08-27,2019-08-30,除權息
8429,2020-04-17,2020-04-22,股東常會
8429,2020-08-21,2020-08-26,除息
8429,2021-04-16,2021-04-21,股東常會
8429,2022-04-15,2022-04-20,股東常會
8429,2023-04-14,2023-04-19,股東常會
8429,2024-04-18,2024-04-23,股東常會
8429,2025-04-11,2025-04-16,股東常會
8429,2026-04-17,2026-04-22,股東常會
8438,2023-03-17,2023-03-22,股東常會
8438,2023-06-16,2023-06-21,除息
8438,2024-03-18,2024-03-21,股東常會
8438,2024-06-04,2024-06-07,除息
8438,2025-03-21,2025-03-26,股東常會
8438,2025-06-06,2025-06-11,除息
8438,2026-03-20,2026-03-25,股東常會
8438,2026-07-09,2026-07-14,除息
8442,2018-03-28,2018-03-31,股東常會
8442,2019-04-12,2019-04-17,股東常會
8442,2019-08-22,2019-08-27,除息
8442,2019-11-15,2019-11-20,現金增資
8442,2020-04-13,2020-04-16,股東常會
8442,2020-11-24,2020-11-27,除息
8442,2021-04-16,2021-04-21,股東常會
8442,2022-04-15,2022-04-20,股東常會
8442,2022-11-30,2022-12-05,除息
8442,2023-03-29,2023-04-06,股東常會
8442,2023-08-09,2023-08-14,除息
8442,2023-11-03,2023-11-08,現金增資
8442,2024-04-08,2024-04-11,股東常會
8442,2024-08-29,2024-09-03,除息
8442,2025-04-11,2025-04-16,股東常會
8442,2025-07-08,2025-07-11,除息
8442,2026-04-02,2026-04-09,股東常會
8442,2026-08-20,2026-08-25,除息
8443,2018-04-13,2018-04-18,股東常會
8443,2018-07-05,2018-07-10,除息
8443,2019-04-12,2019-04-17,股東常會
8443,2019-07-18,2019-07-23,除息
8443,2020-04-17,2020-04-22,股東常會
8443,2020-07-17,2020-07-22,除息
8443,2021-04-22,2021-04-27,股東常會
8443,2021-07-16,2021-07-21,除息
8443,2022-04-08,2022-04-13,股東常會
8443,2023-04-13,2023-04-18,股東常會
8443,2024-04-12,2024-04-17,股東常會
8443,2025-04-07,2025-04-10,股東常會
8443,2025-07-01,2025-07-04,除息
8443,2026-04-10,,股東常會
8454,2018-03-09,2018-03-14,股東常會
8454,2018-05-29,2018-06-01,除息
8454,2019-03-08,2019-03-13,股東常會
8454,2019-05-28,2019-05-31,除息
8454,2020-03-09,2020-03-12,股東常會
8454,2020-05-27,2020-06-01,除息
8454,2021-03-12,2021-03-17,股東常會
8454,2021-06-29,2021-07-02,除權息
8454,2022-03-14,2022-03-17,股東常會
8454,2022-06-24,2022-06-29,除權息
8454,2023-03-13,2023-03-16,股東常會
8454,2023-05-30,2023-06-02,除息
8454,2023-08-09,2023-08-14,除權
8454,2024-04-12,2024-04-17,股東常會
8454,2024-06-28,2024-07-03,除息
8454,2024-08-13,2024-08-16,除權
8454,2025-03-21,2025-03-26,股東常會
8454,2025-06-06,2025-06-11,除息
8454,2025-08-15,2025-08-20,除權
8454,2026-03-20,2026-03-25,股東常會
8454,2026-06-05,2026-06-10,除息
8462,2018-03-27,2018-03-30,股東常會
8462,2018-07-04,2018-07-09,除權、息
8462,2019-03-22,2019-03-27,股東常會
8462,2019-07-02,2019-07-05,除權息
8462,2020-03-25,2020-03-30,股東常會
8462,2020-07-13,2020-07-16,除權息
8462,2021-03-25,2021-03-30,股東常會
8462,2021-08-04,2021-08-09,除權息
8462,2022-03-25,2022-03-30,股東常會
8462,2022-06-27,2022-06-30,除息
8462,2023-03-24,2023-03-29,股東常會
8462,2023-07-03,2023-07-06,除息
8462,2024-03-22,2024-03-27,股東常會
8462,2024-07-01,2024-07-04,除息
8462,2025-03-26,2025-03-31,股東常會
8462,2025-06-24,2025-06-27,除息
8462,2026-03-20,2026-03-25,股東常會
8462,2026-06-12,2026-06-17,除息
8463,2018-03-15,2018-03-20,股東常會
8463,2018-07-03,2018-07-06,除息
8463,2019-03-15,2019-03-20,股東常會
8463,2019-06-27,2019-07-02,除息
8463,2020-03-13,2020-03-18,股東常會
8463,2020-07-06,2020-07-09,除息
8463,2021-03-12,2021-03-17,股東常會
8463,2021-07-09,2021-07-14,除息
8463,2021-08-19,2021-08-24,其它利益
8463,2022-03-25,2022-03-30,股東常會
8463,2023-03-16,2023-03-21,股東常會
8463,2023-07-04,2023-07-07,除息
8463,2024-03-18,2024-03-21,股東常會
8463,2024-06-25,2024-06-28,除息
8463,2025-03-10,2025-03-13,股東常會
8463,2025-06-05,2025-06-10,除息
8463,2026-03-09,2026-03-12,股東常會
8463,2026-06-12,2026-06-17,除息
8464,2018-04-20,2018-04-25,股東常會
8464,2018-07-09,2018-07-12,除息
8464,2019-04-19,2019-04-24,股東常會
8464,2019-07-05,2019-07-10,除息
8464,2020-04-10,2020-04-15,股東常會
8464,2020-07-10,2020-07-15,除息
8464,2021-04-09,2021-04-14,股東常會
8464,2021-07-13,2021-07-16,除息
8464,2022-04-15,2022-04-20,股東常會
8464,2022-07-04,2022-07-07,除息
8464,2023-04-14,2023-04-19,股東常會
8464,2023-07-13,2023-07-18,除息
8464,2024-04-12,2024-04-17,股東常會
8464,2024-07-03,2024-07-08,除息
8464,2025-03-26,2025-03-31,除息
8464,2025-04-18,2025-04-23,股東常會
8464,2026-03-19,2026-03-24,除息
8464,2026-04-10,2026-04-15,股東常會
8466,2018-03-28,2018-03-31,股東常會
8466,2018-07-30,2018-08-02,除息
8466,2019-03-27,2019-04-01,股東常會
8466,2019-06-20,2019-06-25,除息
8466,2020-04-01,2020-04-08,股東常會
8466,2020-07-30,2020-08-04,除息
8466,2021-03-25,2021-03-30,股東常會
8466,2021-07-15,2021-07-20,除息
8466,2022-04-08,2022-04-13,股東常會
8466,2022-08-16,2022-08-19,除息
8466,2023-04-14,2023-04-19,股東常會
8466,2023-08-25,2023-08-30,除息
8466,2024-04-19,2024-04-24,股東常會
8466,2024-08-02,2024-08-07,除息
8466,2025-02-19,2025-02-24,現金增資
8466,2025-04-18,2025-04-23,股東常會
8466,2025-08-01,2025-08-06,除息
8466,2026-04-17,2026-04-22,股東常會
8466,2026-08-28,2026-09-02,除息
8467,2018-03-16,2018-03-21,股東常會
8467,2018-06-12,2018-06-15,除息
8467,2019-03-15,2019-03-20,股東常會
8467,2019-06-27,2019-07-02,除息
8467,2020-03-20,2020-03-25,股東常會
8467,2020-07-22,2020-07-27,除息
8467,2021-03-12,2021-03-17,股東常會
8467,2021-07-09,2021-07-14,除息
8467,2022-03-18,2022-03-23,股東常會
8467,2022-07-14,2022-07-19,除息
8467,2022-12-16,2022-12-21,除息
8467,2023-03-17,2023-03-22,股東常會
8467,2024-03-08,2024-03-13,股東常會
8467,2025-03-14,2025-03-19,股東常會
8467,2025-06-09,2025-06-12,除息
8467,2025-12-15,2025-12-18,除息
8467,2026-03-13,2026-03-18,股東常會
8467,2026-07-27,2026-07-30,除息
8473,2018-04-02,2018-04-10,股東常會
8473,2018-07-18,2018-07-23,除息
8473,2018-12-25,2018-12-28,現金增資
8473,2019-04-03,2019-04-10,股東常會
8473,2019-07-16,2019-07-19,除息
8473,2020-04-01,2020-04-08,股東常會
8473,2020-07-23,2020-07-28,除息
8473,2021-04-09,2021-04-14,股東常會
8473,2021-08-13,2021-08-18,除息
8473,2021-09-24,2021-09-29,除權
8473,2022-04-08,2022-04-13,股東常會
8473,2022-08-05,2022-08-10,除息
8473,2023-04-07,2023-04-12,股東常會
8473,2024-04-03,2024-04-10,股東常會
8473,2024-10-29,2024-11-01,除權
8473,2025-04-18,2025-04-23,股東常會
8473,2025-07-17,2025-07-22,除息
8473,2026-04-09,2026-04-14,股東常會
8473,2026-09-02,2026-09-07,除權息
8476,2018-01-03,2018-01-08,現增除權
8476,2018-03-23,2018-03-28,股東常會
8476,2018-08-14,2018-08-17,除權
8476,2019-03-27,2019-04-01,股東常會
8476,2022-12-16,2022-12-21,現增除權
8476,2023-03-23,2023-03-28,股東常會
8476,2023-06-27,2023-06-30,除權、息
8476,2024-03-22,2024-03-27,股東常會
8476,2024-07-03,2024-07-08,除權息
8476,2024-10-25,2024-10-30,變更面額
8476,2025-03-14,2025-03-19,股東常會
8476,2025-06-24,2025-06-27,除息
8476,2026-03-13,2026-03-18,股東常會
8476,2026-06-30,2026-07-03,除息
8478,2018-08-15,2018-08-20,除息
8478,2019-03-27,2019-04-01,股東常會
8478,2019-07-05,2019-07-10,除息
8478,2020-04-16,2020-04-21,股東常會
8478,2020-10-23,2020-10-28,除息
8478,2021-04-22,2021-04-27,股東常會
8478,2021-10-12,2021-10-15,除息
8478,2022-04-15,2022-04-20,股東常會
8478,2022-07-26,2022-07-29,除息
8478,2023-04-06,2023-04-11,股東常會
8478,2023-07-11,2023-07-14,除息
8478,2024-04-03,2024-04-10,股東常會
8478,2024-07-04,2024-07-09,現金增資
8478,2025-04-02,2025-04-09,股東常會
8478,2025-07-31,2025-08-05,除息
8478,2026-03-31,2026-04-07,股東常會
8478,2026-08-04,2026-08-07,除息
8481,2018-04-23,2018-04-26,股東常會
8481,2018-07-10,2018-07-13,除息
8481,2019-04-15,2019-04-18,股東常會
8481,2019-07-02,2019-07-05,除息
8481,2020-04-13,2020-04-16,股東常會
8481,2020-07-02,2020-07-07,除息
8481,2021-04-12,2021-04-15,股東常會
8481,2021-06-29,2021-07-02,除息
8481,2022-04-11,2022-04-14,股東常會
8481,2022-06-28,2022-07-01,除息
8481,2023-04-10,2023-04-13,股東常會
8481,2023-06-29,2023-07-04,除息
8481,2024-04-08,2024-04-11,股東常會
8481,2024-06-25,2024-06-28,除息
8481,2025-04-14,2025-04-17,股東常會
8481,2025-07-01,2025-07-04,除息
8481,2026-04-02,2026-04-09,股東常會
8481,2026-07-14,2026-07-17,除息
8482,2019-02-27,2019-03-06,股東常會
8482,2019-05-17,2019-05-22,除息
8482,2020-03-20,2020-03-25,股東常會
8482,2020-06-08,2020-06-11,除息
8482,2021-03-25,2021-03-30,股東常會
8482,2021-07-13,2021-07-16,除息
8482,2022-04-08,2022-04-13,股東常會
8482,2022-06-24,2022-06-29,除息
8482,2023-04-10,2023-04-13,股東常會
8482,2023-06-30,2023-07-05,除息
8482,2024-04-08,2024-04-11,股東常會
8482,2024-06-27,2024-07-02,除息
8482,2025-04-07,2025-04-10,股東常會
8482,2025-06-26,2025-07-01,除息
8482,2026-04-02,2026-04-09,股東常會
8482,2026-06-25,2026-06-30,除息
8487,2025-05-27,2025-06-02,除息
8487,2026-03-13,2026-03-18,股東常會
8487,2026-05-27,2026-06-01,除息
8488,2018-04-16,2018-04-19,股東常會
8488,2018-07-26,2018-07-31,除息
8488,2019-04-15,2019-04-18,股東常會
8488,2019-08-27,2019-08-30,除息
8488,2020-04-01,2020-04-08,股東常會
8488,2020-08-26,2020-08-31,除息
8488,2021-04-19,2021-04-22,股東常會
8488,2021-09-30,2021-10-05,除息
8488,2022-04-11,2022-04-14,股東常會
8488,2022-08-24,2022-08-29,除息
8488,2023-04-10,2023-04-13,股東常會
8488,2023-12-14,2023-12-19,現金增資
8488,2024-04-15,2024-04-18,股東常會
8488,2025-04-11,2025-04-16,股東常會
8488,2026-04-20,2026-04-23,股東常會
8499,2018-08-23,2018-08-28,除息
8499,2019-03-27,2019-04-01,股東常會
8499,2019-09-03,2019-09-06,除息
8499,2020-03-31,2020-04-07,股東常會
8499,2020-07-02,2020-07-07,除息
8499,2021-03-31,2021-04-07,股東常會
8499,2021-08-10,2021-08-13,除息
8499,2022-04-22,2022-04-27,股東常會
8499,2022-11-02,2022-11-07,除息
8499,2023-04-10,2023-04-13,股東常會
8499,2023-07-13,2023-07-18,除息
8499,2023-09-08,2023-09-13,減資
8499,2024-04-12,2024-04-17,股東常會
8499,2024-06-28,2024-07-03,除息
8499,2025-04-11,2025-04-16,股東常會
8499,2025-04-18,2025-04-23,股東常會
8499,2025-07-07,2025-07-10,除息
8499,2026-04-17,2026-04-22,股東常會
8499,2026-07-03,2026-07-08,除息
8926,2018-04-13,2018-04-18,股東常會
8926,2018-07-04,2018-07-09,除息
8926,2019-04-12,2019-04-17,股東常會
8926,2019-07-03,2019-07-08,除息
8926,2020-04-16,2020-04-21,股東常會
8926,2020-07-09,2020-07-14,除息
8926,2021-04-16,2021-04-21,股東常會
8926,2021-08-17,2021-08-20,除息
8926,2022-03-25,2022-03-30,股東常會
8926,2022-07-07,2022-07-12,除息
8926,2023-04-13,2023-04-18,現金增資
8926,2023-04-20,2023-04-25,股東常會
8926,2023-07-17,2023-07-20,除權息
8926,2024-03-25,2024-03-28,股東常會
8926,2024-06-25,2024-06-28,除息
8926,2025-03-21,2025-03-26,股東常會
8926,2025-06-25,2025-06-30,除息
8926,2026-03-23,2026-03-26,現金增資
8926,2026-06-26,2026-07-01,除息
8940,2018-03-02,2018-03-07,股東常會
8940,2019-03-22,2019-03-27,股東常會
8940,2020-03-20,,股東常會
8940,2021-03-22,,股東常會
8940,2022-03-18,,股東常會
8940,2023-03-17,,股東常會
8940,2024-03-18,,股東常會
8940,2025-03-20,,股東常會
8940,2026-03-16,2026-03-19,股東常會
8996,2018-04-20,2018-04-25,股東常會
8996,2018-07-20,2018-07-25,除息
8996,2019-04-12,2019-04-17,股東常會
8996,2019-07-11,2019-07-16,除息
8996,2020-04-10,2020-04-15,股東常會
8996,2020-07-23,2020-07-28,除息
8996,2021-04-01,2021-04-08,除息
8996,2021-04-16,2021-04-21,股東常會
8996,2022-04-08,2022-04-13,股東常會
8996,2022-06-29,2022-07-04,除息
8996,2023-04-07,2023-04-12,股東常會
8996,2024-04-12,2024-04-17,股東常會
8996,2025-03-17,2025-03-20,股東常會
8996,2025-06-13,2025-06-18,除息
8996,2026-03-23,2026-03-26,股東常會
9103,2018-03-22,2018-03-27,股東常會
9103,2019-03-20,2019-03-25,股東常會
9103,2020-03-23,2020-03-26,股東常會
9103,2020-05-15,2020-05-20,股東常會
9103,2020-09-03,2020-09-08,除息
9103,2021-03-22,2021-03-25,股東常會
9103,2021-05-06,2021-05-11,除息
9103,2022-03-22,2022-03-25,股東常會
9103,2022-06-08,2022-06-13,除息
9103,2023-03-21,2023-03-24,股東常會
9103,2023-05-24,2023-05-29,股東常會
9103,2024-03-21,2024-03-26,股東常會
9103,2025-03-21,2025-03-26,股東常會
9103,2026-03-23,2026-03-26,股東常會
9105,2018-03-13,2018-03-16,除息
9105,2018-08-28,2018-08-31,除息
9105,2019-03-14,2019-03-19,股東常會
9105,2019-08-27,2019-08-30,除息
9105,2020-03-16,2020-03-19,除息
9105,2020-06-23,2020-06-30,股東常會
9105,2020-08-25,2020-08-28,除息
9105,2021-03-16,2021-03-19,除權息
9105,2021-08-23,2021-08-26,除息
9105,2022-03-11,2022-03-16,除權息
9105,2022-08-18,2022-08-23,除息
9105,2023-03-13,2023-03-16,股東常會
9105,2023-08-23,2023-08-28,除息
9105,2023-10-02,2023-10-05,現金增資
9105,2024-03-13,2024-03-18,股東常會
9105,2024-08-22,2024-08-27,除息
9105,2025-03-13,2025-03-18,股東常會
9105,2025-08-22,2025-08-27,除息
9105,2026-03-13,2026-03-18,除息
9105,2026-08-25,2026-08-28,除息
9136,2018-04-23,2018-04-26,股東常會
9136,2018-05-16,2018-05-21,除息
9136,2019-04-18,2019-04-23,股東常會
9136,2019-05-15,2019-05-20,除息
9136,2020-05-05,2020-05-08,股東常會
9136,2020-05-28,2020-06-02,除息
9136,2021-04-23,2021-04-28,股東常會
9136,2021-05-13,2021-05-18,除息
9136,2022-04-18,2022-04-21,股東常會
9136,2022-05-11,2022-05-16,除息
9136,2023-04-24,2023-04-27,股東常會
9136,2023-05-16,2023-05-19,除息
9136,2024-04-22,2024-04-25,股東常會
9136,2025-05-05,2025-05-08,股東常會
9136,2026-04-27,2026-04-30,股東常會
9802,2018-03-29,2018-04-02,股東常會
9802,2018-07-03,2018-07-06,除息
9802,2018-11-20,2018-11-23,現金增資
9802,2019-04-03,2019-04-10,股東常會
9802,2019-07-04,2019-07-09,除息
9802,2020-04-06,2020-04-09,股東常會
9802,2020-07-08,2020-07-13,除息
9802,2020-08-05,2020-08-10,現金增資
9802,2021-02-25,2021-03-03,除息
9802,2021-03-22,2021-03-25,股東常會
9802,2021-10-05,2021-10-08,除息
9802,2022-03-09,2022-03-14,除息
9802,2022-03-21,2022-03-24,股東常會
9802,2022-09-08,2022-09-14,除息
9802,2023-03-10,2023-03-15,除息
9802,2023-03-24,2023-03-29,股東常會
9802,2023-09-08,2023-09-13,除息
9802,2024-03-12,2024-03-15,除息
9802,2024-03-21,2024-03-26,股東常會
9802,2024-09-09,2024-09-12,除息
9802,2024-11-05,2024-11-08,現金增資
9802,2025-03-12,2025-03-17,除息
9802,2025-03-21,2025-03-26,股東常會
9802,2025-09-09,2025-09-12,除息
9802,2026-03-10,2026-03-13,除息
9802,2026-03-20,2026-03-25,股東常會
9802,2026-09-04,2026-09-09,除息
9902,2018-04-03,2018-04-11,股東常會
9902,2019-04-19,2019-04-24,股東常會
9902,2019-07-09,2019-07-12,除息
9902,2020-04-17,2020-04-22,股東常會
9902,2020-07-15,2020-07-20,除息
9902,2021-04-19,2021-04-22,股東常會
9902,2021-08-17,2021-08-20,除息
9902,2022-04-18,2022-04-21,股東常會
9902,2022-07-06,2022-07-11,除息
9902,2023-04-13,2023-04-18,股東常會
9902,2024-04-08,2024-04-11,股東常會
9902,2024-06-26,2024-07-01,除息
9902,2025-04-18,2025-04-23,股東常會
9902,2025-07-03,2025-07-08,除息
9902,2026-04-17,2026-04-22,股東常會
9904,2018-04-09,2018-04-12,股東常會
9904,2018-07-02,2018-07-05,除息
9904,2019-04-03,2019-04-10,股東常會
9904,2019-07-02,2019-07-05,除息
9904,2020-04-13,2020-04-16,股東常會
9904,2020-07-23,2020-07-28,除息
9904,2021-04-09,2021-04-14,股東常會
9904,2021-07-08,2021-07-13,除息
9904,2022-04-08,2022-04-13,股東常會
9904,2022-07-05,2022-07-08,除息
9904,2023-04-07,2023-04-12,股東常會
9904,2023-07-06,2023-07-11,除息
9904,2024-03-25,2024-03-28,股東常會
9904,2024-06-21,2024-06-26,除息
9904,2025-03-21,2025-03-26,股東常會
9904,2025-06-27,2025-07-02,除息
9904,2026-03-23,2026-03-26,股東常會
9904,2026-06-26,2026-07-01,除息
9905,2018-04-20,2018-04-25,股東常會
9905,2018-07-24,2018-07-27,除息
9905,2019-04-19,2019-04-24,股東常會
9905,2019-07-19,2019-07-24,除息
9905,2020-04-17,2020-04-22,股東常會
9905,2020-07-17,2020-07-22,除息
9905,2021-04-16,2021-04-21,股東常會
9905,2021-09-10,2021-09-15,除息
9905,2022-04-18,2022-04-21,股東常會
9905,2022-07-15,2022-07-20,除息
9905,2023-04-13,2023-04-18,股東常會
9905,2023-07-21,2023-07-26,除息
9905,2024-03-22,2024-03-27,股東常會
9905,2024-07-05,2024-07-10,除息
9905,2025-03-20,2025-03-25,股東常會
9905,2025-07-04,2025-07-09,除息
9905,2026-04-10,2026-04-15,股東常會
9905,2026-07-03,2026-07-08,除息
9906,2018-04-20,2018-04-25,股東常會
9906,2018-08-22,2018-08-27,除權
9906,2019-04-12,2019-04-17,股東常會
9906,2020-04-23,,股東常會
9906,2021-04-09,,股東常會
9906,2022-04-08,2022-04-13,股東常會
9906,2022-09-01,2022-09-06,除息
9906,2023-04-21,2023-04-26,股東常會
9906,2023-08-29,2023-09-01,除息
9906,2024-04-12,2024-04-17,股東常會
9906,2024-08-27,2024-08-30,除息
9906,2024-09-04,2024-09-09,除權
9906,2025-04-18,2025-04-23,股東常會
9906,2025-08-29,2025-09-03,除息
9906,2026-04-23,2026-04-28,股東常會
9906,2026-09-04,2026-09-09,除權
9907,2018-04-16,2018-04-19,股東常會
9907,2018-07-03,2018-07-06,除息
9907,2019-04-12,2019-04-17,股東常會
9907,2019-07-09,2019-07-12,除息
9907,2020-04-13,2020-04-16,股東常會
9907,2021-04-19,2021-04-22,股東常會
9907,2021-08-20,2021-08-25,除息
9907,2022-03-18,2022-03-23,股東常會
9907,2022-06-24,2022-06-29,除息
9907,2023-04-07,2023-04-12,股東常會
9907,2023-06-30,2023-07-05,除息
9907,2024-04-15,2024-04-18,股東常會
9907,2024-07-08,2024-07-11,除息
9907,2025-04-11,2025-04-16,股東常會
9907,2025-07-14,2025-07-17,除息
9907,2026-03-23,2026-03-26,股東常會
9907,2026-06-15,2026-06-18,除息
9908,2018-03-28,2018-03-31,股東常會
9908,2018-07-20,2018-07-25,除息
9908,2019-04-03,2019-04-10,股東常會
9908,2019-07-19,2019-07-24,除息
9908,2020-04-01,2020-04-08,股東常會
9908,2020-07-08,2020-07-13,除息
9908,2021-03-31,2021-04-07,股東常會
9908,2021-08-20,2021-08-25,除息
9908,2022-04-15,2022-04-20,股東常會
9908,2022-07-25,2022-07-28,除息
9908,2023-04-10,2023-04-13,股東常會
9908,2023-07-21,2023-07-26,除息
9908,2024-04-08,2024-04-11,股東常會
9908,2024-07-23,2024-07-26,除息
9908,2025-04-14,2025-04-17,股東常會
9908,2025-07-24,2025-07-29,除息
9908,2026-04-10,2026-04-15,股東常會
9908,2026-07-09,2026-07-14,除息
9910,2018-04-20,2018-04-25,股東常會
9910,2018-07-11,2018-07-16,除息
9910,2019-04-03,2019-04-10,股東常會
9910,2019-07-17,2019-07-22,除權息
9910,2020-04-10,2020-04-15,股東常會
9910,2020-08-12,2020-08-17,除權息
9910,2021-04-12,2021-04-15,股東常會
9910,2021-07-28,2021-08-02,除息
9910,2022-04-11,2022-04-14,股東常會
9910,2022-06-29,2022-07-04,除息
9910,2023-04-14,2023-04-19,股東常會
9910,2023-07-28,2023-08-02,除權息
9910,2024-03-25,2024-03-28,股東常會
9910,2024-06-17,2024-06-20,除息
9910,2025-03-21,2025-03-26,股東常會
9910,2025-06-10,2025-06-13,除息
9910,2026-03-20,2026-03-25,股東常會
9910,2026-06-09,2026-06-12,除息
9911,2018-04-03,2018-04-11,股東常會
9911,2018-06-26,2018-06-29,除息
9911,2019-04-18,2019-04-23,股東常會
9911,2019-07-12,2019-07-17,除息
9911,2020-04-17,2020-04-22,股東常會
9911,2020-06-17,2020-06-22,除息
9911,2021-04-09,2021-04-14,股東常會
9911,2021-06-10,2021-06-16,除息
9911,2022-04-11,2022-04-14,股東常會
9911,2022-06-13,2022-06-16,除息
9911,2023-04-14,2023-04-19,股東常會
9911,2023-06-15,2023-06-20,除息
9911,2024-04-12,2024-04-17,股東常會
9911,2025-04-11,2025-04-16,股東常會
9911,2026-03-26,2026-03-31,除息
9912,2018-04-03,2018-04-11,股東常會
9912,2019-04-12,2019-04-17,股東常會
9912,2020-04-10,2020-04-15,股東常會
9912,2021-04-12,,股東常會
9912,2022-04-15,,股東常會
9912,2023-04-14,,股東常會
9912,2024-04-12,,股東常會
9912,2025-04-11,,股東常會
9912,2026-04-10,,股東常會
9914,2018-04-20,2018-04-25,股東常會
9914,2018-08-03,2018-08-08,除息
9914,2019-04-19,2019-04-24,股東常會
9914,2019-08-02,2019-08-07,除息
9914,2020-04-17,2020-04-22,股東常會
9914,2020-08-07,2020-08-12,除息
9914,2021-04-19,2021-04-22,股東常會
9914,2021-07-30,2021-08-04,除息
9914,2022-04-15,2022-04-20,股東常會
9914,2022-08-05,2022-08-10,除息
9914,2023-04-21,2023-04-26,股東常會
9914,2023-08-04,2023-08-09,除息
9914,2024-04-19,2024-04-24,股東常會
9914,2024-08-02,2024-08-07,除息
9914,2025-04-18,2025-04-23,股東常會
9914,2025-08-01,2025-08-06,除息
9914,2026-04-17,2026-04-22,股東常會
9914,2026-07-31,2026-08-05,除息
9917,2018-03-28,2018-03-31,股東常會
9917,2018-07-16,2018-07-19,除息
9917,2019-04-08,2019-04-11,股東常會
9917,2019-07-12,2019-07-17,除息
9917,2020-04-10,2020-04-15,股東常會
9917,2020-07-17,2020-07-22,除息
9917,2021-04-09,2021-04-14,股東常會
9917,2021-07-21,2021-07-26,除息
9917,2022-03-24,2022-03-29,股東常會
9917,2022-06-16,2022-06-21,除息
9917,2023-03-24,2023-03-29,股東常會
9917,2023-06-14,2023-06-19,除息
9917,2024-03-22,2024-03-27,股東常會
9917,2024-06-18,2024-06-21,除息
9917,2025-03-21,2025-03-26,股東常會
9917,2025-06-18,2025-06-23,除息
9917,2026-03-23,2026-03-26,股東常會
9917,2026-06-17,2026-06-23,除息
9917,2026-08-25,2026-08-28,除權
9918,2018-03-28,2018-03-31,股東常會
9918,2018-07-03,2018-07-06,除息
9918,2019-04-22,2019-04-25,股東常會
9918,2019-07-16,2019-07-19,除息
9918,2020-04-16,2020-04-21,股東常會
9918,2020-07-16,2020-07-21,除息
9918,2021-04-19,2021-04-22,股東常會
9918,2021-09-27,2021-09-30,除息
9918,2022-04-11,2022-04-14,股東常會
9918,2022-07-15,2022-07-20,除息
9918,2023-04-21,2023-04-26,股東常會
9918,2023-07-11,2023-07-14,除息
9918,2024-04-15,2024-04-18,股東常會
9918,2024-07-11,2024-07-16,除息
9918,2025-04-18,2025-04-23,股東常會
9918,2025-07-17,2025-07-22,除息
9918,2026-04-20,2026-04-23,股東常會
9918,2026-07-17,2026-07-22,除息
9919,2018-04-03,2018-04-11,股東常會
9919,2018-07-13,2018-07-18,除息
9919,2019-04-03,2019-04-10,股東常會
9919,2019-07-12,2019-07-17,除息
9919,2020-04-01,2020-04-08,股東常會
9919,2020-07-14,2020-07-17,除息
9919,2021-04-12,2021-04-15,股東常會
9919,2021-07-27,2021-07-30,除息
9919,2022-04-08,2022-04-13,股東常會
9919,2022-07-13,2022-07-18,除息
9919,2023-04-07,2023-04-12,股東常會
9919,2023-07-13,2023-07-18,除息
9919,2024-04-03,2024-04-10,股東常會
9919,2024-07-12,2024-07-17,除息
9919,2025-04-07,2025-04-10,股東常會
9919,2025-07-11,2025-07-16,除息
9919,2026-04-02,2026-04-09,股東常會
9921,2018-04-16,2018-04-19,股東常會
9921,2018-08-13,2018-08-16,除息
9921,2019-04-15,2019-04-18,股東常會
9921,2019-08-13,2019-08-16,除息
9921,2020-04-13,2020-04-16,股東常會
9921,2020-08-17,2020-08-20,除息
9921,2021-04-16,2021-04-21,股東常會
9921,2021-08-17,2021-08-20,除息
9921,2022-04-15,2022-04-20,股東常會
9921,2022-08-15,2022-08-18,除息
9921,2022-10-27,2022-11-01,現金增資
9921,2023-04-14,2023-04-19,股東常會
9921,2023-08-21,2023-08-24,除息
9921,2024-04-15,2024-04-18,股東常會
9921,2024-08-19,2024-08-22,除息
9921,2025-04-17,2025-04-22,股東常會
9921,2025-08-20,2025-08-25,除息
9921,2026-04-10,2026-04-15,股東常會
9921,2026-08-19,2026-08-24,除息
9924,2018-04-16,2018-04-19,股東常會
9924,2018-07-06,2018-07-11,除息
9924,2019-04-15,2019-04-18,股東常會
9924,2019-07-05,2019-07-10,除息
9924,2020-03-20,2020-03-25,股東常會
9924,2020-06-12,2020-06-17,除息
9924,2021-03-22,2021-03-25,股東常會
9924,2021-07-15,2021-07-20,除息
9924,2022-03-21,2022-03-24,股東常會
9924,2022-06-10,2022-06-15,除息
9924,2023-03-20,2023-03-23,股東常會
9924,2023-06-07,2023-06-12,除息
9924,2024-03-18,2024-03-21,股東常會
9924,2024-06-05,2024-06-11,除息
9924,2025-03-17,2025-03-20,股東常會
9924,2025-06-05,2025-06-10,除息
9924,2025-09-19,2025-09-24,減資
9924,2026-03-16,2026-03-19,股東常會
9924,2026-06-03,2026-06-08,除息
9925,2018-04-09,2018-04-12,股東常會
9925,2018-07-20,2018-07-25,除息
9925,2019-04-08,2019-04-11,股東常會
9925,2019-07-19,2019-07-24,除息
9925,2020-04-01,2020-04-08,股東常會
9925,2020-07-29,2020-08-03,除權息
9925,2021-04-09,2021-04-14,股東常會
9925,2021-08-13,2021-08-18,除息
9925,2022-04-18,2022-04-21,股東常會
9925,2022-07-20,2022-07-25,除息
9925,2023-03-28,2023-03-31,股東常會
9925,2023-07-20,2023-07-25,除息
9925,2024-04-19,2024-04-24,股東常會
9925,2024-07-19,2024-07-24,除息
9925,2025-03-26,2025-03-31,股東常會
9925,2025-07-18,2025-07-23,除息
9925,2026-03-23,2026-03-26,股東常會
9925,2026-07-20,2026-07-23,除息
9926,2018-04-13,2018-04-18,股東常會
9926,2018-07-10,2018-07-13,除息
9926,2019-04-12,2019-04-17,股東常會
9926,2019-07-16,2019-07-19,除息
9926,2020-04-01,2020-04-08,股東常會
9926,2020-07-07,2020-07-10,除息
9926,2021-04-01,2021-04-08,股東常會
9926,2021-07-29,2021-08-03,除息
9926,2022-04-18,2022-04-21,股東常會
9926,2022-07-20,2022-07-25,除息
9926,2023-04-07,2023-04-12,股東常會
9926,2023-07-11,2023-07-14,除息
9926,2024-04-03,2024-04-10,股東常會
9926,2024-07-09,2024-07-12,除息
9926,2025-04-11,2025-04-16,股東常會
9926,2025-07-15,2025-07-18,除息
9926,2026-04-10,2026-04-15,股東常會
9926,2026-07-15,2026-07-20,除息
9927,2018-04-13,2018-04-18,股東常會
9927,2018-08-13,2018-08-16,除息
9927,2019-04-22,2019-04-25,股東常會
9927,2019-08-19,2019-08-22,除息
9927,2020-04-17,2020-04-22,股東常會
9927,2020-08-19,2020-08-24,除息
9927,2021-04-16,2021-04-21,股東常會
9927,2021-08-19,2021-08-24,除息
9927,2021-11-19,2021-11-24,減資
9927,2022-04-08,2022-04-13,股東常會
9927,2022-08-31,2022-09-05,除息
9927,2023-03-29,2023-04-06,股東常會
9927,2023-09-20,2023-09-25,除息
9927,2024-04-18,2024-04-23,股東常會
9927,2024-09-20,2024-09-25,除息
9927,2025-04-07,2025-04-10,股東常會
9927,2025-08-20,2025-08-25,除息
9927,2025-11-07,2025-11-12,減資
9927,2026-04-10,2026-04-15,股東常會
9927,2026-09-23,2026-09-30,除息
9928,2018-04-20,,股東常會
9928,2019-04-19,,股東常會
9928,2020-04-17,,股東常會
9928,2021-04-19,,股東常會
9928,2022-03-18,,減資
9928,2022-04-18,,股東常會
9928,2023-04-21,,股東常會
9928,2024-04-19,,股東常會
9928,2024-10-22,2024-10-25,現金增資
9928,2025-04-18,2025-04-23,股東常會
9928,2026-04-20,2026-04-23,股東常會
9929,2018-03-28,,股東常會
9929,2019-02-27,,股東常會
9929,2020-04-09,,股東常會
9929,2020-11-27,2020-12-02,減資
9929,2021-03-19,2021-03-24,股東常會
9929,2021-08-09,2021-08-12,除息
9929,2022-03-18,,股東常會
9929,2023-04-07,,股東常會
9929,2024-03-22,,股東常會
9929,2025-03-21,,股東常會
9929,2026-03-19,,股東常會
9930,2018-04-16,2018-04-19,股東常會
9930,2018-07-25,2018-07-30,除權息
9930,2019-04-15,2019-04-18,股東常會
9930,2019-07-05,2019-07-10,除息
9930,2020-04-17,2020-04-22,股東常會
9930,2020-07-14,2020-07-17,除息
9930,2021-04-16,2021-04-21,股東常會
9930,2021-08-20,2021-08-25,除息
9930,2022-04-15,2022-04-20,股東常會
9930,2022-07-08,2022-07-13,除息
9930,2023-04-14,2023-04-19,股東常會
9930,2023-07-13,2023-07-18,除息
9930,2024-04-19,2024-04-24,股東常會
9930,2024-07-10,2024-07-15,除息
9930,2025-04-18,2025-04-23,股東常會
9930,2025-07-10,2025-07-15,除息
9930,2026-03-20,2026-03-25,股東常會
9930,2026-06-17,2026-06-23,除息
9931,2018-04-02,2018-04-10,股東常會
9931,2018-07-02,2018-07-05,除息
9931,2019-04-02,2019-04-09,股東常會
9931,2019-06-27,2019-07-02,除息
9931,2020-03-31,2020-04-07,股東常會
9931,2020-06-23,2020-06-30,除息
9931,2020-08-10,2020-08-13,除權
9931,2021-03-30,2021-04-06,股東常會
9931,2021-07-23,2021-07-28,除息
9931,2022-04-07,2022-04-12,股東常會
9931,2022-06-28,2022-07-01,除息
9931,2023-03-23,2023-03-28,股東常會
9931,2023-06-14,2023-06-19,除息
9931,2023-08-17,2023-08-22,除權
9931,2024-03-25,2024-03-28,股東常會
9931,2024-06-21,2024-06-26,除息
9931,2025-03-26,2025-03-31,股東常會
9931,2025-06-17,2025-06-20,除息
9931,2026-03-26,2026-03-31,股東常會
9931,2026-06-24,2026-06-29,除息
9933,2018-03-23,2018-03-28,股東常會
9933,2018-07-20,2018-07-25,除息
9933,2019-03-22,2019-03-27,股東常會
9933,2019-07-19,2019-07-24,除息
9933,2020-03-20,2020-03-25,股東常會
9933,2020-07-20,2020-07-23,除息
9933,2021-03-22,2021-03-25,股東常會
9933,2021-08-16,2021-08-19,除息
9933,2022-03-18,2022-03-23,股東常會
9933,2022-06-27,2022-06-30,除息
9933,2023-03-24,2023-03-29,股東常會
9933,2023-06-30,2023-07-05,除息
9933,2024-03-21,2024-03-26,股東常會
9933,2024-07-08,2024-07-11,除息
9933,2025-03-21,2025-03-26,股東常會
9933,2025-08-11,2025-08-14,除權息
9933,2026-03-19,2026-03-24,股東常會
9933,2026-09-02,2026-09-07,除權息
9934,2018-03-19,2018-03-22,股東常會
9934,2018-06-22,2018-06-27,除息
9934,2019-03-25,2019-03-28,股東常會
9934,2019-06-25,2019-06-28,除息
9934,2020-03-23,2020-03-26,股東常會
9934,2020-06-24,2020-07-01,除息
9934,2021-03-22,2021-03-25,股東常會
9934,2021-08-13,2021-08-18,除息
9934,2022-03-21,2022-03-24,股東常會
9934,2023-02-20,2023-02-23,現金增資
9934,2023-03-20,2023-03-23,股東常會
9934,2024-03-22,2024-03-27,股東常會
9934,2024-06-25,2024-06-28,除息
9934,2025-03-17,2025-03-20,股東常會
9934,2025-06-17,2025-06-20,除息
9934,2026-03-23,2026-03-26,股東常會
9934,2026-06-17,2026-06-23,除息
9935,2018-03-16,,股東常會
9935,2018-08-21,,現金增資
9935,2019-04-22,2019-04-25,股東常會
9935,2019-10-23,2019-10-28,除息
9935,2020-04-23,2020-04-28,股東常會
9935,2020-08-21,2020-08-26,除息
9935,2021-04-22,2021-04-27,股東常會
9935,2021-09-30,2021-10-05,除息
9935,2022-04-21,2022-04-26,股東常會
9935,2022-07-27,2022-08-01,除息
9935,2023-03-17,2023-03-22,股東常會
9935,2023-07-04,2023-07-07,除息
9935,2023-09-04,2023-09-07,除權
9935,2024-03-22,2024-03-27,股東常會
9935,2024-07-12,2024-07-17,除息
9935,2024-10-08,2024-10-14,現金增資
9935,2025-03-14,2025-03-19,股東常會
9935,2025-06-26,2025-07-01,除息
9935,2026-03-16,2026-03-19,股東常會
9935,2026-06-30,2026-07-03,除息
9937,2018-04-16,2018-04-19,股東常會
9937,2018-07-23,2018-07-26,除息
9937,2019-04-15,2019-04-18,股東常會
9937,2019-07-23,2019-07-26,除息
9937,2020-04-01,2020-04-08,股東常會
9937,2020-07-23,2020-07-28,除息
9937,2021-04-19,2021-04-22,股東常會
9937,2021-08-23,2021-08-26,除息
9937,2022-04-15,2022-04-20,股東常會
9937,2022-07-20,2022-07-25,除息
9937,2023-04-14,2023-04-19,股東常會
9937,2023-07-20,2023-07-25,除息
9937,2024-04-15,2024-04-18,股東常會
9937,2024-07-19,2024-07-24,除息
9937,2025-04-11,2025-04-16,股東常會
9937,2025-07-21,2025-07-24,除息
9937,2026-04-17,2026-04-22,股東常會
9937,2026-07-10,2026-07-15,除息
9938,2018-04-03,2018-04-11,股東常會
9938,2018-07-25,2018-07-30,除息
9938,2019-04-03,2019-04-10,股東常會
9938,2019-07-25,2019-07-30,除息
9938,2020-04-01,2020-04-08,股東常會
9938,2020-07-28,2020-07-31,除息
9938,2021-04-09,2021-04-14,股東常會
9938,2021-07-28,2021-08-02,除息
9938,2022-04-18,2022-04-21,股東常會
9938,2022-07-28,2022-08-02,除息
9938,2023-03-28,2023-03-31,股東常會
9938,2023-07-28,2023-08-02,除息
9938,2024-04-12,2024-04-17,股東常會
9938,2024-07-29,2024-08-01,除息
9938,2025-04-02,2025-04-09,股東常會
9938,2025-07-29,2025-08-01,除息
9938,2026-04-01,2026-04-08,股東常會
9938,2026-07-29,2026-08-03,除息
9939,2018-04-09,2018-04-12,股東常會
9939,2018-06-28,2018-07-03,除息
9939,2019-04-12,2019-04-17,股東常會
9939,2019-07-01,2019-07-04,除息
9939,2020-04-13,2020-04-16,股東常會
9939,2020-07-10,2020-07-15,除息
9939,2021-04-12,2021-04-15,股東常會
9939,2021-07-02,2021-07-07,除息
9939,2022-04-11,2022-04-14,股東常會
9939,2022-06-30,2022-07-05,除息
9939,2023-03-24,2023-03-29,股東常會
9939,2023-06-28,2023-07-03,除息
9939,2024-03-25,2024-03-28,股東常會
9939,2024-06-28,2024-07-03,除息
9939,2024-10-01,2024-10-04,現金增資
9939,2025-03-21,2025-03-26,股東常會
9939,2025-06-26,2025-07-01,除息
9939,2026-03-23,2026-03-26,股東常會
9939,2026-06-26,2026-07-01,除息
9940,2018-03-16,2018-03-21,股東常會
9940,2018-06-12,2018-06-15,除權息
9940,2019-03-18,2019-03-21,股東常會
9940,2019-06-13,2019-06-18,除息
9940,2020-03-16,2020-03-19,股東常會
9940,2020-06-03,2020-06-08,除息
9940,2021-03-15,2021-03-18,股東常會
9940,2021-06-04,2021-06-09,除息
9940,2022-03-11,2022-03-16,股東常會
9940,2022-06-01,2022-06-07,除息
9940,2023-03-10,2023-03-15,股東常會
9940,2023-05-31,2023-06-05,除息
9940,2024-03-15,2024-03-20,股東常會
9940,2024-06-03,2024-06-06,除息
9940,2025-03-14,2025-03-19,股東常會
9940,2025-06-04,2025-06-09,除息
9940,2026-03-12,2026-03-17,股東常會
9940,2026-06-03,2026-06-08,除息
9941,2018-04-20,2018-04-25,股東常會
9941,2018-07-19,2018-07-24,除息
9941,2018-09-12,2018-09-17,其它利益
9941,2019-04-19,2019-04-24,股東常會
9941,2019-07-18,2019-07-23,除權息
9941,2020-04-17,2020-04-22,股東常會
9941,2020-08-19,2020-08-24,除權息
9941,2021-04-16,2021-04-21,股東常會
9941,2021-08-18,2021-08-23,除權息
9941,2022-04-15,2022-04-20,股東常會
9941,2022-07-20,2022-07-25,現金增資
9941,2023-04-10,2023-04-13,股東常會
9941,2023-07-19,2023-07-24,除權息
9941,2024-03-22,2024-03-27,股東常會
9941,2024-08-21,2024-08-26,除息
9941,2025-03-21,2025-03-26,股東常會
9941,2025-08-27,2025-09-01,除權息
9941,2026-03-20,2026-03-25,股東常會
9941,2026-08-26,2026-08-31,除權息
9942,2018-04-03,2018-04-11,股東常會
9942,2018-07-11,2018-07-16,除息
9942,2019-04-03,2019-04-10,股東常會
9942,2019-07-25,2019-07-30,除息
9942,2020-04-01,2020-04-08,股東常會
9942,2020-07-22,2020-07-27,除息
9942,2021-03-31,2021-04-07,股東常會
9942,2021-08-09,2021-08-12,除息
9942,2022-03-30,2022-04-06,股東常會
9942,2022-08-03,2022-08-08,除息
9942,2023-04-07,2023-04-12,股東常會
9942,2023-07-26,2023-07-31,除息
9942,2024-04-12,2024-04-17,股東常會
9942,2024-08-02,2024-08-07,除息
9942,2025-04-07,2025-04-10,股東常會
9942,2025-07-25,2025-07-30,除息
9942,2026-03-13,2026-03-18,股東常會
9942,2026-07-24,2026-07-29,除息
9943,2018-04-03,2018-04-11,股東常會
9943,2018-06-27,2018-07-02,除息
9943,2019-04-19,2019-04-24,股東常會
9943,2019-09-02,2019-09-05,除息
9943,2020-04-09,2020-04-14,股東常會
9943,2020-06-29,2020-07-02,除息
9943,2021-04-16,2021-04-21,股東常會
9943,2021-09-10,2021-09-15,除息
9943,2022-04-08,2022-04-13,股東常會
9943,2022-06-28,2022-07-01,除息
9943,2022-09-08,2022-09-14,減資
9943,2023-04-10,2023-04-13,股東常會
9943,2023-07-13,2023-07-18,除息
9943,2024-04-12,2024-04-17,股東常會
9943,2024-06-28,2024-07-03,除息
9943,2025-04-11,2025-04-16,股東常會
9943,2025-07-01,2025-07-04,除息
9943,2026-04-10,2026-04-15,股東常會
9943,2026-06-30,2026-07-03,除息
9944,2018-04-16,2018-04-19,股東常會
9944,2018-08-21,2018-08-24,除息
9944,2019-04-15,2019-04-18,股東常會
9944,2020-04-13,2020-04-16,股東常會
9944,2021-04-12,2021-04-15,股東常會
9944,2021-06-11,2021-06-17,除息
9944,2022-04-11,2022-04-14,股東常會
9944,2022-06-15,2022-06-20,除息
9944,2023-04-10,2023-04-13,股東常會
9944,2023-06-14,2023-06-19,除息
9944,2024-04-08,2024-04-11,股東常會
9944,2024-06-19,2024-06-24,除息
9944,2025-04-07,2025-04-10,股東常會
9944,2025-06-19,2025-06-24,除息
9944,2026-04-02,2026-04-09,股東常會
9944,2026-06-18,2026-06-24,除息
9945,2018-04-03,2018-04-11,股東常會
9945,2018-07-17,2018-07-20,除息
9945,2018-09-20,2018-09-26,減資
9945,2019-03-27,2019-04-01,股東常會
9945,2019-07-01,2019-07-04,除息
9945,2020-04-01,2020-04-08,股東常會
9945,2020-07-10,2020-07-15,除息
9945,2020-08-13,2020-08-18,除權
9945,2021-04-09,2021-04-14,股東常會
9945,2021-07-20,2021-07-23,除息
9945,2021-09-15,2021-09-22,除權
9945,2022-04-08,2022-04-13,股東常會
9945,2022-08-08,2022-08-11,除息
9945,2022-10-21,2022-10-26,除權
9945,2023-03-29,2023-04-06,股東常會
9945,2023-09-08,2023-09-13,減資
9945,2024-03-22,2024-03-27,股東常會
9945,2024-07-10,2024-07-15,除息
9945,2025-03-17,2025-03-20,股東常會
9945,2025-07-03,2025-07-08,除息
9945,2026-03-13,2026-03-18,股東常會
9945,2026-07-01,2026-07-06,除息
9946,2018-03-22,2018-03-27,股東常會
9946,2018-08-31,2018-09-05,除權息
9946,2019-04-18,2019-04-23,股東常會
9946,2019-08-13,2019-08-16,除權息
9946,2020-04-23,,股東常會
9946,2020-11-13,2020-11-18,除權息
9946,2021-03-25,2021-03-30,股東常會
9946,2021-09-23,2021-09-28,除權息
9946,2022-04-22,2022-04-27,股東常會
9946,2022-09-15,2022-09-20,除息
9946,2023-03-23,2023-03-28,股東常會
9946,2023-08-21,2023-08-24,除息
9946,2024-03-22,2024-03-27,股東常會
9946,2024-08-30,2024-09-04,除息
9946,2025-03-21,2025-03-26,股東常會
9946,2025-08-22,2025-08-27,除息
9946,2026-03-20,2026-03-25,股東常會
9946,2026-08-21,2026-08-26,除息
9955,2018-04-20,2018-04-25,股東常會
9955,2019-04-12,2019-04-17,股東常會
9955,2020-04-10,2020-04-15,股東常會
9955,2021-04-09,2021-04-14,股東常會
9955,2022-04-08,2022-04-13,股東常會
9955,2023-04-10,2023-04-13,股東常會
9955,2024-04-12,2024-04-17,股東常會
9955,2025-04-11,2025-04-16,股東常會
9955,2026-03-23,2026-03-26,股東常會
9955,2026-07-24,2026-07-29,現金增資
9958,2018-04-13,2018-04-18,股東常會
9958,2018-08-03,2018-08-08,現金增資
9958,2019-04-18,2019-04-23,股東常會
9958,2019-09-11,2019-09-17,除息
9958,2020-04-10,2020-04-15,股東常會
9958,2020-08-14,2020-08-19,除息
9958,2021-03-22,2021-03-25,股東常會
9958,2021-08-25,2021-08-30,除息
9958,2022-04-18,2022-04-21,股東常會
9958,2022-09-14,2022-09-19,除息
9958,2023-04-13,2023-04-18,股東常會
9958,2023-08-25,2023-08-30,除息
9958,2024-04-22,2024-04-25,股東常會
9958,2024-08-16,2024-08-21,除息
9958,2025-03-20,2025-03-25,股東常會
9958,2025-08-04,2025-08-07,除息
9958,2026-03-19,2026-03-24,股東常會
9958,2026-07-17,2026-07-22,除息
9958,2026-08-18,2026-08-21,現金增資
1507,2018-04-03,2018-04-11,股東常會
1507,2018-04-20,2018-04-25,股東常會
1507,2018-07-26,2018-07-31,除息
1507,2019-04-12,2019-04-17,股東常會
1507,2019-07-03,2019-07-08,除息
1507,2020-04-10,2020-04-15,股東常會
1507,2020-07-02,2020-07-07,除息
1507,2021-04-15,2021-04-20,股東常會
1507,2021-07-16,2021-07-21,除息
1592,2018-03-22,2018-03-27,股東常會
1592,2018-07-11,2018-07-16,除息
1592,2019-03-22,2019-03-27,股東常會
1592,2019-07-05,2019-07-10,現金增資
1592,2020-03-20,2020-03-25,股東常會
1592,2021-04-16,,股東常會
1701,2018-03-23,2018-03-28,股東常會
1701,2018-07-19,2018-07-24,除息
1701,2019-03-21,2019-03-26,股東常會
1701,2019-07-19,2019-07-24,除息
1701,2020-03-20,2020-03-25,股東常會
1701,2020-07-17,2020-07-22,除息
1701,2021-03-15,2021-03-18,股東常會
1701,2021-07-19,2021-07-22,除息
1701,2022-03-18,2022-03-23,股東常會
1701,2022-07-19,2022-07-22,除息
1701,2023-03-17,2023-03-22,股東常會
1701,2023-07-19,2023-07-24,除息
1701,2024-03-22,2024-03-27,股東常會
1701,2024-07-19,2024-07-24,除息
1701,2024-08-15,2024-08-20,股份轉換
1724,2018-04-13,2018-04-18,股東常會
1724,2018-07-13,2018-07-18,除息
1724,2019-04-12,2019-04-17,股東常會
1724,2019-07-26,2019-07-31,除息
1724,2020-04-10,2020-04-15,股東常會
1724,2020-06-29,2020-07-02,除息
1724,2021-04-16,2021-04-21,股東常會
1724,2021-09-30,,除息
1902,2018-04-03,2018-04-11,股東常會
1902,2018-06-25,2018-06-28,除息
1902,2019-04-03,2019-04-10,股東常會
1902,2019-08-19,2019-08-22,除息
2358,2018-04-23,2018-04-26,股東常會
2358,2019-04-15,2019-04-18,股東常會
2358,2020-04-10,2020-04-15,股東常會
2358,2020-09-10,2020-09-15,除息
2358,2021-04-19,2021-04-22,現金增資
2358,2021-09-23,2021-09-28,除息
2358,2022-04-15,2022-04-20,股東常會
2358,2022-08-03,2022-08-08,現金增資
2358,2022-09-15,2022-09-20,現金增資
2358,2022-11-16,2022-11-21,除息
2358,2023-04-10,,股東常會
2358,2023-11-03,2023-11-08,其他
2358,2024-04-18,,股東常會
2443,2018-04-02,,股東常會
2443,2019-04-02,,股東常會
2443,2020-04-01,,股東常會
2443,2021-03-30,,股東常會
2443,2022-03-31,,股東常會
2443,2023-04-06,,股東常會
2443,2024-03-11,,股東常會
2443,2024-04-22,,股東常會
2448,2018-04-13,2018-04-18,股東常會
2448,2018-07-12,2018-07-17,除息
2448,2019-04-12,2019-04-17,股東常會
2448,2019-07-11,2019-07-16,除息
2448,2020-03-20,2020-03-25,股東常會
2448,2020-12-18,2020-12-23,股份轉換
2456,2018-03-28,2018-03-31,股東常會
2456,2018-06-29,2018-07-04,除息
2456,2018-09-28,2018-10-03,減資
2456,2019-03-27,2019-04-01,股東常會
2456,2019-06-28,2019-07-03,除息
2456,2020-03-26,2020-03-31,股東常會
2456,2020-07-01,2020-07-06,除息
2456,2021-03-25,2021-03-30,股東常會
2456,2021-07-30,2021-08-04,除息
2456,2021-12-23,2021-12-28,股份轉換
2499,2018-04-09,2018-04-12,股東常會
2499,2019-04-03,2019-04-10,股東常會
2499,2020-04-10,,股東常會
2809,2018-03-09,2018-03-14,股東常會
2809,2018-05-30,2018-06-04,除息
2809,2019-04-18,2019-04-23,股東常會
2809,2019-07-03,2019-07-08,除息
2809,2020-03-06,2020-03-11,股東常會
2809,2020-05-22,2020-05-27,除息
2809,2021-03-12,2021-03-17,股東常會
2809,2021-05-28,2021-06-02,除息
2809,2022-03-03,2022-03-08,股東常會
2809,2022-05-18,2022-05-23,除息
2809,2023-03-17,2023-03-22,股東常會
2809,2023-06-01,2023-06-06,除息
2809,2024-03-28,2024-04-02,股東常會
2809,2024-06-20,2024-06-25,除息
2809,2025-04-18,2025-04-23,股東常會
2809,2025-09-12,2025-09-17,股份轉換
2823,2018-03-23,2018-03-28,股東常會
2823,2018-07-30,2018-08-02,除權息
2823,2019-03-25,2019-03-28,股東常會
2823,2019-05-28,2019-05-31,現金增資
2823,2020-03-20,2020-03-25,股東常會
2823,2020-07-10,2020-07-15,除息
2823,2020-10-26,2020-10-29,除權
2823,2021-03-22,2021-03-25,股東常會
2823,2021-08-09,2021-08-12,除息
2823,2021-10-19,2021-10-22,除權
2823,2021-12-14,2021-12-17,股份轉換
2841,2018-04-16,2018-04-19,股東常會
2841,2019-04-19,2019-04-24,股東常會
2841,2020-04-23,2020-04-28,股東常會
2841,2021-04-22,,股東常會
2841,2022-06-17,,股東常會
2888,2018-03-29,2018-04-02,股東常會
2888,2018-09-14,2018-09-19,除權息
2888,2019-04-08,2019-04-11,股東常會
2888,2019-07-05,2019-07-10,除息
2888,2019-09-03,2019-09-06,現金增資
2888,2020-04-13,2020-04-16,現金增資
2888,2020-07-30,2020-08-04,除息
2888,2021-03-19,2021-03-24,股東常會
2888,2021-07-23,2021-07-28,現金增資
2888,2022-03-21,2022-03-24,股東常會
2888,2022-06-22,2022-06-27,除息
2888,2023-03-29,2023-04-06,股東常會
2888,2024-04-08,2024-04-11,股東常會
2888,2024-07-05,2024-07-10,現金增資
2888,2025-04-17,2025-04-22,股東常會
2888,2025-07-08,2025-07-11,合併
2936,2018-04-03,2018-04-11,股東常會
2936,2018-08-10,2018-08-15,除息
2936,2019-04-19,2019-04-24,股東常會
2936,2020-04-17,2020-04-22,股東常會
2936,2021-04-16,2021-04-21,股東常會
2936,2022-04-21,2022-04-26,股東常會
3383,2018-04-19,,股東常會
3383,2019-04-19,,股東常會
3383,2019-10-18,,減資
3383,2020-04-14,,股東常會
3383,2021-04-22,,股東常會
3383,2022-04-22,,股東常會
3454,2018-03-29,2018-04-02,股東常會
3454,2018-07-11,2018-07-16,除權息
3454,2019-03-27,2019-04-01,股東常會
3454,2019-08-07,2019-08-12,除權息
3454,2020-04-09,2020-04-14,股東常會
3454,2020-07-10,2020-07-15,除息
3454,2021-04-09,2021-04-14,股東常會
3454,2021-08-18,2021-08-23,除息
3454,2022-04-11,2022-04-14,股東常會
3454,2022-07-22,2022-07-27,除息
3454,2023-03-24,2023-03-29,股東常會
3454,2023-07-24,2023-07-27,除息
3454,2024-03-25,2024-03-28,股東常會
3454,2024-07-24,2024-07-29,除息
3454,2025-03-21,2025-03-26,股東常會
3454,2025-07-24,2025-07-29,除息
3536,2018-04-20,,股東常會
3536,2019-04-18,,股東常會
3536,2020-04-23,,股東常會
3536,2021-04-22,,股東常會
3536,2022-04-22,,股東常會
3536,2023-04-21,,股東常會
3682,2018-04-13,,股東常會
3682,2019-04-12,,股東常會
3682,2020-01-03,,減資
3682,2020-04-10,,股東常會
3682,2021-04-16,,股東常會
3682,2022-04-14,,股東常會
3682,2023-04-21,,股東常會
3698,2018-03-28,2018-03-31,股東常會
3698,2018-07-02,2018-07-05,除息
3698,2019-03-27,2019-04-01,股東常會
3698,2019-07-02,2019-07-05,除息
3698,2020-04-01,2020-04-08,股東常會
3698,2020-12-18,2020-12-23,股份轉換
4141,2018-04-13,2018-04-18,股東常會
4141,2019-04-19,2019-04-24,股東常會
4141,2020-04-17,2020-04-22,股東常會
4141,2021-04-16,2021-04-21,股東常會
4144,2018-04-09,2018-04-12,股東常會
4144,2018-07-18,2018-07-23,除息
4144,2018-08-21,2018-08-24,現金增資
4144,2019-03-25,2019-03-28,股東常會
4144,2019-07-03,2019-07-08,除息
4144,2020-04-01,2020-04-08,股東常會
4144,2020-06-19,2020-06-24,除息
4725,2018-04-13,2018-04-18,股東常會
4725,2019-04-02,2019-04-09,股東常會
4725,2020-02-14,,股東常會
4725,2020-07-03,,減資
5259,2018-04-13,,股東常會
5259,2019-09-27,,股東常會
5264,2018-04-13,2018-04-18,股東常會
5264,2018-08-22,2018-08-27,除息
5264,2019-04-03,2019-04-10,股東常會
5264,2019-08-23,2019-08-28,除息
5264,2020-04-10,2020-04-15,股東常會
5264,2020-07-28,2020-07-31,除息
5305,2018-04-09,2018-04-12,股東常會
5305,2018-07-16,2018-07-19,除息
5305,2019-04-12,2019-04-17,股東常會
5305,2019-07-05,2019-07-10,除息
5305,2020-04-13,2020-04-16,股東常會
6131,2018-04-16,2018-04-19,股東常會
6131,2018-09-12,,除息
6131,2019-06-06,,股東常會
6131,2020-03-25,,股東常會
6131,2020-09-14,,減資
6131,2021-04-22,,股東常會
6172,2018-04-13,,股東常會
6172,2019-03-27,2019-04-01,股東常會
6172,2020-04-09,2020-04-14,股東常會
6172,2020-08-19,2020-08-24,除息
6172,2021-04-22,2021-04-27,股東常會
6172,2021-09-10,2021-09-15,除息
6172,2022-03-30,,股東常會
6251,2018-03-26,2018-03-29,股東常會
6251,2019-03-18,2019-03-21,股東常會
6251,2020-03-20,2020-03-25,股東常會
6251,2020-05-22,2020-05-27,現金增資
6251,2020-12-31,2021-01-06,減資
6251,2021-03-22,2021-03-25,股東常會
6251,2021-07-30,2021-08-04,除息
6251,2022-03-14,2022-03-17,股東常會
6251,2022-07-06,2022-07-11,除息
6251,2022-08-09,2022-08-12,股份轉換
6288,2019-03-22,2019-03-27,股東常會
6288,2019-07-19,2019-07-24,除息
6288,2020-03-20,2020-03-25,股東常會
6288,2020-06-19,2020-06-24,除息
6288,2021-03-30,2021-04-06,股東常會
6288,2021-06-17,2021-06-22,除息
6288,2022-03-18,2022-03-23,股東常會
6288,2022-06-20,2022-06-23,除息
6288,2023-03-17,2023-03-22,股東常會
6288,2023-06-15,2023-06-20,除息
6288,2024-04-19,2024-04-24,股東常會
6288,2024-07-24,2024-07-29,除息
6288,2025-03-21,2025-03-26,股東常會
6288,2025-06-20,2025-06-25,除息
6288,2025-07-30,2025-08-04,股份轉換
6289,2018-04-20,,股東常會
6289,2019-04-15,,股東常會
6289,2020-02-21,,減資
6289,2020-03-06,,股東常會
6289,2021-04-19,,股東常會
6289,2022-02-24,,股東常會
6289,2022-09-01,,減資
6423,2025-03-07,2025-03-12,股東常會
6423,2025-06-06,2025-06-11,除權
6423,2026-03-20,2026-03-25,除息
6452,2018-04-03,2018-04-11,股東常會
6452,2018-08-15,2018-08-20,除息
6452,2019-04-22,2019-04-25,股東常會
6452,2019-11-21,2019-11-26,除權息
6452,2020-04-23,2020-04-28,股東常會
6806,2022-08-22,2022-08-25,除權息
6806,2023-03-17,2023-03-22,股東常會
6806,2023-08-17,2023-08-22,除息
6806,2024-03-15,2024-03-20,股東常會
6806,2024-08-14,2024-08-19,除息
6806,2025-02-07,2025-02-12,現金增資
6806,2025-03-21,2025-03-26,股東常會
6806,2025-08-15,2025-08-20,除息
6806,2026-04-16,,股東常會
8427,2018-03-23,2018-03-28,股東常會
8427,2018-06-07,2018-06-12,除息
8427,2019-04-03,2019-04-10,股東常會
8427,2020-04-23,2020-04-28,股東常會
8427,2020-07-23,2020-07-28,除息
8427,2021-04-22,2021-04-27,股東常會
8427,2022-02-18,,減資
8480,2018-04-23,2018-04-26,股東常會
8480,2018-07-24,2018-07-27,除權息
8480,2019-04-22,2019-04-25,股東常會
8480,2019-08-02,2019-08-07,除息
8480,2020-03-20,2020-03-25,股東常會
8480,2020-04-23,2020-04-28,股東常會
8480,2020-07-17,2020-07-22,除息
8480,2021-04-22,2021-04-27,股東常會
8480,2021-09-13,2021-09-16,除息
8480,2022-04-21,2022-04-26,股東常會
8480,2022-08-02,2022-08-05,除息
8497,2019-04-18,2019-04-23,股東常會
8497,2019-07-12,2019-07-17,除息
8497,2020-03-20,2020-03-25,股東常會
8497,2020-08-18,2020-08-21,除息
9188,2018-05-04,,股東常會
9188,2018-06-29,,除息
9188,2018-07-24,,除息
9188,2018-08-23,,除息
9188,2019-05-07,,股東常會
9188,2019-07-01,,除息
9188,2019-07-24,,除息
9188,2019-08-23,,除息
9188,2020-05-07,2020-05-12,股東常會
9188,2020-07-02,2020-07-07,除息
9188,2021-05-14,2021-05-19,股東常會
9188,2021-07-06,2021-07-09,除息
1262,2018-04-03,2018-04-11,股東常會
1262,2018-08-24,2018-08-29,除息
1262,2019-04-12,2019-04-17,股東常會
1704,2018-04-13,2018-04-18,股東常會
1704,2018-07-23,2018-07-26,除息
2311,2018-04-12,2018-04-17,股份轉換
2475,2018-04-16,,股東常會
2475,2019-04-18,,股東常會
2856,2018-03-29,2018-04-02,股東常會
2856,2018-07-02,2018-07-05,除息
2856,2018-09-12,2018-09-17,金控
3514,2018-04-13,2018-04-18,股東常會
3514,2018-09-12,2018-09-17,合併
3519,2018-04-20,2018-04-25,股東常會
3519,2019-04-19,,股東常會
3561,2018-04-13,2018-04-18,股東常會
3561,2018-09-12,2018-09-17,合併
3579,2018-03-29,2018-04-02,股東常會
3579,2019-04-03,,股東常會
4984,2018-04-16,2018-04-19,股東常會
6145,2018-04-13,,股東常會
6145,2018-09-12,,股份轉換
6422,2018-04-23,2018-04-26,股東常會
9157,2018-05-09,,股東常會
9157,2019-05-09,,股東常會
